group,band,feature_1,feature_2,spearman_r,abs_spearman_r
ADHD,delta,Fp1_delta_power,Fp2_delta_power,0.8092014806980433,0.8092014806980433
ADHD,delta,Fp1_delta_power,F7_delta_power,0.4797990481226864,0.4797990481226864
ADHD,delta,Fp1_delta_power,F3_delta_power,0.6526176626123744,0.6526176626123744
ADHD,delta,Fp1_delta_power,Fz_delta_power,0.6627710206240085,0.6627710206240085
ADHD,delta,Fp1_delta_power,F4_delta_power,0.6802221047065045,0.6802221047065045
ADHD,delta,Fp1_delta_power,F8_delta_power,0.4970386039132734,0.4970386039132734
ADHD,delta,Fp1_delta_power,T7_delta_power,0.5118455843469064,0.5118455843469064
ADHD,delta,Fp1_delta_power,C3_delta_power,0.5051824431517715,0.5051824431517715
ADHD,delta,Fp1_delta_power,Cz_delta_power,0.7395557905869911,0.7395557905869911
ADHD,delta,Fp1_delta_power,C4_delta_power,0.5222633527234267,0.5222633527234267
ADHD,delta,Fp1_delta_power,T8_delta_power,0.4451084082496034,0.4451084082496034
ADHD,delta,Fp1_delta_power,P7_delta_power,0.6383923849814913,0.6383923849814913
ADHD,delta,Fp1_delta_power,P3_delta_power,0.6136964569011105,0.6136964569011105
ADHD,delta,Fp1_delta_power,Pz_delta_power,0.6933897408778424,0.6933897408778424
ADHD,delta,Fp1_delta_power,P4_delta_power,0.5400317292437864,0.5400317292437864
ADHD,delta,Fp1_delta_power,P8_delta_power,0.49069275515600214,0.49069275515600214
ADHD,delta,Fp1_delta_power,O1_delta_power,0.6250661025912215,0.6250661025912215
ADHD,delta,Fp1_delta_power,O2_delta_power,0.69613960867266,0.69613960867266
ADHD,delta,Fp2_delta_power,F7_delta_power,0.4537810682178741,0.4537810682178741
ADHD,delta,Fp2_delta_power,F3_delta_power,0.584981491274458,0.584981491274458
ADHD,delta,Fp2_delta_power,Fz_delta_power,0.6264410364886304,0.6264410364886304
ADHD,delta,Fp2_delta_power,F4_delta_power,0.6803807509254363,0.6803807509254363
ADHD,delta,Fp2_delta_power,F8_delta_power,0.48942358540454783,0.48942358540454783
ADHD,delta,Fp2_delta_power,T7_delta_power,0.4727657324167107,0.4727657324167107
ADHD,delta,Fp2_delta_power,C3_delta_power,0.5092014806980434,0.5092014806980434
ADHD,delta,Fp2_delta_power,Cz_delta_power,0.6645690111052354,0.6645690111052354
ADHD,delta,Fp2_delta_power,C4_delta_power,0.443416181914331,0.443416181914331
ADHD,delta,Fp2_delta_power,T8_delta_power,0.3852987837123215,0.3852987837123215
ADHD,delta,Fp2_delta_power,P7_delta_power,0.6599682707562137,0.6599682707562137
ADHD,delta,Fp2_delta_power,P3_delta_power,0.5765203595980962,0.5765203595980962
ADHD,delta,Fp2_delta_power,Pz_delta_power,0.6514542570068746,0.6514542570068746
ADHD,delta,Fp2_delta_power,P4_delta_power,0.6024854574299312,0.6024854574299312
ADHD,delta,Fp2_delta_power,P8_delta_power,0.5352194606028556,0.5352194606028556
ADHD,delta,Fp2_delta_power,O1_delta_power,0.6682178741406664,0.6682178741406664
ADHD,delta,Fp2_delta_power,O2_delta_power,0.6482813326282391,0.6482813326282391
ADHD,delta,F7_delta_power,F3_delta_power,0.5502908514013749,0.5502908514013749
ADHD,delta,F7_delta_power,Fz_delta_power,0.5389212057112639,0.5389212057112639
ADHD,delta,F7_delta_power,F4_delta_power,0.5331570597567424,0.5331570597567424
ADHD,delta,F7_delta_power,F8_delta_power,0.5537281861448968,0.5537281861448968
ADHD,delta,F7_delta_power,T7_delta_power,0.4251718667371761,0.4251718667371761
ADHD,delta,F7_delta_power,C3_delta_power,0.6230037017451084,0.6230037017451084
ADHD,delta,F7_delta_power,Cz_delta_power,0.531253305129561,0.531253305129561
ADHD,delta,F7_delta_power,C4_delta_power,0.5079851930195664,0.5079851930195664
ADHD,delta,F7_delta_power,T8_delta_power,0.45996827075621366,0.45996827075621366
ADHD,delta,F7_delta_power,P7_delta_power,0.44806980433633,0.44806980433633
ADHD,delta,F7_delta_power,P3_delta_power,0.4121099947117927,0.4121099947117927
ADHD,delta,F7_delta_power,Pz_delta_power,0.5701216287678477,0.5701216287678477
ADHD,delta,F7_delta_power,P4_delta_power,0.5190904283447911,0.5190904283447911
ADHD,delta,F7_delta_power,P8_delta_power,0.33061872025383393,0.33061872025383393
ADHD,delta,F7_delta_power,O1_delta_power,0.46308831306187204,0.46308831306187204
ADHD,delta,F7_delta_power,O2_delta_power,0.44082496033844526,0.44082496033844526
ADHD,delta,F3_delta_power,Fz_delta_power,0.8171337916446325,0.8171337916446325
ADHD,delta,F3_delta_power,F4_delta_power,0.7540983606557377,0.7540983606557377
ADHD,delta,F3_delta_power,F8_delta_power,0.5557377049180328,0.5557377049180328
ADHD,delta,F3_delta_power,T7_delta_power,0.5700158646218931,0.5700158646218931
ADHD,delta,F3_delta_power,C3_delta_power,0.6808566895822317,0.6808566895822317
ADHD,delta,F3_delta_power,Cz_delta_power,0.7693283976731888,0.7693283976731888
ADHD,delta,F3_delta_power,C4_delta_power,0.6989952406134321,0.6989952406134321
ADHD,delta,F3_delta_power,T8_delta_power,0.5714965626652565,0.5714965626652565
ADHD,delta,F3_delta_power,P7_delta_power,0.7216287678476996,0.7216287678476996
ADHD,delta,F3_delta_power,P3_delta_power,0.7197778952934955,0.7197778952934955
ADHD,delta,F3_delta_power,Pz_delta_power,0.7708619777895294,0.7708619777895294
ADHD,delta,F3_delta_power,P4_delta_power,0.6395029085140137,0.6395029085140137
ADHD,delta,F3_delta_power,P8_delta_power,0.5483342147012162,0.5483342147012162
ADHD,delta,F3_delta_power,O1_delta_power,0.7215758857747223,0.7215758857747223
ADHD,delta,F3_delta_power,O2_delta_power,0.7729772607086198,0.7729772607086198
ADHD,delta,Fz_delta_power,F4_delta_power,0.7772607086197779,0.7772607086197779
ADHD,delta,Fz_delta_power,F8_delta_power,0.4180856689582232,0.4180856689582232
ADHD,delta,Fz_delta_power,T7_delta_power,0.6567424643046007,0.6567424643046007
ADHD,delta,Fz_delta_power,C3_delta_power,0.7434690639873083,0.7434690639873083
ADHD,delta,Fz_delta_power,Cz_delta_power,0.8046536224219989,0.8046536224219989
ADHD,delta,Fz_delta_power,C4_delta_power,0.6286620835536753,0.6286620835536753
ADHD,delta,Fz_delta_power,T8_delta_power,0.48968799576943417,0.48968799576943417
ADHD,delta,Fz_delta_power,P7_delta_power,0.7030671602326811,0.7030671602326811
ADHD,delta,Fz_delta_power,P3_delta_power,0.7512956107879429,0.7512956107879429
ADHD,delta,Fz_delta_power,Pz_delta_power,0.7564251718667372,0.7564251718667372
ADHD,delta,Fz_delta_power,P4_delta_power,0.6402432575356954,0.6402432575356954
ADHD,delta,Fz_delta_power,P8_delta_power,0.6173453199365415,0.6173453199365415
ADHD,delta,Fz_delta_power,O1_delta_power,0.7834479111581174,0.7834479111581174
ADHD,delta,Fz_delta_power,O2_delta_power,0.8277630883130619,0.8277630883130619
ADHD,delta,F4_delta_power,F8_delta_power,0.608514013749339,0.608514013749339
ADHD,delta,F4_delta_power,T7_delta_power,0.5899524061343204,0.5899524061343204
ADHD,delta,F4_delta_power,C3_delta_power,0.7305658381808567,0.7305658381808567
ADHD,delta,F4_delta_power,Cz_delta_power,0.826969857218403,0.826969857218403
ADHD,delta,F4_delta_power,C4_delta_power,0.58397673188789,0.58397673188789
ADHD,delta,F4_delta_power,T8_delta_power,0.5644632469592809,0.5644632469592809
ADHD,delta,F4_delta_power,P7_delta_power,0.7945531464833422,0.7945531464833422
ADHD,delta,F4_delta_power,P3_delta_power,0.7821258593336858,0.7821258593336858
ADHD,delta,F4_delta_power,Pz_delta_power,0.7715494447382337,0.7715494447382337
ADHD,delta,F4_delta_power,P4_delta_power,0.6563722897937599,0.6563722897937599
ADHD,delta,F4_delta_power,P8_delta_power,0.7189317821258593,0.7189317821258593
ADHD,delta,F4_delta_power,O1_delta_power,0.8511898466419884,0.8511898466419884
ADHD,delta,F4_delta_power,O2_delta_power,0.7954521417239556,0.7954521417239556
ADHD,delta,F8_delta_power,T7_delta_power,0.4092543627710206,0.4092543627710206
ADHD,delta,F8_delta_power,C3_delta_power,0.5047593865679535,0.5047593865679535
ADHD,delta,F8_delta_power,Cz_delta_power,0.6069275515600212,0.6069275515600212
ADHD,delta,F8_delta_power,C4_delta_power,0.5262823902696986,0.5262823902696986
ADHD,delta,F8_delta_power,T8_delta_power,0.4970386039132734,0.4970386039132734
ADHD,delta,F8_delta_power,P7_delta_power,0.4331041776837652,0.4331041776837652
ADHD,delta,F8_delta_power,P3_delta_power,0.42390269698572186,0.42390269698572186
ADHD,delta,F8_delta_power,Pz_delta_power,0.5802221047065045,0.5802221047065045
ADHD,delta,F8_delta_power,P4_delta_power,0.5147540983606558,0.5147540983606558
ADHD,delta,F8_delta_power,P8_delta_power,0.46483342147012163,0.46483342147012163
ADHD,delta,F8_delta_power,O1_delta_power,0.5558434690639873,0.5558434690639873
ADHD,delta,F8_delta_power,O2_delta_power,0.45727128503437336,0.45727128503437336
ADHD,delta,T7_delta_power,C3_delta_power,0.5229508196721312,0.5229508196721312
ADHD,delta,T7_delta_power,Cz_delta_power,0.7043892120571127,0.7043892120571127
ADHD,delta,T7_delta_power,C4_delta_power,0.4891062929666843,0.4891062929666843
ADHD,delta,T7_delta_power,T8_delta_power,0.4960867265996827,0.4960867265996827
ADHD,delta,T7_delta_power,P7_delta_power,0.5098360655737705,0.5098360655737705
ADHD,delta,T7_delta_power,P3_delta_power,0.6255949233209942,0.6255949233209942
ADHD,delta,T7_delta_power,Pz_delta_power,0.5892120571126388,0.5892120571126388
ADHD,delta,T7_delta_power,P4_delta_power,0.5049709148598625,0.5049709148598625
ADHD,delta,T7_delta_power,P8_delta_power,0.4391856160761502,0.4391856160761502
ADHD,delta,T7_delta_power,O1_delta_power,0.6077736647276574,0.6077736647276574
ADHD,delta,T7_delta_power,O2_delta_power,0.5962982548915917,0.5962982548915917
ADHD,delta,C3_delta_power,Cz_delta_power,0.7722897937599154,0.7722897937599154
ADHD,delta,C3_delta_power,C4_delta_power,0.6336329984135378,0.6336329984135378
ADHD,delta,C3_delta_power,T8_delta_power,0.5220518244315178,0.5220518244315178
ADHD,delta,C3_delta_power,P7_delta_power,0.736911686938128,0.736911686938128
ADHD,delta,C3_delta_power,P3_delta_power,0.6704389212057112,0.6704389212057112
ADHD,delta,C3_delta_power,Pz_delta_power,0.7185616076150185,0.7185616076150185
ADHD,delta,C3_delta_power,P4_delta_power,0.677895293495505,0.677895293495505
ADHD,delta,C3_delta_power,P8_delta_power,0.5560021152829191,0.5560021152829191
ADHD,delta,C3_delta_power,O1_delta_power,0.6774193548387096,0.6774193548387096
ADHD,delta,C3_delta_power,O2_delta_power,0.6332099418297197,0.6332099418297197
ADHD,delta,Cz_delta_power,C4_delta_power,0.7396086726599683,0.7396086726599683
ADHD,delta,Cz_delta_power,T8_delta_power,0.5547329455314648,0.5547329455314648
ADHD,delta,Cz_delta_power,P7_delta_power,0.8085668958223162,0.8085668958223162
ADHD,delta,Cz_delta_power,P3_delta_power,0.7487043892120571,0.7487043892120571
ADHD,delta,Cz_delta_power,Pz_delta_power,0.8248545742993125,0.8248545742993125
ADHD,delta,Cz_delta_power,P4_delta_power,0.71988365943945,0.71988365943945
ADHD,delta,Cz_delta_power,P8_delta_power,0.6488101533580116,0.6488101533580116
ADHD,delta,Cz_delta_power,O1_delta_power,0.8116340560549974,0.8116340560549974
ADHD,delta,Cz_delta_power,O2_delta_power,0.7765732416710736,0.7765732416710736
ADHD,delta,C4_delta_power,T8_delta_power,0.6687466948704389,0.6687466948704389
ADHD,delta,C4_delta_power,P7_delta_power,0.6007403490216816,0.6007403490216816
ADHD,delta,C4_delta_power,P3_delta_power,0.5638286620835536,0.5638286620835536
ADHD,delta,C4_delta_power,Pz_delta_power,0.6803807509254363,0.6803807509254363
ADHD,delta,C4_delta_power,P4_delta_power,0.7266525647805394,0.7266525647805394
ADHD,delta,C4_delta_power,P8_delta_power,0.5680063458487573,0.5680063458487573
ADHD,delta,C4_delta_power,O1_delta_power,0.5867794817556848,0.5867794817556848
ADHD,delta,C4_delta_power,O2_delta_power,0.6103648863035431,0.6103648863035431
ADHD,delta,T8_delta_power,P7_delta_power,0.49814912744579587,0.49814912744579587
ADHD,delta,T8_delta_power,P3_delta_power,0.41417239555790586,0.41417239555790586
ADHD,delta,T8_delta_power,Pz_delta_power,0.4813855103120042,0.4813855103120042
ADHD,delta,T8_delta_power,P4_delta_power,0.41797990481226865,0.41797990481226865
ADHD,delta,T8_delta_power,P8_delta_power,0.5668958223162348,0.5668958223162348
ADHD,delta,T8_delta_power,O1_delta_power,0.5266525647805393,0.5266525647805393
ADHD,delta,T8_delta_power,O2_delta_power,0.5363299841353781,0.5363299841353781
ADHD,delta,P7_delta_power,P3_delta_power,0.7858804865150714,0.7858804865150714
ADHD,delta,P7_delta_power,Pz_delta_power,0.7605499735589635,0.7605499735589635
ADHD,delta,P7_delta_power,P4_delta_power,0.6510840824960339,0.6510840824960339
ADHD,delta,P7_delta_power,P8_delta_power,0.5767318878900053,0.5767318878900053
ADHD,delta,P7_delta_power,O1_delta_power,0.8255949233209942,0.8255949233209942
ADHD,delta,P7_delta_power,O2_delta_power,0.7663141195134849,0.7663141195134849
ADHD,delta,P3_delta_power,Pz_delta_power,0.7673717609730302,0.7673717609730302
ADHD,delta,P3_delta_power,P4_delta_power,0.6859862506610259,0.6859862506610259
ADHD,delta,P3_delta_power,P8_delta_power,0.5565838180856689,0.5565838180856689
ADHD,delta,P3_delta_power,O1_delta_power,0.7647805393971444,0.7647805393971444
ADHD,delta,P3_delta_power,O2_delta_power,0.7400846113167636,0.7400846113167636
ADHD,delta,Pz_delta_power,P4_delta_power,0.7574299312533052,0.7574299312533052
ADHD,delta,Pz_delta_power,P8_delta_power,0.5748810153358012,0.5748810153358012
ADHD,delta,Pz_delta_power,O1_delta_power,0.7583289264939186,0.7583289264939186
ADHD,delta,Pz_delta_power,O2_delta_power,0.7533051295610788,0.7533051295610788
ADHD,delta,P4_delta_power,P8_delta_power,0.6041776837652036,0.6041776837652036
ADHD,delta,P4_delta_power,O1_delta_power,0.6065044949762031,0.6065044949762031
ADHD,delta,P4_delta_power,O2_delta_power,0.6894235854045478,0.6894235854045478
ADHD,delta,P8_delta_power,O1_delta_power,0.6430988894764674,0.6430988894764674
ADHD,delta,P8_delta_power,O2_delta_power,0.7355896351136965,0.7355896351136965
ADHD,delta,O1_delta_power,O2_delta_power,0.835272342675833,0.835272342675833
Control,delta,Fp1_delta_power,Fp2_delta_power,0.817782717421506,0.817782717421506
Control,delta,Fp1_delta_power,F7_delta_power,0.6696860238955266,0.6696860238955266
Control,delta,Fp1_delta_power,F3_delta_power,0.6677966101694915,0.6677966101694915
Control,delta,Fp1_delta_power,Fz_delta_power,0.7725479299805501,0.7725479299805501
Control,delta,Fp1_delta_power,F4_delta_power,0.6993609335926646,0.6993609335926646
Control,delta,Fp1_delta_power,F8_delta_power,0.6288969158099472,0.6288969158099472
Control,delta,Fp1_delta_power,T7_delta_power,0.4999722145040289,0.4999722145040289
Control,delta,Fp1_delta_power,C3_delta_power,0.7536537927202,0.7536537927202
Control,delta,Fp1_delta_power,Cz_delta_power,0.680300083356488,0.680300083356488
Control,delta,Fp1_delta_power,C4_delta_power,0.60377882745207,0.60377882745207
Control,delta,Fp1_delta_power,T8_delta_power,0.5581550430675187,0.5581550430675187
Control,delta,Fp1_delta_power,P7_delta_power,0.7160878021672686,0.7160878021672686
Control,delta,Fp1_delta_power,P3_delta_power,0.7367602111697694,0.7367602111697694
Control,delta,Fp1_delta_power,Pz_delta_power,0.7438177271464296,0.7438177271464296
Control,delta,Fp1_delta_power,P4_delta_power,0.6271742150597388,0.6271742150597388
Control,delta,Fp1_delta_power,P8_delta_power,0.7340928035565435,0.7340928035565435
Control,delta,Fp1_delta_power,O1_delta_power,0.7989441511530981,0.7989441511530981
Control,delta,Fp1_delta_power,O2_delta_power,0.7988885801611558,0.7988885801611558
Control,delta,Fp2_delta_power,F7_delta_power,0.4968602389552654,0.4968602389552654
Control,delta,Fp2_delta_power,F3_delta_power,0.6270075020839122,0.6270075020839122
Control,delta,Fp2_delta_power,Fz_delta_power,0.7240344540150042,0.7240344540150042
Control,delta,Fp2_delta_power,F4_delta_power,0.6953598221728258,0.6953598221728258
Control,delta,Fp2_delta_power,F8_delta_power,0.6038343984440122,0.6038343984440122
Control,delta,Fp2_delta_power,T7_delta_power,0.49619338705195887,0.49619338705195887
Control,delta,Fp2_delta_power,C3_delta_power,0.6922478466240622,0.6922478466240622
Control,delta,Fp2_delta_power,Cz_delta_power,0.6554042789663795,0.6554042789663795
Control,delta,Fp2_delta_power,C4_delta_power,0.6066129480411225,0.6066129480411225
Control,delta,Fp2_delta_power,T8_delta_power,0.42539594331758823,0.42539594331758823
Control,delta,Fp2_delta_power,P7_delta_power,0.7652681300361212,0.7652681300361212
Control,delta,Fp2_delta_power,P3_delta_power,0.7365379272020005,0.7365379272020005
Control,delta,Fp2_delta_power,Pz_delta_power,0.7357043623228675,0.7357043623228675
Control,delta,Fp2_delta_power,P4_delta_power,0.6300083356487913,0.6300083356487913
Control,delta,Fp2_delta_power,P8_delta_power,0.7280911364267852,0.7280911364267852
Control,delta,Fp2_delta_power,O1_delta_power,0.7755487635454292,0.7755487635454292
Control,delta,Fp2_delta_power,O2_delta_power,0.751764378994165,0.751764378994165
Control,delta,F7_delta_power,F3_delta_power,0.6201722700750208,0.6201722700750208
Control,delta,F7_delta_power,Fz_delta_power,0.5152542372881356,0.5152542372881356
Control,delta,F7_delta_power,F4_delta_power,0.5049736037788275,0.5049736037788275
Control,delta,F7_delta_power,F8_delta_power,0.6177827174215059,0.6177827174215059
Control,delta,F7_delta_power,T7_delta_power,0.3232564601278133,0.3232564601278133
Control,delta,F7_delta_power,C3_delta_power,0.6388996943595443,0.6388996943595443
Control,delta,F7_delta_power,Cz_delta_power,0.5866073909419283,0.5866073909419283
Control,delta,F7_delta_power,C4_delta_power,0.5340928035565435,0.5340928035565435
Control,delta,F7_delta_power,T8_delta_power,0.44623506529591556,0.44623506529591556
Control,delta,F7_delta_power,P7_delta_power,0.4775215337593776,0.4775215337593776
Control,delta,F7_delta_power,P3_delta_power,0.519422061683801,0.519422061683801
Control,delta,F7_delta_power,Pz_delta_power,0.46557377049180326,0.46557377049180326
Control,delta,F7_delta_power,P4_delta_power,0.45929424840233396,0.45929424840233396
Control,delta,F7_delta_power,P8_delta_power,0.6921367046401778,0.6921367046401778
Control,delta,F7_delta_power,O1_delta_power,0.5987218671853293,0.5987218671853293
Control,delta,F7_delta_power,O2_delta_power,0.5677132536815782,0.5677132536815782
Control,delta,F3_delta_power,Fz_delta_power,0.6760766879688802,0.6760766879688802
Control,delta,F3_delta_power,F4_delta_power,0.7661016949152543,0.7661016949152543
Control,delta,F3_delta_power,F8_delta_power,0.6519033064740206,0.6519033064740206
Control,delta,F3_delta_power,T7_delta_power,0.5413726035009725,0.5413726035009725
Control,delta,F3_delta_power,C3_delta_power,0.8121144762434009,0.8121144762434009
Control,delta,F3_delta_power,Cz_delta_power,0.6646290636287858,0.6646290636287858
Control,delta,F3_delta_power,C4_delta_power,0.6854126146151709,0.6854126146151709
Control,delta,F3_delta_power,T8_delta_power,0.5424840233398166,0.5424840233398166
Control,delta,F3_delta_power,P7_delta_power,0.6716310086135038,0.6716310086135038
Control,delta,F3_delta_power,P3_delta_power,0.7194776326757433,0.7194776326757433
Control,delta,F3_delta_power,Pz_delta_power,0.7008613503751042,0.7008613503751042
Control,delta,F3_delta_power,P4_delta_power,0.7438732981383718,0.7438732981383718
Control,delta,F3_delta_power,P8_delta_power,0.6903584328980272,0.6903584328980272
Control,delta,F3_delta_power,O1_delta_power,0.66901917199222,0.66901917199222
Control,delta,F3_delta_power,O2_delta_power,0.7299805501528203,0.7299805501528203
Control,delta,Fz_delta_power,F4_delta_power,0.7018616282300639,0.7018616282300639
Control,delta,Fz_delta_power,F8_delta_power,0.6192831342039455,0.6192831342039455
Control,delta,Fz_delta_power,T7_delta_power,0.5708252292303417,0.5708252292303417
Control,delta,Fz_delta_power,C3_delta_power,0.7377604890247291,0.7377604890247291
Control,delta,Fz_delta_power,Cz_delta_power,0.7100305640455682,0.7100305640455682
Control,delta,Fz_delta_power,C4_delta_power,0.7344262295081967,0.7344262295081967
Control,delta,Fz_delta_power,T8_delta_power,0.6232842456237844,0.6232842456237844
Control,delta,Fz_delta_power,P7_delta_power,0.7425395943317589,0.7425395943317589
Control,delta,Fz_delta_power,P3_delta_power,0.7898860794665185,0.7898860794665185
Control,delta,Fz_delta_power,Pz_delta_power,0.752042233953876,0.752042233953876
Control,delta,Fz_delta_power,P4_delta_power,0.7342595165323701,0.7342595165323701
Control,delta,Fz_delta_power,P8_delta_power,0.7044734648513475,0.7044734648513475
Control,delta,Fz_delta_power,O1_delta_power,0.8635732147818839,0.8635732147818839
Control,delta,Fz_delta_power,O2_delta_power,0.774937482634065,0.774937482634065
Control,delta,F4_delta_power,F8_delta_power,0.7403167546540705,0.7403167546540705
Control,delta,F4_delta_power,T7_delta_power,0.5270352875798833,0.5270352875798833
Control,delta,F4_delta_power,C3_delta_power,0.7413170325090302,0.7413170325090302
Control,delta,F4_delta_power,Cz_delta_power,0.7959988885801611,0.7959988885801611
Control,delta,F4_delta_power,C4_delta_power,0.7645457071408724,0.7645457071408724
Control,delta,F4_delta_power,T8_delta_power,0.5409280355654349,0.5409280355654349
Control,delta,F4_delta_power,P7_delta_power,0.7277021394831897,0.7277021394831897
Control,delta,F4_delta_power,P3_delta_power,0.784106696304529,0.784106696304529
Control,delta,F4_delta_power,Pz_delta_power,0.7365379272020005,0.7365379272020005
Control,delta,F4_delta_power,P4_delta_power,0.78866351764379,0.78866351764379
Control,delta,F4_delta_power,P8_delta_power,0.780050013892748,0.780050013892748
Control,delta,F4_delta_power,O1_delta_power,0.6926924145595998,0.6926924145595998
Control,delta,F4_delta_power,O2_delta_power,0.7807168657960545,0.7807168657960545
Control,delta,F8_delta_power,T7_delta_power,0.361989441511531,0.361989441511531
Control,delta,F8_delta_power,C3_delta_power,0.5938316198944151,0.5938316198944151
Control,delta,F8_delta_power,Cz_delta_power,0.6509030286190608,0.6509030286190608
Control,delta,F8_delta_power,C4_delta_power,0.5772158933036955,0.5772158933036955
Control,delta,F8_delta_power,T8_delta_power,0.48352320088913586,0.48352320088913586
Control,delta,F8_delta_power,P7_delta_power,0.5326479577660461,0.5326479577660461
Control,delta,F8_delta_power,P3_delta_power,0.6949152542372882,0.6949152542372882
Control,delta,F8_delta_power,Pz_delta_power,0.5856071130869686,0.5856071130869686
Control,delta,F8_delta_power,P4_delta_power,0.5804945818282856,0.5804945818282856
Control,delta,F8_delta_power,P8_delta_power,0.6771881078077243,0.6771881078077243
Control,delta,F8_delta_power,O1_delta_power,0.6019449847179772,0.6019449847179772
Control,delta,F8_delta_power,O2_delta_power,0.6785773826062795,0.6785773826062795
Control,delta,T7_delta_power,C3_delta_power,0.6515143095304251,0.6515143095304251
Control,delta,T7_delta_power,Cz_delta_power,0.6549597110308419,0.6549597110308419
Control,delta,T7_delta_power,C4_delta_power,0.6763545429285913,0.6763545429285913
Control,delta,T7_delta_power,T8_delta_power,0.43284245623784384,0.43284245623784384
Control,delta,T7_delta_power,P7_delta_power,0.6437899416504584,0.6437899416504584
Control,delta,T7_delta_power,P3_delta_power,0.6272853570436232,0.6272853570436232
Control,delta,T7_delta_power,Pz_delta_power,0.5310919699916643,0.5310919699916643
Control,delta,T7_delta_power,P4_delta_power,0.45268130036121146,0.45268130036121146
Control,delta,T7_delta_power,P8_delta_power,0.506751875520978,0.506751875520978
Control,delta,T7_delta_power,O1_delta_power,0.5716587941094748,0.5716587941094748
Control,delta,T7_delta_power,O2_delta_power,0.5410947485412615,0.5410947485412615
Control,delta,C3_delta_power,Cz_delta_power,0.7043067518755209,0.7043067518755209
Control,delta,C3_delta_power,C4_delta_power,0.7191997777160323,0.7191997777160323
Control,delta,C3_delta_power,T8_delta_power,0.621561544873576,0.621561544873576
Control,delta,C3_delta_power,P7_delta_power,0.7792720200055571,0.7792720200055571
Control,delta,C3_delta_power,P3_delta_power,0.7709363712142262,0.7709363712142262
Control,delta,C3_delta_power,Pz_delta_power,0.7263684356765768,0.7263684356765768
Control,delta,C3_delta_power,P4_delta_power,0.7098082800777994,0.7098082800777994
Control,delta,C3_delta_power,P8_delta_power,0.716421228118922,0.716421228118922
Control,delta,C3_delta_power,O1_delta_power,0.7502083912197832,0.7502083912197832
Control,delta,C3_delta_power,O2_delta_power,0.7518755209780494,0.7518755209780494
Control,delta,Cz_delta_power,C4_delta_power,0.8895804390108364,0.8895804390108364
Control,delta,Cz_delta_power,T8_delta_power,0.567657682689636,0.567657682689636
Control,delta,Cz_delta_power,P7_delta_power,0.6732981383717699,0.6732981383717699
Control,delta,Cz_delta_power,P3_delta_power,0.8166712975826619,0.8166712975826619
Control,delta,Cz_delta_power,Pz_delta_power,0.6968602389552654,0.6968602389552654
Control,delta,Cz_delta_power,P4_delta_power,0.7142539594331759,0.7142539594331759
Control,delta,Cz_delta_power,P8_delta_power,0.805112531258683,0.805112531258683
Control,delta,Cz_delta_power,O1_delta_power,0.6818005001389275,0.6818005001389275
Control,delta,Cz_delta_power,O2_delta_power,0.7660461239233121,0.7660461239233121
Control,delta,C4_delta_power,T8_delta_power,0.6635176437899416,0.6635176437899416
Control,delta,C4_delta_power,P7_delta_power,0.7025840511253126,0.7025840511253126
Control,delta,C4_delta_power,P3_delta_power,0.7831619894415115,0.7831619894415115
Control,delta,C4_delta_power,Pz_delta_power,0.6879133092525701,0.6879133092525701
Control,delta,C4_delta_power,P4_delta_power,0.735593220338983,0.735593220338983
Control,delta,C4_delta_power,P8_delta_power,0.7461517088080022,0.7461517088080022
Control,delta,C4_delta_power,O1_delta_power,0.6907474298416226,0.6907474298416226
Control,delta,C4_delta_power,O2_delta_power,0.6834120589052515,0.6834120589052515
Control,delta,T8_delta_power,P7_delta_power,0.6191719922200611,0.6191719922200611
Control,delta,T8_delta_power,P3_delta_power,0.6654626285079188,0.6654626285079188
Control,delta,T8_delta_power,Pz_delta_power,0.6157821617115865,0.6157821617115865
Control,delta,T8_delta_power,P4_delta_power,0.5039733259238678,0.5039733259238678
Control,delta,T8_delta_power,P8_delta_power,0.6027229786051681,0.6027229786051681
Control,delta,T8_delta_power,O1_delta_power,0.6748541261461517,0.6748541261461517
Control,delta,T8_delta_power,O2_delta_power,0.5545429285912754,0.5545429285912754
Control,delta,P7_delta_power,P3_delta_power,0.8074465129202556,0.8074465129202556
Control,delta,P7_delta_power,Pz_delta_power,0.7889969435954431,0.7889969435954431
Control,delta,P7_delta_power,P4_delta_power,0.6686301750486247,0.6686301750486247
Control,delta,P7_delta_power,P8_delta_power,0.7240900250069464,0.7240900250069464
Control,delta,P7_delta_power,O1_delta_power,0.7796610169491526,0.7796610169491526
Control,delta,P7_delta_power,O2_delta_power,0.6935815504306752,0.6935815504306752
Control,delta,P3_delta_power,Pz_delta_power,0.8245623784384551,0.8245623784384551
Control,delta,P3_delta_power,P4_delta_power,0.7987218671853292,0.7987218671853292
Control,delta,P3_delta_power,P8_delta_power,0.7504862461794943,0.7504862461794943
Control,delta,P3_delta_power,O1_delta_power,0.789497082522923,0.789497082522923
Control,delta,P3_delta_power,O2_delta_power,0.8544040011114198,0.8544040011114198
Control,delta,Pz_delta_power,P4_delta_power,0.7097527090858572,0.7097527090858572
Control,delta,Pz_delta_power,P8_delta_power,0.7292581272575716,0.7292581272575716
Control,delta,Pz_delta_power,O1_delta_power,0.8405112531258683,0.8405112531258683
Control,delta,Pz_delta_power,O2_delta_power,0.8021672686857461,0.8021672686857461
Control,delta,P4_delta_power,P8_delta_power,0.6696304529035844,0.6696304529035844
Control,delta,P4_delta_power,O1_delta_power,0.6341761600444568,0.6341761600444568
Control,delta,P4_delta_power,O2_delta_power,0.7324812447902195,0.7324812447902195
Control,delta,P8_delta_power,O1_delta_power,0.7762711864406779,0.7762711864406779
Control,delta,P8_delta_power,O2_delta_power,0.7613225896082245,0.7613225896082245
Control,delta,O1_delta_power,O2_delta_power,0.7645457071408724,0.7645457071408724
ADHD,theta,Fp1_theta_power,Fp2_theta_power,0.7845584346906399,0.7845584346906399
ADHD,theta,Fp1_theta_power,F7_theta_power,0.5250132205182443,0.5250132205182443
ADHD,theta,Fp1_theta_power,F3_theta_power,0.625753569539926,0.625753569539926
ADHD,theta,Fp1_theta_power,Fz_theta_power,0.5699101004759387,0.5699101004759387
ADHD,theta,Fp1_theta_power,F4_theta_power,0.668958223162348,0.668958223162348
ADHD,theta,Fp1_theta_power,F8_theta_power,0.4565309360126917,0.4565309360126917
ADHD,theta,Fp1_theta_power,T7_theta_power,0.5096774193548387,0.5096774193548387
ADHD,theta,Fp1_theta_power,C3_theta_power,0.5052353252247488,0.5052353252247488
ADHD,theta,Fp1_theta_power,Cz_theta_power,0.5530407191961925,0.5530407191961925
ADHD,theta,Fp1_theta_power,C4_theta_power,0.43008989952406135,0.43008989952406135
ADHD,theta,Fp1_theta_power,T8_theta_power,0.39153886832363827,0.39153886832363827
ADHD,theta,Fp1_theta_power,P7_theta_power,0.539132734003173,0.539132734003173
ADHD,theta,Fp1_theta_power,P3_theta_power,0.5683765203595981,0.5683765203595981
ADHD,theta,Fp1_theta_power,Pz_theta_power,0.5435748281332629,0.5435748281332629
ADHD,theta,Fp1_theta_power,P4_theta_power,0.5725542041248017,0.5725542041248017
ADHD,theta,Fp1_theta_power,P8_theta_power,0.44272871496562666,0.44272871496562666
ADHD,theta,Fp1_theta_power,O1_theta_power,0.43759915388683235,0.43759915388683235
ADHD,theta,Fp1_theta_power,O2_theta_power,0.5358011634056055,0.5358011634056055
ADHD,theta,Fp2_theta_power,F7_theta_power,0.4817028027498678,0.4817028027498678
ADHD,theta,Fp2_theta_power,F3_theta_power,0.4781597038603913,0.4781597038603913
ADHD,theta,Fp2_theta_power,Fz_theta_power,0.3987308302485457,0.3987308302485457
ADHD,theta,Fp2_theta_power,F4_theta_power,0.5222633527234267,0.5222633527234267
ADHD,theta,Fp2_theta_power,F8_theta_power,0.502221047065045,0.502221047065045
ADHD,theta,Fp2_theta_power,T7_theta_power,0.42971972501322053,0.42971972501322053
ADHD,theta,Fp2_theta_power,C3_theta_power,0.4535695399259651,0.4535695399259651
ADHD,theta,Fp2_theta_power,Cz_theta_power,0.370174510840825,0.370174510840825
ADHD,theta,Fp2_theta_power,C4_theta_power,0.2500793231094659,0.2500793231094659
ADHD,theta,Fp2_theta_power,T8_theta_power,0.34838709677419355,0.34838709677419355
ADHD,theta,Fp2_theta_power,P7_theta_power,0.4919619249074564,0.4919619249074564
ADHD,theta,Fp2_theta_power,P3_theta_power,0.43162347964040193,0.43162347964040193
ADHD,theta,Fp2_theta_power,Pz_theta_power,0.39037546271813856,0.39037546271813856
ADHD,theta,Fp2_theta_power,P4_theta_power,0.597990481226864,0.597990481226864
ADHD,theta,Fp2_theta_power,P8_theta_power,0.5378635642517187,0.5378635642517187
ADHD,theta,Fp2_theta_power,O1_theta_power,0.3920676890534109,0.3920676890534109
ADHD,theta,Fp2_theta_power,O2_theta_power,0.49550502379693284,0.49550502379693284
ADHD,theta,F7_theta_power,F3_theta_power,0.5295610787942887,0.5295610787942887
ADHD,theta,F7_theta_power,Fz_theta_power,0.40724484399788474,0.40724484399788474
ADHD,theta,F7_theta_power,F4_theta_power,0.46208355367530407,0.46208355367530407
ADHD,theta,F7_theta_power,F8_theta_power,0.6071390798519302,0.6071390798519302
ADHD,theta,F7_theta_power,T7_theta_power,0.5028027498677948,0.5028027498677948
ADHD,theta,F7_theta_power,C3_theta_power,0.5835536753040719,0.5835536753040719
ADHD,theta,F7_theta_power,Cz_theta_power,0.5254891591750397,0.5254891591750397
ADHD,theta,F7_theta_power,C4_theta_power,0.42548915917503966,0.42548915917503966
ADHD,theta,F7_theta_power,T8_theta_power,0.4088841882601798,0.4088841882601798
ADHD,theta,F7_theta_power,P7_theta_power,0.43204653622422,0.43204653622422
ADHD,theta,F7_theta_power,P3_theta_power,0.4341618191433104,0.4341618191433104
ADHD,theta,F7_theta_power,Pz_theta_power,0.5031200423056584,0.5031200423056584
ADHD,theta,F7_theta_power,P4_theta_power,0.48646218931782126,0.48646218931782126
ADHD,theta,F7_theta_power,P8_theta_power,0.39402432575356955,0.39402432575356955
ADHD,theta,F7_theta_power,O1_theta_power,0.23860391327340033,0.23860391327340033
ADHD,theta,F7_theta_power,O2_theta_power,0.3360655737704918,0.3360655737704918
ADHD,theta,F3_theta_power,Fz_theta_power,0.7589106292966684,0.7589106292966684
ADHD,theta,F3_theta_power,F4_theta_power,0.7089899524061343,0.7089899524061343
ADHD,theta,F3_theta_power,F8_theta_power,0.46901110523532524,0.46901110523532524
ADHD,theta,F3_theta_power,T7_theta_power,0.588630354309889,0.588630354309889
ADHD,theta,F3_theta_power,C3_theta_power,0.5797461660497092,0.5797461660497092
ADHD,theta,F3_theta_power,Cz_theta_power,0.6409836065573771,0.6409836065573771
ADHD,theta,F3_theta_power,C4_theta_power,0.5749867794817557,0.5749867794817557
ADHD,theta,F3_theta_power,T8_theta_power,0.5379164463246959,0.5379164463246959
ADHD,theta,F3_theta_power,P7_theta_power,0.559016393442623,0.559016393442623
ADHD,theta,F3_theta_power,P3_theta_power,0.6475938656795346,0.6475938656795346
ADHD,theta,F3_theta_power,Pz_theta_power,0.665309360126917,0.665309360126917
ADHD,theta,F3_theta_power,P4_theta_power,0.6722369116869381,0.6722369116869381
ADHD,theta,F3_theta_power,P8_theta_power,0.5579058699101005,0.5579058699101005
ADHD,theta,F3_theta_power,O1_theta_power,0.4586991010047594,0.4586991010047594
ADHD,theta,F3_theta_power,O2_theta_power,0.5729772607086198,0.5729772607086198
ADHD,theta,Fz_theta_power,F4_theta_power,0.7103648863035431,0.7103648863035431
ADHD,theta,Fz_theta_power,F8_theta_power,0.2837123215230037,0.2837123215230037
ADHD,theta,Fz_theta_power,T7_theta_power,0.5486515071390798,0.5486515071390798
ADHD,theta,Fz_theta_power,C3_theta_power,0.48149127445795875,0.48149127445795875
ADHD,theta,Fz_theta_power,Cz_theta_power,0.5855103120042305,0.5855103120042305
ADHD,theta,Fz_theta_power,C4_theta_power,0.4678476996298255,0.4678476996298255
ADHD,theta,Fz_theta_power,T8_theta_power,0.41015335801163405,0.41015335801163405
ADHD,theta,Fz_theta_power,P7_theta_power,0.5424643046007404,0.5424643046007404
ADHD,theta,Fz_theta_power,P3_theta_power,0.49413008989952406,0.49413008989952406
ADHD,theta,Fz_theta_power,Pz_theta_power,0.4967741935483871,0.4967741935483871
ADHD,theta,Fz_theta_power,P4_theta_power,0.5104706504494976,0.5104706504494976
ADHD,theta,Fz_theta_power,P8_theta_power,0.46827075621364356,0.46827075621364356
ADHD,theta,Fz_theta_power,O1_theta_power,0.4501322051824432,0.4501322051824432
ADHD,theta,Fz_theta_power,O2_theta_power,0.4800634584875727,0.4800634584875727
ADHD,theta,F4_theta_power,F8_theta_power,0.3931253305129561,0.3931253305129561
ADHD,theta,F4_theta_power,T7_theta_power,0.7252247488101533,0.7252247488101533
ADHD,theta,F4_theta_power,C3_theta_power,0.6090428344791116,0.6090428344791116
ADHD,theta,F4_theta_power,Cz_theta_power,0.7556848228450556,0.7556848228450556
ADHD,theta,F4_theta_power,C4_theta_power,0.588048651507139,0.588048651507139
ADHD,theta,F4_theta_power,T8_theta_power,0.5329984135378106,0.5329984135378106
ADHD,theta,F4_theta_power,P7_theta_power,0.7182971972501322,0.7182971972501322
ADHD,theta,F4_theta_power,P3_theta_power,0.7162876784769963,0.7162876784769963
ADHD,theta,F4_theta_power,Pz_theta_power,0.6249603384452671,0.6249603384452671
ADHD,theta,F4_theta_power,P4_theta_power,0.6475938656795346,0.6475938656795346
ADHD,theta,F4_theta_power,P8_theta_power,0.5463246959280804,0.5463246959280804
ADHD,theta,F4_theta_power,O1_theta_power,0.617451084082496,0.617451084082496
ADHD,theta,F4_theta_power,O2_theta_power,0.6755156002115283,0.6755156002115283
ADHD,theta,F8_theta_power,T7_theta_power,0.3805393971443681,0.3805393971443681
ADHD,theta,F8_theta_power,C3_theta_power,0.4589106292966684,0.4589106292966684
ADHD,theta,F8_theta_power,Cz_theta_power,0.3697514542570069,0.3697514542570069
ADHD,theta,F8_theta_power,C4_theta_power,0.4426229508196721,0.4426229508196721
ADHD,theta,F8_theta_power,T8_theta_power,0.47440507667900583,0.47440507667900583
ADHD,theta,F8_theta_power,P7_theta_power,0.3396615547329455,0.3396615547329455
ADHD,theta,F8_theta_power,P3_theta_power,0.4282390269698572,0.4282390269698572
ADHD,theta,F8_theta_power,Pz_theta_power,0.48418826017979905,0.48418826017979905
ADHD,theta,F8_theta_power,P4_theta_power,0.5094658910629297,0.5094658910629297
ADHD,theta,F8_theta_power,P8_theta_power,0.5110523532522475,0.5110523532522475
ADHD,theta,F8_theta_power,O1_theta_power,0.31538868323638286,0.31538868323638286
ADHD,theta,F8_theta_power,O2_theta_power,0.2773664727657324,0.2773664727657324
ADHD,theta,T7_theta_power,C3_theta_power,0.5472765732416711,0.5472765732416711
ADHD,theta,T7_theta_power,Cz_theta_power,0.6483870967741936,0.6483870967741936
ADHD,theta,T7_theta_power,C4_theta_power,0.3663670015864622,0.3663670015864622
ADHD,theta,T7_theta_power,T8_theta_power,0.4854574299312533,0.4854574299312533
ADHD,theta,T7_theta_power,P7_theta_power,0.6157059756742465,0.6157059756742465
ADHD,theta,T7_theta_power,P3_theta_power,0.6501850872554205,0.6501850872554205
ADHD,theta,T7_theta_power,Pz_theta_power,0.4807509254362771,0.4807509254362771
ADHD,theta,T7_theta_power,P4_theta_power,0.41570597567424644,0.41570597567424644
ADHD,theta,T7_theta_power,P8_theta_power,0.48397673188789003,0.48397673188789003
ADHD,theta,T7_theta_power,O1_theta_power,0.5868323638286621,0.5868323638286621
ADHD,theta,T7_theta_power,O2_theta_power,0.5445795875198308,0.5445795875198308
ADHD,theta,C3_theta_power,Cz_theta_power,0.7432575356953992,0.7432575356953992
ADHD,theta,C3_theta_power,C4_theta_power,0.5859333685880487,0.5859333685880487
ADHD,theta,C3_theta_power,T8_theta_power,0.41263881544156533,0.41263881544156533
ADHD,theta,C3_theta_power,P7_theta_power,0.5745108408249603,0.5745108408249603
ADHD,theta,C3_theta_power,P3_theta_power,0.6242728714965626,0.6242728714965626
ADHD,theta,C3_theta_power,Pz_theta_power,0.5735060814383924,0.5735060814383924
ADHD,theta,C3_theta_power,P4_theta_power,0.6134849286092015,0.6134849286092015
ADHD,theta,C3_theta_power,P8_theta_power,0.4944473823373876,0.4944473823373876
ADHD,theta,C3_theta_power,O1_theta_power,0.4084611316763617,0.4084611316763617
ADHD,theta,C3_theta_power,O2_theta_power,0.4713379164463247,0.4713379164463247
ADHD,theta,Cz_theta_power,C4_theta_power,0.6476996298254891,0.6476996298254891
ADHD,theta,Cz_theta_power,T8_theta_power,0.4175039661554733,0.4175039661554733
ADHD,theta,Cz_theta_power,P7_theta_power,0.5061872025383395,0.5061872025383395
ADHD,theta,Cz_theta_power,P3_theta_power,0.6178741406663141,0.6178741406663141
ADHD,theta,Cz_theta_power,Pz_theta_power,0.6893707033315706,0.6893707033315706
ADHD,theta,Cz_theta_power,P4_theta_power,0.5128503437334744,0.5128503437334744
ADHD,theta,Cz_theta_power,P8_theta_power,0.3991538868323638,0.3991538868323638
ADHD,theta,Cz_theta_power,O1_theta_power,0.4313061872025383,0.4313061872025383
ADHD,theta,Cz_theta_power,O2_theta_power,0.4872025383395029,0.4872025383395029
ADHD,theta,C4_theta_power,T8_theta_power,0.6599153886832364,0.6599153886832364
ADHD,theta,C4_theta_power,P7_theta_power,0.4739291380222105,0.4739291380222105
ADHD,theta,C4_theta_power,P3_theta_power,0.5454785827604443,0.5454785827604443
ADHD,theta,C4_theta_power,Pz_theta_power,0.49148598625066103,0.49148598625066103
ADHD,theta,C4_theta_power,P4_theta_power,0.5729243786356425,0.5729243786356425
ADHD,theta,C4_theta_power,P8_theta_power,0.504071919619249,0.504071919619249
ADHD,theta,C4_theta_power,O1_theta_power,0.259227921734532,0.259227921734532
ADHD,theta,C4_theta_power,O2_theta_power,0.4574828133262824,0.4574828133262824
ADHD,theta,T8_theta_power,P7_theta_power,0.5059756742464304,0.5059756742464304
ADHD,theta,T8_theta_power,P3_theta_power,0.48942358540454783,0.48942358540454783
ADHD,theta,T8_theta_power,Pz_theta_power,0.3914331041776838,0.3914331041776838
ADHD,theta,T8_theta_power,P4_theta_power,0.4417239555790587,0.4417239555790587
ADHD,theta,T8_theta_power,P8_theta_power,0.6577472236911687,0.6577472236911687
ADHD,theta,T8_theta_power,O1_theta_power,0.44569011105235323,0.44569011105235323
ADHD,theta,T8_theta_power,O2_theta_power,0.5222633527234267,0.5222633527234267
ADHD,theta,P7_theta_power,P3_theta_power,0.6551560021152829,0.6551560021152829
ADHD,theta,P7_theta_power,Pz_theta_power,0.4146483342147012,0.4146483342147012
ADHD,theta,P7_theta_power,P4_theta_power,0.5960338445267055,0.5960338445267055
ADHD,theta,P7_theta_power,P8_theta_power,0.6047593865679535,0.6047593865679535
ADHD,theta,P7_theta_power,O1_theta_power,0.6299841353781068,0.6299841353781068
ADHD,theta,P7_theta_power,O2_theta_power,0.6277630883130618,0.6277630883130618
ADHD,theta,P3_theta_power,Pz_theta_power,0.6826017979904813,0.6826017979904813
ADHD,theta,P3_theta_power,P4_theta_power,0.6785827604442094,0.6785827604442094
ADHD,theta,P3_theta_power,P8_theta_power,0.5005817028027498,0.5005817028027498
ADHD,theta,P3_theta_power,O1_theta_power,0.5912215758857747,0.5912215758857747
ADHD,theta,P3_theta_power,O2_theta_power,0.5574828133262824,0.5574828133262824
ADHD,theta,Pz_theta_power,P4_theta_power,0.6452141723955579,0.6452141723955579
ADHD,theta,Pz_theta_power,P8_theta_power,0.3055526176626124,0.3055526176626124
ADHD,theta,Pz_theta_power,O1_theta_power,0.48149127445795875,0.48149127445795875
ADHD,theta,Pz_theta_power,O2_theta_power,0.4397673188789,0.4397673188789
ADHD,theta,P4_theta_power,P8_theta_power,0.6028027498677948,0.6028027498677948
ADHD,theta,P4_theta_power,O1_theta_power,0.4129561078794289,0.4129561078794289
ADHD,theta,P4_theta_power,O2_theta_power,0.6556848228450556,0.6556848228450556
ADHD,theta,P8_theta_power,O1_theta_power,0.5080380750925436,0.5080380750925436
ADHD,theta,P8_theta_power,O2_theta_power,0.6845584346906399,0.6845584346906399
ADHD,theta,O1_theta_power,O2_theta_power,0.6712850343733474,0.6712850343733474
Control,theta,Fp1_theta_power,Fp2_theta_power,0.7896637954987497,0.7896637954987497
Control,theta,Fp1_theta_power,F7_theta_power,0.7333703806612948,0.7333703806612948
Control,theta,Fp1_theta_power,F3_theta_power,0.5855515420950264,0.5855515420950264
Control,theta,Fp1_theta_power,Fz_theta_power,0.6453459294248403,0.6453459294248403
Control,theta,Fp1_theta_power,F4_theta_power,0.6503473186996388,0.6503473186996388
Control,theta,Fp1_theta_power,F8_theta_power,0.5598777438177271,0.5598777438177271
Control,theta,Fp1_theta_power,T7_theta_power,0.5558766323978883,0.5558766323978883
Control,theta,Fp1_theta_power,C3_theta_power,0.643678799666574,0.643678799666574
Control,theta,Fp1_theta_power,Cz_theta_power,0.6861906085023618,0.6861906085023618
Control,theta,Fp1_theta_power,C4_theta_power,0.5456515698805223,0.5456515698805223
Control,theta,Fp1_theta_power,T8_theta_power,0.5515976660183384,0.5515976660183384
Control,theta,Fp1_theta_power,P7_theta_power,0.7711030841900528,0.7711030841900528
Control,theta,Fp1_theta_power,P3_theta_power,0.6636843567657683,0.6636843567657683
Control,theta,Fp1_theta_power,Pz_theta_power,0.7070297304806891,0.7070297304806891
Control,theta,Fp1_theta_power,P4_theta_power,0.5699360933592664,0.5699360933592664
Control,theta,Fp1_theta_power,P8_theta_power,0.6930258405112532,0.6930258405112532
Control,theta,Fp1_theta_power,O1_theta_power,0.7395943317588219,0.7395943317588219
Control,theta,Fp1_theta_power,O2_theta_power,0.5893303695470964,0.5893303695470964
Control,theta,Fp2_theta_power,F7_theta_power,0.5788274520700194,0.5788274520700194
Control,theta,Fp2_theta_power,F3_theta_power,0.5387607668796888,0.5387607668796888
Control,theta,Fp2_theta_power,Fz_theta_power,0.664684634620728,0.664684634620728
Control,theta,Fp2_theta_power,F4_theta_power,0.698638510697416,0.698638510697416
Control,theta,Fp2_theta_power,F8_theta_power,0.5204223395387607,0.5204223395387607
Control,theta,Fp2_theta_power,T7_theta_power,0.5527090858571826,0.5527090858571826
Control,theta,Fp2_theta_power,C3_theta_power,0.6075020839121978,0.6075020839121978
Control,theta,Fp2_theta_power,Cz_theta_power,0.6631286468463462,0.6631286468463462
Control,theta,Fp2_theta_power,C4_theta_power,0.5418171714365101,0.5418171714365101
Control,theta,Fp2_theta_power,T8_theta_power,0.47952208946929703,0.47952208946929703
Control,theta,Fp2_theta_power,P7_theta_power,0.7818838566268408,0.7818838566268408
Control,theta,Fp2_theta_power,P3_theta_power,0.6452903584328981,0.6452903584328981
Control,theta,Fp2_theta_power,Pz_theta_power,0.6348430119477633,0.6348430119477633
Control,theta,Fp2_theta_power,P4_theta_power,0.5812170047235343,0.5812170047235343
Control,theta,Fp2_theta_power,P8_theta_power,0.6454570714087247,0.6454570714087247
Control,theta,Fp2_theta_power,O1_theta_power,0.6526813003612114,0.6526813003612114
Control,theta,Fp2_theta_power,O2_theta_power,0.5875520978049458,0.5875520978049458
Control,theta,F7_theta_power,F3_theta_power,0.6673520422339538,0.6673520422339538
Control,theta,F7_theta_power,Fz_theta_power,0.5753820505696027,0.5753820505696027
Control,theta,F7_theta_power,F4_theta_power,0.640177827174215,0.640177827174215
Control,theta,F7_theta_power,F8_theta_power,0.5532647957766046,0.5532647957766046
Control,theta,F7_theta_power,T7_theta_power,0.5284801333703807,0.5284801333703807
Control,theta,F7_theta_power,C3_theta_power,0.7227563212003334,0.7227563212003334
Control,theta,F7_theta_power,Cz_theta_power,0.6137816060016671,0.6137816060016671
Control,theta,F7_theta_power,C4_theta_power,0.5574881911642123,0.5574881911642123
Control,theta,F7_theta_power,T8_theta_power,0.44473464851347594,0.44473464851347594
Control,theta,F7_theta_power,P7_theta_power,0.6332870241733815,0.6332870241733815
Control,theta,F7_theta_power,P3_theta_power,0.6347874409558211,0.6347874409558211
Control,theta,F7_theta_power,Pz_theta_power,0.6608502361767158,0.6608502361767158
Control,theta,F7_theta_power,P4_theta_power,0.5787718810780772,0.5787718810780772
Control,theta,F7_theta_power,P8_theta_power,0.6386774103917755,0.6386774103917755
Control,theta,F7_theta_power,O1_theta_power,0.6515698805223673,0.6515698805223673
Control,theta,F7_theta_power,O2_theta_power,0.5042511808835788,0.5042511808835788
Control,theta,F3_theta_power,Fz_theta_power,0.7274798555154209,0.7274798555154209
Control,theta,F3_theta_power,F4_theta_power,0.8483467629897193,0.8483467629897193
Control,theta,F3_theta_power,F8_theta_power,0.6193387051958877,0.6193387051958877
Control,theta,F3_theta_power,T7_theta_power,0.711308696860239,0.711308696860239
Control,theta,F3_theta_power,C3_theta_power,0.8461794943039733,0.8461794943039733
Control,theta,F3_theta_power,Cz_theta_power,0.7030286190608502,0.7030286190608502
Control,theta,F3_theta_power,C4_theta_power,0.6963045290358433,0.6963045290358433
Control,theta,F3_theta_power,T8_theta_power,0.5349263684356765,0.5349263684356765
Control,theta,F3_theta_power,P7_theta_power,0.6125034731869964,0.6125034731869964
Control,theta,F3_theta_power,P3_theta_power,0.7291469852736872,0.7291469852736872
Control,theta,F3_theta_power,Pz_theta_power,0.7701583773270353,0.7701583773270353
Control,theta,F3_theta_power,P4_theta_power,0.6946929702695193,0.6946929702695193
Control,theta,F3_theta_power,P8_theta_power,0.610502917477077,0.610502917477077
Control,theta,F3_theta_power,O1_theta_power,0.5869963878855238,0.5869963878855238
Control,theta,F3_theta_power,O2_theta_power,0.47935537649347043,0.47935537649347043
Control,theta,Fz_theta_power,F4_theta_power,0.7922756321200334,0.7922756321200334
Control,theta,Fz_theta_power,F8_theta_power,0.5581550430675187,0.5581550430675187
Control,theta,Fz_theta_power,T7_theta_power,0.5884412336760211,0.5884412336760211
Control,theta,Fz_theta_power,C3_theta_power,0.7414281744929146,0.7414281744929146
Control,theta,Fz_theta_power,Cz_theta_power,0.7728257849402612,0.7728257849402612
Control,theta,Fz_theta_power,C4_theta_power,0.7068630175048625,0.7068630175048625
Control,theta,Fz_theta_power,T8_theta_power,0.6615726590719644,0.6615726590719644
Control,theta,Fz_theta_power,P7_theta_power,0.7106418449569325,0.7106418449569325
Control,theta,Fz_theta_power,P3_theta_power,0.739372047791053,0.739372047791053
Control,theta,Fz_theta_power,Pz_theta_power,0.74609613781606,0.74609613781606
Control,theta,Fz_theta_power,P4_theta_power,0.6707974437343707,0.6707974437343707
Control,theta,Fz_theta_power,P8_theta_power,0.6966379549874965,0.6966379549874965
Control,theta,Fz_theta_power,O1_theta_power,0.6954709641567102,0.6954709641567102
Control,theta,Fz_theta_power,O2_theta_power,0.6422895248680189,0.6422895248680189
Control,theta,F4_theta_power,F8_theta_power,0.684356765768269,0.684356765768269
Control,theta,F4_theta_power,T7_theta_power,0.7014170602945262,0.7014170602945262
Control,theta,F4_theta_power,C3_theta_power,0.8392886913031398,0.8392886913031398
Control,theta,F4_theta_power,Cz_theta_power,0.7817727146429564,0.7817727146429564
Control,theta,F4_theta_power,C4_theta_power,0.7558210614059461,0.7558210614059461
Control,theta,F4_theta_power,T8_theta_power,0.6531258682967491,0.6531258682967491
Control,theta,F4_theta_power,P7_theta_power,0.7517088080022228,0.7517088080022228
Control,theta,F4_theta_power,P3_theta_power,0.8213392609058072,0.8213392609058072
Control,theta,F4_theta_power,Pz_theta_power,0.8258405112531259,0.8258405112531259
Control,theta,F4_theta_power,P4_theta_power,0.8099472075576549,0.8099472075576549
Control,theta,F4_theta_power,P8_theta_power,0.739094192831342,0.739094192831342
Control,theta,F4_theta_power,O1_theta_power,0.6519588774659628,0.6519588774659628
Control,theta,F4_theta_power,O2_theta_power,0.5849958321756044,0.5849958321756044
Control,theta,F8_theta_power,T7_theta_power,0.5684356765768269,0.5684356765768269
Control,theta,F8_theta_power,C3_theta_power,0.6089469297026951,0.6089469297026951
Control,theta,F8_theta_power,Cz_theta_power,0.5963323145318143,0.5963323145318143
Control,theta,F8_theta_power,C4_theta_power,0.5312031119755488,0.5312031119755488
Control,theta,F8_theta_power,T8_theta_power,0.5083078632953598,0.5083078632953598
Control,theta,F8_theta_power,P7_theta_power,0.5854959711030842,0.5854959711030842
Control,theta,F8_theta_power,P3_theta_power,0.6693525979438733,0.6693525979438733
Control,theta,F8_theta_power,Pz_theta_power,0.5882745207001945,0.5882745207001945
Control,theta,F8_theta_power,P4_theta_power,0.5343706585162545,0.5343706585162545
Control,theta,F8_theta_power,P8_theta_power,0.5603778827452071,0.5603778827452071
Control,theta,F8_theta_power,O1_theta_power,0.6348985829397055,0.6348985829397055
Control,theta,F8_theta_power,O2_theta_power,0.5039177549319256,0.5039177549319256
Control,theta,T7_theta_power,C3_theta_power,0.8051681022506252,0.8051681022506252
Control,theta,T7_theta_power,Cz_theta_power,0.7342039455404279,0.7342039455404279
Control,theta,T7_theta_power,C4_theta_power,0.7121978327313142,0.7121978327313142
Control,theta,T7_theta_power,T8_theta_power,0.6208391219783274,0.6208391219783274
Control,theta,T7_theta_power,P7_theta_power,0.7592108919144207,0.7592108919144207
Control,theta,T7_theta_power,P3_theta_power,0.7210891914420673,0.7210891914420673
Control,theta,T7_theta_power,Pz_theta_power,0.7567657682689636,0.7567657682689636
Control,theta,T7_theta_power,P4_theta_power,0.6663517643789941,0.6663517643789941
Control,theta,T7_theta_power,P8_theta_power,0.6298971936649069,0.6298971936649069
Control,theta,T7_theta_power,O1_theta_power,0.701083634342873,0.701083634342873
Control,theta,T7_theta_power,O2_theta_power,0.5887746596276744,0.5887746596276744
Control,theta,C3_theta_power,Cz_theta_power,0.8040011114198389,0.8040011114198389
Control,theta,C3_theta_power,C4_theta_power,0.7704918032786885,0.7704918032786885
Control,theta,C3_theta_power,T8_theta_power,0.6376771325368158,0.6376771325368158
Control,theta,C3_theta_power,P7_theta_power,0.7206446235065296,0.7206446235065296
Control,theta,C3_theta_power,P3_theta_power,0.8714087246457349,0.8714087246457349
Control,theta,C3_theta_power,Pz_theta_power,0.8419005279244235,0.8419005279244235
Control,theta,C3_theta_power,P4_theta_power,0.767657682689636,0.767657682689636
Control,theta,C3_theta_power,P8_theta_power,0.6900805779383162,0.6900805779383162
Control,theta,C3_theta_power,O1_theta_power,0.6662961933870519,0.6662961933870519
Control,theta,C3_theta_power,O2_theta_power,0.5860516810225063,0.5860516810225063
Control,theta,Cz_theta_power,C4_theta_power,0.8564045568213393,0.8564045568213393
Control,theta,Cz_theta_power,T8_theta_power,0.6278410669630453,0.6278410669630453
Control,theta,Cz_theta_power,P7_theta_power,0.7196443456515699,0.7196443456515699
Control,theta,Cz_theta_power,P3_theta_power,0.8026674076132259,0.8026674076132259
Control,theta,Cz_theta_power,Pz_theta_power,0.8363434287302028,0.8363434287302028
Control,theta,Cz_theta_power,P4_theta_power,0.7894415115309809,0.7894415115309809
Control,theta,Cz_theta_power,P8_theta_power,0.7465407057515977,0.7465407057515977
Control,theta,Cz_theta_power,O1_theta_power,0.7378716310086135,0.7378716310086135
Control,theta,Cz_theta_power,O2_theta_power,0.6734648513475966,0.6734648513475966
Control,theta,C4_theta_power,T8_theta_power,0.6835787718810781,0.6835787718810781
Control,theta,C4_theta_power,P7_theta_power,0.6217838288413449,0.6217838288413449
Control,theta,C4_theta_power,P3_theta_power,0.6981383717699361,0.6981383717699361
Control,theta,C4_theta_power,Pz_theta_power,0.7503195332036677,0.7503195332036677
Control,theta,C4_theta_power,P4_theta_power,0.7734370658516254,0.7734370658516254
Control,theta,C4_theta_power,P8_theta_power,0.6501806057238122,0.6501806057238122
Control,theta,C4_theta_power,O1_theta_power,0.5889969435954432,0.5889969435954432
Control,theta,C4_theta_power,O2_theta_power,0.5288135593220339,0.5288135593220339
Control,theta,T8_theta_power,P7_theta_power,0.6386218393998333,0.6386218393998333
Control,theta,T8_theta_power,P3_theta_power,0.6385662684078911,0.6385662684078911
Control,theta,T8_theta_power,Pz_theta_power,0.7046401778271743,0.7046401778271743
Control,theta,T8_theta_power,P4_theta_power,0.5737704918032787,0.5737704918032787
Control,theta,T8_theta_power,P8_theta_power,0.6984717977215893,0.6984717977215893
Control,theta,T8_theta_power,O1_theta_power,0.6308974715198666,0.6308974715198666
Control,theta,T8_theta_power,O2_theta_power,0.5027507641011392,0.5027507641011392
Control,theta,P7_theta_power,P3_theta_power,0.7694915254237288,0.7694915254237288
Control,theta,P7_theta_power,Pz_theta_power,0.8082800777993887,0.8082800777993887
Control,theta,P7_theta_power,P4_theta_power,0.714031675465407,0.714031675465407
Control,theta,P7_theta_power,P8_theta_power,0.7757154765212559,0.7757154765212559
Control,theta,P7_theta_power,O1_theta_power,0.8782439566546263,0.8782439566546263
Control,theta,P7_theta_power,O2_theta_power,0.7510419560989163,0.7510419560989163
Control,theta,P3_theta_power,Pz_theta_power,0.8873575993331481,0.8873575993331481
Control,theta,P3_theta_power,P4_theta_power,0.8135593220338984,0.8135593220338984
Control,theta,P3_theta_power,P8_theta_power,0.7019171992220061,0.7019171992220061
Control,theta,P3_theta_power,O1_theta_power,0.7330369547096416,0.7330369547096416
Control,theta,P3_theta_power,O2_theta_power,0.6844123367602112,0.6844123367602112
Control,theta,Pz_theta_power,P4_theta_power,0.8397888302306196,0.8397888302306196
Control,theta,Pz_theta_power,P8_theta_power,0.7540983606557377,0.7540983606557377
Control,theta,Pz_theta_power,O1_theta_power,0.7729924979160878,0.7729924979160878
Control,theta,Pz_theta_power,O2_theta_power,0.6889691580994721,0.6889691580994721
Control,theta,P4_theta_power,P8_theta_power,0.6636843567657683,0.6636843567657683
Control,theta,P4_theta_power,O1_theta_power,0.6652959155320922,0.6652959155320922
Control,theta,P4_theta_power,O2_theta_power,0.6688524590163935,0.6688524590163935
Control,theta,P8_theta_power,O1_theta_power,0.8002222839677688,0.8002222839677688
Control,theta,P8_theta_power,O2_theta_power,0.7410391775493193,0.7410391775493193
Control,theta,O1_theta_power,O2_theta_power,0.8062795220894693,0.8062795220894693
ADHD,alpha,Fp1_alpha_power,Fp2_alpha_power,0.6623479640401904,0.6623479640401904
ADHD,alpha,Fp1_alpha_power,F7_alpha_power,0.6557377049180327,0.6557377049180327
ADHD,alpha,Fp1_alpha_power,F3_alpha_power,0.7822316234796404,0.7822316234796404
ADHD,alpha,Fp1_alpha_power,Fz_alpha_power,0.6757800105764146,0.6757800105764146
ADHD,alpha,Fp1_alpha_power,F4_alpha_power,0.7355896351136965,0.7355896351136965
ADHD,alpha,Fp1_alpha_power,F8_alpha_power,0.5005817028027498,0.5005817028027498
ADHD,alpha,Fp1_alpha_power,T7_alpha_power,0.6414595452141724,0.6414595452141724
ADHD,alpha,Fp1_alpha_power,C3_alpha_power,0.5772607086197779,0.5772607086197779
ADHD,alpha,Fp1_alpha_power,Cz_alpha_power,0.6132734003172924,0.6132734003172924
ADHD,alpha,Fp1_alpha_power,C4_alpha_power,0.5498677948175569,0.5498677948175569
ADHD,alpha,Fp1_alpha_power,T8_alpha_power,0.5306716023268112,0.5306716023268112
ADHD,alpha,Fp1_alpha_power,P7_alpha_power,0.5144368059227922,0.5144368059227922
ADHD,alpha,Fp1_alpha_power,P3_alpha_power,0.6346377578001058,0.6346377578001058
ADHD,alpha,Fp1_alpha_power,Pz_alpha_power,0.48360655737704916,0.48360655737704916
ADHD,alpha,Fp1_alpha_power,P4_alpha_power,0.5962982548915917,0.5962982548915917
ADHD,alpha,Fp1_alpha_power,P8_alpha_power,0.4785298783712322,0.4785298783712322
ADHD,alpha,Fp1_alpha_power,O1_alpha_power,0.47070333157059757,0.47070333157059757
ADHD,alpha,Fp1_alpha_power,O2_alpha_power,0.5439450026441036,0.5439450026441036
ADHD,alpha,Fp2_alpha_power,F7_alpha_power,0.6285563194077208,0.6285563194077208
ADHD,alpha,Fp2_alpha_power,F3_alpha_power,0.6604970914859862,0.6604970914859862
ADHD,alpha,Fp2_alpha_power,Fz_alpha_power,0.6334214701216287,0.6334214701216287
ADHD,alpha,Fp2_alpha_power,F4_alpha_power,0.66409307244844,0.66409307244844
ADHD,alpha,Fp2_alpha_power,F8_alpha_power,0.5641459545214172,0.5641459545214172
ADHD,alpha,Fp2_alpha_power,T7_alpha_power,0.5237440507667901,0.5237440507667901
ADHD,alpha,Fp2_alpha_power,C3_alpha_power,0.4845055526176626,0.4845055526176626
ADHD,alpha,Fp2_alpha_power,Cz_alpha_power,0.5490216816499207,0.5490216816499207
ADHD,alpha,Fp2_alpha_power,C4_alpha_power,0.42035959809624535,0.42035959809624535
ADHD,alpha,Fp2_alpha_power,T8_alpha_power,0.5642517186673718,0.5642517186673718
ADHD,alpha,Fp2_alpha_power,P7_alpha_power,0.5029613960867266,0.5029613960867266
ADHD,alpha,Fp2_alpha_power,P3_alpha_power,0.5865150713907985,0.5865150713907985
ADHD,alpha,Fp2_alpha_power,Pz_alpha_power,0.49063987308302487,0.49063987308302487
ADHD,alpha,Fp2_alpha_power,P4_alpha_power,0.7022739291380222,0.7022739291380222
ADHD,alpha,Fp2_alpha_power,P8_alpha_power,0.6940243257535695,0.6940243257535695
ADHD,alpha,Fp2_alpha_power,O1_alpha_power,0.5343204653622422,0.5343204653622422
ADHD,alpha,Fp2_alpha_power,O2_alpha_power,0.5768376520359598,0.5768376520359598
ADHD,alpha,F7_alpha_power,F3_alpha_power,0.711158117398202,0.711158117398202
ADHD,alpha,F7_alpha_power,Fz_alpha_power,0.6054468535166578,0.6054468535166578
ADHD,alpha,F7_alpha_power,F4_alpha_power,0.6943945002644104,0.6943945002644104
ADHD,alpha,F7_alpha_power,F8_alpha_power,0.477895293495505,0.477895293495505
ADHD,alpha,F7_alpha_power,T7_alpha_power,0.6586462189317821,0.6586462189317821
ADHD,alpha,F7_alpha_power,C3_alpha_power,0.5477525118984664,0.5477525118984664
ADHD,alpha,F7_alpha_power,Cz_alpha_power,0.630830248545743,0.630830248545743
ADHD,alpha,F7_alpha_power,C4_alpha_power,0.4858804865150714,0.4858804865150714
ADHD,alpha,F7_alpha_power,T8_alpha_power,0.6933368588048652,0.6933368588048652
ADHD,alpha,F7_alpha_power,P7_alpha_power,0.6648334214701216,0.6648334214701216
ADHD,alpha,F7_alpha_power,P3_alpha_power,0.606292966684294,0.606292966684294
ADHD,alpha,F7_alpha_power,Pz_alpha_power,0.5263352723426759,0.5263352723426759
ADHD,alpha,F7_alpha_power,P4_alpha_power,0.6648334214701216,0.6648334214701216
ADHD,alpha,F7_alpha_power,P8_alpha_power,0.7338445267054469,0.7338445267054469
ADHD,alpha,F7_alpha_power,O1_alpha_power,0.38027498677948174,0.38027498677948174
ADHD,alpha,F7_alpha_power,O2_alpha_power,0.5896879957694342,0.5896879957694342
ADHD,alpha,F3_alpha_power,Fz_alpha_power,0.8498149127445795,0.8498149127445795
ADHD,alpha,F3_alpha_power,F4_alpha_power,0.8772078265468006,0.8772078265468006
ADHD,alpha,F3_alpha_power,F8_alpha_power,0.5826017979904812,0.5826017979904812
ADHD,alpha,F3_alpha_power,T7_alpha_power,0.7350608143839239,0.7350608143839239
ADHD,alpha,F3_alpha_power,C3_alpha_power,0.773030142781597,0.773030142781597
ADHD,alpha,F3_alpha_power,Cz_alpha_power,0.7857218402961396,0.7857218402961396
ADHD,alpha,F3_alpha_power,C4_alpha_power,0.7043363299841354,0.7043363299841354
ADHD,alpha,F3_alpha_power,T8_alpha_power,0.6922792173453199,0.6922792173453199
ADHD,alpha,F3_alpha_power,P7_alpha_power,0.5877842411422528,0.5877842411422528
ADHD,alpha,F3_alpha_power,P3_alpha_power,0.8383923849814913,0.8383923849814913
ADHD,alpha,F3_alpha_power,Pz_alpha_power,0.7325224748810153,0.7325224748810153
ADHD,alpha,F3_alpha_power,P4_alpha_power,0.8250132205182443,0.8250132205182443
ADHD,alpha,F3_alpha_power,P8_alpha_power,0.6352194606028556,0.6352194606028556
ADHD,alpha,F3_alpha_power,O1_alpha_power,0.5108937070333157,0.5108937070333157
ADHD,alpha,F3_alpha_power,O2_alpha_power,0.6482284505552618,0.6482284505552618
ADHD,alpha,Fz_alpha_power,F4_alpha_power,0.8818085668958223,0.8818085668958223
ADHD,alpha,Fz_alpha_power,F8_alpha_power,0.5551031200423057,0.5551031200423057
ADHD,alpha,Fz_alpha_power,T7_alpha_power,0.670597567424643,0.670597567424643
ADHD,alpha,Fz_alpha_power,C3_alpha_power,0.6592808038075093,0.6592808038075093
ADHD,alpha,Fz_alpha_power,Cz_alpha_power,0.6548387096774193,0.6548387096774193
ADHD,alpha,Fz_alpha_power,C4_alpha_power,0.6474352194606029,0.6474352194606029
ADHD,alpha,Fz_alpha_power,T8_alpha_power,0.7348492860920148,0.7348492860920148
ADHD,alpha,Fz_alpha_power,P7_alpha_power,0.5832892649391856,0.5832892649391856
ADHD,alpha,Fz_alpha_power,P3_alpha_power,0.7576414595452142,0.7576414595452142
ADHD,alpha,Fz_alpha_power,Pz_alpha_power,0.6107879428873612,0.6107879428873612
ADHD,alpha,Fz_alpha_power,P4_alpha_power,0.761872025383395,0.761872025383395
ADHD,alpha,Fz_alpha_power,P8_alpha_power,0.7140666314119514,0.7140666314119514
ADHD,alpha,Fz_alpha_power,O1_alpha_power,0.559016393442623,0.559016393442623
ADHD,alpha,Fz_alpha_power,O2_alpha_power,0.6621893178212586,0.6621893178212586
ADHD,alpha,F4_alpha_power,F8_alpha_power,0.5843469063987309,0.5843469063987309
ADHD,alpha,F4_alpha_power,T7_alpha_power,0.723109465891063,0.723109465891063
ADHD,alpha,F4_alpha_power,C3_alpha_power,0.689846641988366,0.689846641988366
ADHD,alpha,F4_alpha_power,Cz_alpha_power,0.8063458487572713,0.8063458487572713
ADHD,alpha,F4_alpha_power,C4_alpha_power,0.7049180327868853,0.7049180327868853
ADHD,alpha,F4_alpha_power,T8_alpha_power,0.7812268640930724,0.7812268640930724
ADHD,alpha,F4_alpha_power,P7_alpha_power,0.6411422527763089,0.6411422527763089
ADHD,alpha,F4_alpha_power,P3_alpha_power,0.7851401374933897,0.7851401374933897
ADHD,alpha,F4_alpha_power,Pz_alpha_power,0.6634056054997356,0.6634056054997356
ADHD,alpha,F4_alpha_power,P4_alpha_power,0.8285563194077208,0.8285563194077208
ADHD,alpha,F4_alpha_power,P8_alpha_power,0.6814383923849815,0.6814383923849815
ADHD,alpha,F4_alpha_power,O1_alpha_power,0.5193548387096775,0.5193548387096775
ADHD,alpha,F4_alpha_power,O2_alpha_power,0.6710206240084612,0.6710206240084612
ADHD,alpha,F8_alpha_power,T7_alpha_power,0.5060285563194077,0.5060285563194077
ADHD,alpha,F8_alpha_power,C3_alpha_power,0.4197778952934955,0.4197778952934955
ADHD,alpha,F8_alpha_power,Cz_alpha_power,0.429613960867266,0.429613960867266
ADHD,alpha,F8_alpha_power,C4_alpha_power,0.4057641459545214,0.4057641459545214
ADHD,alpha,F8_alpha_power,T8_alpha_power,0.6063458487572713,0.6063458487572713
ADHD,alpha,F8_alpha_power,P7_alpha_power,0.5342675832892649,0.5342675832892649
ADHD,alpha,F8_alpha_power,P3_alpha_power,0.5318878900052882,0.5318878900052882
ADHD,alpha,F8_alpha_power,Pz_alpha_power,0.4353781068217874,0.4353781068217874
ADHD,alpha,F8_alpha_power,P4_alpha_power,0.5529878371232152,0.5529878371232152
ADHD,alpha,F8_alpha_power,P8_alpha_power,0.522316234796404,0.522316234796404
ADHD,alpha,F8_alpha_power,O1_alpha_power,0.39349550502379693,0.39349550502379693
ADHD,alpha,F8_alpha_power,O2_alpha_power,0.4956107879428874,0.4956107879428874
ADHD,alpha,T7_alpha_power,C3_alpha_power,0.5850343733474352,0.5850343733474352
ADHD,alpha,T7_alpha_power,Cz_alpha_power,0.5894764674775251,0.5894764674775251
ADHD,alpha,T7_alpha_power,C4_alpha_power,0.47075621364357484,0.47075621364357484
ADHD,alpha,T7_alpha_power,T8_alpha_power,0.6652035959809625,0.6652035959809625
ADHD,alpha,T7_alpha_power,P7_alpha_power,0.7202538339502909,0.7202538339502909
ADHD,alpha,T7_alpha_power,P3_alpha_power,0.7024854574299313,0.7024854574299313
ADHD,alpha,T7_alpha_power,Pz_alpha_power,0.5558434690639873,0.5558434690639873
ADHD,alpha,T7_alpha_power,P4_alpha_power,0.6800634584875727,0.6800634584875727
ADHD,alpha,T7_alpha_power,P8_alpha_power,0.6280803807509254,0.6280803807509254
ADHD,alpha,T7_alpha_power,O1_alpha_power,0.571390798519302,0.571390798519302
ADHD,alpha,T7_alpha_power,O2_alpha_power,0.6426758328926494,0.6426758328926494
ADHD,alpha,C3_alpha_power,Cz_alpha_power,0.737123215230037,0.737123215230037
ADHD,alpha,C3_alpha_power,C4_alpha_power,0.7822845055526176,0.7822845055526176
ADHD,alpha,C3_alpha_power,T8_alpha_power,0.5013749338974087,0.5013749338974087
ADHD,alpha,C3_alpha_power,P7_alpha_power,0.3457429931253305,0.3457429931253305
ADHD,alpha,C3_alpha_power,P3_alpha_power,0.7307773664727657,0.7307773664727657
ADHD,alpha,C3_alpha_power,Pz_alpha_power,0.6631411951348493,0.6631411951348493
ADHD,alpha,C3_alpha_power,P4_alpha_power,0.7244843997884717,0.7244843997884717
ADHD,alpha,C3_alpha_power,P8_alpha_power,0.46562665256478053,0.46562665256478053
ADHD,alpha,C3_alpha_power,O1_alpha_power,0.35631940772078263,0.35631940772078263
ADHD,alpha,C3_alpha_power,O2_alpha_power,0.4784769962982549,0.4784769962982549
ADHD,alpha,Cz_alpha_power,C4_alpha_power,0.7962982548915918,0.7962982548915918
ADHD,alpha,Cz_alpha_power,T8_alpha_power,0.6161819143310417,0.6161819143310417
ADHD,alpha,Cz_alpha_power,P7_alpha_power,0.4952934955050238,0.4952934955050238
ADHD,alpha,Cz_alpha_power,P3_alpha_power,0.6762030671602327,0.6762030671602327
ADHD,alpha,Cz_alpha_power,Pz_alpha_power,0.759016393442623,0.759016393442623
ADHD,alpha,Cz_alpha_power,P4_alpha_power,0.726176626123744,0.726176626123744
ADHD,alpha,Cz_alpha_power,P8_alpha_power,0.4785298783712322,0.4785298783712322
ADHD,alpha,Cz_alpha_power,O1_alpha_power,0.35742993125330513,0.35742993125330513
ADHD,alpha,Cz_alpha_power,O2_alpha_power,0.5478053939714437,0.5478053939714437
ADHD,alpha,C4_alpha_power,T8_alpha_power,0.634479111581174,0.634479111581174
ADHD,alpha,C4_alpha_power,P7_alpha_power,0.34341618191433104,0.34341618191433104
ADHD,alpha,C4_alpha_power,P3_alpha_power,0.628397673188789,0.628397673188789
ADHD,alpha,C4_alpha_power,Pz_alpha_power,0.5975145425700688,0.5975145425700688
ADHD,alpha,C4_alpha_power,P4_alpha_power,0.6342675832892649,0.6342675832892649
ADHD,alpha,C4_alpha_power,P8_alpha_power,0.4121099947117927,0.4121099947117927
ADHD,alpha,C4_alpha_power,O1_alpha_power,0.18894764674775252,0.18894764674775252
ADHD,alpha,C4_alpha_power,O2_alpha_power,0.42184029613960866,0.42184029613960866
ADHD,alpha,T8_alpha_power,P7_alpha_power,0.6784241142252776,0.6784241142252776
ADHD,alpha,T8_alpha_power,P3_alpha_power,0.6957694341618191,0.6957694341618191
ADHD,alpha,T8_alpha_power,Pz_alpha_power,0.5477525118984664,0.5477525118984664
ADHD,alpha,T8_alpha_power,P4_alpha_power,0.6904812268640931,0.6904812268640931
ADHD,alpha,T8_alpha_power,P8_alpha_power,0.6964040190375462,0.6964040190375462
ADHD,alpha,T8_alpha_power,O1_alpha_power,0.465520888418826,0.465520888418826
ADHD,alpha,T8_alpha_power,O2_alpha_power,0.6149127445795876,0.6149127445795876
ADHD,alpha,P7_alpha_power,P3_alpha_power,0.6224219989423585,0.6224219989423585
ADHD,alpha,P7_alpha_power,Pz_alpha_power,0.4731887890005288,0.4731887890005288
ADHD,alpha,P7_alpha_power,P4_alpha_power,0.6443680592279217,0.6443680592279217
ADHD,alpha,P7_alpha_power,P8_alpha_power,0.7161290322580646,0.7161290322580646
ADHD,alpha,P7_alpha_power,O1_alpha_power,0.6722897937599154,0.6722897937599154
ADHD,alpha,P7_alpha_power,O2_alpha_power,0.6936541512427287,0.6936541512427287
ADHD,alpha,P3_alpha_power,Pz_alpha_power,0.7304600740349022,0.7304600740349022
ADHD,alpha,P3_alpha_power,P4_alpha_power,0.8598096245372818,0.8598096245372818
ADHD,alpha,P3_alpha_power,P8_alpha_power,0.607509254362771,0.607509254362771
ADHD,alpha,P3_alpha_power,O1_alpha_power,0.6221575885774723,0.6221575885774723
ADHD,alpha,P3_alpha_power,O2_alpha_power,0.6626123744050767,0.6626123744050767
ADHD,alpha,Pz_alpha_power,P4_alpha_power,0.7976731887890005,0.7976731887890005
ADHD,alpha,Pz_alpha_power,P8_alpha_power,0.4988894764674775,0.4988894764674775
ADHD,alpha,Pz_alpha_power,O1_alpha_power,0.5320994182971972,0.5320994182971972
ADHD,alpha,Pz_alpha_power,O2_alpha_power,0.6536753040719196,0.6536753040719196
ADHD,alpha,P4_alpha_power,P8_alpha_power,0.7663141195134849,0.7663141195134849
ADHD,alpha,P4_alpha_power,O1_alpha_power,0.6205182443151771,0.6205182443151771
ADHD,alpha,P4_alpha_power,O2_alpha_power,0.7974616604970914,0.7974616604970914
ADHD,alpha,P8_alpha_power,O1_alpha_power,0.5596509783183501,0.5596509783183501
ADHD,alpha,P8_alpha_power,O2_alpha_power,0.7076150185087255,0.7076150185087255
ADHD,alpha,O1_alpha_power,O2_alpha_power,0.8039661554732945,0.8039661554732945
Control,alpha,Fp1_alpha_power,Fp2_alpha_power,0.7125868296749097,0.7125868296749097
Control,alpha,Fp1_alpha_power,F7_alpha_power,0.8030564045568214,0.8030564045568214
Control,alpha,Fp1_alpha_power,F3_alpha_power,0.6915809947207557,0.6915809947207557
Control,alpha,Fp1_alpha_power,Fz_alpha_power,0.7109752709085857,0.7109752709085857
Control,alpha,Fp1_alpha_power,F4_alpha_power,0.6812447902195055,0.6812447902195055
Control,alpha,Fp1_alpha_power,F8_alpha_power,0.6385662684078911,0.6385662684078911
Control,alpha,Fp1_alpha_power,T7_alpha_power,0.6246735204223396,0.6246735204223396
Control,alpha,Fp1_alpha_power,C3_alpha_power,0.5872742428452348,0.5872742428452348
Control,alpha,Fp1_alpha_power,Cz_alpha_power,0.6292859127535426,0.6292859127535426
Control,alpha,Fp1_alpha_power,C4_alpha_power,0.5574881911642123,0.5574881911642123
Control,alpha,Fp1_alpha_power,T8_alpha_power,0.5912753542650736,0.5912753542650736
Control,alpha,Fp1_alpha_power,P7_alpha_power,0.7066407335370937,0.7066407335370937
Control,alpha,Fp1_alpha_power,P3_alpha_power,0.5950541817171436,0.5950541817171436
Control,alpha,Fp1_alpha_power,Pz_alpha_power,0.6097804945818283,0.6097804945818283
Control,alpha,Fp1_alpha_power,P4_alpha_power,0.5996665740483468,0.5996665740483468
Control,alpha,Fp1_alpha_power,P8_alpha_power,0.6261739372047791,0.6261739372047791
Control,alpha,Fp1_alpha_power,O1_alpha_power,0.5691025284801333,0.5691025284801333
Control,alpha,Fp1_alpha_power,O2_alpha_power,0.5117532647957767,0.5117532647957767
Control,alpha,Fp2_alpha_power,F7_alpha_power,0.6262295081967213,0.6262295081967213
Control,alpha,Fp2_alpha_power,F3_alpha_power,0.5781050291747708,0.5781050291747708
Control,alpha,Fp2_alpha_power,Fz_alpha_power,0.6009447068630175,0.6009447068630175
Control,alpha,Fp2_alpha_power,F4_alpha_power,0.6033898305084746,0.6033898305084746
Control,alpha,Fp2_alpha_power,F8_alpha_power,0.5319811058627396,0.5319811058627396
Control,alpha,Fp2_alpha_power,T7_alpha_power,0.5429285912753543,0.5429285912753543
Control,alpha,Fp2_alpha_power,C3_alpha_power,0.524256737982773,0.524256737982773
Control,alpha,Fp2_alpha_power,Cz_alpha_power,0.5723812170047236,0.5723812170047236
Control,alpha,Fp2_alpha_power,C4_alpha_power,0.4361767157543762,0.4361767157543762
Control,alpha,Fp2_alpha_power,T8_alpha_power,0.45295915532092246,0.45295915532092246
Control,alpha,Fp2_alpha_power,P7_alpha_power,0.604056682411781,0.604056682411781
Control,alpha,Fp2_alpha_power,P3_alpha_power,0.51914420672409,0.51914420672409
Control,alpha,Fp2_alpha_power,Pz_alpha_power,0.5941650458460683,0.5941650458460683
Control,alpha,Fp2_alpha_power,P4_alpha_power,0.556876910252848,0.556876910252848
Control,alpha,Fp2_alpha_power,P8_alpha_power,0.582217282578494,0.582217282578494
Control,alpha,Fp2_alpha_power,O1_alpha_power,0.5221450402889691,0.5221450402889691
Control,alpha,Fp2_alpha_power,O2_alpha_power,0.4546818560711309,0.4546818560711309
Control,alpha,F7_alpha_power,F3_alpha_power,0.8176715754376216,0.8176715754376216
Control,alpha,F7_alpha_power,Fz_alpha_power,0.7507085301472631,0.7507085301472631
Control,alpha,F7_alpha_power,F4_alpha_power,0.6977493748263407,0.6977493748263407
Control,alpha,F7_alpha_power,F8_alpha_power,0.6985273687135315,0.6985273687135315
Control,alpha,F7_alpha_power,T7_alpha_power,0.7516532370102806,0.7516532370102806
Control,alpha,F7_alpha_power,C3_alpha_power,0.6621839399833287,0.6621839399833287
Control,alpha,F7_alpha_power,Cz_alpha_power,0.6801889413726036,0.6801889413726036
Control,alpha,F7_alpha_power,C4_alpha_power,0.5151430953042512,0.5151430953042512
Control,alpha,F7_alpha_power,T8_alpha_power,0.5612670186162823,0.5612670186162823
Control,alpha,F7_alpha_power,P7_alpha_power,0.7499861072520144,0.7499861072520144
Control,alpha,F7_alpha_power,P3_alpha_power,0.6835232008891359,0.6835232008891359
Control,alpha,F7_alpha_power,Pz_alpha_power,0.6661294804112253,0.6661294804112253
Control,alpha,F7_alpha_power,P4_alpha_power,0.597054737427063,0.597054737427063
Control,alpha,F7_alpha_power,P8_alpha_power,0.6666851903306474,0.6666851903306474
Control,alpha,F7_alpha_power,O1_alpha_power,0.6195054181717143,0.6195054181717143
Control,alpha,F7_alpha_power,O2_alpha_power,0.5522089469297027,0.5522089469297027
Control,alpha,F3_alpha_power,Fz_alpha_power,0.8716865796054459,0.8716865796054459
Control,alpha,F3_alpha_power,F4_alpha_power,0.842845234787441,0.842845234787441
Control,alpha,F3_alpha_power,F8_alpha_power,0.7598221728257849,0.7598221728257849
Control,alpha,F3_alpha_power,T7_alpha_power,0.845012503473187,0.845012503473187
Control,alpha,F3_alpha_power,C3_alpha_power,0.8653514865240345,0.8653514865240345
Control,alpha,F3_alpha_power,Cz_alpha_power,0.771436510141706,0.771436510141706
Control,alpha,F3_alpha_power,C4_alpha_power,0.5872186718532926,0.5872186718532926
Control,alpha,F3_alpha_power,T8_alpha_power,0.6581272575715477,0.6581272575715477
Control,alpha,F3_alpha_power,P7_alpha_power,0.7288135593220338,0.7288135593220338
Control,alpha,F3_alpha_power,P3_alpha_power,0.7717143651014171,0.7717143651014171
Control,alpha,F3_alpha_power,Pz_alpha_power,0.7664351208669075,0.7664351208669075
Control,alpha,F3_alpha_power,P4_alpha_power,0.7184217838288414,0.7184217838288414
Control,alpha,F3_alpha_power,P8_alpha_power,0.6892470130591831,0.6892470130591831
Control,alpha,F3_alpha_power,O1_alpha_power,0.601889413726035,0.601889413726035
Control,alpha,F3_alpha_power,O2_alpha_power,0.6128368991386496,0.6128368991386496
Control,alpha,Fz_alpha_power,F4_alpha_power,0.8363434287302028,0.8363434287302028
Control,alpha,Fz_alpha_power,F8_alpha_power,0.6950819672131148,0.6950819672131148
Control,alpha,Fz_alpha_power,T7_alpha_power,0.7446512920255627,0.7446512920255627
Control,alpha,Fz_alpha_power,C3_alpha_power,0.8206168380105585,0.8206168380105585
Control,alpha,Fz_alpha_power,Cz_alpha_power,0.7653237010280634,0.7653237010280634
Control,alpha,Fz_alpha_power,C4_alpha_power,0.6521811614337316,0.6521811614337316
Control,alpha,Fz_alpha_power,T8_alpha_power,0.7350930814115032,0.7350930814115032
Control,alpha,Fz_alpha_power,P7_alpha_power,0.6973603778827452,0.6973603778827452
Control,alpha,Fz_alpha_power,P3_alpha_power,0.8245623784384551,0.8245623784384551
Control,alpha,Fz_alpha_power,Pz_alpha_power,0.7653237010280634,0.7653237010280634
Control,alpha,Fz_alpha_power,P4_alpha_power,0.7038621839399833,0.7038621839399833
Control,alpha,Fz_alpha_power,P8_alpha_power,0.6665184773548208,0.6665184773548208
Control,alpha,Fz_alpha_power,O1_alpha_power,0.612670186162823,0.612670186162823
Control,alpha,Fz_alpha_power,O2_alpha_power,0.6239510975270909,0.6239510975270909
Control,alpha,F4_alpha_power,F8_alpha_power,0.6943039733259239,0.6943039733259239
Control,alpha,F4_alpha_power,T7_alpha_power,0.6672964712420116,0.6672964712420116
Control,alpha,F4_alpha_power,C3_alpha_power,0.7798833009169214,0.7798833009169214
Control,alpha,F4_alpha_power,Cz_alpha_power,0.6941372603500973,0.6941372603500973
Control,alpha,F4_alpha_power,C4_alpha_power,0.7003056404556821,0.7003056404556821
Control,alpha,F4_alpha_power,T8_alpha_power,0.6570158377327036,0.6570158377327036
Control,alpha,F4_alpha_power,P7_alpha_power,0.5587107529869408,0.5587107529869408
Control,alpha,F4_alpha_power,P3_alpha_power,0.7485412614615171,0.7485412614615171
Control,alpha,F4_alpha_power,Pz_alpha_power,0.7228118921922756,0.7228118921922756
Control,alpha,F4_alpha_power,P4_alpha_power,0.7688246735204224,0.7688246735204224
Control,alpha,F4_alpha_power,P8_alpha_power,0.6370102806335093,0.6370102806335093
Control,alpha,F4_alpha_power,O1_alpha_power,0.5191997777160322,0.5191997777160322
Control,alpha,F4_alpha_power,O2_alpha_power,0.5768268963601,0.5768268963601
Control,alpha,F8_alpha_power,T7_alpha_power,0.7405390386218395,0.7405390386218395
Control,alpha,F8_alpha_power,C3_alpha_power,0.6898582939705473,0.6898582939705473
Control,alpha,F8_alpha_power,Cz_alpha_power,0.6453459294248403,0.6453459294248403
Control,alpha,F8_alpha_power,C4_alpha_power,0.5801611558766324,0.5801611558766324
Control,alpha,F8_alpha_power,T8_alpha_power,0.597054737427063,0.597054737427063
Control,alpha,F8_alpha_power,P7_alpha_power,0.743651014170603,0.743651014170603
Control,alpha,F8_alpha_power,P3_alpha_power,0.6384551264240067,0.6384551264240067
Control,alpha,F8_alpha_power,Pz_alpha_power,0.5996665740483468,0.5996665740483468
Control,alpha,F8_alpha_power,P4_alpha_power,0.5677132536815782,0.5677132536815782
Control,alpha,F8_alpha_power,P8_alpha_power,0.7036398999722145,0.7036398999722145
Control,alpha,F8_alpha_power,O1_alpha_power,0.6192831342039455,0.6192831342039455
Control,alpha,F8_alpha_power,O2_alpha_power,0.5654348430119478,0.5654348430119478
Control,alpha,T7_alpha_power,C3_alpha_power,0.8195054181717144,0.8195054181717144
Control,alpha,T7_alpha_power,Cz_alpha_power,0.6546818560711308,0.6546818560711308
Control,alpha,T7_alpha_power,C4_alpha_power,0.5313142539594332,0.5313142539594332
Control,alpha,T7_alpha_power,T8_alpha_power,0.6650180605723812,0.6650180605723812
Control,alpha,T7_alpha_power,P7_alpha_power,0.8283967768824674,0.8283967768824674
Control,alpha,T7_alpha_power,P3_alpha_power,0.6830786329535983,0.6830786329535983
Control,alpha,T7_alpha_power,Pz_alpha_power,0.7523756599055293,0.7523756599055293
Control,alpha,T7_alpha_power,P4_alpha_power,0.6761322589608224,0.6761322589608224
Control,alpha,T7_alpha_power,P8_alpha_power,0.6624617949430397,0.6624617949430397
Control,alpha,T7_alpha_power,O1_alpha_power,0.6715754376215616,0.6715754376215616
Control,alpha,T7_alpha_power,O2_alpha_power,0.5544317866073909,0.5544317866073909
Control,alpha,C3_alpha_power,Cz_alpha_power,0.7725479299805501,0.7725479299805501
Control,alpha,C3_alpha_power,C4_alpha_power,0.6610725201444846,0.6610725201444846
Control,alpha,C3_alpha_power,T8_alpha_power,0.663350930814115,0.663350930814115
Control,alpha,C3_alpha_power,P7_alpha_power,0.6218393998332871,0.6218393998332871
Control,alpha,C3_alpha_power,P3_alpha_power,0.7942761878299528,0.7942761878299528
Control,alpha,C3_alpha_power,Pz_alpha_power,0.8455126424006668,0.8455126424006668
Control,alpha,C3_alpha_power,P4_alpha_power,0.7790497360377883,0.7790497360377883
Control,alpha,C3_alpha_power,P8_alpha_power,0.6042789663795499,0.6042789663795499
Control,alpha,C3_alpha_power,O1_alpha_power,0.5510975270908586,0.5510975270908586
Control,alpha,C3_alpha_power,O2_alpha_power,0.6130036121144763,0.6130036121144763
Control,alpha,Cz_alpha_power,C4_alpha_power,0.648513475965546,0.648513475965546
Control,alpha,Cz_alpha_power,T8_alpha_power,0.6429008057793831,0.6429008057793831
Control,alpha,Cz_alpha_power,P7_alpha_power,0.5628230063906641,0.5628230063906641
Control,alpha,Cz_alpha_power,P3_alpha_power,0.7746040566824118,0.7746040566824118
Control,alpha,Cz_alpha_power,Pz_alpha_power,0.7208669074742984,0.7208669074742984
Control,alpha,Cz_alpha_power,P4_alpha_power,0.7011947763267574,0.7011947763267574
Control,alpha,Cz_alpha_power,P8_alpha_power,0.6521255904417894,0.6521255904417894
Control,alpha,Cz_alpha_power,O1_alpha_power,0.5004167824395666,0.5004167824395666
Control,alpha,Cz_alpha_power,O2_alpha_power,0.6117254792998055,0.6117254792998055
Control,alpha,C4_alpha_power,T8_alpha_power,0.739094192831342,0.739094192831342
Control,alpha,C4_alpha_power,P7_alpha_power,0.4141150319533204,0.4141150319533204
Control,alpha,C4_alpha_power,P3_alpha_power,0.5931647679911086,0.5931647679911086
Control,alpha,C4_alpha_power,Pz_alpha_power,0.5889969435954432,0.5889969435954432
Control,alpha,C4_alpha_power,P4_alpha_power,0.6998055015282023,0.6998055015282023
Control,alpha,C4_alpha_power,P8_alpha_power,0.48257849402611835,0.48257849402611835
Control,alpha,C4_alpha_power,O1_alpha_power,0.33714920811336485,0.33714920811336485
Control,alpha,C4_alpha_power,O2_alpha_power,0.4491247568769103,0.4491247568769103
Control,alpha,T8_alpha_power,P7_alpha_power,0.588941372603501,0.588941372603501
Control,alpha,T8_alpha_power,P3_alpha_power,0.5579883300916921,0.5579883300916921
Control,alpha,T8_alpha_power,Pz_alpha_power,0.627507641011392,0.627507641011392
Control,alpha,T8_alpha_power,P4_alpha_power,0.6564045568213392,0.6564045568213392
Control,alpha,T8_alpha_power,P8_alpha_power,0.6254515143095304,0.6254515143095304
Control,alpha,T8_alpha_power,O1_alpha_power,0.43817727146429564,0.43817727146429564
Control,alpha,T8_alpha_power,O2_alpha_power,0.4491803278688525,0.4491803278688525
Control,alpha,P7_alpha_power,P3_alpha_power,0.6066685190330647,0.6066685190330647
Control,alpha,P7_alpha_power,Pz_alpha_power,0.6702973048068908,0.6702973048068908
Control,alpha,P7_alpha_power,P4_alpha_power,0.5957210336204501,0.5957210336204501
Control,alpha,P7_alpha_power,P8_alpha_power,0.7767713253681579,0.7767713253681579
Control,alpha,P7_alpha_power,O1_alpha_power,0.7558210614059461,0.7558210614059461
Control,alpha,P7_alpha_power,O2_alpha_power,0.660905807168658,0.660905807168658
Control,alpha,P3_alpha_power,Pz_alpha_power,0.7992220061128091,0.7992220061128091
Control,alpha,P3_alpha_power,P4_alpha_power,0.7751597666018338,0.7751597666018338
Control,alpha,P3_alpha_power,P8_alpha_power,0.6441233676021118,0.6441233676021118
Control,alpha,P3_alpha_power,O1_alpha_power,0.6335093081411504,0.6335093081411504
Control,alpha,P3_alpha_power,O2_alpha_power,0.6439010836343428,0.6439010836343428
Control,alpha,Pz_alpha_power,P4_alpha_power,0.7876632397888302,0.7876632397888302
Control,alpha,Pz_alpha_power,P8_alpha_power,0.6258960822450681,0.6258960822450681
Control,alpha,Pz_alpha_power,O1_alpha_power,0.692747985551542,0.692747985551542
Control,alpha,Pz_alpha_power,O2_alpha_power,0.6589608224506808,0.6589608224506808
Control,alpha,P4_alpha_power,P8_alpha_power,0.5969991664351209,0.5969991664351209
Control,alpha,P4_alpha_power,O1_alpha_power,0.5697138093914976,0.5697138093914976
Control,alpha,P4_alpha_power,O2_alpha_power,0.6479577660461239,0.6479577660461239
Control,alpha,P8_alpha_power,O1_alpha_power,0.652014448457905,0.652014448457905
Control,alpha,P8_alpha_power,O2_alpha_power,0.7843845512642401,0.7843845512642401
Control,alpha,O1_alpha_power,O2_alpha_power,0.6760766879688802,0.6760766879688802
ADHD,beta,Fp1_beta_power,Fp2_beta_power,0.6047593865679535,0.6047593865679535
ADHD,beta,Fp1_beta_power,F7_beta_power,0.5966684294024326,0.5966684294024326
ADHD,beta,Fp1_beta_power,F3_beta_power,0.7370174510840825,0.7370174510840825
ADHD,beta,Fp1_beta_power,Fz_beta_power,0.7301427815970386,0.7301427815970386
ADHD,beta,Fp1_beta_power,F4_beta_power,0.7723955579058699,0.7723955579058699
ADHD,beta,Fp1_beta_power,F8_beta_power,0.6256478053939715,0.6256478053939715
ADHD,beta,Fp1_beta_power,T7_beta_power,0.4466948704389212,0.4466948704389212
ADHD,beta,Fp1_beta_power,C3_beta_power,0.5250132205182443,0.5250132205182443
ADHD,beta,Fp1_beta_power,Cz_beta_power,0.5075621364357483,0.5075621364357483
ADHD,beta,Fp1_beta_power,C4_beta_power,0.5930724484399789,0.5930724484399789
ADHD,beta,Fp1_beta_power,T8_beta_power,0.5367530407191962,0.5367530407191962
ADHD,beta,Fp1_beta_power,P7_beta_power,0.43220518244315176,0.43220518244315176
ADHD,beta,Fp1_beta_power,P3_beta_power,0.5560021152829191,0.5560021152829191
ADHD,beta,Fp1_beta_power,Pz_beta_power,0.5790586991010047,0.5790586991010047
ADHD,beta,Fp1_beta_power,P4_beta_power,0.6212585933368588,0.6212585933368588
ADHD,beta,Fp1_beta_power,P8_beta_power,0.37678476996298255,0.37678476996298255
ADHD,beta,Fp1_beta_power,O1_beta_power,0.39751454257006874,0.39751454257006874
ADHD,beta,Fp1_beta_power,O2_beta_power,0.49264939185616075,0.49264939185616075
ADHD,beta,Fp2_beta_power,F7_beta_power,0.43220518244315176,0.43220518244315176
ADHD,beta,Fp2_beta_power,F3_beta_power,0.5566895822316235,0.5566895822316235
ADHD,beta,Fp2_beta_power,Fz_beta_power,0.5435219460602856,0.5435219460602856
ADHD,beta,Fp2_beta_power,F4_beta_power,0.5339502908514013,0.5339502908514013
ADHD,beta,Fp2_beta_power,F8_beta_power,0.47054468535166577,0.47054468535166577
ADHD,beta,Fp2_beta_power,T7_beta_power,0.28355367530407194,0.28355367530407194
ADHD,beta,Fp2_beta_power,C3_beta_power,0.3540983606557377,0.3540983606557377
ADHD,beta,Fp2_beta_power,Cz_beta_power,0.36874669487043893,0.36874669487043893
ADHD,beta,Fp2_beta_power,C4_beta_power,0.3824960338445267,0.3824960338445267
ADHD,beta,Fp2_beta_power,T8_beta_power,0.3181914331041777,0.3181914331041777
ADHD,beta,Fp2_beta_power,P7_beta_power,0.2946060285563194,0.2946060285563194
ADHD,beta,Fp2_beta_power,P3_beta_power,0.3287149656266526,0.3287149656266526
ADHD,beta,Fp2_beta_power,Pz_beta_power,0.3664727657324167,0.3664727657324167
ADHD,beta,Fp2_beta_power,P4_beta_power,0.4549444738233739,0.4549444738233739
ADHD,beta,Fp2_beta_power,P8_beta_power,0.3493918561607615,0.3493918561607615
ADHD,beta,Fp2_beta_power,O1_beta_power,0.3152829190904283,0.3152829190904283
ADHD,beta,Fp2_beta_power,O2_beta_power,0.3089899524061343,0.3089899524061343
ADHD,beta,F7_beta_power,F3_beta_power,0.6959809624537282,0.6959809624537282
ADHD,beta,F7_beta_power,Fz_beta_power,0.623109465891063,0.623109465891063
ADHD,beta,F7_beta_power,F4_beta_power,0.7286620835536753,0.7286620835536753
ADHD,beta,F7_beta_power,F8_beta_power,0.7208355367530407,0.7208355367530407
ADHD,beta,F7_beta_power,T7_beta_power,0.5038603913273401,0.5038603913273401
ADHD,beta,F7_beta_power,C3_beta_power,0.608937070333157,0.608937070333157
ADHD,beta,F7_beta_power,Cz_beta_power,0.580327868852459,0.580327868852459
ADHD,beta,F7_beta_power,C4_beta_power,0.7059756742464305,0.7059756742464305
ADHD,beta,F7_beta_power,T8_beta_power,0.6703331570597567,0.6703331570597567
ADHD,beta,F7_beta_power,P7_beta_power,0.6542041248016922,0.6542041248016922
ADHD,beta,F7_beta_power,P3_beta_power,0.5392913802221047,0.5392913802221047
ADHD,beta,F7_beta_power,Pz_beta_power,0.5627181385510313,0.5627181385510313
ADHD,beta,F7_beta_power,P4_beta_power,0.5945531464833421,0.5945531464833421
ADHD,beta,F7_beta_power,P8_beta_power,0.6101004759386568,0.6101004759386568
ADHD,beta,F7_beta_power,O1_beta_power,0.33558963511369644,0.33558963511369644
ADHD,beta,F7_beta_power,O2_beta_power,0.43717609730301427,0.43717609730301427
ADHD,beta,F3_beta_power,Fz_beta_power,0.8930195663670016,0.8930195663670016
ADHD,beta,F3_beta_power,F4_beta_power,0.8645690111052353,0.8645690111052353
ADHD,beta,F3_beta_power,F8_beta_power,0.6763088313061872,0.6763088313061872
ADHD,beta,F3_beta_power,T7_beta_power,0.6078265468006346,0.6078265468006346
ADHD,beta,F3_beta_power,C3_beta_power,0.824748810153358,0.824748810153358
ADHD,beta,F3_beta_power,Cz_beta_power,0.7185087255420413,0.7185087255420413
ADHD,beta,F3_beta_power,C4_beta_power,0.7993654151242728,0.7993654151242728
ADHD,beta,F3_beta_power,T8_beta_power,0.5015864621893178,0.5015864621893178
ADHD,beta,F3_beta_power,P7_beta_power,0.5590692755156003,0.5590692755156003
ADHD,beta,F3_beta_power,P3_beta_power,0.7554732945531465,0.7554732945531465
ADHD,beta,F3_beta_power,Pz_beta_power,0.8359598096245373,0.8359598096245373
ADHD,beta,F3_beta_power,P4_beta_power,0.7930195663670015,0.7930195663670015
ADHD,beta,F3_beta_power,P8_beta_power,0.36589106292966683,0.36589106292966683
ADHD,beta,F3_beta_power,O1_beta_power,0.5232681121099947,0.5232681121099947
ADHD,beta,F3_beta_power,O2_beta_power,0.6601797990481227,0.6601797990481227
ADHD,beta,Fz_beta_power,F4_beta_power,0.8787414066631412,0.8787414066631412
ADHD,beta,Fz_beta_power,F8_beta_power,0.6812797461660497,0.6812797461660497
ADHD,beta,Fz_beta_power,T7_beta_power,0.5532522474881015,0.5532522474881015
ADHD,beta,Fz_beta_power,C3_beta_power,0.7230037017451084,0.7230037017451084
ADHD,beta,Fz_beta_power,Cz_beta_power,0.66795346377578,0.66795346377578
ADHD,beta,Fz_beta_power,C4_beta_power,0.8054468535166579,0.8054468535166579
ADHD,beta,Fz_beta_power,T8_beta_power,0.5326282390269699,0.5326282390269699
ADHD,beta,Fz_beta_power,P7_beta_power,0.5373347435219461,0.5373347435219461
ADHD,beta,Fz_beta_power,P3_beta_power,0.7125330512956108,0.7125330512956108
ADHD,beta,Fz_beta_power,Pz_beta_power,0.7359598096245373,0.7359598096245373
ADHD,beta,Fz_beta_power,P4_beta_power,0.7520888418826018,0.7520888418826018
ADHD,beta,Fz_beta_power,P8_beta_power,0.4046536224219989,0.4046536224219989
ADHD,beta,Fz_beta_power,O1_beta_power,0.5246959280803808,0.5246959280803808
ADHD,beta,Fz_beta_power,O2_beta_power,0.6398730830248546,0.6398730830248546
ADHD,beta,F4_beta_power,F8_beta_power,0.6874140666314119,0.6874140666314119
ADHD,beta,F4_beta_power,T7_beta_power,0.5208355367530407,0.5208355367530407
ADHD,beta,F4_beta_power,C3_beta_power,0.7289793759915388,0.7289793759915388
ADHD,beta,F4_beta_power,Cz_beta_power,0.6906927551560021,0.6906927551560021
ADHD,beta,F4_beta_power,C4_beta_power,0.8398730830248545,0.8398730830248545
ADHD,beta,F4_beta_power,T8_beta_power,0.6489159175039662,0.6489159175039662
ADHD,beta,F4_beta_power,P7_beta_power,0.5329984135378106,0.5329984135378106
ADHD,beta,F4_beta_power,P3_beta_power,0.6372289793759915,0.6372289793759915
ADHD,beta,F4_beta_power,Pz_beta_power,0.6977260708619778,0.6977260708619778
ADHD,beta,F4_beta_power,P4_beta_power,0.6877313590692755,0.6877313590692755
ADHD,beta,F4_beta_power,P8_beta_power,0.4537810682178741,0.4537810682178741
ADHD,beta,F4_beta_power,O1_beta_power,0.3831835007932311,0.3831835007932311
ADHD,beta,F4_beta_power,O2_beta_power,0.5853516657852987,0.5853516657852987
ADHD,beta,F8_beta_power,T7_beta_power,0.4353781068217874,0.4353781068217874
ADHD,beta,F8_beta_power,C3_beta_power,0.5907456372289793,0.5907456372289793
ADHD,beta,F8_beta_power,Cz_beta_power,0.5492860920148069,0.5492860920148069
ADHD,beta,F8_beta_power,C4_beta_power,0.6608672659968271,0.6608672659968271
ADHD,beta,F8_beta_power,T8_beta_power,0.6013220518244315,0.6013220518244315
ADHD,beta,F8_beta_power,P7_beta_power,0.5245901639344263,0.5245901639344263
ADHD,beta,F8_beta_power,P3_beta_power,0.5712321523003702,0.5712321523003702
ADHD,beta,F8_beta_power,Pz_beta_power,0.5781597038603913,0.5781597038603913
ADHD,beta,F8_beta_power,P4_beta_power,0.6426229508196721,0.6426229508196721
ADHD,beta,F8_beta_power,P8_beta_power,0.4462718138551031,0.4462718138551031
ADHD,beta,F8_beta_power,O1_beta_power,0.41396086726599685,0.41396086726599685
ADHD,beta,F8_beta_power,O2_beta_power,0.44600740349021684,0.44600740349021684
ADHD,beta,T7_beta_power,C3_beta_power,0.6232152300370174,0.6232152300370174
ADHD,beta,T7_beta_power,Cz_beta_power,0.5142252776308831,0.5142252776308831
ADHD,beta,T7_beta_power,C4_beta_power,0.509941829719725,0.509941829719725
ADHD,beta,T7_beta_power,T8_beta_power,0.47096774193548385,0.47096774193548385
ADHD,beta,T7_beta_power,P7_beta_power,0.5199894235854046,0.5199894235854046
ADHD,beta,T7_beta_power,P3_beta_power,0.5945002644103649,0.5945002644103649
ADHD,beta,T7_beta_power,Pz_beta_power,0.5216287678476996,0.5216287678476996
ADHD,beta,T7_beta_power,P4_beta_power,0.6046007403490217,0.6046007403490217
ADHD,beta,T7_beta_power,P8_beta_power,0.3970386039132734,0.3970386039132734
ADHD,beta,T7_beta_power,O1_beta_power,0.5932310946589107,0.5932310946589107
ADHD,beta,T7_beta_power,O2_beta_power,0.5998413537810682,0.5998413537810682
ADHD,beta,C3_beta_power,Cz_beta_power,0.7463775780010576,0.7463775780010576
ADHD,beta,C3_beta_power,C4_beta_power,0.7656795346377578,0.7656795346377578
ADHD,beta,C3_beta_power,T8_beta_power,0.3778424114225278,0.3778424114225278
ADHD,beta,C3_beta_power,P7_beta_power,0.5015335801163405,0.5015335801163405
ADHD,beta,C3_beta_power,P3_beta_power,0.7883659439450026,0.7883659439450026
ADHD,beta,C3_beta_power,Pz_beta_power,0.8023268112109995,0.8023268112109995
ADHD,beta,C3_beta_power,P4_beta_power,0.7378106821787415,0.7378106821787415
ADHD,beta,C3_beta_power,P8_beta_power,0.23818085668958222,0.23818085668958222
ADHD,beta,C3_beta_power,O1_beta_power,0.5538868323638286,0.5538868323638286
ADHD,beta,C3_beta_power,O2_beta_power,0.5013749338974087,0.5013749338974087
ADHD,beta,Cz_beta_power,C4_beta_power,0.7592808038075093,0.7592808038075093
ADHD,beta,Cz_beta_power,T8_beta_power,0.3749338974087784,0.3749338974087784
ADHD,beta,Cz_beta_power,P7_beta_power,0.6382866208355368,0.6382866208355368
ADHD,beta,Cz_beta_power,P3_beta_power,0.6845584346906399,0.6845584346906399
ADHD,beta,Cz_beta_power,Pz_beta_power,0.6950819672131148,0.6950819672131148
ADHD,beta,Cz_beta_power,P4_beta_power,0.7179799048122686,0.7179799048122686
ADHD,beta,Cz_beta_power,P8_beta_power,0.47916446324695927,0.47916446324695927
ADHD,beta,Cz_beta_power,O1_beta_power,0.5306187202538339,0.5306187202538339
ADHD,beta,Cz_beta_power,O2_beta_power,0.5635642517186674,0.5635642517186674
ADHD,beta,C4_beta_power,T8_beta_power,0.6176097303014279,0.6176097303014279
ADHD,beta,C4_beta_power,P7_beta_power,0.5976203067160233,0.5976203067160233
ADHD,beta,C4_beta_power,P3_beta_power,0.6661025912215759,0.6661025912215759
ADHD,beta,C4_beta_power,Pz_beta_power,0.6980433632998414,0.6980433632998414
ADHD,beta,C4_beta_power,P4_beta_power,0.7631411951348492,0.7631411951348492
ADHD,beta,C4_beta_power,P8_beta_power,0.37789529349550505,0.37789529349550505
ADHD,beta,C4_beta_power,O1_beta_power,0.4225277630883131,0.4225277630883131
ADHD,beta,C4_beta_power,O2_beta_power,0.5749867794817557,0.5749867794817557
ADHD,beta,T8_beta_power,P7_beta_power,0.6161819143310417,0.6161819143310417
ADHD,beta,T8_beta_power,P3_beta_power,0.4204653622421999,0.4204653622421999
ADHD,beta,T8_beta_power,Pz_beta_power,0.3235854045478583,0.3235854045478583
ADHD,beta,T8_beta_power,P4_beta_power,0.41380222104706504,0.41380222104706504
ADHD,beta,T8_beta_power,P8_beta_power,0.6015864621893178,0.6015864621893178
ADHD,beta,T8_beta_power,O1_beta_power,0.19624537281861448,0.19624537281861448
ADHD,beta,T8_beta_power,O2_beta_power,0.3720253833950291,0.3720253833950291
ADHD,beta,P7_beta_power,P3_beta_power,0.5680063458487573,0.5680063458487573
ADHD,beta,P7_beta_power,Pz_beta_power,0.4407191961924907,0.4407191961924907
ADHD,beta,P7_beta_power,P4_beta_power,0.598995240613432,0.598995240613432
ADHD,beta,P7_beta_power,P8_beta_power,0.6727128503437335,0.6727128503437335
ADHD,beta,P7_beta_power,O1_beta_power,0.36668429402432573,0.36668429402432573
ADHD,beta,P7_beta_power,O2_beta_power,0.5584875727128503,0.5584875727128503
ADHD,beta,P3_beta_power,Pz_beta_power,0.8170809095716552,0.8170809095716552
ADHD,beta,P3_beta_power,P4_beta_power,0.8411422527763088,0.8411422527763088
ADHD,beta,P3_beta_power,P8_beta_power,0.34743521946060285,0.34743521946060285
ADHD,beta,P3_beta_power,O1_beta_power,0.7014806980433633,0.7014806980433633
ADHD,beta,P3_beta_power,O2_beta_power,0.5273929138022211,0.5273929138022211
ADHD,beta,Pz_beta_power,P4_beta_power,0.7755156002115283,0.7755156002115283
ADHD,beta,Pz_beta_power,P8_beta_power,0.2786885245901639,0.2786885245901639
ADHD,beta,Pz_beta_power,O1_beta_power,0.5422527763088313,0.5422527763088313
ADHD,beta,Pz_beta_power,O2_beta_power,0.4938656795346378,0.4938656795346378
ADHD,beta,P4_beta_power,P8_beta_power,0.3615018508725542,0.3615018508725542
ADHD,beta,P4_beta_power,O1_beta_power,0.5686409307244844,0.5686409307244844
ADHD,beta,P4_beta_power,O2_beta_power,0.6612903225806451,0.6612903225806451
ADHD,beta,P8_beta_power,O1_beta_power,0.2340560549973559,0.2340560549973559
ADHD,beta,P8_beta_power,O2_beta_power,0.3884188260179799,0.3884188260179799
ADHD,beta,O1_beta_power,O2_beta_power,0.5063987308302486,0.5063987308302486
Control,beta,Fp1_beta_power,Fp2_beta_power,0.5149208113364824,0.5149208113364824
Control,beta,Fp1_beta_power,F7_beta_power,0.6532925812725757,0.6532925812725757
Control,beta,Fp1_beta_power,F3_beta_power,0.6131147540983607,0.6131147540983607
Control,beta,Fp1_beta_power,Fz_beta_power,0.6103917754931926,0.6103917754931926
Control,beta,Fp1_beta_power,F4_beta_power,0.4936371214226174,0.4936371214226174
Control,beta,Fp1_beta_power,F8_beta_power,0.549597110308419,0.549597110308419
Control,beta,Fp1_beta_power,T7_beta_power,0.38060572381217006,0.38060572381217006
Control,beta,Fp1_beta_power,C3_beta_power,0.46001667129758267,0.46001667129758267
Control,beta,Fp1_beta_power,Cz_beta_power,0.42828563489858296,0.42828563489858296
Control,beta,Fp1_beta_power,C4_beta_power,0.47957766046123923,0.47957766046123923
Control,beta,Fp1_beta_power,T8_beta_power,0.3240344540150042,0.3240344540150042
Control,beta,Fp1_beta_power,P7_beta_power,0.3640455682133926,0.3640455682133926
Control,beta,Fp1_beta_power,P3_beta_power,0.43895526535148655,0.43895526535148655
Control,beta,Fp1_beta_power,Pz_beta_power,0.5344818005001389,0.5344818005001389
Control,beta,Fp1_beta_power,P4_beta_power,0.44356765768268963,0.44356765768268963
Control,beta,Fp1_beta_power,P8_beta_power,0.4747429841622673,0.4747429841622673
Control,beta,Fp1_beta_power,O1_beta_power,0.43462072797999446,0.43462072797999446
Control,beta,Fp1_beta_power,O2_beta_power,0.3333148096693526,0.3333148096693526
Control,beta,Fp2_beta_power,F7_beta_power,0.41650458460683526,0.41650458460683526
Control,beta,Fp2_beta_power,F3_beta_power,0.45996110030564047,0.45996110030564047
Control,beta,Fp2_beta_power,Fz_beta_power,0.4489580439010836,0.4489580439010836
Control,beta,Fp2_beta_power,F4_beta_power,0.4388441233676021,0.4388441233676021
Control,beta,Fp2_beta_power,F8_beta_power,0.5180327868852459,0.5180327868852459
Control,beta,Fp2_beta_power,T7_beta_power,0.29597110308419006,0.29597110308419006
Control,beta,Fp2_beta_power,C3_beta_power,0.42383995554320647,0.42383995554320647
Control,beta,Fp2_beta_power,Cz_beta_power,0.37871631008613504,0.37871631008613504
Control,beta,Fp2_beta_power,C4_beta_power,0.4036121144762434,0.4036121144762434
Control,beta,Fp2_beta_power,T8_beta_power,0.40511253125868296,0.40511253125868296
Control,beta,Fp2_beta_power,P7_beta_power,0.3703806612948041,0.3703806612948041
Control,beta,Fp2_beta_power,P3_beta_power,0.4226729647124201,0.4226729647124201
Control,beta,Fp2_beta_power,Pz_beta_power,0.5063073075854404,0.5063073075854404
Control,beta,Fp2_beta_power,P4_beta_power,0.4755209780494582,0.4755209780494582
Control,beta,Fp2_beta_power,P8_beta_power,0.4451236454570714,0.4451236454570714
Control,beta,Fp2_beta_power,O1_beta_power,0.47968880244512363,0.47968880244512363
Control,beta,Fp2_beta_power,O2_beta_power,0.45190330647402055,0.45190330647402055
Control,beta,F7_beta_power,F3_beta_power,0.7093637121422618,0.7093637121422618
Control,beta,F7_beta_power,Fz_beta_power,0.7055848846901918,0.7055848846901918
Control,beta,F7_beta_power,F4_beta_power,0.6634620727979994,0.6634620727979994
Control,beta,F7_beta_power,F8_beta_power,0.56926924145596,0.56926924145596
Control,beta,F7_beta_power,T7_beta_power,0.5221450402889691,0.5221450402889691
Control,beta,F7_beta_power,C3_beta_power,0.5629341483745485,0.5629341483745485
Control,beta,F7_beta_power,Cz_beta_power,0.5503195332036677,0.5503195332036677
Control,beta,F7_beta_power,C4_beta_power,0.514809669352598,0.514809669352598
Control,beta,F7_beta_power,T8_beta_power,0.4620172270075021,0.4620172270075021
Control,beta,F7_beta_power,P7_beta_power,0.41139205334815226,0.41139205334815226
Control,beta,F7_beta_power,P3_beta_power,0.5687135315365379,0.5687135315365379
Control,beta,F7_beta_power,Pz_beta_power,0.6110030564045569,0.6110030564045569
Control,beta,F7_beta_power,P4_beta_power,0.5498193942761879,0.5498193942761879
Control,beta,F7_beta_power,P8_beta_power,0.6527368713531536,0.6527368713531536
Control,beta,F7_beta_power,O1_beta_power,0.5415393164767991,0.5415393164767991
Control,beta,F7_beta_power,O2_beta_power,0.3601555987774382,0.3601555987774382
Control,beta,F3_beta_power,Fz_beta_power,0.8220061128091136,0.8220061128091136
Control,beta,F3_beta_power,F4_beta_power,0.8779661016949153,0.8779661016949153
Control,beta,F3_beta_power,F8_beta_power,0.6110586273964991,0.6110586273964991
Control,beta,F3_beta_power,T7_beta_power,0.6960266740761323,0.6960266740761323
Control,beta,F3_beta_power,C3_beta_power,0.7868852459016393,0.7868852459016393
Control,beta,F3_beta_power,Cz_beta_power,0.7450958599611003,0.7450958599611003
Control,beta,F3_beta_power,C4_beta_power,0.6830786329535983,0.6830786329535983
Control,beta,F3_beta_power,T8_beta_power,0.5288135593220339,0.5288135593220339
Control,beta,F3_beta_power,P7_beta_power,0.4737982772992498,0.4737982772992498
Control,beta,F3_beta_power,P3_beta_power,0.7317588218949709,0.7317588218949709
Control,beta,F3_beta_power,Pz_beta_power,0.8137816060016672,0.8137816060016672
Control,beta,F3_beta_power,P4_beta_power,0.7124201166990831,0.7124201166990831
Control,beta,F3_beta_power,P8_beta_power,0.5111975548763545,0.5111975548763545
Control,beta,F3_beta_power,O1_beta_power,0.5340372325646012,0.5340372325646012
Control,beta,F3_beta_power,O2_beta_power,0.44529035843289805,0.44529035843289805
Control,beta,Fz_beta_power,F4_beta_power,0.8081689358155043,0.8081689358155043
Control,beta,Fz_beta_power,F8_beta_power,0.6639622117254793,0.6639622117254793
Control,beta,Fz_beta_power,T7_beta_power,0.6420116699083078,0.6420116699083078
Control,beta,Fz_beta_power,C3_beta_power,0.8477354820783551,0.8477354820783551
Control,beta,Fz_beta_power,Cz_beta_power,0.8009447068630176,0.8009447068630176
Control,beta,Fz_beta_power,C4_beta_power,0.7205890525145874,0.7205890525145874
Control,beta,Fz_beta_power,T8_beta_power,0.5195887746596277,0.5195887746596277
Control,beta,Fz_beta_power,P7_beta_power,0.468463462072798,0.468463462072798
Control,beta,Fz_beta_power,P3_beta_power,0.8386218393998333,0.8386218393998333
Control,beta,Fz_beta_power,Pz_beta_power,0.8392331203111976,0.8392331203111976
Control,beta,Fz_beta_power,P4_beta_power,0.722645179216449,0.722645179216449
Control,beta,Fz_beta_power,P8_beta_power,0.5661572659071964,0.5661572659071964
Control,beta,Fz_beta_power,O1_beta_power,0.6253959433175882,0.6253959433175882
Control,beta,Fz_beta_power,O2_beta_power,0.5156988052236733,0.5156988052236733
Control,beta,F4_beta_power,F8_beta_power,0.6652959155320922,0.6652959155320922
Control,beta,F4_beta_power,T7_beta_power,0.6399555432064462,0.6399555432064462
Control,beta,F4_beta_power,C3_beta_power,0.7483745484856905,0.7483745484856905
Control,beta,F4_beta_power,Cz_beta_power,0.8170602945262573,0.8170602945262573
Control,beta,F4_beta_power,C4_beta_power,0.7778271742150598,0.7778271742150598
Control,beta,F4_beta_power,T8_beta_power,0.6027785495971103,0.6027785495971103
Control,beta,F4_beta_power,P7_beta_power,0.39038621839399834,0.39038621839399834
Control,beta,F4_beta_power,P3_beta_power,0.7443178660739094,0.7443178660739094
Control,beta,F4_beta_power,Pz_beta_power,0.7982217282578494,0.7982217282578494
Control,beta,F4_beta_power,P4_beta_power,0.7602667407613226,0.7602667407613226
Control,beta,F4_beta_power,P8_beta_power,0.5490969713809392,0.5490969713809392
Control,beta,F4_beta_power,O1_beta_power,0.47729924979160876,0.47729924979160876
Control,beta,F4_beta_power,O2_beta_power,0.5410947485412615,0.5410947485412615
Control,beta,F8_beta_power,T7_beta_power,0.42856348985829396,0.42856348985829396
Control,beta,F8_beta_power,C3_beta_power,0.5760489024729092,0.5760489024729092
Control,beta,F8_beta_power,Cz_beta_power,0.6254515143095304,0.6254515143095304
Control,beta,F8_beta_power,C4_beta_power,0.5821617115865518,0.5821617115865518
Control,beta,F8_beta_power,T8_beta_power,0.521311475409836,0.521311475409836
Control,beta,F8_beta_power,P7_beta_power,0.5756043345373715,0.5756043345373715
Control,beta,F8_beta_power,P3_beta_power,0.5574881911642123,0.5574881911642123
Control,beta,F8_beta_power,Pz_beta_power,0.5231453181439288,0.5231453181439288
Control,beta,F8_beta_power,P4_beta_power,0.5113642678521811,0.5113642678521811
Control,beta,F8_beta_power,P8_beta_power,0.5455404278966379,0.5455404278966379
Control,beta,F8_beta_power,O1_beta_power,0.4170047235343151,0.4170047235343151
Control,beta,F8_beta_power,O2_beta_power,0.4605168102250625,0.4605168102250625
Control,beta,T7_beta_power,C3_beta_power,0.720200055570992,0.720200055570992
Control,beta,T7_beta_power,Cz_beta_power,0.5431508752431231,0.5431508752431231
Control,beta,T7_beta_power,C4_beta_power,0.6514587385384829,0.6514587385384829
Control,beta,T7_beta_power,T8_beta_power,0.6113920533481523,0.6113920533481523
Control,beta,T7_beta_power,P7_beta_power,0.4018338427340928,0.4018338427340928
Control,beta,T7_beta_power,P3_beta_power,0.6406779661016949,0.6406779661016949
Control,beta,T7_beta_power,Pz_beta_power,0.6766323978883023,0.6766323978883023
Control,beta,T7_beta_power,P4_beta_power,0.6913031397610447,0.6913031397610447
Control,beta,T7_beta_power,P8_beta_power,0.30047235343150874,0.30047235343150874
Control,beta,T7_beta_power,O1_beta_power,0.5593776048902472,0.5593776048902472
Control,beta,T7_beta_power,O2_beta_power,0.41894970825229233,0.41894970825229233
Control,beta,C3_beta_power,Cz_beta_power,0.7693248124479022,0.7693248124479022
Control,beta,C3_beta_power,C4_beta_power,0.7346485134759655,0.7346485134759655
Control,beta,C3_beta_power,T8_beta_power,0.566046123923312,0.566046123923312
Control,beta,C3_beta_power,P7_beta_power,0.38971936649069183,0.38971936649069183
Control,beta,C3_beta_power,P3_beta_power,0.845290358432898,0.845290358432898
Control,beta,C3_beta_power,Pz_beta_power,0.832898027229786,0.832898027229786
Control,beta,C3_beta_power,P4_beta_power,0.7846068352320089,0.7846068352320089
Control,beta,C3_beta_power,P8_beta_power,0.4511253125868297,0.4511253125868297
Control,beta,C3_beta_power,O1_beta_power,0.5823839955543206,0.5823839955543206
Control,beta,C3_beta_power,O2_beta_power,0.5144762434009447,0.5144762434009447
Control,beta,Cz_beta_power,C4_beta_power,0.8097249235898861,0.8097249235898861
Control,beta,Cz_beta_power,T8_beta_power,0.5841622672964712,0.5841622672964712
Control,beta,Cz_beta_power,P7_beta_power,0.32575715476521255,0.32575715476521255
Control,beta,Cz_beta_power,P3_beta_power,0.7675465407057516,0.7675465407057516
Control,beta,Cz_beta_power,Pz_beta_power,0.7956098916365657,0.7956098916365657
Control,beta,Cz_beta_power,P4_beta_power,0.7425395943317589,0.7425395943317589
Control,beta,Cz_beta_power,P8_beta_power,0.5419283134203946,0.5419283134203946
Control,beta,Cz_beta_power,O1_beta_power,0.4127257571547652,0.4127257571547652
Control,beta,Cz_beta_power,O2_beta_power,0.555265351486524,0.555265351486524
Control,beta,C4_beta_power,T8_beta_power,0.7211447624340095,0.7211447624340095
Control,beta,C4_beta_power,P7_beta_power,0.32747985551542097,0.32747985551542097
Control,beta,C4_beta_power,P3_beta_power,0.6815226451792165,0.6815226451792165
Control,beta,C4_beta_power,Pz_beta_power,0.7408168935815505,0.7408168935815505
Control,beta,C4_beta_power,P4_beta_power,0.8045568213392609,0.8045568213392609
Control,beta,C4_beta_power,P8_beta_power,0.4611280911364268,0.4611280911364268
Control,beta,C4_beta_power,O1_beta_power,0.4555709919422062,0.4555709919422062
Control,beta,C4_beta_power,O2_beta_power,0.5871631008613504,0.5871631008613504
Control,beta,T8_beta_power,P7_beta_power,0.2901361489302584,0.2901361489302584
Control,beta,T8_beta_power,P3_beta_power,0.45351486524034457,0.45351486524034457
Control,beta,T8_beta_power,Pz_beta_power,0.5306474020561267,0.5306474020561267
Control,beta,T8_beta_power,P4_beta_power,0.5687691025284801,0.5687691025284801
Control,beta,T8_beta_power,P8_beta_power,0.44445679355376494,0.44445679355376494
Control,beta,T8_beta_power,O1_beta_power,0.38071686579605446,0.38071686579605446
Control,beta,T8_beta_power,O2_beta_power,0.4514587385384829,0.4514587385384829
Control,beta,P7_beta_power,P3_beta_power,0.39772158933036955,0.39772158933036955
Control,beta,P7_beta_power,Pz_beta_power,0.436398999722145,0.436398999722145
Control,beta,P7_beta_power,P4_beta_power,0.4442345095859961,0.4442345095859961
Control,beta,P7_beta_power,P8_beta_power,0.4802445123645457,0.4802445123645457
Control,beta,P7_beta_power,O1_beta_power,0.42411781050291747,0.42411781050291747
Control,beta,P7_beta_power,O2_beta_power,0.3578216171158655,0.3578216171158655
Control,beta,P3_beta_power,Pz_beta_power,0.8391775493192554,0.8391775493192554
Control,beta,P3_beta_power,P4_beta_power,0.8244512364545707,0.8244512364545707
Control,beta,P3_beta_power,P8_beta_power,0.4467907752153376,0.4467907752153376
Control,beta,P3_beta_power,O1_beta_power,0.729369269241456,0.729369269241456
Control,beta,P3_beta_power,O2_beta_power,0.5901083634342873,0.5901083634342873
Control,beta,Pz_beta_power,P4_beta_power,0.8929702695193109,0.8929702695193109
Control,beta,Pz_beta_power,P8_beta_power,0.5192553487079744,0.5192553487079744
Control,beta,Pz_beta_power,O1_beta_power,0.6418449569324812,0.6418449569324812
Control,beta,Pz_beta_power,O2_beta_power,0.6597943873298139,0.6597943873298139
Control,beta,P4_beta_power,P8_beta_power,0.4724645734926368,0.4724645734926368
Control,beta,P4_beta_power,O1_beta_power,0.6186718532925812,0.6186718532925812
Control,beta,P4_beta_power,O2_beta_power,0.6866907474298416,0.6866907474298416
Control,beta,P8_beta_power,O1_beta_power,0.4524034454015004,0.4524034454015004
Control,beta,P8_beta_power,O2_beta_power,0.5898305084745763,0.5898305084745763
Control,beta,O1_beta_power,O2_beta_power,0.6632953598221728,0.6632953598221728
ADHD,theta_beta_ratio,Fp1_theta_beta_ratio,Fp2_theta_beta_ratio,0.7515600211528292,0.7515600211528292
ADHD,theta_beta_ratio,Fp1_theta_beta_ratio,F7_theta_beta_ratio,0.5827075621364357,0.5827075621364357
ADHD,theta_beta_ratio,Fp1_theta_beta_ratio,F3_theta_beta_ratio,0.6410364886303543,0.6410364886303543
ADHD,theta_beta_ratio,Fp1_theta_beta_ratio,Fz_theta_beta_ratio,0.4786885245901639,0.4786885245901639
ADHD,theta_beta_ratio,Fp1_theta_beta_ratio,F4_theta_beta_ratio,0.5734531993654152,0.5734531993654152
ADHD,theta_beta_ratio,Fp1_theta_beta_ratio,F8_theta_beta_ratio,0.5878371232152301,0.5878371232152301
ADHD,theta_beta_ratio,Fp1_theta_beta_ratio,T7_theta_beta_ratio,0.5098889476467477,0.5098889476467477
ADHD,theta_beta_ratio,Fp1_theta_beta_ratio,C3_theta_beta_ratio,0.5783183500793231,0.5783183500793231
ADHD,theta_beta_ratio,Fp1_theta_beta_ratio,Cz_theta_beta_ratio,0.38270756213643575,0.38270756213643575
ADHD,theta_beta_ratio,Fp1_theta_beta_ratio,C4_theta_beta_ratio,0.3784241142252776,0.3784241142252776
ADHD,theta_beta_ratio,Fp1_theta_beta_ratio,T8_theta_beta_ratio,0.45928080380750924,0.45928080380750924
ADHD,theta_beta_ratio,Fp1_theta_beta_ratio,P7_theta_beta_ratio,0.4375462718138551,0.4375462718138551
ADHD,theta_beta_ratio,Fp1_theta_beta_ratio,P3_theta_beta_ratio,0.267741935483871,0.267741935483871
ADHD,theta_beta_ratio,Fp1_theta_beta_ratio,Pz_theta_beta_ratio,0.39365415124272873,0.39365415124272873
ADHD,theta_beta_ratio,Fp1_theta_beta_ratio,P4_theta_beta_ratio,0.5250132205182443,0.5250132205182443
ADHD,theta_beta_ratio,Fp1_theta_beta_ratio,P8_theta_beta_ratio,0.4243786356425172,0.4243786356425172
ADHD,theta_beta_ratio,Fp1_theta_beta_ratio,O1_theta_beta_ratio,0.27609730301427815,0.27609730301427815
ADHD,theta_beta_ratio,Fp1_theta_beta_ratio,O2_theta_beta_ratio,0.4102591221575886,0.4102591221575886
ADHD,theta_beta_ratio,Fp2_theta_beta_ratio,F7_theta_beta_ratio,0.5130618720253834,0.5130618720253834
ADHD,theta_beta_ratio,Fp2_theta_beta_ratio,F3_theta_beta_ratio,0.5117398202009519,0.5117398202009519
ADHD,theta_beta_ratio,Fp2_theta_beta_ratio,Fz_theta_beta_ratio,0.391485986250661,0.391485986250661
ADHD,theta_beta_ratio,Fp2_theta_beta_ratio,F4_theta_beta_ratio,0.5833950290851402,0.5833950290851402
ADHD,theta_beta_ratio,Fp2_theta_beta_ratio,F8_theta_beta_ratio,0.5874669487043892,0.5874669487043892
ADHD,theta_beta_ratio,Fp2_theta_beta_ratio,T7_theta_beta_ratio,0.4534108937070333,0.4534108937070333
ADHD,theta_beta_ratio,Fp2_theta_beta_ratio,C3_theta_beta_ratio,0.4977260708619778,0.4977260708619778
ADHD,theta_beta_ratio,Fp2_theta_beta_ratio,Cz_theta_beta_ratio,0.244420941300899,0.244420941300899
ADHD,theta_beta_ratio,Fp2_theta_beta_ratio,C4_theta_beta_ratio,0.39439450026441036,0.39439450026441036
ADHD,theta_beta_ratio,Fp2_theta_beta_ratio,T8_theta_beta_ratio,0.38847170809095716,0.38847170809095716
ADHD,theta_beta_ratio,Fp2_theta_beta_ratio,P7_theta_beta_ratio,0.35224748810153356,0.35224748810153356
ADHD,theta_beta_ratio,Fp2_theta_beta_ratio,P3_theta_beta_ratio,0.28239026969857217,0.28239026969857217
ADHD,theta_beta_ratio,Fp2_theta_beta_ratio,Pz_theta_beta_ratio,0.337123215230037,0.337123215230037
ADHD,theta_beta_ratio,Fp2_theta_beta_ratio,P4_theta_beta_ratio,0.41739820200951877,0.41739820200951877
ADHD,theta_beta_ratio,Fp2_theta_beta_ratio,P8_theta_beta_ratio,0.4002644103648863,0.4002644103648863
ADHD,theta_beta_ratio,Fp2_theta_beta_ratio,O1_theta_beta_ratio,0.2437334743521946,0.2437334743521946
ADHD,theta_beta_ratio,Fp2_theta_beta_ratio,O2_theta_beta_ratio,0.3881544156530936,0.3881544156530936
ADHD,theta_beta_ratio,F7_theta_beta_ratio,F3_theta_beta_ratio,0.5988894764674775,0.5988894764674775
ADHD,theta_beta_ratio,F7_theta_beta_ratio,Fz_theta_beta_ratio,0.5809624537281861,0.5809624537281861
ADHD,theta_beta_ratio,F7_theta_beta_ratio,F4_theta_beta_ratio,0.4687466948704389,0.4687466948704389
ADHD,theta_beta_ratio,F7_theta_beta_ratio,F8_theta_beta_ratio,0.7377049180327869,0.7377049180327869
ADHD,theta_beta_ratio,F7_theta_beta_ratio,T7_theta_beta_ratio,0.52760444209413,0.52760444209413
ADHD,theta_beta_ratio,F7_theta_beta_ratio,C3_theta_beta_ratio,0.6209941829719725,0.6209941829719725
ADHD,theta_beta_ratio,F7_theta_beta_ratio,Cz_theta_beta_ratio,0.525542041248017,0.525542041248017
ADHD,theta_beta_ratio,F7_theta_beta_ratio,C4_theta_beta_ratio,0.49936541512427285,0.49936541512427285
ADHD,theta_beta_ratio,F7_theta_beta_ratio,T8_theta_beta_ratio,0.4313061872025383,0.4313061872025383
ADHD,theta_beta_ratio,F7_theta_beta_ratio,P7_theta_beta_ratio,0.4064516129032258,0.4064516129032258
ADHD,theta_beta_ratio,F7_theta_beta_ratio,P3_theta_beta_ratio,0.3285563194077208,0.3285563194077208
ADHD,theta_beta_ratio,F7_theta_beta_ratio,Pz_theta_beta_ratio,0.48646218931782126,0.48646218931782126
ADHD,theta_beta_ratio,F7_theta_beta_ratio,P4_theta_beta_ratio,0.5837652035959809,0.5837652035959809
ADHD,theta_beta_ratio,F7_theta_beta_ratio,P8_theta_beta_ratio,0.4621893178212586,0.4621893178212586
ADHD,theta_beta_ratio,F7_theta_beta_ratio,O1_theta_beta_ratio,0.3237969328397673,0.3237969328397673
ADHD,theta_beta_ratio,F7_theta_beta_ratio,O2_theta_beta_ratio,0.4632469592808038,0.4632469592808038
ADHD,theta_beta_ratio,F3_theta_beta_ratio,Fz_theta_beta_ratio,0.7848757271285034,0.7848757271285034
ADHD,theta_beta_ratio,F3_theta_beta_ratio,F4_theta_beta_ratio,0.6398202009518773,0.6398202009518773
ADHD,theta_beta_ratio,F3_theta_beta_ratio,F8_theta_beta_ratio,0.6116869381279746,0.6116869381279746
ADHD,theta_beta_ratio,F3_theta_beta_ratio,T7_theta_beta_ratio,0.5347435219460603,0.5347435219460603
ADHD,theta_beta_ratio,F3_theta_beta_ratio,C3_theta_beta_ratio,0.7122157588577472,0.7122157588577472
ADHD,theta_beta_ratio,F3_theta_beta_ratio,Cz_theta_beta_ratio,0.5549444738233739,0.5549444738233739
ADHD,theta_beta_ratio,F3_theta_beta_ratio,C4_theta_beta_ratio,0.4980962453728186,0.4980962453728186
ADHD,theta_beta_ratio,F3_theta_beta_ratio,T8_theta_beta_ratio,0.47054468535166577,0.47054468535166577
ADHD,theta_beta_ratio,F3_theta_beta_ratio,P7_theta_beta_ratio,0.48323638286620835,0.48323638286620835
ADHD,theta_beta_ratio,F3_theta_beta_ratio,P3_theta_beta_ratio,0.49698572184029616,0.49698572184029616
ADHD,theta_beta_ratio,F3_theta_beta_ratio,Pz_theta_beta_ratio,0.5802221047065045,0.5802221047065045
ADHD,theta_beta_ratio,F3_theta_beta_ratio,P4_theta_beta_ratio,0.6387096774193548,0.6387096774193548
ADHD,theta_beta_ratio,F3_theta_beta_ratio,P8_theta_beta_ratio,0.4013749338974088,0.4013749338974088
ADHD,theta_beta_ratio,F3_theta_beta_ratio,O1_theta_beta_ratio,0.4706504494976203,0.4706504494976203
ADHD,theta_beta_ratio,F3_theta_beta_ratio,O2_theta_beta_ratio,0.5024854574299312,0.5024854574299312
ADHD,theta_beta_ratio,Fz_theta_beta_ratio,F4_theta_beta_ratio,0.6586462189317821,0.6586462189317821
ADHD,theta_beta_ratio,Fz_theta_beta_ratio,F8_theta_beta_ratio,0.5833950290851402,0.5833950290851402
ADHD,theta_beta_ratio,Fz_theta_beta_ratio,T7_theta_beta_ratio,0.4507667900581703,0.4507667900581703
ADHD,theta_beta_ratio,Fz_theta_beta_ratio,C3_theta_beta_ratio,0.6403490216816499,0.6403490216816499
ADHD,theta_beta_ratio,Fz_theta_beta_ratio,Cz_theta_beta_ratio,0.5549973558963511,0.5549973558963511
ADHD,theta_beta_ratio,Fz_theta_beta_ratio,C4_theta_beta_ratio,0.4601269169751454,0.4601269169751454
ADHD,theta_beta_ratio,Fz_theta_beta_ratio,T8_theta_beta_ratio,0.2786356425171867,0.2786356425171867
ADHD,theta_beta_ratio,Fz_theta_beta_ratio,P7_theta_beta_ratio,0.36694870438921207,0.36694870438921207
ADHD,theta_beta_ratio,Fz_theta_beta_ratio,P3_theta_beta_ratio,0.3894764674775251,0.3894764674775251
ADHD,theta_beta_ratio,Fz_theta_beta_ratio,Pz_theta_beta_ratio,0.5431517715494447,0.5431517715494447
ADHD,theta_beta_ratio,Fz_theta_beta_ratio,P4_theta_beta_ratio,0.6126916975145426,0.6126916975145426
ADHD,theta_beta_ratio,Fz_theta_beta_ratio,P8_theta_beta_ratio,0.45256478053939714,0.45256478053939714
ADHD,theta_beta_ratio,Fz_theta_beta_ratio,O1_theta_beta_ratio,0.4449497620306716,0.4449497620306716
ADHD,theta_beta_ratio,Fz_theta_beta_ratio,O2_theta_beta_ratio,0.5216287678476996,0.5216287678476996
ADHD,theta_beta_ratio,F4_theta_beta_ratio,F8_theta_beta_ratio,0.49814912744579587,0.49814912744579587
ADHD,theta_beta_ratio,F4_theta_beta_ratio,T7_theta_beta_ratio,0.533474352194606,0.533474352194606
ADHD,theta_beta_ratio,F4_theta_beta_ratio,C3_theta_beta_ratio,0.5675832892649392,0.5675832892649392
ADHD,theta_beta_ratio,F4_theta_beta_ratio,Cz_theta_beta_ratio,0.4648863035430989,0.4648863035430989
ADHD,theta_beta_ratio,F4_theta_beta_ratio,C4_theta_beta_ratio,0.4118455843469064,0.4118455843469064
ADHD,theta_beta_ratio,F4_theta_beta_ratio,T8_theta_beta_ratio,0.45330512956107877,0.45330512956107877
ADHD,theta_beta_ratio,F4_theta_beta_ratio,P7_theta_beta_ratio,0.4745108408249603,0.4745108408249603
ADHD,theta_beta_ratio,F4_theta_beta_ratio,P3_theta_beta_ratio,0.49159175039661557,0.49159175039661557
ADHD,theta_beta_ratio,F4_theta_beta_ratio,Pz_theta_beta_ratio,0.5329984135378106,0.5329984135378106
ADHD,theta_beta_ratio,F4_theta_beta_ratio,P4_theta_beta_ratio,0.5029085140137494,0.5029085140137494
ADHD,theta_beta_ratio,F4_theta_beta_ratio,P8_theta_beta_ratio,0.4949762030671602,0.4949762030671602
ADHD,theta_beta_ratio,F4_theta_beta_ratio,O1_theta_beta_ratio,0.5121099947117927,0.5121099947117927
ADHD,theta_beta_ratio,F4_theta_beta_ratio,O2_theta_beta_ratio,0.620888418826018,0.620888418826018
ADHD,theta_beta_ratio,F8_theta_beta_ratio,T7_theta_beta_ratio,0.4886832363828662,0.4886832363828662
ADHD,theta_beta_ratio,F8_theta_beta_ratio,C3_theta_beta_ratio,0.6392384981491275,0.6392384981491275
ADHD,theta_beta_ratio,F8_theta_beta_ratio,Cz_theta_beta_ratio,0.48434690639873085,0.48434690639873085
ADHD,theta_beta_ratio,F8_theta_beta_ratio,C4_theta_beta_ratio,0.49836065573770494,0.49836065573770494
ADHD,theta_beta_ratio,F8_theta_beta_ratio,T8_theta_beta_ratio,0.4613960867265997,0.4613960867265997
ADHD,theta_beta_ratio,F8_theta_beta_ratio,P7_theta_beta_ratio,0.35240613432046536,0.35240613432046536
ADHD,theta_beta_ratio,F8_theta_beta_ratio,P3_theta_beta_ratio,0.382760444209413,0.382760444209413
ADHD,theta_beta_ratio,F8_theta_beta_ratio,Pz_theta_beta_ratio,0.5651507139079852,0.5651507139079852
ADHD,theta_beta_ratio,F8_theta_beta_ratio,P4_theta_beta_ratio,0.5836065573770491,0.5836065573770491
ADHD,theta_beta_ratio,F8_theta_beta_ratio,P8_theta_beta_ratio,0.5180856689582232,0.5180856689582232
ADHD,theta_beta_ratio,F8_theta_beta_ratio,O1_theta_beta_ratio,0.3711263881544157,0.3711263881544157
ADHD,theta_beta_ratio,F8_theta_beta_ratio,O2_theta_beta_ratio,0.433474352194606,0.433474352194606
ADHD,theta_beta_ratio,T7_theta_beta_ratio,C3_theta_beta_ratio,0.649286092014807,0.649286092014807
ADHD,theta_beta_ratio,T7_theta_beta_ratio,Cz_theta_beta_ratio,0.5130618720253834,0.5130618720253834
ADHD,theta_beta_ratio,T7_theta_beta_ratio,C4_theta_beta_ratio,0.522104706504495,0.522104706504495
ADHD,theta_beta_ratio,T7_theta_beta_ratio,T8_theta_beta_ratio,0.38767847699629826,0.38767847699629826
ADHD,theta_beta_ratio,T7_theta_beta_ratio,P7_theta_beta_ratio,0.443416181914331,0.443416181914331
ADHD,theta_beta_ratio,T7_theta_beta_ratio,P3_theta_beta_ratio,0.5181914331041777,0.5181914331041777
ADHD,theta_beta_ratio,T7_theta_beta_ratio,Pz_theta_beta_ratio,0.4662612374405077,0.4662612374405077
ADHD,theta_beta_ratio,T7_theta_beta_ratio,P4_theta_beta_ratio,0.45023796932839766,0.45023796932839766
ADHD,theta_beta_ratio,T7_theta_beta_ratio,P8_theta_beta_ratio,0.3493918561607615,0.3493918561607615
ADHD,theta_beta_ratio,T7_theta_beta_ratio,O1_theta_beta_ratio,0.46388154415653093,0.46388154415653093
ADHD,theta_beta_ratio,T7_theta_beta_ratio,O2_theta_beta_ratio,0.4946060285563194,0.4946060285563194
ADHD,theta_beta_ratio,C3_theta_beta_ratio,Cz_theta_beta_ratio,0.7567424643046008,0.7567424643046008
ADHD,theta_beta_ratio,C3_theta_beta_ratio,C4_theta_beta_ratio,0.7038075092543628,0.7038075092543628
ADHD,theta_beta_ratio,C3_theta_beta_ratio,T8_theta_beta_ratio,0.38313061872025383,0.38313061872025383
ADHD,theta_beta_ratio,C3_theta_beta_ratio,P7_theta_beta_ratio,0.47303014278159705,0.47303014278159705
ADHD,theta_beta_ratio,C3_theta_beta_ratio,P3_theta_beta_ratio,0.7015864621893179,0.7015864621893179
ADHD,theta_beta_ratio,C3_theta_beta_ratio,Pz_theta_beta_ratio,0.7050237969328398,0.7050237969328398
ADHD,theta_beta_ratio,C3_theta_beta_ratio,P4_theta_beta_ratio,0.6882601797990481,0.6882601797990481
ADHD,theta_beta_ratio,C3_theta_beta_ratio,P8_theta_beta_ratio,0.5387096774193548,0.5387096774193548
ADHD,theta_beta_ratio,C3_theta_beta_ratio,O1_theta_beta_ratio,0.6404019037546271,0.6404019037546271
ADHD,theta_beta_ratio,C3_theta_beta_ratio,O2_theta_beta_ratio,0.5737704918032787,0.5737704918032787
ADHD,theta_beta_ratio,Cz_theta_beta_ratio,C4_theta_beta_ratio,0.7656266525647806,0.7656266525647806
ADHD,theta_beta_ratio,Cz_theta_beta_ratio,T8_theta_beta_ratio,0.3266525647805394,0.3266525647805394
ADHD,theta_beta_ratio,Cz_theta_beta_ratio,P7_theta_beta_ratio,0.5020095187731359,0.5020095187731359
ADHD,theta_beta_ratio,Cz_theta_beta_ratio,P3_theta_beta_ratio,0.6579587519830777,0.6579587519830777
ADHD,theta_beta_ratio,Cz_theta_beta_ratio,Pz_theta_beta_ratio,0.7727657324167108,0.7727657324167108
ADHD,theta_beta_ratio,Cz_theta_beta_ratio,P4_theta_beta_ratio,0.6312004230565839,0.6312004230565839
ADHD,theta_beta_ratio,Cz_theta_beta_ratio,P8_theta_beta_ratio,0.4950290851401375,0.4950290851401375
ADHD,theta_beta_ratio,Cz_theta_beta_ratio,O1_theta_beta_ratio,0.4865679534637758,0.4865679534637758
ADHD,theta_beta_ratio,Cz_theta_beta_ratio,O2_theta_beta_ratio,0.38096245372818616,0.38096245372818616
ADHD,theta_beta_ratio,C4_theta_beta_ratio,T8_theta_beta_ratio,0.38027498677948174,0.38027498677948174
ADHD,theta_beta_ratio,C4_theta_beta_ratio,P7_theta_beta_ratio,0.43262823902696984,0.43262823902696984
ADHD,theta_beta_ratio,C4_theta_beta_ratio,P3_theta_beta_ratio,0.6046536224219989,0.6046536224219989
ADHD,theta_beta_ratio,C4_theta_beta_ratio,Pz_theta_beta_ratio,0.6762030671602327,0.6762030671602327
ADHD,theta_beta_ratio,C4_theta_beta_ratio,P4_theta_beta_ratio,0.6931253305129561,0.6931253305129561
ADHD,theta_beta_ratio,C4_theta_beta_ratio,P8_theta_beta_ratio,0.5675304071919619,0.5675304071919619
ADHD,theta_beta_ratio,C4_theta_beta_ratio,O1_theta_beta_ratio,0.4628239026969857,0.4628239026969857
ADHD,theta_beta_ratio,C4_theta_beta_ratio,O2_theta_beta_ratio,0.48164992067689055,0.48164992067689055
ADHD,theta_beta_ratio,T8_theta_beta_ratio,P7_theta_beta_ratio,0.48202009518773137,0.48202009518773137
ADHD,theta_beta_ratio,T8_theta_beta_ratio,P3_theta_beta_ratio,0.18212585933368589,0.18212585933368589
ADHD,theta_beta_ratio,T8_theta_beta_ratio,Pz_theta_beta_ratio,0.3139608672659968,0.3139608672659968
ADHD,theta_beta_ratio,T8_theta_beta_ratio,P4_theta_beta_ratio,0.4058170280274987,0.4058170280274987
ADHD,theta_beta_ratio,T8_theta_beta_ratio,P8_theta_beta_ratio,0.6575885774722369,0.6575885774722369
ADHD,theta_beta_ratio,T8_theta_beta_ratio,O1_theta_beta_ratio,0.23278688524590163,0.23278688524590163
ADHD,theta_beta_ratio,T8_theta_beta_ratio,O2_theta_beta_ratio,0.41337916446324696,0.41337916446324696
ADHD,theta_beta_ratio,P7_theta_beta_ratio,P3_theta_beta_ratio,0.4982548915917504,0.4982548915917504
ADHD,theta_beta_ratio,P7_theta_beta_ratio,Pz_theta_beta_ratio,0.522104706504495,0.522104706504495
ADHD,theta_beta_ratio,P7_theta_beta_ratio,P4_theta_beta_ratio,0.5043892120571126,0.5043892120571126
ADHD,theta_beta_ratio,P7_theta_beta_ratio,P8_theta_beta_ratio,0.5423585404547858,0.5423585404547858
ADHD,theta_beta_ratio,P7_theta_beta_ratio,O1_theta_beta_ratio,0.32749867794817555,0.32749867794817555
ADHD,theta_beta_ratio,P7_theta_beta_ratio,O2_theta_beta_ratio,0.4518244315177155,0.4518244315177155
ADHD,theta_beta_ratio,P3_theta_beta_ratio,Pz_theta_beta_ratio,0.7378106821787415,0.7378106821787415
ADHD,theta_beta_ratio,P3_theta_beta_ratio,P4_theta_beta_ratio,0.6276044420941301,0.6276044420941301
ADHD,theta_beta_ratio,P3_theta_beta_ratio,P8_theta_beta_ratio,0.32670544685351666,0.32670544685351666
ADHD,theta_beta_ratio,P3_theta_beta_ratio,O1_theta_beta_ratio,0.5847170809095716,0.5847170809095716
ADHD,theta_beta_ratio,P3_theta_beta_ratio,O2_theta_beta_ratio,0.4582760444209413,0.4582760444209413
ADHD,theta_beta_ratio,Pz_theta_beta_ratio,P4_theta_beta_ratio,0.7272342675832892,0.7272342675832892
ADHD,theta_beta_ratio,Pz_theta_beta_ratio,P8_theta_beta_ratio,0.4841353781068218,0.4841353781068218
ADHD,theta_beta_ratio,Pz_theta_beta_ratio,O1_theta_beta_ratio,0.5545742993125331,0.5545742993125331
ADHD,theta_beta_ratio,Pz_theta_beta_ratio,O2_theta_beta_ratio,0.49428873611845586,0.49428873611845586
ADHD,theta_beta_ratio,P4_theta_beta_ratio,P8_theta_beta_ratio,0.6110523532522475,0.6110523532522475
ADHD,theta_beta_ratio,P4_theta_beta_ratio,O1_theta_beta_ratio,0.5204653622421999,0.5204653622421999
ADHD,theta_beta_ratio,P4_theta_beta_ratio,O2_theta_beta_ratio,0.7147540983606557,0.7147540983606557
ADHD,theta_beta_ratio,P8_theta_beta_ratio,O1_theta_beta_ratio,0.40111052353252247,0.40111052353252247
ADHD,theta_beta_ratio,P8_theta_beta_ratio,O2_theta_beta_ratio,0.6101533580116341,0.6101533580116341
ADHD,theta_beta_ratio,O1_theta_beta_ratio,O2_theta_beta_ratio,0.6323109465891062,0.6323109465891062
Control,theta_beta_ratio,Fp1_theta_beta_ratio,Fp2_theta_beta_ratio,0.7958877465962767,0.7958877465962767
Control,theta_beta_ratio,Fp1_theta_beta_ratio,F7_theta_beta_ratio,0.5996665740483468,0.5996665740483468
Control,theta_beta_ratio,Fp1_theta_beta_ratio,F3_theta_beta_ratio,0.7161433731592108,0.7161433731592108
Control,theta_beta_ratio,Fp1_theta_beta_ratio,Fz_theta_beta_ratio,0.637454848569047,0.637454848569047
Control,theta_beta_ratio,Fp1_theta_beta_ratio,F4_theta_beta_ratio,0.6811892192275633,0.6811892192275633
Control,theta_beta_ratio,Fp1_theta_beta_ratio,F8_theta_beta_ratio,0.4846901917199222,0.4846901917199222
Control,theta_beta_ratio,Fp1_theta_beta_ratio,T7_theta_beta_ratio,0.601333703806613,0.601333703806613
Control,theta_beta_ratio,Fp1_theta_beta_ratio,C3_theta_beta_ratio,0.6229508196721312,0.6229508196721312
Control,theta_beta_ratio,Fp1_theta_beta_ratio,Cz_theta_beta_ratio,0.4894137260350097,0.4894137260350097
Control,theta_beta_ratio,Fp1_theta_beta_ratio,C4_theta_beta_ratio,0.6363434287302029,0.6363434287302029
Control,theta_beta_ratio,Fp1_theta_beta_ratio,T8_theta_beta_ratio,0.47168657960544597,0.47168657960544597
Control,theta_beta_ratio,Fp1_theta_beta_ratio,P7_theta_beta_ratio,0.5677132536815782,0.5677132536815782
Control,theta_beta_ratio,Fp1_theta_beta_ratio,P3_theta_beta_ratio,0.6168380105584884,0.6168380105584884
Control,theta_beta_ratio,Fp1_theta_beta_ratio,Pz_theta_beta_ratio,0.5254237288135594,0.5254237288135594
Control,theta_beta_ratio,Fp1_theta_beta_ratio,P4_theta_beta_ratio,0.6335093081411504,0.6335093081411504
Control,theta_beta_ratio,Fp1_theta_beta_ratio,P8_theta_beta_ratio,0.547985551542095,0.547985551542095
Control,theta_beta_ratio,Fp1_theta_beta_ratio,O1_theta_beta_ratio,0.49874965268130034,0.49874965268130034
Control,theta_beta_ratio,Fp1_theta_beta_ratio,O2_theta_beta_ratio,0.3972214504028897,0.3972214504028897
Control,theta_beta_ratio,Fp2_theta_beta_ratio,F7_theta_beta_ratio,0.5692136704640178,0.5692136704640178
Control,theta_beta_ratio,Fp2_theta_beta_ratio,F3_theta_beta_ratio,0.6456237843845513,0.6456237843845513
Control,theta_beta_ratio,Fp2_theta_beta_ratio,Fz_theta_beta_ratio,0.6273409280355654,0.6273409280355654
Control,theta_beta_ratio,Fp2_theta_beta_ratio,F4_theta_beta_ratio,0.6262850791886635,0.6262850791886635
Control,theta_beta_ratio,Fp2_theta_beta_ratio,F8_theta_beta_ratio,0.5143651014170603,0.5143651014170603
Control,theta_beta_ratio,Fp2_theta_beta_ratio,T7_theta_beta_ratio,0.5103639899972214,0.5103639899972214
Control,theta_beta_ratio,Fp2_theta_beta_ratio,C3_theta_beta_ratio,0.6487357599333148,0.6487357599333148
Control,theta_beta_ratio,Fp2_theta_beta_ratio,Cz_theta_beta_ratio,0.4756876910252848,0.4756876910252848
Control,theta_beta_ratio,Fp2_theta_beta_ratio,C4_theta_beta_ratio,0.6301750486246179,0.6301750486246179
Control,theta_beta_ratio,Fp2_theta_beta_ratio,T8_theta_beta_ratio,0.6368435676576827,0.6368435676576827
Control,theta_beta_ratio,Fp2_theta_beta_ratio,P7_theta_beta_ratio,0.6464017782717422,0.6464017782717422
Control,theta_beta_ratio,Fp2_theta_beta_ratio,P3_theta_beta_ratio,0.544484579049736,0.544484579049736
Control,theta_beta_ratio,Fp2_theta_beta_ratio,Pz_theta_beta_ratio,0.546373992775771,0.546373992775771
Control,theta_beta_ratio,Fp2_theta_beta_ratio,P4_theta_beta_ratio,0.6182828563489858,0.6182828563489858
Control,theta_beta_ratio,Fp2_theta_beta_ratio,P8_theta_beta_ratio,0.6274520700194498,0.6274520700194498
Control,theta_beta_ratio,Fp2_theta_beta_ratio,O1_theta_beta_ratio,0.5720477910530702,0.5720477910530702
Control,theta_beta_ratio,Fp2_theta_beta_ratio,O2_theta_beta_ratio,0.45768268963601,0.45768268963601
Control,theta_beta_ratio,F7_theta_beta_ratio,F3_theta_beta_ratio,0.48046679633231454,0.48046679633231454
Control,theta_beta_ratio,F7_theta_beta_ratio,Fz_theta_beta_ratio,0.5114754098360655,0.5114754098360655
Control,theta_beta_ratio,F7_theta_beta_ratio,F4_theta_beta_ratio,0.4607946651847735,0.4607946651847735
Control,theta_beta_ratio,F7_theta_beta_ratio,F8_theta_beta_ratio,0.6302306196165601,0.6302306196165601
Control,theta_beta_ratio,F7_theta_beta_ratio,T7_theta_beta_ratio,0.4251736593498194,0.4251736593498194
Control,theta_beta_ratio,F7_theta_beta_ratio,C3_theta_beta_ratio,0.45395943317588217,0.45395943317588217
Control,theta_beta_ratio,F7_theta_beta_ratio,Cz_theta_beta_ratio,0.4397888302306196,0.4397888302306196
Control,theta_beta_ratio,F7_theta_beta_ratio,C4_theta_beta_ratio,0.5122534037232565,0.5122534037232565
Control,theta_beta_ratio,F7_theta_beta_ratio,T8_theta_beta_ratio,0.4101139205334815,0.4101139205334815
Control,theta_beta_ratio,F7_theta_beta_ratio,P7_theta_beta_ratio,0.35337593776048903,0.35337593776048903
Control,theta_beta_ratio,F7_theta_beta_ratio,P3_theta_beta_ratio,0.42233953876076685,0.42233953876076685
Control,theta_beta_ratio,F7_theta_beta_ratio,Pz_theta_beta_ratio,0.44562378438455125,0.44562378438455125
Control,theta_beta_ratio,F7_theta_beta_ratio,P4_theta_beta_ratio,0.3648235621005835,0.3648235621005835
Control,theta_beta_ratio,F7_theta_beta_ratio,P8_theta_beta_ratio,0.4375659905529314,0.4375659905529314
Control,theta_beta_ratio,F7_theta_beta_ratio,O1_theta_beta_ratio,0.39244234509585996,0.39244234509585996
Control,theta_beta_ratio,F7_theta_beta_ratio,O2_theta_beta_ratio,0.11203111975548763,0.11203111975548763
Control,theta_beta_ratio,F3_theta_beta_ratio,Fz_theta_beta_ratio,0.7289247013059184,0.7289247013059184
Control,theta_beta_ratio,F3_theta_beta_ratio,F4_theta_beta_ratio,0.887579883300917,0.887579883300917
Control,theta_beta_ratio,F3_theta_beta_ratio,F8_theta_beta_ratio,0.5527646568491248,0.5527646568491248
Control,theta_beta_ratio,F3_theta_beta_ratio,T7_theta_beta_ratio,0.6909141428174493,0.6909141428174493
Control,theta_beta_ratio,F3_theta_beta_ratio,C3_theta_beta_ratio,0.764156710197277,0.764156710197277
Control,theta_beta_ratio,F3_theta_beta_ratio,Cz_theta_beta_ratio,0.6345095859961101,0.6345095859961101
Control,theta_beta_ratio,F3_theta_beta_ratio,C4_theta_beta_ratio,0.7636010002778549,0.7636010002778549
Control,theta_beta_ratio,F3_theta_beta_ratio,T8_theta_beta_ratio,0.5519310919699917,0.5519310919699917
Control,theta_beta_ratio,F3_theta_beta_ratio,P7_theta_beta_ratio,0.6559044178938594,0.6559044178938594
Control,theta_beta_ratio,F3_theta_beta_ratio,P3_theta_beta_ratio,0.7071964434565157,0.7071964434565157
Control,theta_beta_ratio,F3_theta_beta_ratio,Pz_theta_beta_ratio,0.7779383161989442,0.7779383161989442
Control,theta_beta_ratio,F3_theta_beta_ratio,P4_theta_beta_ratio,0.7659349819394277,0.7659349819394277
Control,theta_beta_ratio,F3_theta_beta_ratio,P8_theta_beta_ratio,0.5887190886357322,0.5887190886357322
Control,theta_beta_ratio,F3_theta_beta_ratio,O1_theta_beta_ratio,0.5594887468741317,0.5594887468741317
Control,theta_beta_ratio,F3_theta_beta_ratio,O2_theta_beta_ratio,0.423728813559322,0.423728813559322
Control,theta_beta_ratio,Fz_theta_beta_ratio,F4_theta_beta_ratio,0.7470408446790775,0.7470408446790775
Control,theta_beta_ratio,Fz_theta_beta_ratio,F8_theta_beta_ratio,0.5393720477910531,0.5393720477910531
Control,theta_beta_ratio,Fz_theta_beta_ratio,T7_theta_beta_ratio,0.567379827729925,0.567379827729925
Control,theta_beta_ratio,Fz_theta_beta_ratio,C3_theta_beta_ratio,0.7718810780772437,0.7718810780772437
Control,theta_beta_ratio,Fz_theta_beta_ratio,Cz_theta_beta_ratio,0.7129758266185051,0.7129758266185051
Control,theta_beta_ratio,Fz_theta_beta_ratio,C4_theta_beta_ratio,0.7524312308974715,0.7524312308974715
Control,theta_beta_ratio,Fz_theta_beta_ratio,T8_theta_beta_ratio,0.5652681300361212,0.5652681300361212
Control,theta_beta_ratio,Fz_theta_beta_ratio,P7_theta_beta_ratio,0.5753264795776605,0.5753264795776605
Control,theta_beta_ratio,Fz_theta_beta_ratio,P3_theta_beta_ratio,0.7096415671019728,0.7096415671019728
Control,theta_beta_ratio,Fz_theta_beta_ratio,Pz_theta_beta_ratio,0.7497082522923034,0.7497082522923034
Control,theta_beta_ratio,Fz_theta_beta_ratio,P4_theta_beta_ratio,0.7000277854959711,0.7000277854959711
Control,theta_beta_ratio,Fz_theta_beta_ratio,P8_theta_beta_ratio,0.6394554042789664,0.6394554042789664
Control,theta_beta_ratio,Fz_theta_beta_ratio,O1_theta_beta_ratio,0.5513753820505696,0.5513753820505696
Control,theta_beta_ratio,Fz_theta_beta_ratio,O2_theta_beta_ratio,0.4425673798277299,0.4425673798277299
Control,theta_beta_ratio,F4_theta_beta_ratio,F8_theta_beta_ratio,0.5883856626840789,0.5883856626840789
Control,theta_beta_ratio,F4_theta_beta_ratio,T7_theta_beta_ratio,0.7168102250625173,0.7168102250625173
Control,theta_beta_ratio,F4_theta_beta_ratio,C3_theta_beta_ratio,0.7609891636565713,0.7609891636565713
Control,theta_beta_ratio,F4_theta_beta_ratio,Cz_theta_beta_ratio,0.6936926924145596,0.6936926924145596
Control,theta_beta_ratio,F4_theta_beta_ratio,C4_theta_beta_ratio,0.8354542928591275,0.8354542928591275
Control,theta_beta_ratio,F4_theta_beta_ratio,T8_theta_beta_ratio,0.6675743262017227,0.6675743262017227
Control,theta_beta_ratio,F4_theta_beta_ratio,P7_theta_beta_ratio,0.656348985829397,0.656348985829397
Control,theta_beta_ratio,F4_theta_beta_ratio,P3_theta_beta_ratio,0.7271464295637677,0.7271464295637677
Control,theta_beta_ratio,F4_theta_beta_ratio,Pz_theta_beta_ratio,0.752820227841067,0.752820227841067
Control,theta_beta_ratio,F4_theta_beta_ratio,P4_theta_beta_ratio,0.8109474854126146,0.8109474854126146
Control,theta_beta_ratio,F4_theta_beta_ratio,P8_theta_beta_ratio,0.6223951097527091,0.6223951097527091
Control,theta_beta_ratio,F4_theta_beta_ratio,O1_theta_beta_ratio,0.5373714920811337,0.5373714920811337
Control,theta_beta_ratio,F4_theta_beta_ratio,O2_theta_beta_ratio,0.4916921367046402,0.4916921367046402
Control,theta_beta_ratio,F8_theta_beta_ratio,T7_theta_beta_ratio,0.48235621005834955,0.48235621005834955
Control,theta_beta_ratio,F8_theta_beta_ratio,C3_theta_beta_ratio,0.54231731036399,0.54231731036399
Control,theta_beta_ratio,F8_theta_beta_ratio,Cz_theta_beta_ratio,0.4682411781050292,0.4682411781050292
Control,theta_beta_ratio,F8_theta_beta_ratio,C4_theta_beta_ratio,0.58866351764379,0.58866351764379
Control,theta_beta_ratio,F8_theta_beta_ratio,T8_theta_beta_ratio,0.5264795776604613,0.5264795776604613
Control,theta_beta_ratio,F8_theta_beta_ratio,P7_theta_beta_ratio,0.38788552375659907,0.38788552375659907
Control,theta_beta_ratio,F8_theta_beta_ratio,P3_theta_beta_ratio,0.48958043901083637,0.48958043901083637
Control,theta_beta_ratio,F8_theta_beta_ratio,Pz_theta_beta_ratio,0.45801611558766325,0.45801611558766325
Control,theta_beta_ratio,F8_theta_beta_ratio,P4_theta_beta_ratio,0.3802167268685746,0.3802167268685746
Control,theta_beta_ratio,F8_theta_beta_ratio,P8_theta_beta_ratio,0.48569046957488193,0.48569046957488193
Control,theta_beta_ratio,F8_theta_beta_ratio,O1_theta_beta_ratio,0.40844679077521534,0.40844679077521534
Control,theta_beta_ratio,F8_theta_beta_ratio,O2_theta_beta_ratio,0.2573492636843568,0.2573492636843568
Control,theta_beta_ratio,T7_theta_beta_ratio,C3_theta_beta_ratio,0.6606835232008892,0.6606835232008892
Control,theta_beta_ratio,T7_theta_beta_ratio,Cz_theta_beta_ratio,0.6001667129758266,0.6001667129758266
Control,theta_beta_ratio,T7_theta_beta_ratio,C4_theta_beta_ratio,0.7078632953598222,0.7078632953598222
Control,theta_beta_ratio,T7_theta_beta_ratio,T8_theta_beta_ratio,0.5137538205056961,0.5137538205056961
Control,theta_beta_ratio,T7_theta_beta_ratio,P7_theta_beta_ratio,0.5686579605445957,0.5686579605445957
Control,theta_beta_ratio,T7_theta_beta_ratio,P3_theta_beta_ratio,0.652014448457905,0.652014448457905
Control,theta_beta_ratio,T7_theta_beta_ratio,Pz_theta_beta_ratio,0.6168935815504307,0.6168935815504307
Control,theta_beta_ratio,T7_theta_beta_ratio,P4_theta_beta_ratio,0.6509030286190608,0.6509030286190608
Control,theta_beta_ratio,T7_theta_beta_ratio,P8_theta_beta_ratio,0.47735482078355096,0.47735482078355096
Control,theta_beta_ratio,T7_theta_beta_ratio,O1_theta_beta_ratio,0.7039177549319255,0.7039177549319255
Control,theta_beta_ratio,T7_theta_beta_ratio,O2_theta_beta_ratio,0.5244790219505419,0.5244790219505419
Control,theta_beta_ratio,C3_theta_beta_ratio,Cz_theta_beta_ratio,0.6105584884690192,0.6105584884690192
Control,theta_beta_ratio,C3_theta_beta_ratio,C4_theta_beta_ratio,0.7841622672964712,0.7841622672964712
Control,theta_beta_ratio,C3_theta_beta_ratio,T8_theta_beta_ratio,0.6266185051403168,0.6266185051403168
Control,theta_beta_ratio,C3_theta_beta_ratio,P7_theta_beta_ratio,0.5637121422617394,0.5637121422617394
Control,theta_beta_ratio,C3_theta_beta_ratio,P3_theta_beta_ratio,0.6925257015837732,0.6925257015837732
Control,theta_beta_ratio,C3_theta_beta_ratio,Pz_theta_beta_ratio,0.7015837732703529,0.7015837732703529
Control,theta_beta_ratio,C3_theta_beta_ratio,P4_theta_beta_ratio,0.690302861906085,0.690302861906085
Control,theta_beta_ratio,C3_theta_beta_ratio,P8_theta_beta_ratio,0.5580994720755765,0.5580994720755765
Control,theta_beta_ratio,C3_theta_beta_ratio,O1_theta_beta_ratio,0.561989441511531,0.561989441511531
Control,theta_beta_ratio,C3_theta_beta_ratio,O2_theta_beta_ratio,0.48869130313976106,0.48869130313976106
Control,theta_beta_ratio,Cz_theta_beta_ratio,C4_theta_beta_ratio,0.7710475131981106,0.7710475131981106
Control,theta_beta_ratio,Cz_theta_beta_ratio,T8_theta_beta_ratio,0.513198110586274,0.513198110586274
Control,theta_beta_ratio,Cz_theta_beta_ratio,P7_theta_beta_ratio,0.4739094192831342,0.4739094192831342
Control,theta_beta_ratio,Cz_theta_beta_ratio,P3_theta_beta_ratio,0.7655459849958322,0.7655459849958322
Control,theta_beta_ratio,Cz_theta_beta_ratio,Pz_theta_beta_ratio,0.7139761044734648,0.7139761044734648
Control,theta_beta_ratio,Cz_theta_beta_ratio,P4_theta_beta_ratio,0.6737982772992498,0.6737982772992498
Control,theta_beta_ratio,Cz_theta_beta_ratio,P8_theta_beta_ratio,0.5448180050013893,0.5448180050013893
Control,theta_beta_ratio,Cz_theta_beta_ratio,O1_theta_beta_ratio,0.470075020839122,0.470075020839122
Control,theta_beta_ratio,Cz_theta_beta_ratio,O2_theta_beta_ratio,0.4257849402611837,0.4257849402611837
Control,theta_beta_ratio,C4_theta_beta_ratio,T8_theta_beta_ratio,0.7195332036676855,0.7195332036676855
Control,theta_beta_ratio,C4_theta_beta_ratio,P7_theta_beta_ratio,0.5892747985551542,0.5892747985551542
Control,theta_beta_ratio,C4_theta_beta_ratio,P3_theta_beta_ratio,0.7136982495137538,0.7136982495137538
Control,theta_beta_ratio,C4_theta_beta_ratio,Pz_theta_beta_ratio,0.720755765490414,0.720755765490414
Control,theta_beta_ratio,C4_theta_beta_ratio,P4_theta_beta_ratio,0.771436510141706,0.771436510141706
Control,theta_beta_ratio,C4_theta_beta_ratio,P8_theta_beta_ratio,0.7663795498749653,0.7663795498749653
Control,theta_beta_ratio,C4_theta_beta_ratio,O1_theta_beta_ratio,0.546651847735482,0.546651847735482
Control,theta_beta_ratio,C4_theta_beta_ratio,O2_theta_beta_ratio,0.5816060016671297,0.5816060016671297
Control,theta_beta_ratio,T8_theta_beta_ratio,P7_theta_beta_ratio,0.5383161989441512,0.5383161989441512
Control,theta_beta_ratio,T8_theta_beta_ratio,P3_theta_beta_ratio,0.5450402889691581,0.5450402889691581
Control,theta_beta_ratio,T8_theta_beta_ratio,Pz_theta_beta_ratio,0.5206446235065296,0.5206446235065296
Control,theta_beta_ratio,T8_theta_beta_ratio,P4_theta_beta_ratio,0.5604334537371493,0.5604334537371493
Control,theta_beta_ratio,T8_theta_beta_ratio,P8_theta_beta_ratio,0.6363434287302029,0.6363434287302029
Control,theta_beta_ratio,T8_theta_beta_ratio,O1_theta_beta_ratio,0.4980272297860517,0.4980272297860517
Control,theta_beta_ratio,T8_theta_beta_ratio,O2_theta_beta_ratio,0.5219227563212003,0.5219227563212003
Control,theta_beta_ratio,P7_theta_beta_ratio,P3_theta_beta_ratio,0.5944429008057793,0.5944429008057793
Control,theta_beta_ratio,P7_theta_beta_ratio,Pz_theta_beta_ratio,0.5838844123367603,0.5838844123367603
Control,theta_beta_ratio,P7_theta_beta_ratio,P4_theta_beta_ratio,0.66524034454015,0.66524034454015
Control,theta_beta_ratio,P7_theta_beta_ratio,P8_theta_beta_ratio,0.5664906918588497,0.5664906918588497
Control,theta_beta_ratio,P7_theta_beta_ratio,O1_theta_beta_ratio,0.5001944984717978,0.5001944984717978
Control,theta_beta_ratio,P7_theta_beta_ratio,O2_theta_beta_ratio,0.4174492914698527,0.4174492914698527
Control,theta_beta_ratio,P3_theta_beta_ratio,Pz_theta_beta_ratio,0.6944706863017505,0.6944706863017505
Control,theta_beta_ratio,P3_theta_beta_ratio,P4_theta_beta_ratio,0.6943595443178661,0.6943595443178661
Control,theta_beta_ratio,P3_theta_beta_ratio,P8_theta_beta_ratio,0.4758544040011114,0.4758544040011114
Control,theta_beta_ratio,P3_theta_beta_ratio,O1_theta_beta_ratio,0.6051681022506252,0.6051681022506252
Control,theta_beta_ratio,P3_theta_beta_ratio,O2_theta_beta_ratio,0.3964434565156988,0.3964434565156988
Control,theta_beta_ratio,Pz_theta_beta_ratio,P4_theta_beta_ratio,0.7817727146429564,0.7817727146429564
Control,theta_beta_ratio,Pz_theta_beta_ratio,P8_theta_beta_ratio,0.5806612948041122,0.5806612948041122
Control,theta_beta_ratio,Pz_theta_beta_ratio,O1_theta_beta_ratio,0.5911642122811892,0.5911642122811892
Control,theta_beta_ratio,Pz_theta_beta_ratio,O2_theta_beta_ratio,0.49936093359266465,0.49936093359266465
Control,theta_beta_ratio,P4_theta_beta_ratio,P8_theta_beta_ratio,0.656849124756877,0.656849124756877
Control,theta_beta_ratio,P4_theta_beta_ratio,O1_theta_beta_ratio,0.5388719088635732,0.5388719088635732
Control,theta_beta_ratio,P4_theta_beta_ratio,O2_theta_beta_ratio,0.6073353709363712,0.6073353709363712
Control,theta_beta_ratio,P8_theta_beta_ratio,O1_theta_beta_ratio,0.4414559599888858,0.4414559599888858
Control,theta_beta_ratio,P8_theta_beta_ratio,O2_theta_beta_ratio,0.5960544595721033,0.5960544595721033
Control,theta_beta_ratio,O1_theta_beta_ratio,O2_theta_beta_ratio,0.5984440122256183,0.5984440122256183
