group,feature_subset,feature_1,feature_2,spearman_r,abs_spearman_r
ADHD,regional,frontal_delta_power_mean,frontal_theta_power_mean,0.6285563194077208,0.6285563194077208
ADHD,regional,frontal_delta_power_mean,frontal_alpha_power_mean,0.2863564251718667,0.2863564251718667
ADHD,regional,frontal_delta_power_mean,frontal_beta_power_mean,0.19127445795875198,0.19127445795875198
ADHD,regional,frontal_delta_power_mean,frontal_theta_beta_ratio,0.4421470121628768,0.4421470121628768
ADHD,regional,frontal_delta_power_mean,central_delta_power_mean,0.6504494976203067,0.6504494976203067
ADHD,regional,frontal_delta_power_mean,central_theta_power_mean,0.30883130618720256,0.30883130618720256
ADHD,regional,frontal_delta_power_mean,central_alpha_power_mean,0.059227921734531994,0.059227921734531994
ADHD,regional,frontal_delta_power_mean,central_beta_power_mean,0.2364886303543099,0.2364886303543099
ADHD,regional,frontal_delta_power_mean,central_theta_beta_ratio,0.0967741935483871,0.0967741935483871
ADHD,regional,frontal_delta_power_mean,parietal_delta_power_mean,0.6340560549973558,0.6340560549973558
ADHD,regional,frontal_delta_power_mean,parietal_theta_power_mean,0.42374405076679006,0.42374405076679006
ADHD,regional,frontal_delta_power_mean,parietal_alpha_power_mean,0.16134320465362242,0.16134320465362242
ADHD,regional,frontal_delta_power_mean,parietal_beta_power_mean,0.2919090428344791,0.2919090428344791
ADHD,regional,frontal_delta_power_mean,parietal_theta_beta_ratio,0.17985193019566367,0.17985193019566367
ADHD,regional,frontal_delta_power_mean,temporal_delta_power_mean,0.5045478582760444,0.5045478582760444
ADHD,regional,frontal_delta_power_mean,temporal_theta_power_mean,0.49201480698043365,0.49201480698043365
ADHD,regional,frontal_delta_power_mean,temporal_alpha_power_mean,0.30116340560549976,0.30116340560549976
ADHD,regional,frontal_delta_power_mean,temporal_beta_power_mean,0.03844526705446853,0.03844526705446853
ADHD,regional,frontal_delta_power_mean,temporal_theta_beta_ratio,0.46493918561607617,0.46493918561607617
ADHD,regional,frontal_delta_power_mean,occipital_delta_power_mean,0.6593336858804865,0.6593336858804865
ADHD,regional,frontal_delta_power_mean,occipital_theta_power_mean,0.4822316234796404,0.4822316234796404
ADHD,regional,frontal_delta_power_mean,occipital_alpha_power_mean,0.22136435748281333,0.22136435748281333
ADHD,regional,frontal_delta_power_mean,occipital_beta_power_mean,0.26795346377578,0.26795346377578
ADHD,regional,frontal_delta_power_mean,occipital_theta_beta_ratio,0.243204653622422,0.243204653622422
ADHD,regional,frontal_theta_power_mean,frontal_alpha_power_mean,0.6375991538868324,0.6375991538868324
ADHD,regional,frontal_theta_power_mean,frontal_beta_power_mean,0.43564251718667374,0.43564251718667374
ADHD,regional,frontal_theta_power_mean,frontal_theta_beta_ratio,0.47937599153886834,0.47937599153886834
ADHD,regional,frontal_theta_power_mean,central_delta_power_mean,0.3866737176097303,0.3866737176097303
ADHD,regional,frontal_theta_power_mean,central_theta_power_mean,0.6918032786885245,0.6918032786885245
ADHD,regional,frontal_theta_power_mean,central_alpha_power_mean,0.11205711263881545,0.11205711263881545
ADHD,regional,frontal_theta_power_mean,central_beta_power_mean,0.4113167636171338,0.4113167636171338
ADHD,regional,frontal_theta_power_mean,central_theta_beta_ratio,0.2634056054997356,0.2634056054997356
ADHD,regional,frontal_theta_power_mean,parietal_delta_power_mean,0.4547858276044421,0.4547858276044421
ADHD,regional,frontal_theta_power_mean,parietal_theta_power_mean,0.6695928080380751,0.6695928080380751
ADHD,regional,frontal_theta_power_mean,parietal_alpha_power_mean,0.2827075621364358,0.2827075621364358
ADHD,regional,frontal_theta_power_mean,parietal_beta_power_mean,0.5080909571655209,0.5080909571655209
ADHD,regional,frontal_theta_power_mean,parietal_theta_beta_ratio,0.20037017451084083,0.20037017451084083
ADHD,regional,frontal_theta_power_mean,temporal_delta_power_mean,0.25177154944473823,0.25177154944473823
ADHD,regional,frontal_theta_power_mean,temporal_theta_power_mean,0.6482284505552618,0.6482284505552618
ADHD,regional,frontal_theta_power_mean,temporal_alpha_power_mean,0.415018508725542,0.415018508725542
ADHD,regional,frontal_theta_power_mean,temporal_beta_power_mean,0.18397673188789002,0.18397673188789002
ADHD,regional,frontal_theta_power_mean,temporal_theta_beta_ratio,0.4965097831835008,0.4965097831835008
ADHD,regional,frontal_theta_power_mean,occipital_delta_power_mean,0.49375991538868325,0.49375991538868325
ADHD,regional,frontal_theta_power_mean,occipital_theta_power_mean,0.5903225806451613,0.5903225806451613
ADHD,regional,frontal_theta_power_mean,occipital_alpha_power_mean,0.39132734003172925,0.39132734003172925
ADHD,regional,frontal_theta_power_mean,occipital_beta_power_mean,0.34627181385510314,0.34627181385510314
ADHD,regional,frontal_theta_power_mean,occipital_theta_beta_ratio,0.2512956107879429,0.2512956107879429
ADHD,regional,frontal_alpha_power_mean,frontal_beta_power_mean,0.5344262295081967,0.5344262295081967
ADHD,regional,frontal_alpha_power_mean,frontal_theta_beta_ratio,0.05785298783712321,0.05785298783712321
ADHD,regional,frontal_alpha_power_mean,central_delta_power_mean,0.12696985721840295,0.12696985721840295
ADHD,regional,frontal_alpha_power_mean,central_theta_power_mean,0.44219989423585404,0.44219989423585404
ADHD,regional,frontal_alpha_power_mean,central_alpha_power_mean,0.6096774193548387,0.6096774193548387
ADHD,regional,frontal_alpha_power_mean,central_beta_power_mean,0.5842940243257536,0.5842940243257536
ADHD,regional,frontal_alpha_power_mean,central_theta_beta_ratio,-0.16033844526705446,0.16033844526705446
ADHD,regional,frontal_alpha_power_mean,parietal_delta_power_mean,0.2693283976731888,0.2693283976731888
ADHD,regional,frontal_alpha_power_mean,parietal_theta_power_mean,0.4708090957165521,0.4708090957165521
ADHD,regional,frontal_alpha_power_mean,parietal_alpha_power_mean,0.7248545742993125,0.7248545742993125
ADHD,regional,frontal_alpha_power_mean,parietal_beta_power_mean,0.6354309888947647,0.6354309888947647
ADHD,regional,frontal_alpha_power_mean,parietal_theta_beta_ratio,-0.1765732416710735,0.1765732416710735
ADHD,regional,frontal_alpha_power_mean,temporal_delta_power_mean,0.14870438921205711,0.14870438921205711
ADHD,regional,frontal_alpha_power_mean,temporal_theta_power_mean,0.4413537810682179,0.4413537810682179
ADHD,regional,frontal_alpha_power_mean,temporal_alpha_power_mean,0.7567424643046008,0.7567424643046008
ADHD,regional,frontal_alpha_power_mean,temporal_beta_power_mean,0.37250132205182446,0.37250132205182446
ADHD,regional,frontal_alpha_power_mean,temporal_theta_beta_ratio,0.113590692755156,0.113590692755156
ADHD,regional,frontal_alpha_power_mean,occipital_delta_power_mean,0.3131676361713379,0.3131676361713379
ADHD,regional,frontal_alpha_power_mean,occipital_theta_power_mean,0.4566367001586462,0.4566367001586462
ADHD,regional,frontal_alpha_power_mean,occipital_alpha_power_mean,0.6191961924907456,0.6191961924907456
ADHD,regional,frontal_alpha_power_mean,occipital_beta_power_mean,0.4364886303543099,0.4364886303543099
ADHD,regional,frontal_alpha_power_mean,occipital_theta_beta_ratio,0.0037017451084082496,0.0037017451084082496
ADHD,regional,frontal_beta_power_mean,frontal_theta_beta_ratio,-0.4965097831835008,0.4965097831835008
ADHD,regional,frontal_beta_power_mean,central_delta_power_mean,0.17408778424114224,0.17408778424114224
ADHD,regional,frontal_beta_power_mean,central_theta_power_mean,0.40317292437863567,0.40317292437863567
ADHD,regional,frontal_beta_power_mean,central_alpha_power_mean,0.27948175568482286,0.27948175568482286
ADHD,regional,frontal_beta_power_mean,central_beta_power_mean,0.7491803278688525,0.7491803278688525
ADHD,regional,frontal_beta_power_mean,central_theta_beta_ratio,-0.32152300370174514,0.32152300370174514
ADHD,regional,frontal_beta_power_mean,parietal_delta_power_mean,0.14727657324167107,0.14727657324167107
ADHD,regional,frontal_beta_power_mean,parietal_theta_power_mean,0.3206768905341089,0.3206768905341089
ADHD,regional,frontal_beta_power_mean,parietal_alpha_power_mean,0.33358011634056056,0.33358011634056056
ADHD,regional,frontal_beta_power_mean,parietal_beta_power_mean,0.7122686409307245,0.7122686409307245
ADHD,regional,frontal_beta_power_mean,parietal_theta_beta_ratio,-0.4015864621893178,0.4015864621893178
ADHD,regional,frontal_beta_power_mean,temporal_delta_power_mean,0.13892120571126387,0.13892120571126387
ADHD,regional,frontal_beta_power_mean,temporal_theta_power_mean,0.31919619249074566,0.31919619249074566
ADHD,regional,frontal_beta_power_mean,temporal_alpha_power_mean,0.3260708619777895,0.3260708619777895
ADHD,regional,frontal_beta_power_mean,temporal_beta_power_mean,0.6086726599682708,0.6086726599682708
ADHD,regional,frontal_beta_power_mean,temporal_theta_beta_ratio,-0.1578529878371232,0.1578529878371232
ADHD,regional,frontal_beta_power_mean,occipital_delta_power_mean,0.27049180327868855,0.27049180327868855
ADHD,regional,frontal_beta_power_mean,occipital_theta_power_mean,0.2731359069275516,0.2731359069275516
ADHD,regional,frontal_beta_power_mean,occipital_alpha_power_mean,0.31597038603913274,0.31597038603913274
ADHD,regional,frontal_beta_power_mean,occipital_beta_power_mean,0.5253833950290852,0.5253833950290852
ADHD,regional,frontal_beta_power_mean,occipital_theta_beta_ratio,-0.20359598096245374,0.20359598096245374
ADHD,regional,frontal_theta_beta_ratio,central_delta_power_mean,0.2903225806451613,0.2903225806451613
ADHD,regional,frontal_theta_beta_ratio,central_theta_power_mean,0.2594923320994183,0.2594923320994183
ADHD,regional,frontal_theta_beta_ratio,central_alpha_power_mean,-0.13680592279217346,0.13680592279217346
ADHD,regional,frontal_theta_beta_ratio,central_beta_power_mean,-0.27731359069275513,0.27731359069275513
ADHD,regional,frontal_theta_beta_ratio,central_theta_beta_ratio,0.509941829719725,0.509941829719725
ADHD,regional,frontal_theta_beta_ratio,parietal_delta_power_mean,0.31523003701745106,0.31523003701745106
ADHD,regional,frontal_theta_beta_ratio,parietal_theta_power_mean,0.3005817028027499,0.3005817028027499
ADHD,regional,frontal_theta_beta_ratio,parietal_alpha_power_mean,-0.08857747223691169,0.08857747223691169
ADHD,regional,frontal_theta_beta_ratio,parietal_beta_power_mean,-0.18191433104177684,0.18191433104177684
ADHD,regional,frontal_theta_beta_ratio,parietal_theta_beta_ratio,0.554151242728715,0.554151242728715
ADHD,regional,frontal_theta_beta_ratio,temporal_delta_power_mean,0.17868852459016393,0.17868852459016393
ADHD,regional,frontal_theta_beta_ratio,temporal_theta_power_mean,0.33923849814912743,0.33923849814912743
ADHD,regional,frontal_theta_beta_ratio,temporal_alpha_power_mean,0.082760444209413,0.082760444209413
ADHD,regional,frontal_theta_beta_ratio,temporal_beta_power_mean,-0.33722897937599156,0.33722897937599156
ADHD,regional,frontal_theta_beta_ratio,temporal_theta_beta_ratio,0.616816499206769,0.616816499206769
ADHD,regional,frontal_theta_beta_ratio,occipital_delta_power_mean,0.1870967741935484,0.1870967741935484
ADHD,regional,frontal_theta_beta_ratio,occipital_theta_power_mean,0.26626123744050767,0.26626123744050767
ADHD,regional,frontal_theta_beta_ratio,occipital_alpha_power_mean,0.04167107350608144,0.04167107350608144
ADHD,regional,frontal_theta_beta_ratio,occipital_beta_power_mean,-0.1461660497091486,0.1461660497091486
ADHD,regional,frontal_theta_beta_ratio,occipital_theta_beta_ratio,0.42490745637228977,0.42490745637228977
ADHD,regional,central_delta_power_mean,central_theta_power_mean,0.5011105235325225,0.5011105235325225
ADHD,regional,central_delta_power_mean,central_alpha_power_mean,-0.035536753040719196,0.035536753040719196
ADHD,regional,central_delta_power_mean,central_beta_power_mean,0.2993125330512956,0.2993125330512956
ADHD,regional,central_delta_power_mean,central_theta_beta_ratio,0.2078265468006346,0.2078265468006346
ADHD,regional,central_delta_power_mean,parietal_delta_power_mean,0.7786885245901639,0.7786885245901639
ADHD,regional,central_delta_power_mean,parietal_theta_power_mean,0.5402961396086726,0.5402961396086726
ADHD,regional,central_delta_power_mean,parietal_alpha_power_mean,0.10920148069804336,0.10920148069804336
ADHD,regional,central_delta_power_mean,parietal_beta_power_mean,0.35473294553146484,0.35473294553146484
ADHD,regional,central_delta_power_mean,parietal_theta_beta_ratio,0.23453199365415126,0.23453199365415126
ADHD,regional,central_delta_power_mean,temporal_delta_power_mean,0.6011105235325225,0.6011105235325225
ADHD,regional,central_delta_power_mean,temporal_theta_power_mean,0.5859333685880487,0.5859333685880487
ADHD,regional,central_delta_power_mean,temporal_alpha_power_mean,0.28318350079323107,0.28318350079323107
ADHD,regional,central_delta_power_mean,temporal_beta_power_mean,0.2811210999471179,0.2811210999471179
ADHD,regional,central_delta_power_mean,temporal_theta_beta_ratio,0.3925965097831835,0.3925965097831835
ADHD,regional,central_delta_power_mean,occipital_delta_power_mean,0.7295610787942888,0.7295610787942888
ADHD,regional,central_delta_power_mean,occipital_theta_power_mean,0.5613960867265997,0.5613960867265997
ADHD,regional,central_delta_power_mean,occipital_alpha_power_mean,0.24093072448439978,0.24093072448439978
ADHD,regional,central_delta_power_mean,occipital_beta_power_mean,0.15124272871496564,0.15124272871496564
ADHD,regional,central_delta_power_mean,occipital_theta_beta_ratio,0.4601797990481227,0.4601797990481227
ADHD,regional,central_theta_power_mean,central_alpha_power_mean,0.18677948175568482,0.18677948175568482
ADHD,regional,central_theta_power_mean,central_beta_power_mean,0.42147012162876785,0.42147012162876785
ADHD,regional,central_theta_power_mean,central_theta_beta_ratio,0.475251189846642,0.475251189846642
ADHD,regional,central_theta_power_mean,parietal_delta_power_mean,0.42607086197778954,0.42607086197778954
ADHD,regional,central_theta_power_mean,parietal_theta_power_mean,0.7229508196721312,0.7229508196721312
ADHD,regional,central_theta_power_mean,parietal_alpha_power_mean,0.2301427815970386,0.2301427815970386
ADHD,regional,central_theta_power_mean,parietal_beta_power_mean,0.41364357482813324,0.41364357482813324
ADHD,regional,central_theta_power_mean,parietal_theta_beta_ratio,0.3337387625594923,0.3337387625594923
ADHD,regional,central_theta_power_mean,temporal_delta_power_mean,0.2916446324695928,0.2916446324695928
ADHD,regional,central_theta_power_mean,temporal_theta_power_mean,0.6846113167636171,0.6846113167636171
ADHD,regional,central_theta_power_mean,temporal_alpha_power_mean,0.3656795346377578,0.3656795346377578
ADHD,regional,central_theta_power_mean,temporal_beta_power_mean,0.3192490745637229,0.3192490745637229
ADHD,regional,central_theta_power_mean,temporal_theta_beta_ratio,0.45388683236382865,0.45388683236382865
ADHD,regional,central_theta_power_mean,occipital_delta_power_mean,0.49069275515600214,0.49069275515600214
ADHD,regional,central_theta_power_mean,occipital_theta_power_mean,0.6326811210999471,0.6326811210999471
ADHD,regional,central_theta_power_mean,occipital_alpha_power_mean,0.38556319407720785,0.38556319407720785
ADHD,regional,central_theta_power_mean,occipital_beta_power_mean,0.2107879428873612,0.2107879428873612
ADHD,regional,central_theta_power_mean,occipital_theta_beta_ratio,0.4299841353781068,0.4299841353781068
ADHD,regional,central_alpha_power_mean,central_beta_power_mean,0.4804865150713908,0.4804865150713908
ADHD,regional,central_alpha_power_mean,central_theta_beta_ratio,-0.3204653622421999,0.3204653622421999
ADHD,regional,central_alpha_power_mean,parietal_delta_power_mean,-0.008514013749338974,0.008514013749338974
ADHD,regional,central_alpha_power_mean,parietal_theta_power_mean,0.09524061343204654,0.09524061343204654
ADHD,regional,central_alpha_power_mean,parietal_alpha_power_mean,0.7309888947646748,0.7309888947646748
ADHD,regional,central_alpha_power_mean,parietal_beta_power_mean,0.3601797990481227,0.3601797990481227
ADHD,regional,central_alpha_power_mean,parietal_theta_beta_ratio,-0.2897937599153887,0.2897937599153887
ADHD,regional,central_alpha_power_mean,temporal_delta_power_mean,0.015230037017451084,0.015230037017451084
ADHD,regional,central_alpha_power_mean,temporal_theta_power_mean,0.07948175568482284,0.07948175568482284
ADHD,regional,central_alpha_power_mean,temporal_alpha_power_mean,0.7015864621893179,0.7015864621893179
ADHD,regional,central_alpha_power_mean,temporal_beta_power_mean,0.3020624008461132,0.3020624008461132
ADHD,regional,central_alpha_power_mean,temporal_theta_beta_ratio,-0.19465891062929666,0.19465891062929666
ADHD,regional,central_alpha_power_mean,occipital_delta_power_mean,0.0506081438392385,0.0506081438392385
ADHD,regional,central_alpha_power_mean,occipital_theta_power_mean,0.17652035959809625,0.17652035959809625
ADHD,regional,central_alpha_power_mean,occipital_alpha_power_mean,0.4213643574828133,0.4213643574828133
ADHD,regional,central_alpha_power_mean,occipital_beta_power_mean,0.25785298783712324,0.25785298783712324
ADHD,regional,central_alpha_power_mean,occipital_theta_beta_ratio,-0.0965097831835008,0.0965097831835008
ADHD,regional,central_beta_power_mean,central_theta_beta_ratio,-0.5482813326282391,0.5482813326282391
ADHD,regional,central_beta_power_mean,parietal_delta_power_mean,0.24558434690639874,0.24558434690639874
ADHD,regional,central_beta_power_mean,parietal_theta_power_mean,0.3197250132205182,0.3197250132205182
ADHD,regional,central_beta_power_mean,parietal_alpha_power_mean,0.4593336858804865,0.4593336858804865
ADHD,regional,central_beta_power_mean,parietal_beta_power_mean,0.8295610787942888,0.8295610787942888
ADHD,regional,central_beta_power_mean,parietal_theta_beta_ratio,-0.5292437863564252,0.5292437863564252
ADHD,regional,central_beta_power_mean,temporal_delta_power_mean,0.20089899524061344,0.20089899524061344
ADHD,regional,central_beta_power_mean,temporal_theta_power_mean,0.33326282390269696,0.33326282390269696
ADHD,regional,central_beta_power_mean,temporal_alpha_power_mean,0.46631411951348495,0.46631411951348495
ADHD,regional,central_beta_power_mean,temporal_beta_power_mean,0.5964569011105235,0.5964569011105235
ADHD,regional,central_beta_power_mean,temporal_theta_beta_ratio,-0.14362771020624007,0.14362771020624007
ADHD,regional,central_beta_power_mean,occipital_delta_power_mean,0.3141723955579059,0.3141723955579059
ADHD,regional,central_beta_power_mean,occipital_theta_power_mean,0.3306716023268112,0.3306716023268112
ADHD,regional,central_beta_power_mean,occipital_alpha_power_mean,0.4476467477525119,0.4476467477525119
ADHD,regional,central_beta_power_mean,occipital_beta_power_mean,0.6679005817028028,0.6679005817028028
ADHD,regional,central_beta_power_mean,occipital_theta_beta_ratio,-0.20703331570597566,0.20703331570597566
ADHD,regional,central_theta_beta_ratio,parietal_delta_power_mean,0.2133262823902697,0.2133262823902697
ADHD,regional,central_theta_beta_ratio,parietal_theta_power_mean,0.3964569011105235,0.3964569011105235
ADHD,regional,central_theta_beta_ratio,parietal_alpha_power_mean,-0.20237969328397673,0.20237969328397673
ADHD,regional,central_theta_beta_ratio,parietal_beta_power_mean,-0.3664727657324167,0.3664727657324167
ADHD,regional,central_theta_beta_ratio,parietal_theta_beta_ratio,0.8343733474352195,0.8343733474352195
ADHD,regional,central_theta_beta_ratio,temporal_delta_power_mean,0.08175568482284505,0.08175568482284505
ADHD,regional,central_theta_beta_ratio,temporal_theta_power_mean,0.29735589635113696,0.29735589635113696
ADHD,regional,central_theta_beta_ratio,temporal_alpha_power_mean,-0.13077736647276572,0.13077736647276572
ADHD,regional,central_theta_beta_ratio,temporal_beta_power_mean,-0.2993654151242729,0.2993654151242729
ADHD,regional,central_theta_beta_ratio,temporal_theta_beta_ratio,0.5761501850872555,0.5761501850872555
ADHD,regional,central_theta_beta_ratio,occipital_delta_power_mean,0.2081967213114754,0.2081967213114754
ADHD,regional,central_theta_beta_ratio,occipital_theta_power_mean,0.3115811739820201,0.3115811739820201
ADHD,regional,central_theta_beta_ratio,occipital_alpha_power_mean,-0.042041248016922265,0.042041248016922265
ADHD,regional,central_theta_beta_ratio,occipital_beta_power_mean,-0.39883659439450025,0.39883659439450025
ADHD,regional,central_theta_beta_ratio,occipital_theta_beta_ratio,0.6068746694870439,0.6068746694870439
ADHD,regional,parietal_delta_power_mean,parietal_theta_power_mean,0.7657324167107351,0.7657324167107351
ADHD,regional,parietal_delta_power_mean,parietal_alpha_power_mean,0.302432575356954,0.302432575356954
ADHD,regional,parietal_delta_power_mean,parietal_beta_power_mean,0.41686938127974615,0.41686938127974615
ADHD,regional,parietal_delta_power_mean,parietal_theta_beta_ratio,0.36684294024325753,0.36684294024325753
ADHD,regional,parietal_delta_power_mean,temporal_delta_power_mean,0.5835007932310946,0.5835007932310946
ADHD,regional,parietal_delta_power_mean,temporal_theta_power_mean,0.5856160761501851,0.5856160761501851
ADHD,regional,parietal_delta_power_mean,temporal_alpha_power_mean,0.3337387625594923,0.3337387625594923
ADHD,regional,parietal_delta_power_mean,temporal_beta_power_mean,0.16858804865150714,0.16858804865150714
ADHD,regional,parietal_delta_power_mean,temporal_theta_beta_ratio,0.4597567424643046,0.4597567424643046
ADHD,regional,parietal_delta_power_mean,occipital_delta_power_mean,0.8253833950290851,0.8253833950290851
ADHD,regional,parietal_delta_power_mean,occipital_theta_power_mean,0.6478053939714437,0.6478053939714437
ADHD,regional,parietal_delta_power_mean,occipital_alpha_power_mean,0.3608143839238498,0.3608143839238498
ADHD,regional,parietal_delta_power_mean,occipital_beta_power_mean,0.13564251718667372,0.13564251718667372
ADHD,regional,parietal_delta_power_mean,occipital_theta_beta_ratio,0.5003701745108409,0.5003701745108409
ADHD,regional,parietal_theta_power_mean,parietal_alpha_power_mean,0.43506081438392386,0.43506081438392386
ADHD,regional,parietal_theta_power_mean,parietal_beta_power_mean,0.5445795875198308,0.5445795875198308
ADHD,regional,parietal_theta_power_mean,parietal_theta_beta_ratio,0.47234267583289263,0.47234267583289263
ADHD,regional,parietal_theta_power_mean,temporal_delta_power_mean,0.33172924378635643,0.33172924378635643
ADHD,regional,parietal_theta_power_mean,temporal_theta_power_mean,0.6570597567424643,0.6570597567424643
ADHD,regional,parietal_theta_power_mean,temporal_alpha_power_mean,0.41052353252247487,0.41052353252247487
ADHD,regional,parietal_theta_power_mean,temporal_beta_power_mean,0.2767318878900053,0.2767318878900053
ADHD,regional,parietal_theta_power_mean,temporal_theta_beta_ratio,0.42395557905869913,0.42395557905869913
ADHD,regional,parietal_theta_power_mean,occipital_delta_power_mean,0.6640401903754627,0.6640401903754627
ADHD,regional,parietal_theta_power_mean,occipital_theta_power_mean,0.771602326811211,0.771602326811211
ADHD,regional,parietal_theta_power_mean,occipital_alpha_power_mean,0.4620306716023268,0.4620306716023268
ADHD,regional,parietal_theta_power_mean,occipital_beta_power_mean,0.2355367530407192,0.2355367530407192
ADHD,regional,parietal_theta_power_mean,occipital_theta_beta_ratio,0.5163934426229508,0.5163934426229508
ADHD,regional,parietal_alpha_power_mean,parietal_beta_power_mean,0.5607086197778953,0.5607086197778953
ADHD,regional,parietal_alpha_power_mean,parietal_theta_beta_ratio,-0.13305129561078793,0.13305129561078793
ADHD,regional,parietal_alpha_power_mean,temporal_delta_power_mean,0.10719196192490746,0.10719196192490746
ADHD,regional,parietal_alpha_power_mean,temporal_theta_power_mean,0.2721311475409836,0.2721311475409836
ADHD,regional,parietal_alpha_power_mean,temporal_alpha_power_mean,0.787625594923321,0.787625594923321
ADHD,regional,parietal_alpha_power_mean,temporal_beta_power_mean,0.31713379164463246,0.31713379164463246
ADHD,regional,parietal_alpha_power_mean,temporal_theta_beta_ratio,-0.07726070861977789,0.07726070861977789
ADHD,regional,parietal_alpha_power_mean,occipital_delta_power_mean,0.2979904812268641,0.2979904812268641
ADHD,regional,parietal_alpha_power_mean,occipital_theta_power_mean,0.4612903225806452,0.4612903225806452
ADHD,regional,parietal_alpha_power_mean,occipital_alpha_power_mean,0.7069804336329985,0.7069804336329985
ADHD,regional,parietal_alpha_power_mean,occipital_beta_power_mean,0.3607086197778953,0.3607086197778953
ADHD,regional,parietal_alpha_power_mean,occipital_theta_beta_ratio,0.05573770491803279,0.05573770491803279
ADHD,regional,parietal_beta_power_mean,parietal_theta_beta_ratio,-0.43358011634056054,0.43358011634056054
ADHD,regional,parietal_beta_power_mean,temporal_delta_power_mean,0.18767847699629825,0.18767847699629825
ADHD,regional,parietal_beta_power_mean,temporal_theta_power_mean,0.4175039661554733,0.4175039661554733
ADHD,regional,parietal_beta_power_mean,temporal_alpha_power_mean,0.5270227392913802,0.5270227392913802
ADHD,regional,parietal_beta_power_mean,temporal_beta_power_mean,0.6616076150185087,0.6616076150185087
ADHD,regional,parietal_beta_power_mean,temporal_theta_beta_ratio,-0.11348492860920148,0.11348492860920148
ADHD,regional,parietal_beta_power_mean,occipital_delta_power_mean,0.37932310946589104,0.37932310946589104
ADHD,regional,parietal_beta_power_mean,occipital_theta_power_mean,0.45637228979375993,0.45637228979375993
ADHD,regional,parietal_beta_power_mean,occipital_alpha_power_mean,0.5053410893707033,0.5053410893707033
ADHD,regional,parietal_beta_power_mean,occipital_beta_power_mean,0.6622950819672131,0.6622950819672131
ADHD,regional,parietal_beta_power_mean,occipital_theta_beta_ratio,-0.09957694341618191,0.09957694341618191
ADHD,regional,parietal_theta_beta_ratio,temporal_delta_power_mean,0.12321523003701745,0.12321523003701745
ADHD,regional,parietal_theta_beta_ratio,temporal_theta_power_mean,0.25002644103648863,0.25002644103648863
ADHD,regional,parietal_theta_beta_ratio,temporal_alpha_power_mean,-0.14098360655737704,0.14098360655737704
ADHD,regional,parietal_theta_beta_ratio,temporal_beta_power_mean,-0.3855103120042306,0.3855103120042306
ADHD,regional,parietal_theta_beta_ratio,temporal_theta_beta_ratio,0.5647805393971443,0.5647805393971443
ADHD,regional,parietal_theta_beta_ratio,occipital_delta_power_mean,0.3014806980433633,0.3014806980433633
ADHD,regional,parietal_theta_beta_ratio,occipital_theta_power_mean,0.3331041776837652,0.3331041776837652
ADHD,regional,parietal_theta_beta_ratio,occipital_alpha_power_mean,-0.04965626652564781,0.04965626652564781
ADHD,regional,parietal_theta_beta_ratio,occipital_beta_power_mean,-0.4142781597038604,0.4142781597038604
ADHD,regional,parietal_theta_beta_ratio,occipital_theta_beta_ratio,0.6518773135906928,0.6518773135906928
ADHD,regional,temporal_delta_power_mean,temporal_theta_power_mean,0.7320994182971973,0.7320994182971973
ADHD,regional,temporal_delta_power_mean,temporal_alpha_power_mean,0.3964040190375463,0.3964040190375463
ADHD,regional,temporal_delta_power_mean,temporal_beta_power_mean,0.331041776837652,0.331041776837652
ADHD,regional,temporal_delta_power_mean,temporal_theta_beta_ratio,0.468958223162348,0.468958223162348
ADHD,regional,temporal_delta_power_mean,occipital_delta_power_mean,0.5558434690639873,0.5558434690639873
ADHD,regional,temporal_delta_power_mean,occipital_theta_power_mean,0.3950819672131147,0.3950819672131147
ADHD,regional,temporal_delta_power_mean,occipital_alpha_power_mean,0.21084082496033846,0.21084082496033846
ADHD,regional,temporal_delta_power_mean,occipital_beta_power_mean,0.2013749338974088,0.2013749338974088
ADHD,regional,temporal_delta_power_mean,occipital_theta_beta_ratio,0.2469592808038075,0.2469592808038075
ADHD,regional,temporal_theta_power_mean,temporal_alpha_power_mean,0.5745108408249603,0.5745108408249603
ADHD,regional,temporal_theta_power_mean,temporal_beta_power_mean,0.4384452670544685,0.4384452670544685
ADHD,regional,temporal_theta_power_mean,temporal_theta_beta_ratio,0.6326282390269699,0.6326282390269699
ADHD,regional,temporal_theta_power_mean,occipital_delta_power_mean,0.5897937599153887,0.5897937599153887
ADHD,regional,temporal_theta_power_mean,occipital_theta_power_mean,0.656583818085669,0.656583818085669
ADHD,regional,temporal_theta_power_mean,occipital_alpha_power_mean,0.43088313061872024,0.43088313061872024
ADHD,regional,temporal_theta_power_mean,occipital_beta_power_mean,0.3037546271813855,0.3037546271813855
ADHD,regional,temporal_theta_power_mean,occipital_theta_beta_ratio,0.3776308831306187,0.3776308831306187
ADHD,regional,temporal_alpha_power_mean,temporal_beta_power_mean,0.47181385510312,0.47181385510312
ADHD,regional,temporal_alpha_power_mean,temporal_theta_beta_ratio,0.149497620306716,0.149497620306716
ADHD,regional,temporal_alpha_power_mean,occipital_delta_power_mean,0.3490745637228979,0.3490745637228979
ADHD,regional,temporal_alpha_power_mean,occipital_theta_power_mean,0.46102591221575884,0.46102591221575884
ADHD,regional,temporal_alpha_power_mean,occipital_alpha_power_mean,0.5796404019037547,0.5796404019037547
ADHD,regional,temporal_alpha_power_mean,occipital_beta_power_mean,0.3467477525118985,0.3467477525118985
ADHD,regional,temporal_alpha_power_mean,occipital_theta_beta_ratio,0.08011634056054998,0.08011634056054998
ADHD,regional,temporal_beta_power_mean,temporal_theta_beta_ratio,-0.36779481755684823,0.36779481755684823
ADHD,regional,temporal_beta_power_mean,occipital_delta_power_mean,0.1842411422527763,0.1842411422527763
ADHD,regional,temporal_beta_power_mean,occipital_theta_power_mean,0.23114754098360657,0.23114754098360657
ADHD,regional,temporal_beta_power_mean,occipital_alpha_power_mean,0.3121099947117927,0.3121099947117927
ADHD,regional,temporal_beta_power_mean,occipital_beta_power_mean,0.43654151242728717,0.43654151242728717
ADHD,regional,temporal_beta_power_mean,occipital_theta_beta_ratio,-0.10211528291909043,0.10211528291909043
ADHD,regional,temporal_theta_beta_ratio,occipital_delta_power_mean,0.4673717609730301,0.4673717609730301
ADHD,regional,temporal_theta_beta_ratio,occipital_theta_power_mean,0.47625594923320996,0.47625594923320996
ADHD,regional,temporal_theta_beta_ratio,occipital_alpha_power_mean,0.15177154944473822,0.15177154944473822
ADHD,regional,temporal_theta_beta_ratio,occipital_beta_power_mean,-0.03945002644103649,0.03945002644103649
ADHD,regional,temporal_theta_beta_ratio,occipital_theta_beta_ratio,0.4648863035430989,0.4648863035430989
ADHD,regional,occipital_delta_power_mean,occipital_theta_power_mean,0.8298783712321522,0.8298783712321522
ADHD,regional,occipital_delta_power_mean,occipital_alpha_power_mean,0.5350608143839238,0.5350608143839238
ADHD,regional,occipital_delta_power_mean,occipital_beta_power_mean,0.2870967741935484,0.2870967741935484
ADHD,regional,occipital_delta_power_mean,occipital_theta_beta_ratio,0.543416181914331,0.543416181914331
ADHD,regional,occipital_theta_power_mean,occipital_alpha_power_mean,0.690851401374934,0.690851401374934
ADHD,regional,occipital_theta_power_mean,occipital_beta_power_mean,0.33305129561078795,0.33305129561078795
ADHD,regional,occipital_theta_power_mean,occipital_theta_beta_ratio,0.6438392384981492,0.6438392384981492
ADHD,regional,occipital_alpha_power_mean,occipital_beta_power_mean,0.5749867794817557,0.5749867794817557
ADHD,regional,occipital_alpha_power_mean,occipital_theta_beta_ratio,0.17303014278159703,0.17303014278159703
ADHD,regional,occipital_beta_power_mean,occipital_theta_beta_ratio,-0.43437334743521944,0.43437334743521944
ADHD,channel,Fp1_delta_power,Fp1_theta_power,0.8105764145954522,0.8105764145954522
ADHD,channel,Fp1_delta_power,Fp1_alpha_power,0.47181385510312,0.47181385510312
ADHD,channel,Fp1_delta_power,Fp1_beta_power,0.14722369116869383,0.14722369116869383
ADHD,channel,Fp1_delta_power,Fp1_theta_beta_ratio,0.6576414595452141,0.6576414595452141
ADHD,channel,Fp1_delta_power,Fp2_delta_power,0.6467477525118984,0.6467477525118984
ADHD,channel,Fp1_delta_power,Fp2_theta_power,0.6482284505552618,0.6482284505552618
ADHD,channel,Fp1_delta_power,Fp2_alpha_power,0.42395557905869913,0.42395557905869913
ADHD,channel,Fp1_delta_power,Fp2_beta_power,0.08688524590163935,0.08688524590163935
ADHD,channel,Fp1_delta_power,Fp2_theta_beta_ratio,0.5783183500793231,0.5783183500793231
ADHD,channel,Fp1_delta_power,F3_delta_power,0.6333685880486515,0.6333685880486515
ADHD,channel,Fp1_delta_power,F3_theta_power,0.27773664727657327,0.27773664727657327
ADHD,channel,Fp1_delta_power,F3_alpha_power,0.25230037017451085,0.25230037017451085
ADHD,channel,Fp1_delta_power,F3_beta_power,0.1632469592808038,0.1632469592808038
ADHD,channel,Fp1_delta_power,F3_theta_beta_ratio,0.17662612374405076,0.17662612374405076
ADHD,channel,Fp1_delta_power,F4_delta_power,0.335695399259651,0.335695399259651
ADHD,channel,Fp1_delta_power,F4_theta_power,0.25631940772078265,0.25631940772078265
ADHD,channel,Fp1_delta_power,F4_alpha_power,0.3239555790586991,0.3239555790586991
ADHD,channel,Fp1_delta_power,F4_beta_power,0.15309360126916974,0.15309360126916974
ADHD,channel,Fp1_delta_power,F4_theta_beta_ratio,0.11998942358540454,0.11998942358540454
ADHD,channel,Fp1_delta_power,C3_delta_power,0.6197250132205182,0.6197250132205182
ADHD,channel,Fp1_delta_power,C3_theta_power,0.43601269169751455,0.43601269169751455
ADHD,channel,Fp1_delta_power,C3_alpha_power,0.27006874669487047,0.27006874669487047
ADHD,channel,Fp1_delta_power,C3_beta_power,0.26240084611316766,0.26240084611316766
ADHD,channel,Fp1_delta_power,C3_theta_beta_ratio,0.18699101004759386,0.18699101004759386
ADHD,channel,Fp1_delta_power,C4_delta_power,0.14600740349021682,0.14600740349021682
ADHD,channel,Fp1_delta_power,C4_theta_power,0.10867265996827076,0.10867265996827076
ADHD,channel,Fp1_delta_power,C4_alpha_power,0.13035430988894764,0.13035430988894764
ADHD,channel,Fp1_delta_power,C4_beta_power,0.13157059756742465,0.13157059756742465
ADHD,channel,Fp1_delta_power,C4_theta_beta_ratio,0.013273400317292438,0.013273400317292438
ADHD,channel,Fp1_delta_power,P3_delta_power,0.45293495505023795,0.45293495505023795
ADHD,channel,Fp1_delta_power,P3_theta_power,0.2988365943945003,0.2988365943945003
ADHD,channel,Fp1_delta_power,P3_alpha_power,0.2122157588577472,0.2122157588577472
ADHD,channel,Fp1_delta_power,P3_beta_power,0.24235854045478583,0.24235854045478583
ADHD,channel,Fp1_delta_power,P3_theta_beta_ratio,0.06906398730830249,0.06906398730830249
ADHD,channel,Fp1_delta_power,P4_delta_power,0.25875198307773667,0.25875198307773667
ADHD,channel,Fp1_delta_power,P4_theta_power,0.222104706504495,0.222104706504495
ADHD,channel,Fp1_delta_power,P4_alpha_power,0.1578529878371232,0.1578529878371232
ADHD,channel,Fp1_delta_power,P4_beta_power,0.32966684294024323,0.32966684294024323
ADHD,channel,Fp1_delta_power,P4_theta_beta_ratio,-0.052723426758328924,0.052723426758328924
ADHD,channel,Fp1_delta_power,O1_delta_power,0.3787414066631412,0.3787414066631412
ADHD,channel,Fp1_delta_power,O1_theta_power,0.2629825489159175,0.2629825489159175
ADHD,channel,Fp1_delta_power,O1_alpha_power,0.1925965097831835,0.1925965097831835
ADHD,channel,Fp1_delta_power,O1_beta_power,0.19264939185616076,0.19264939185616076
ADHD,channel,Fp1_delta_power,O1_theta_beta_ratio,0.109941829719725,0.109941829719725
ADHD,channel,Fp1_delta_power,O2_delta_power,0.28582760444209415,0.28582760444209415
ADHD,channel,Fp1_delta_power,O2_theta_power,0.25441565309360126,0.25441565309360126
ADHD,channel,Fp1_delta_power,O2_alpha_power,0.15780010576414596,0.15780010576414596
ADHD,channel,Fp1_delta_power,O2_beta_power,0.17535695399259651,0.17535695399259651
ADHD,channel,Fp1_delta_power,O2_theta_beta_ratio,0.08847170809095717,0.08847170809095717
ADHD,channel,Fp1_delta_power,F7_delta_power,0.36737176097303015,0.36737176097303015
ADHD,channel,Fp1_delta_power,F7_theta_power,0.3101533580116341,0.3101533580116341
ADHD,channel,Fp1_delta_power,F7_alpha_power,0.2762030671602327,0.2762030671602327
ADHD,channel,Fp1_delta_power,F7_beta_power,-0.019090428344791115,0.019090428344791115
ADHD,channel,Fp1_delta_power,F7_theta_beta_ratio,0.24674775251189845,0.24674775251189845
ADHD,channel,Fp1_delta_power,F8_delta_power,0.1605499735589635,0.1605499735589635
ADHD,channel,Fp1_delta_power,F8_theta_power,0.24743521946060285,0.24743521946060285
ADHD,channel,Fp1_delta_power,F8_alpha_power,0.2779481755684823,0.2779481755684823
ADHD,channel,Fp1_delta_power,F8_beta_power,0.043204653622422,0.043204653622422
ADHD,channel,Fp1_delta_power,F8_theta_beta_ratio,0.19116869381279747,0.19116869381279747
ADHD,channel,Fp1_delta_power,T7_delta_power,0.38487572712850343,0.38487572712850343
ADHD,channel,Fp1_delta_power,T7_theta_power,0.2978318350079323,0.2978318350079323
ADHD,channel,Fp1_delta_power,T7_alpha_power,0.1850872554204125,0.1850872554204125
ADHD,channel,Fp1_delta_power,T7_beta_power,0.02601797990481227,0.02601797990481227
ADHD,channel,Fp1_delta_power,T7_theta_beta_ratio,0.26478053939714435,0.26478053939714435
ADHD,channel,Fp1_delta_power,T8_delta_power,0.0923320994182972,0.0923320994182972
ADHD,channel,Fp1_delta_power,T8_theta_power,0.1540983606557377,0.1540983606557377
ADHD,channel,Fp1_delta_power,T8_alpha_power,0.22332099418297197,0.22332099418297197
ADHD,channel,Fp1_delta_power,T8_beta_power,-0.07006874669487044,0.07006874669487044
ADHD,channel,Fp1_delta_power,T8_theta_beta_ratio,0.29492332099418295,0.29492332099418295
ADHD,channel,Fp1_delta_power,P7_delta_power,0.41433104177683766,0.41433104177683766
ADHD,channel,Fp1_delta_power,P7_theta_power,0.27800105764145955,0.27800105764145955
ADHD,channel,Fp1_delta_power,P7_alpha_power,0.2202009518773136,0.2202009518773136
ADHD,channel,Fp1_delta_power,P7_beta_power,0.09360126916975145,0.09360126916975145
ADHD,channel,Fp1_delta_power,P7_theta_beta_ratio,0.2064516129032258,0.2064516129032258
ADHD,channel,Fp1_delta_power,P8_delta_power,0.21422527763088314,0.21422527763088314
ADHD,channel,Fp1_delta_power,P8_theta_power,0.2098360655737705,0.2098360655737705
ADHD,channel,Fp1_delta_power,P8_alpha_power,0.2903225806451613,0.2903225806451613
ADHD,channel,Fp1_delta_power,P8_beta_power,0.03426758328926494,0.03426758328926494
ADHD,channel,Fp1_delta_power,P8_theta_beta_ratio,0.23992596509783184,0.23992596509783184
ADHD,channel,Fp1_delta_power,Fz_delta_power,0.7170809095716552,0.7170809095716552
ADHD,channel,Fp1_delta_power,Fz_theta_power,0.3605499735589635,0.3605499735589635
ADHD,channel,Fp1_delta_power,Fz_alpha_power,0.29085140137493387,0.29085140137493387
ADHD,channel,Fp1_delta_power,Fz_beta_power,0.15224748810153357,0.15224748810153357
ADHD,channel,Fp1_delta_power,Fz_theta_beta_ratio,0.18027498677948176,0.18027498677948176
ADHD,channel,Fp1_delta_power,Cz_delta_power,0.19603384452670544,0.19603384452670544
ADHD,channel,Fp1_delta_power,Cz_theta_power,0.15039661554732944,0.15039661554732944
ADHD,channel,Fp1_delta_power,Cz_alpha_power,0.155579058699101,0.155579058699101
ADHD,channel,Fp1_delta_power,Cz_beta_power,0.23664727657324167,0.23664727657324167
ADHD,channel,Fp1_delta_power,Cz_theta_beta_ratio,-0.05780010576414595,0.05780010576414595
ADHD,channel,Fp1_delta_power,Pz_delta_power,0.3904283447911158,0.3904283447911158
ADHD,channel,Fp1_delta_power,Pz_theta_power,0.3287149656266526,0.3287149656266526
ADHD,channel,Fp1_delta_power,Pz_alpha_power,0.17794817556848228,0.17794817556848228
ADHD,channel,Fp1_delta_power,Pz_beta_power,0.22548915917503967,0.22548915917503967
ADHD,channel,Fp1_delta_power,Pz_theta_beta_ratio,0.08096245372818614,0.08096245372818614
ADHD,channel,Fp1_theta_power,Fp1_alpha_power,0.722316234796404,0.722316234796404
ADHD,channel,Fp1_theta_power,Fp1_beta_power,0.28915917503966154,0.28915917503966154
ADHD,channel,Fp1_theta_power,Fp1_theta_beta_ratio,0.6945002644103648,0.6945002644103648
ADHD,channel,Fp1_theta_power,Fp2_delta_power,0.5878371232152301,0.5878371232152301
ADHD,channel,Fp1_theta_power,Fp2_theta_power,0.8114225277630883,0.8114225277630883
ADHD,channel,Fp1_theta_power,Fp2_alpha_power,0.575251189846642,0.575251189846642
ADHD,channel,Fp1_theta_power,Fp2_beta_power,0.17392913802221047,0.17392913802221047
ADHD,channel,Fp1_theta_power,Fp2_theta_beta_ratio,0.6046007403490217,0.6046007403490217
ADHD,channel,Fp1_theta_power,F3_delta_power,0.5472236911686938,0.5472236911686938
ADHD,channel,Fp1_theta_power,F3_theta_power,0.5722369116869381,0.5722369116869381
ADHD,channel,Fp1_theta_power,F3_alpha_power,0.46319407720782657,0.46319407720782657
ADHD,channel,Fp1_theta_power,F3_beta_power,0.341988365943945,0.341988365943945
ADHD,channel,Fp1_theta_power,F3_theta_beta_ratio,0.2744579587519831,0.2744579587519831
ADHD,channel,Fp1_theta_power,F4_delta_power,0.30195663670015865,0.30195663670015865
ADHD,channel,Fp1_theta_power,F4_theta_power,0.4572184029613961,0.4572184029613961
ADHD,channel,Fp1_theta_power,F4_alpha_power,0.39132734003172925,0.39132734003172925
ADHD,channel,Fp1_theta_power,F4_beta_power,0.2484399788471708,0.2484399788471708
ADHD,channel,Fp1_theta_power,F4_theta_beta_ratio,0.21136964569011105,0.21136964569011105
ADHD,channel,Fp1_theta_power,C3_delta_power,0.4978847170809096,0.4978847170809096
ADHD,channel,Fp1_theta_power,C3_theta_power,0.6064516129032258,0.6064516129032258
ADHD,channel,Fp1_theta_power,C3_alpha_power,0.24579587519830778,0.24579587519830778
ADHD,channel,Fp1_theta_power,C3_beta_power,0.37445795875198307,0.37445795875198307
ADHD,channel,Fp1_theta_power,C3_theta_beta_ratio,0.21909042834479112,0.21909042834479112
ADHD,channel,Fp1_theta_power,C4_delta_power,0.08202009518773136,0.08202009518773136
ADHD,channel,Fp1_theta_power,C4_theta_power,0.2685351665785299,0.2685351665785299
ADHD,channel,Fp1_theta_power,C4_alpha_power,0.0224748810153358,0.0224748810153358
ADHD,channel,Fp1_theta_power,C4_beta_power,0.1974616604970915,0.1974616604970915
ADHD,channel,Fp1_theta_power,C4_theta_beta_ratio,0.09159175039661555,0.09159175039661555
ADHD,channel,Fp1_theta_power,P3_delta_power,0.45351665785298784,0.45351665785298784
ADHD,channel,Fp1_theta_power,P3_theta_power,0.5021681649920677,0.5021681649920677
ADHD,channel,Fp1_theta_power,P3_alpha_power,0.2779481755684823,0.2779481755684823
ADHD,channel,Fp1_theta_power,P3_beta_power,0.4423056583818086,0.4423056583818086
ADHD,channel,Fp1_theta_power,P3_theta_beta_ratio,0.0662083553675304,0.0662083553675304
ADHD,channel,Fp1_theta_power,P4_delta_power,0.1978318350079323,0.1978318350079323
ADHD,channel,Fp1_theta_power,P4_theta_power,0.40206240084611317,0.40206240084611317
ADHD,channel,Fp1_theta_power,P4_alpha_power,0.19941829719725013,0.19941829719725013
ADHD,channel,Fp1_theta_power,P4_beta_power,0.4423056583818086,0.4423056583818086
ADHD,channel,Fp1_theta_power,P4_theta_beta_ratio,-0.0028556319407720783,0.0028556319407720783
ADHD,channel,Fp1_theta_power,O1_delta_power,0.3074563722897938,0.3074563722897938
ADHD,channel,Fp1_theta_power,O1_theta_power,0.38402961396086727,0.38402961396086727
ADHD,channel,Fp1_theta_power,O1_alpha_power,0.3203067160232681,0.3203067160232681
ADHD,channel,Fp1_theta_power,O1_beta_power,0.345425700687467,0.345425700687467
ADHD,channel,Fp1_theta_power,O1_theta_beta_ratio,0.05177154944473823,0.05177154944473823
ADHD,channel,Fp1_theta_power,O2_delta_power,0.2110523532522475,0.2110523532522475
ADHD,channel,Fp1_theta_power,O2_theta_power,0.2792702273929138,0.2792702273929138
ADHD,channel,Fp1_theta_power,O2_alpha_power,0.22501322051824432,0.22501322051824432
ADHD,channel,Fp1_theta_power,O2_beta_power,0.25822316234796405,0.25822316234796405
ADHD,channel,Fp1_theta_power,O2_theta_beta_ratio,0.03141195134849286,0.03141195134849286
ADHD,channel,Fp1_theta_power,F7_delta_power,0.15346377578001058,0.15346377578001058
ADHD,channel,Fp1_theta_power,F7_theta_power,0.42956107879428873,0.42956107879428873
ADHD,channel,Fp1_theta_power,F7_alpha_power,0.42940243257535693,0.42940243257535693
ADHD,channel,Fp1_theta_power,F7_beta_power,0.1367530407191962,0.1367530407191962
ADHD,channel,Fp1_theta_power,F7_theta_beta_ratio,0.19196192490745637,0.19196192490745637
ADHD,channel,Fp1_theta_power,F8_delta_power,0.10661025912215759,0.10661025912215759
ADHD,channel,Fp1_theta_power,F8_theta_power,0.35050237969328396,0.35050237969328396
ADHD,channel,Fp1_theta_power,F8_alpha_power,0.39323109465891065,0.39323109465891065
ADHD,channel,Fp1_theta_power,F8_beta_power,0.18254891591750397,0.18254891591750397
ADHD,channel,Fp1_theta_power,F8_theta_beta_ratio,0.20624008461131677,0.20624008461131677
ADHD,channel,Fp1_theta_power,T7_delta_power,0.34182971972501325,0.34182971972501325
ADHD,channel,Fp1_theta_power,T7_theta_power,0.4585404547858276,0.4585404547858276
ADHD,channel,Fp1_theta_power,T7_alpha_power,0.35742993125330513,0.35742993125330513
ADHD,channel,Fp1_theta_power,T7_beta_power,0.16604970914859862,0.16604970914859862
ADHD,channel,Fp1_theta_power,T7_theta_beta_ratio,0.289053410893707,0.289053410893707
ADHD,channel,Fp1_theta_power,T8_delta_power,0.021998942358540455,0.021998942358540455
ADHD,channel,Fp1_theta_power,T8_theta_power,0.239555790586991,0.239555790586991
ADHD,channel,Fp1_theta_power,T8_alpha_power,0.27128503437334744,0.27128503437334744
ADHD,channel,Fp1_theta_power,T8_beta_power,0.017292437863564252,0.017292437863564252
ADHD,channel,Fp1_theta_power,T8_theta_beta_ratio,0.31057641459545215,0.31057641459545215
ADHD,channel,Fp1_theta_power,P7_delta_power,0.44219989423585404,0.44219989423585404
ADHD,channel,Fp1_theta_power,P7_theta_power,0.46938127974616606,0.46938127974616606
ADHD,channel,Fp1_theta_power,P7_alpha_power,0.3940772078265468,0.3940772078265468
ADHD,channel,Fp1_theta_power,P7_beta_power,0.29185616076150184,0.29185616076150184
ADHD,channel,Fp1_theta_power,P7_theta_beta_ratio,0.21242728714965628,0.21242728714965628
ADHD,channel,Fp1_theta_power,P8_delta_power,0.2536753040719196,0.2536753040719196
ADHD,channel,Fp1_theta_power,P8_theta_power,0.3074563722897938,0.3074563722897938
ADHD,channel,Fp1_theta_power,P8_alpha_power,0.3225806451612903,0.3225806451612903
ADHD,channel,Fp1_theta_power,P8_beta_power,0.16980433632998412,0.16980433632998412
ADHD,channel,Fp1_theta_power,P8_theta_beta_ratio,0.2156002115282919,0.2156002115282919
ADHD,channel,Fp1_theta_power,Fz_delta_power,0.5927551560021153,0.5927551560021153
ADHD,channel,Fp1_theta_power,Fz_theta_power,0.6059756742464305,0.6059756742464305
ADHD,channel,Fp1_theta_power,Fz_alpha_power,0.46478053939714437,0.46478053939714437
ADHD,channel,Fp1_theta_power,Fz_beta_power,0.3197250132205182,0.3197250132205182
ADHD,channel,Fp1_theta_power,Fz_theta_beta_ratio,0.2454785827604442,0.2454785827604442
ADHD,channel,Fp1_theta_power,Cz_delta_power,0.20544685351665784,0.20544685351665784
ADHD,channel,Fp1_theta_power,Cz_theta_power,0.3022739291380222,0.3022739291380222
ADHD,channel,Fp1_theta_power,Cz_alpha_power,0.13696456901110524,0.13696456901110524
ADHD,channel,Fp1_theta_power,Cz_beta_power,0.38191433104177686,0.38191433104177686
ADHD,channel,Fp1_theta_power,Cz_theta_beta_ratio,-0.03231094658910629,0.03231094658910629
ADHD,channel,Fp1_theta_power,Pz_delta_power,0.38043363299841354,0.38043363299841354
ADHD,channel,Fp1_theta_power,Pz_theta_power,0.5169751454257007,0.5169751454257007
ADHD,channel,Fp1_theta_power,Pz_alpha_power,0.2696985721840296,0.2696985721840296
ADHD,channel,Fp1_theta_power,Pz_beta_power,0.4211528291909043,0.4211528291909043
ADHD,channel,Fp1_theta_power,Pz_theta_beta_ratio,0.035483870967741936,0.035483870967741936
ADHD,channel,Fp1_alpha_power,Fp1_beta_power,0.49317821258593336,0.49317821258593336
ADHD,channel,Fp1_alpha_power,Fp1_theta_beta_ratio,0.334479111581174,0.334479111581174
ADHD,channel,Fp1_alpha_power,Fp2_delta_power,0.2278688524590164,0.2278688524590164
ADHD,channel,Fp1_alpha_power,Fp2_theta_power,0.5273929138022211,0.5273929138022211
ADHD,channel,Fp1_alpha_power,Fp2_alpha_power,0.769169751454257,0.769169751454257
ADHD,channel,Fp1_alpha_power,Fp2_beta_power,0.3586991010047594,0.3586991010047594
ADHD,channel,Fp1_alpha_power,Fp2_theta_beta_ratio,0.2192490745637229,0.2192490745637229
ADHD,channel,Fp1_alpha_power,F3_delta_power,0.37366472765732417,0.37366472765732417
ADHD,channel,Fp1_alpha_power,F3_theta_power,0.6301427815970386,0.6301427815970386
ADHD,channel,Fp1_alpha_power,F3_alpha_power,0.8368059227921735,0.8368059227921735
ADHD,channel,Fp1_alpha_power,F3_beta_power,0.6253305129561079,0.6253305129561079
ADHD,channel,Fp1_alpha_power,F3_theta_beta_ratio,0.014859862506610259,0.014859862506610259
ADHD,channel,Fp1_alpha_power,F4_delta_power,0.11163405605499735,0.11163405605499735
ADHD,channel,Fp1_alpha_power,F4_theta_power,0.4514013749338974,0.4514013749338974
ADHD,channel,Fp1_alpha_power,F4_alpha_power,0.6001586462189318,0.6001586462189318
ADHD,channel,Fp1_alpha_power,F4_beta_power,0.5157588577472237,0.5157588577472237
ADHD,channel,Fp1_alpha_power,F4_theta_beta_ratio,-0.08164992067689053,0.08164992067689053
ADHD,channel,Fp1_alpha_power,C3_delta_power,0.3032258064516129,0.3032258064516129
ADHD,channel,Fp1_alpha_power,C3_theta_power,0.518455843469064,0.518455843469064
ADHD,channel,Fp1_alpha_power,C3_alpha_power,0.49360126916975144,0.49360126916975144
ADHD,channel,Fp1_alpha_power,C3_beta_power,0.5822845055526177,0.5822845055526177
ADHD,channel,Fp1_alpha_power,C3_theta_beta_ratio,-0.053569539925965096,0.053569539925965096
ADHD,channel,Fp1_alpha_power,C4_delta_power,-0.05452141723955579,0.05452141723955579
ADHD,channel,Fp1_alpha_power,C4_theta_power,0.28413537810682177,0.28413537810682177
ADHD,channel,Fp1_alpha_power,C4_alpha_power,0.2472236911686938,0.2472236911686938
ADHD,channel,Fp1_alpha_power,C4_beta_power,0.4267583289264939,0.4267583289264939
ADHD,channel,Fp1_alpha_power,C4_theta_beta_ratio,-0.17620306716023268,0.17620306716023268
ADHD,channel,Fp1_alpha_power,P3_delta_power,0.4098360655737705,0.4098360655737705
ADHD,channel,Fp1_alpha_power,P3_theta_power,0.4907985193019566,0.4907985193019566
ADHD,channel,Fp1_alpha_power,P3_alpha_power,0.5589635113696457,0.5589635113696457
ADHD,channel,Fp1_alpha_power,P3_beta_power,0.6457958751983077,0.6457958751983077
ADHD,channel,Fp1_alpha_power,P3_theta_beta_ratio,-0.19471179270227393,0.19471179270227393
ADHD,channel,Fp1_alpha_power,P4_delta_power,0.07831835007932311,0.07831835007932311
ADHD,channel,Fp1_alpha_power,P4_theta_power,0.35351665785298786,0.35351665785298786
ADHD,channel,Fp1_alpha_power,P4_alpha_power,0.4466948704389212,0.4466948704389212
ADHD,channel,Fp1_alpha_power,P4_beta_power,0.5955050237969328,0.5955050237969328
ADHD,channel,Fp1_alpha_power,P4_theta_beta_ratio,-0.25161290322580643,0.25161290322580643
ADHD,channel,Fp1_alpha_power,O1_delta_power,0.2562136435748281,0.2562136435748281
ADHD,channel,Fp1_alpha_power,O1_theta_power,0.3323638286620835,0.3323638286620835
ADHD,channel,Fp1_alpha_power,O1_alpha_power,0.5250661025912216,0.5250661025912216
ADHD,channel,Fp1_alpha_power,O1_beta_power,0.48461131676361713,0.48461131676361713
ADHD,channel,Fp1_alpha_power,O1_theta_beta_ratio,-0.11713379164463247,0.11713379164463247
ADHD,channel,Fp1_alpha_power,O2_delta_power,0.11417239555790587,0.11417239555790587
ADHD,channel,Fp1_alpha_power,O2_theta_power,0.2255420412480169,0.2255420412480169
ADHD,channel,Fp1_alpha_power,O2_alpha_power,0.38217874140666314,0.38217874140666314
ADHD,channel,Fp1_alpha_power,O2_beta_power,0.4285034373347435,0.4285034373347435
ADHD,channel,Fp1_alpha_power,O2_theta_beta_ratio,-0.1627181385510312,0.1627181385510312
ADHD,channel,Fp1_alpha_power,F7_delta_power,0.10253833950290851,0.10253833950290851
ADHD,channel,Fp1_alpha_power,F7_theta_power,0.38402961396086727,0.38402961396086727
ADHD,channel,Fp1_alpha_power,F7_alpha_power,0.6423585404547858,0.6423585404547858
ADHD,channel,Fp1_alpha_power,F7_beta_power,0.40708619777895294,0.40708619777895294
ADHD,channel,Fp1_alpha_power,F7_theta_beta_ratio,-0.016922263352723427,0.016922263352723427
ADHD,channel,Fp1_alpha_power,F8_delta_power,-0.09397144368059228,0.09397144368059228
ADHD,channel,Fp1_alpha_power,F8_theta_power,0.17895293495505024,0.17895293495505024
ADHD,channel,Fp1_alpha_power,F8_alpha_power,0.41782125859333685,0.41782125859333685
ADHD,channel,Fp1_alpha_power,F8_beta_power,0.3734003172924379,0.3734003172924379
ADHD,channel,Fp1_alpha_power,F8_theta_beta_ratio,-0.12152300370174511,0.12152300370174511
ADHD,channel,Fp1_alpha_power,T7_delta_power,0.28778424114225276,0.28778424114225276
ADHD,channel,Fp1_alpha_power,T7_theta_power,0.3872025383395029,0.3872025383395029
ADHD,channel,Fp1_alpha_power,T7_alpha_power,0.593918561607615,0.593918561607615
ADHD,channel,Fp1_alpha_power,T7_beta_power,0.38556319407720785,0.38556319407720785
ADHD,channel,Fp1_alpha_power,T7_theta_beta_ratio,0.013960867265996827,0.013960867265996827
ADHD,channel,Fp1_alpha_power,T8_delta_power,-0.011475409836065573,0.011475409836065573
ADHD,channel,Fp1_alpha_power,T8_theta_power,0.2810153358011634,0.2810153358011634
ADHD,channel,Fp1_alpha_power,T8_alpha_power,0.4180856689582232,0.4180856689582232
ADHD,channel,Fp1_alpha_power,T8_beta_power,0.2236911686938128,0.2236911686938128
ADHD,channel,Fp1_alpha_power,T8_theta_beta_ratio,0.14383923849814914,0.14383923849814914
ADHD,channel,Fp1_alpha_power,P7_delta_power,0.40824960338445265,0.40824960338445265
ADHD,channel,Fp1_alpha_power,P7_theta_power,0.4674246430460074,0.4674246430460074
ADHD,channel,Fp1_alpha_power,P7_alpha_power,0.632469592808038,0.632469592808038
ADHD,channel,Fp1_alpha_power,P7_beta_power,0.4512956107879429,0.4512956107879429
ADHD,channel,Fp1_alpha_power,P7_theta_beta_ratio,0.0701216287678477,0.0701216287678477
ADHD,channel,Fp1_alpha_power,P8_delta_power,0.07916446324695928,0.07916446324695928
ADHD,channel,Fp1_alpha_power,P8_theta_power,0.24246430460074034,0.24246430460074034
ADHD,channel,Fp1_alpha_power,P8_alpha_power,0.37932310946589104,0.37932310946589104
ADHD,channel,Fp1_alpha_power,P8_beta_power,0.26589106292966685,0.26589106292966685
ADHD,channel,Fp1_alpha_power,P8_theta_beta_ratio,0.04436805922792173,0.04436805922792173
ADHD,channel,Fp1_alpha_power,Fz_delta_power,0.43950290851401375,0.43950290851401375
ADHD,channel,Fp1_alpha_power,Fz_theta_power,0.6207826546800634,0.6207826546800634
ADHD,channel,Fp1_alpha_power,Fz_alpha_power,0.8214172395557906,0.8214172395557906
ADHD,channel,Fp1_alpha_power,Fz_beta_power,0.6271285034373347,0.6271285034373347
ADHD,channel,Fp1_alpha_power,Fz_theta_beta_ratio,-0.06821787414066631,0.06821787414066631
ADHD,channel,Fp1_alpha_power,Cz_delta_power,0.11438392384981491,0.11438392384981491
ADHD,channel,Fp1_alpha_power,Cz_theta_power,0.24690639873083026,0.24690639873083026
ADHD,channel,Fp1_alpha_power,Cz_alpha_power,0.4125330512956108,0.4125330512956108
ADHD,channel,Fp1_alpha_power,Cz_beta_power,0.5537810682178741,0.5537810682178741
ADHD,channel,Fp1_alpha_power,Cz_theta_beta_ratio,-0.23870967741935484,0.23870967741935484
ADHD,channel,Fp1_alpha_power,Pz_delta_power,0.40962453728186143,0.40962453728186143
ADHD,channel,Fp1_alpha_power,Pz_theta_power,0.49333685880486516,0.49333685880486516
ADHD,channel,Fp1_alpha_power,Pz_alpha_power,0.6046536224219989,0.6046536224219989
ADHD,channel,Fp1_alpha_power,Pz_beta_power,0.6672659968270757,0.6672659968270757
ADHD,channel,Fp1_alpha_power,Pz_theta_beta_ratio,-0.25690111052353254,0.25690111052353254
ADHD,channel,Fp1_beta_power,Fp1_theta_beta_ratio,-0.40951877313590695,0.40951877313590695
ADHD,channel,Fp1_beta_power,Fp2_delta_power,0.08995240613432047,0.08995240613432047
ADHD,channel,Fp1_beta_power,Fp2_theta_power,0.23907985193019565,0.23907985193019565
ADHD,channel,Fp1_beta_power,Fp2_alpha_power,0.38429402432575355,0.38429402432575355
ADHD,channel,Fp1_beta_power,Fp2_beta_power,0.7434690639873083,0.7434690639873083
ADHD,channel,Fp1_beta_power,Fp2_theta_beta_ratio,-0.30698043363299843,0.30698043363299843
ADHD,channel,Fp1_beta_power,F3_delta_power,0.15827604442094131,0.15827604442094131
ADHD,channel,Fp1_beta_power,F3_theta_power,0.4737704918032787,0.4737704918032787
ADHD,channel,Fp1_beta_power,F3_alpha_power,0.3911158117398202,0.3911158117398202
ADHD,channel,Fp1_beta_power,F3_beta_power,0.794923320994183,0.794923320994183
ADHD,channel,Fp1_beta_power,F3_theta_beta_ratio,-0.3588577472236912,0.3588577472236912
ADHD,channel,Fp1_beta_power,F4_delta_power,0.11586462189317821,0.11586462189317821
ADHD,channel,Fp1_beta_power,F4_theta_power,0.2646218931782126,0.2646218931782126
ADHD,channel,Fp1_beta_power,F4_alpha_power,0.20544685351665784,0.20544685351665784
ADHD,channel,Fp1_beta_power,F4_beta_power,0.6030142781597039,0.6030142781597039
ADHD,channel,Fp1_beta_power,F4_theta_beta_ratio,-0.31745108408249606,0.31745108408249606
ADHD,channel,Fp1_beta_power,C3_delta_power,0.12585933368588048,0.12585933368588048
ADHD,channel,Fp1_beta_power,C3_theta_power,0.4629825489159175,0.4629825489159175
ADHD,channel,Fp1_beta_power,C3_alpha_power,0.12363828662083554,0.12363828662083554
ADHD,channel,Fp1_beta_power,C3_beta_power,0.6309360126916975,0.6309360126916975
ADHD,channel,Fp1_beta_power,C3_theta_beta_ratio,-0.11856160761501851,0.11856160761501851
ADHD,channel,Fp1_beta_power,C4_delta_power,0.0449497620306716,0.0449497620306716
ADHD,channel,Fp1_beta_power,C4_theta_power,0.3170280274986779,0.3170280274986779
ADHD,channel,Fp1_beta_power,C4_alpha_power,0.113590692755156,0.113590692755156
ADHD,channel,Fp1_beta_power,C4_beta_power,0.44658910629296666,0.44658910629296666
ADHD,channel,Fp1_beta_power,C4_theta_beta_ratio,-0.18376520359598097,0.18376520359598097
ADHD,channel,Fp1_beta_power,P3_delta_power,0.25023796932839765,0.25023796932839765
ADHD,channel,Fp1_beta_power,P3_theta_power,0.4487572712850344,0.4487572712850344
ADHD,channel,Fp1_beta_power,P3_alpha_power,0.23844526705446853,0.23844526705446853
ADHD,channel,Fp1_beta_power,P3_beta_power,0.5595452141723956,0.5595452141723956
ADHD,channel,Fp1_beta_power,P3_theta_beta_ratio,-0.1434690639873083,0.1434690639873083
ADHD,channel,Fp1_beta_power,P4_delta_power,0.17181385510312006,0.17181385510312006
ADHD,channel,Fp1_beta_power,P4_theta_power,0.2670015864621893,0.2670015864621893
ADHD,channel,Fp1_beta_power,P4_alpha_power,0.17197250132205183,0.17197250132205183
ADHD,channel,Fp1_beta_power,P4_beta_power,0.4232681121099947,0.4232681121099947
ADHD,channel,Fp1_beta_power,P4_theta_beta_ratio,-0.20163934426229507,0.20163934426229507
ADHD,channel,Fp1_beta_power,O1_delta_power,0.1547858276044421,0.1547858276044421
ADHD,channel,Fp1_beta_power,O1_theta_power,0.22014806980433632,0.22014806980433632
ADHD,channel,Fp1_beta_power,O1_alpha_power,0.2469592808038075,0.2469592808038075
ADHD,channel,Fp1_beta_power,O1_beta_power,0.3538868323638287,0.3538868323638287
ADHD,channel,Fp1_beta_power,O1_theta_beta_ratio,-0.13141195134849287,0.13141195134849287
ADHD,channel,Fp1_beta_power,O2_delta_power,0.16879957694341619,0.16879957694341619
ADHD,channel,Fp1_beta_power,O2_theta_power,0.14410364886303542,0.14410364886303542
ADHD,channel,Fp1_beta_power,O2_alpha_power,0.23141195134849285,0.23141195134849285
ADHD,channel,Fp1_beta_power,O2_beta_power,0.30698043363299843,0.30698043363299843
ADHD,channel,Fp1_beta_power,O2_theta_beta_ratio,-0.16319407720782655,0.16319407720782655
ADHD,channel,Fp1_beta_power,F7_delta_power,-0.025806451612903226,0.025806451612903226
ADHD,channel,Fp1_beta_power,F7_theta_power,0.2034902168164992,0.2034902168164992
ADHD,channel,Fp1_beta_power,F7_alpha_power,0.22310946589106292,0.22310946589106292
ADHD,channel,Fp1_beta_power,F7_beta_power,0.6598096245372819,0.6598096245372819
ADHD,channel,Fp1_beta_power,F7_theta_beta_ratio,-0.4485986250661026,0.4485986250661026
ADHD,channel,Fp1_beta_power,F8_delta_power,0.003966155473294554,0.003966155473294554
ADHD,channel,Fp1_beta_power,F8_theta_power,0.1731887890005288,0.1731887890005288
ADHD,channel,Fp1_beta_power,F8_alpha_power,0.23051295610787942,0.23051295610787942
ADHD,channel,Fp1_beta_power,F8_beta_power,0.5758328926493919,0.5758328926493919
ADHD,channel,Fp1_beta_power,F8_theta_beta_ratio,-0.2803807509254363,0.2803807509254363
ADHD,channel,Fp1_beta_power,T7_delta_power,0.18455843469063987,0.18455843469063987
ADHD,channel,Fp1_beta_power,T7_theta_power,0.32321523003701746,0.32321523003701746
ADHD,channel,Fp1_beta_power,T7_alpha_power,0.23992596509783184,0.23992596509783184
ADHD,channel,Fp1_beta_power,T7_beta_power,0.51602326811211,0.51602326811211
ADHD,channel,Fp1_beta_power,T7_theta_beta_ratio,-0.09333685880486516,0.09333685880486516
ADHD,channel,Fp1_beta_power,T8_delta_power,-0.004759386567953464,0.004759386567953464
ADHD,channel,Fp1_beta_power,T8_theta_power,0.16858804865150714,0.16858804865150714
ADHD,channel,Fp1_beta_power,T8_alpha_power,0.0842411422527763,0.0842411422527763
ADHD,channel,Fp1_beta_power,T8_beta_power,0.3697514542570069,0.3697514542570069
ADHD,channel,Fp1_beta_power,T8_theta_beta_ratio,-0.17059756742464305,0.17059756742464305
ADHD,channel,Fp1_beta_power,P7_delta_power,0.20306716023268112,0.20306716023268112
ADHD,channel,Fp1_beta_power,P7_theta_power,0.361660497091486,0.361660497091486
ADHD,channel,Fp1_beta_power,P7_alpha_power,0.3220518244315177,0.3220518244315177
ADHD,channel,Fp1_beta_power,P7_beta_power,0.5065573770491804,0.5065573770491804
ADHD,channel,Fp1_beta_power,P7_theta_beta_ratio,-0.07340031729243786,0.07340031729243786
ADHD,channel,Fp1_beta_power,P8_delta_power,0.04225277630883131,0.04225277630883131
ADHD,channel,Fp1_beta_power,P8_theta_power,0.10576414595452142,0.10576414595452142
ADHD,channel,Fp1_beta_power,P8_alpha_power,0.10861977789529349,0.10861977789529349
ADHD,channel,Fp1_beta_power,P8_beta_power,0.26129032258064516,0.26129032258064516
ADHD,channel,Fp1_beta_power,P8_theta_beta_ratio,-0.14447382337387626,0.14447382337387626
ADHD,channel,Fp1_beta_power,Fz_delta_power,0.19592808038075094,0.19592808038075094
ADHD,channel,Fp1_beta_power,Fz_theta_power,0.4121099947117927,0.4121099947117927
ADHD,channel,Fp1_beta_power,Fz_alpha_power,0.3467477525118985,0.3467477525118985
ADHD,channel,Fp1_beta_power,Fz_beta_power,0.7791644632469593,0.7791644632469593
ADHD,channel,Fp1_beta_power,Fz_theta_beta_ratio,-0.4044949762030672,0.4044949762030672
ADHD,channel,Fp1_beta_power,Cz_delta_power,0.10798519301956637,0.10798519301956637
ADHD,channel,Fp1_beta_power,Cz_theta_power,0.212374405076679,0.212374405076679
ADHD,channel,Fp1_beta_power,Cz_alpha_power,0.13246959280803808,0.13246959280803808
ADHD,channel,Fp1_beta_power,Cz_beta_power,0.34960338445267053,0.34960338445267053
ADHD,channel,Fp1_beta_power,Cz_theta_beta_ratio,-0.13395029085140137,0.13395029085140137
ADHD,channel,Fp1_beta_power,Pz_delta_power,0.20544685351665784,0.20544685351665784
ADHD,channel,Fp1_beta_power,Pz_theta_power,0.4066102591221576,0.4066102591221576
ADHD,channel,Fp1_beta_power,Pz_alpha_power,0.3028027498677948,0.3028027498677948
ADHD,channel,Fp1_beta_power,Pz_beta_power,0.5792173453199365,0.5792173453199365
ADHD,channel,Fp1_beta_power,Pz_theta_beta_ratio,-0.24627181385510313,0.24627181385510313
ADHD,channel,Fp1_theta_beta_ratio,Fp2_delta_power,0.4891062929666843,0.4891062929666843
ADHD,channel,Fp1_theta_beta_ratio,Fp2_theta_power,0.5805393971443681,0.5805393971443681
ADHD,channel,Fp1_theta_beta_ratio,Fp2_alpha_power,0.266737176097303,0.266737176097303
ADHD,channel,Fp1_theta_beta_ratio,Fp2_beta_power,-0.3471179270227393,0.3471179270227393
ADHD,channel,Fp1_theta_beta_ratio,Fp2_theta_beta_ratio,0.8209413008989952,0.8209413008989952
ADHD,channel,Fp1_theta_beta_ratio,F3_delta_power,0.4282919090428345,0.4282919090428345
ADHD,channel,Fp1_theta_beta_ratio,F3_theta_power,0.19307244843997884,0.19307244843997884
ADHD,channel,Fp1_theta_beta_ratio,F3_alpha_power,0.1433632998413538,0.1433632998413538
ADHD,channel,Fp1_theta_beta_ratio,F3_beta_power,-0.2234267583289265,0.2234267583289265
ADHD,channel,Fp1_theta_beta_ratio,F3_theta_beta_ratio,0.5365943945002644,0.5365943945002644
ADHD,channel,Fp1_theta_beta_ratio,F4_delta_power,0.2647276573241671,0.2647276573241671
ADHD,channel,Fp1_theta_beta_ratio,F4_theta_power,0.2667900581702803,0.2667900581702803
ADHD,channel,Fp1_theta_beta_ratio,F4_alpha_power,0.2068746694870439,0.2068746694870439
ADHD,channel,Fp1_theta_beta_ratio,F4_beta_power,-0.1641988365943945,0.1641988365943945
ADHD,channel,Fp1_theta_beta_ratio,F4_theta_beta_ratio,0.45081967213114754,0.45081967213114754
ADHD,channel,Fp1_theta_beta_ratio,C3_delta_power,0.3948704389212057,0.3948704389212057
ADHD,channel,Fp1_theta_beta_ratio,C3_theta_power,0.2108937070333157,0.2108937070333157
ADHD,channel,Fp1_theta_beta_ratio,C3_alpha_power,0.1466948704389212,0.1466948704389212
ADHD,channel,Fp1_theta_beta_ratio,C3_beta_power,-0.09545214172395558,0.09545214172395558
ADHD,channel,Fp1_theta_beta_ratio,C3_theta_beta_ratio,0.30100475938656795,0.30100475938656795
ADHD,channel,Fp1_theta_beta_ratio,C4_delta_power,0.0858804865150714,0.0858804865150714
ADHD,channel,Fp1_theta_beta_ratio,C4_theta_power,0.059598096245372816,0.059598096245372816
ADHD,channel,Fp1_theta_beta_ratio,C4_alpha_power,-0.012533051295610787,0.012533051295610787
ADHD,channel,Fp1_theta_beta_ratio,C4_beta_power,-0.09365415124272872,0.09365415124272872
ADHD,channel,Fp1_theta_beta_ratio,C4_theta_beta_ratio,0.22950819672131148,0.22950819672131148
ADHD,channel,Fp1_theta_beta_ratio,P3_delta_power,0.2893707033315706,0.2893707033315706
ADHD,channel,Fp1_theta_beta_ratio,P3_theta_power,0.14331041776837652,0.14331041776837652
ADHD,channel,Fp1_theta_beta_ratio,P3_alpha_power,0.05906927551560021,0.05906927551560021
ADHD,channel,Fp1_theta_beta_ratio,P3_beta_power,0.019090428344791115,0.019090428344791115
ADHD,channel,Fp1_theta_beta_ratio,P3_theta_beta_ratio,0.18461131676361714,0.18461131676361714
ADHD,channel,Fp1_theta_beta_ratio,P4_delta_power,0.09873083024854575,0.09873083024854575
ADHD,channel,Fp1_theta_beta_ratio,P4_theta_power,0.17265996827075622,0.17265996827075622
ADHD,channel,Fp1_theta_beta_ratio,P4_alpha_power,0.05573770491803279,0.05573770491803279
ADHD,channel,Fp1_theta_beta_ratio,P4_beta_power,0.10534108937070333,0.10534108937070333
ADHD,channel,Fp1_theta_beta_ratio,P4_theta_beta_ratio,0.13744050766790059,0.13744050766790059
ADHD,channel,Fp1_theta_beta_ratio,O1_delta_power,0.17461660497091486,0.17461660497091486
ADHD,channel,Fp1_theta_beta_ratio,O1_theta_power,0.18064516129032257,0.18064516129032257
ADHD,channel,Fp1_theta_beta_ratio,O1_alpha_power,0.141988365943945,0.141988365943945
ADHD,channel,Fp1_theta_beta_ratio,O1_beta_power,0.10629296668429403,0.10629296668429403
ADHD,channel,Fp1_theta_beta_ratio,O1_theta_beta_ratio,0.12940243257535694,0.12940243257535694
ADHD,channel,Fp1_theta_beta_ratio,O2_delta_power,0.1022739291380222,0.1022739291380222
ADHD,channel,Fp1_theta_beta_ratio,O2_theta_power,0.18646218931782127,0.18646218931782127
ADHD,channel,Fp1_theta_beta_ratio,O2_alpha_power,0.07784241142252776,0.07784241142252776
ADHD,channel,Fp1_theta_beta_ratio,O2_beta_power,0.04299312533051296,0.04299312533051296
ADHD,channel,Fp1_theta_beta_ratio,O2_theta_beta_ratio,0.16329984135378106,0.16329984135378106
ADHD,channel,Fp1_theta_beta_ratio,F7_delta_power,0.18524590163934426,0.18524590163934426
ADHD,channel,Fp1_theta_beta_ratio,F7_theta_power,0.23622421998942358,0.23622421998942358
ADHD,channel,Fp1_theta_beta_ratio,F7_alpha_power,0.19968270756213644,0.19968270756213644
ADHD,channel,Fp1_theta_beta_ratio,F7_beta_power,-0.3124272871496563,0.3124272871496563
ADHD,channel,Fp1_theta_beta_ratio,F7_theta_beta_ratio,0.47355896351136967,0.47355896351136967
ADHD,channel,Fp1_theta_beta_ratio,F8_delta_power,0.14420941300898996,0.14420941300898996
ADHD,channel,Fp1_theta_beta_ratio,F8_theta_power,0.2243786356425172,0.2243786356425172
ADHD,channel,Fp1_theta_beta_ratio,F8_alpha_power,0.1621893178212586,0.1621893178212586
ADHD,channel,Fp1_theta_beta_ratio,F8_beta_power,-0.22453728186144897,0.22453728186144897
ADHD,channel,Fp1_theta_beta_ratio,F8_theta_beta_ratio,0.4244843997884717,0.4244843997884717
ADHD,channel,Fp1_theta_beta_ratio,T7_delta_power,0.22501322051824432,0.22501322051824432
ADHD,channel,Fp1_theta_beta_ratio,T7_theta_power,0.22728714965626653,0.22728714965626653
ADHD,channel,Fp1_theta_beta_ratio,T7_alpha_power,0.18090957165520888,0.18090957165520888
ADHD,channel,Fp1_theta_beta_ratio,T7_beta_power,-0.16329984135378106,0.16329984135378106
ADHD,channel,Fp1_theta_beta_ratio,T7_theta_beta_ratio,0.3442622950819672,0.3442622950819672
ADHD,channel,Fp1_theta_beta_ratio,T8_delta_power,0.06874669487043893,0.06874669487043893
ADHD,channel,Fp1_theta_beta_ratio,T8_theta_power,0.1488630354309889,0.1488630354309889
ADHD,channel,Fp1_theta_beta_ratio,T8_alpha_power,0.18043363299841353,0.18043363299841353
ADHD,channel,Fp1_theta_beta_ratio,T8_beta_power,-0.2294553146483342,0.2294553146483342
ADHD,channel,Fp1_theta_beta_ratio,T8_theta_beta_ratio,0.44674775251189847,0.44674775251189847
ADHD,channel,Fp1_theta_beta_ratio,P7_delta_power,0.2734531993654151,0.2734531993654151
ADHD,channel,Fp1_theta_beta_ratio,P7_theta_power,0.14706504494976202,0.14706504494976202
ADHD,channel,Fp1_theta_beta_ratio,P7_alpha_power,0.09799048122686409,0.09799048122686409
ADHD,channel,Fp1_theta_beta_ratio,P7_beta_power,-0.12014806980433633,0.12014806980433633
ADHD,channel,Fp1_theta_beta_ratio,P7_theta_beta_ratio,0.27852987837123216,0.27852987837123216
ADHD,channel,Fp1_theta_beta_ratio,P8_delta_power,0.20058170280274987,0.20058170280274987
ADHD,channel,Fp1_theta_beta_ratio,P8_theta_power,0.21099947117927023,0.21099947117927023
ADHD,channel,Fp1_theta_beta_ratio,P8_alpha_power,0.2343204653622422,0.2343204653622422
ADHD,channel,Fp1_theta_beta_ratio,P8_beta_power,-0.024854574299312534,0.024854574299312534
ADHD,channel,Fp1_theta_beta_ratio,P8_theta_beta_ratio,0.3350608143839239,0.3350608143839239
ADHD,channel,Fp1_theta_beta_ratio,Fz_delta_power,0.41205711263881545,0.41205711263881545
ADHD,channel,Fp1_theta_beta_ratio,Fz_theta_power,0.23749338974087783,0.23749338974087783
ADHD,channel,Fp1_theta_beta_ratio,Fz_alpha_power,0.1540983606557377,0.1540983606557377
ADHD,channel,Fp1_theta_beta_ratio,Fz_beta_power,-0.23151771549444738,0.23151771549444738
ADHD,channel,Fp1_theta_beta_ratio,Fz_theta_beta_ratio,0.5071919619249075,0.5071919619249075
ADHD,channel,Fp1_theta_beta_ratio,Cz_delta_power,0.15156002115282918,0.15156002115282918
ADHD,channel,Fp1_theta_beta_ratio,Cz_theta_power,0.1586991010047594,0.1586991010047594
ADHD,channel,Fp1_theta_beta_ratio,Cz_alpha_power,0.017345319936541512,0.017345319936541512
ADHD,channel,Fp1_theta_beta_ratio,Cz_beta_power,0.10116340560549973,0.10116340560549973
ADHD,channel,Fp1_theta_beta_ratio,Cz_theta_beta_ratio,0.09994711792702274,0.09994711792702274
ADHD,channel,Fp1_theta_beta_ratio,Pz_delta_power,0.2465362242199894,0.2465362242199894
ADHD,channel,Fp1_theta_beta_ratio,Pz_theta_power,0.18503437334743522,0.18503437334743522
ADHD,channel,Fp1_theta_beta_ratio,Pz_alpha_power,0.030301427815970387,0.030301427815970387
ADHD,channel,Fp1_theta_beta_ratio,Pz_beta_power,-0.006398730830248546,0.006398730830248546
ADHD,channel,Fp1_theta_beta_ratio,Pz_theta_beta_ratio,0.21406663141195134,0.21406663141195134
ADHD,channel,Fp2_delta_power,Fp2_theta_power,0.797778952934955,0.797778952934955
ADHD,channel,Fp2_delta_power,Fp2_alpha_power,0.4670015864621893,0.4670015864621893
ADHD,channel,Fp2_delta_power,Fp2_beta_power,0.18551031200423057,0.18551031200423057
ADHD,channel,Fp2_delta_power,Fp2_theta_beta_ratio,0.6373347435219461,0.6373347435219461
ADHD,channel,Fp2_delta_power,F3_delta_power,0.28725542041248014,0.28725542041248014
ADHD,channel,Fp2_delta_power,F3_theta_power,0.053305129561078794,0.053305129561078794
ADHD,channel,Fp2_delta_power,F3_alpha_power,0.010364886303543099,0.010364886303543099
ADHD,channel,Fp2_delta_power,F3_beta_power,0.015071390798519302,0.015071390798519302
ADHD,channel,Fp2_delta_power,F3_theta_beta_ratio,0.09164463246959281,0.09164463246959281
ADHD,channel,Fp2_delta_power,F4_delta_power,0.6356425171866738,0.6356425171866738
ADHD,channel,Fp2_delta_power,F4_theta_power,0.331041776837652,0.331041776837652
ADHD,channel,Fp2_delta_power,F4_alpha_power,0.25769434161819144,0.25769434161819144
ADHD,channel,Fp2_delta_power,F4_beta_power,0.10460074034902168,0.10460074034902168
ADHD,channel,Fp2_delta_power,F4_theta_beta_ratio,0.3017451084082496,0.3017451084082496
ADHD,channel,Fp2_delta_power,C3_delta_power,0.32966684294024323,0.32966684294024323
ADHD,channel,Fp2_delta_power,C3_theta_power,0.26953992596509785,0.26953992596509785
ADHD,channel,Fp2_delta_power,C3_alpha_power,0.06493918561607614,0.06493918561607614
ADHD,channel,Fp2_delta_power,C3_beta_power,0.06615547329455315,0.06615547329455315
ADHD,channel,Fp2_delta_power,C3_theta_beta_ratio,0.1508725542041248,0.1508725542041248
ADHD,channel,Fp2_delta_power,C4_delta_power,0.4562665256478054,0.4562665256478054
ADHD,channel,Fp2_delta_power,C4_theta_power,0.2696456901110523,0.2696456901110523
ADHD,channel,Fp2_delta_power,C4_alpha_power,0.13574828133262823,0.13574828133262823
ADHD,channel,Fp2_delta_power,C4_beta_power,0.10364886303543099,0.10364886303543099
ADHD,channel,Fp2_delta_power,C4_theta_beta_ratio,0.19873083024854574,0.19873083024854574
ADHD,channel,Fp2_delta_power,P3_delta_power,0.21792702273929138,0.21792702273929138
ADHD,channel,Fp2_delta_power,P3_theta_power,0.15378106821787413,0.15378106821787413
ADHD,channel,Fp2_delta_power,P3_alpha_power,0.02845055526176626,0.02845055526176626
ADHD,channel,Fp2_delta_power,P3_beta_power,0.08524590163934426,0.08524590163934426
ADHD,channel,Fp2_delta_power,P3_theta_beta_ratio,0.06991010047593865,0.06991010047593865
ADHD,channel,Fp2_delta_power,P4_delta_power,0.6019037546271814,0.6019037546271814
ADHD,channel,Fp2_delta_power,P4_theta_power,0.4565309360126917,0.4565309360126917
ADHD,channel,Fp2_delta_power,P4_alpha_power,0.15520888418826018,0.15520888418826018
ADHD,channel,Fp2_delta_power,P4_beta_power,0.28413537810682177,0.28413537810682177
ADHD,channel,Fp2_delta_power,P4_theta_beta_ratio,0.20301427815970385,0.20301427815970385
ADHD,channel,Fp2_delta_power,O1_delta_power,0.2204653622421999,0.2204653622421999
ADHD,channel,Fp2_delta_power,O1_theta_power,0.2187202538339503,0.2187202538339503
ADHD,channel,Fp2_delta_power,O1_alpha_power,0.11676361713379164,0.11676361713379164
ADHD,channel,Fp2_delta_power,O1_beta_power,0.12681121099947118,0.12681121099947118
ADHD,channel,Fp2_delta_power,O1_theta_beta_ratio,0.07445795875198308,0.07445795875198308
ADHD,channel,Fp2_delta_power,O2_delta_power,0.4490216816499207,0.4490216816499207
ADHD,channel,Fp2_delta_power,O2_theta_power,0.3655737704918033,0.3655737704918033
ADHD,channel,Fp2_delta_power,O2_alpha_power,0.21274457958751983,0.21274457958751983
ADHD,channel,Fp2_delta_power,O2_beta_power,0.16023268112109995,0.16023268112109995
ADHD,channel,Fp2_delta_power,O2_theta_beta_ratio,0.23855103120042306,0.23855103120042306
ADHD,channel,Fp2_delta_power,F7_delta_power,0.1195134849286092,0.1195134849286092
ADHD,channel,Fp2_delta_power,F7_theta_power,0.15542041248016922,0.15542041248016922
ADHD,channel,Fp2_delta_power,F7_alpha_power,0.12575356953992597,0.12575356953992597
ADHD,channel,Fp2_delta_power,F7_beta_power,0.03839238498149127,0.03839238498149127
ADHD,channel,Fp2_delta_power,F7_theta_beta_ratio,0.05118984664198837,0.05118984664198837
ADHD,channel,Fp2_delta_power,F8_delta_power,0.5175039661554733,0.5175039661554733
ADHD,channel,Fp2_delta_power,F8_theta_power,0.5611845584346906,0.5611845584346906
ADHD,channel,Fp2_delta_power,F8_alpha_power,0.4766261237440508,0.4766261237440508
ADHD,channel,Fp2_delta_power,F8_beta_power,0.18524590163934426,0.18524590163934426
ADHD,channel,Fp2_delta_power,F8_theta_beta_ratio,0.4535695399259651,0.4535695399259651
ADHD,channel,Fp2_delta_power,T7_delta_power,0.15758857747223692,0.15758857747223692
ADHD,channel,Fp2_delta_power,T7_theta_power,0.1948704389212057,0.1948704389212057
ADHD,channel,Fp2_delta_power,T7_alpha_power,0.14690639873083025,0.14690639873083025
ADHD,channel,Fp2_delta_power,T7_beta_power,-0.011634056054997356,0.011634056054997356
ADHD,channel,Fp2_delta_power,T7_theta_beta_ratio,0.185193019566367,0.185193019566367
ADHD,channel,Fp2_delta_power,T8_delta_power,0.36224219989423584,0.36224219989423584
ADHD,channel,Fp2_delta_power,T8_theta_power,0.37678476996298255,0.37678476996298255
ADHD,channel,Fp2_delta_power,T8_alpha_power,0.303648863035431,0.303648863035431
ADHD,channel,Fp2_delta_power,T8_beta_power,0.1017451084082496,0.1017451084082496
ADHD,channel,Fp2_delta_power,T8_theta_beta_ratio,0.353146483342147,0.353146483342147
ADHD,channel,Fp2_delta_power,P7_delta_power,0.18831306187202537,0.18831306187202537
ADHD,channel,Fp2_delta_power,P7_theta_power,0.12496033844526705,0.12496033844526705
ADHD,channel,Fp2_delta_power,P7_alpha_power,0.14309888947646748,0.14309888947646748
ADHD,channel,Fp2_delta_power,P7_beta_power,0.19561078794288736,0.19561078794288736
ADHD,channel,Fp2_delta_power,P7_theta_beta_ratio,-0.03923849814912744,0.03923849814912744
ADHD,channel,Fp2_delta_power,P8_delta_power,0.576679005817028,0.576679005817028
ADHD,channel,Fp2_delta_power,P8_theta_power,0.46805922792173454,0.46805922792173454
ADHD,channel,Fp2_delta_power,P8_alpha_power,0.3940772078265468,0.3940772078265468
ADHD,channel,Fp2_delta_power,P8_beta_power,0.24918032786885247,0.24918032786885247
ADHD,channel,Fp2_delta_power,P8_theta_beta_ratio,0.30962453728186146,0.30962453728186146
ADHD,channel,Fp2_delta_power,Fz_delta_power,0.38122686409307244,0.38122686409307244
ADHD,channel,Fp2_delta_power,Fz_theta_power,0.13717609730301428,0.13717609730301428
ADHD,channel,Fp2_delta_power,Fz_alpha_power,0.05891062929666843,0.05891062929666843
ADHD,channel,Fp2_delta_power,Fz_beta_power,-0.012004230565838181,0.012004230565838181
ADHD,channel,Fp2_delta_power,Fz_theta_beta_ratio,0.14780539397144368,0.14780539397144368
ADHD,channel,Fp2_delta_power,Cz_delta_power,0.568164992067689,0.568164992067689
ADHD,channel,Fp2_delta_power,Cz_theta_power,0.3241142252776309,0.3241142252776309
ADHD,channel,Fp2_delta_power,Cz_alpha_power,0.1571655208884188,0.1571655208884188
ADHD,channel,Fp2_delta_power,Cz_beta_power,0.21438392384981492,0.21438392384981492
ADHD,channel,Fp2_delta_power,Cz_theta_beta_ratio,0.13157059756742465,0.13157059756742465
ADHD,channel,Fp2_delta_power,Pz_delta_power,0.1350079323109466,0.1350079323109466
ADHD,channel,Fp2_delta_power,Pz_theta_power,0.16361713379164464,0.16361713379164464
ADHD,channel,Fp2_delta_power,Pz_alpha_power,-0.012903225806451613,0.012903225806451613
ADHD,channel,Fp2_delta_power,Pz_beta_power,0.024907456372289794,0.024907456372289794
ADHD,channel,Fp2_delta_power,Pz_theta_beta_ratio,0.12781597038603915,0.12781597038603915
ADHD,channel,Fp2_theta_power,Fp2_alpha_power,0.7028027498677948,0.7028027498677948
ADHD,channel,Fp2_theta_power,Fp2_beta_power,0.34262295081967215,0.34262295081967215
ADHD,channel,Fp2_theta_power,Fp2_theta_beta_ratio,0.6328926493918562,0.6328926493918562
ADHD,channel,Fp2_theta_power,F3_delta_power,0.25594923320994184,0.25594923320994184
ADHD,channel,Fp2_theta_power,F3_theta_power,0.2828662083553675,0.2828662083553675
ADHD,channel,Fp2_theta_power,F3_alpha_power,0.23987308302485458,0.23987308302485458
ADHD,channel,Fp2_theta_power,F3_beta_power,0.19122157588577474,0.19122157588577474
ADHD,channel,Fp2_theta_power,F3_theta_beta_ratio,0.16726599682707563,0.16726599682707563
ADHD,channel,Fp2_theta_power,F4_delta_power,0.4913802221047065,0.4913802221047065
ADHD,channel,Fp2_theta_power,F4_theta_power,0.5408778424114226,0.5408778424114226
ADHD,channel,Fp2_theta_power,F4_alpha_power,0.4384452670544685,0.4384452670544685
ADHD,channel,Fp2_theta_power,F4_beta_power,0.291274457958752,0.291274457958752
ADHD,channel,Fp2_theta_power,F4_theta_beta_ratio,0.2993654151242729,0.2993654151242729
ADHD,channel,Fp2_theta_power,C3_delta_power,0.26282390269698575,0.26282390269698575
ADHD,channel,Fp2_theta_power,C3_theta_power,0.40396615547329456,0.40396615547329456
ADHD,channel,Fp2_theta_power,C3_alpha_power,0.10475938656795346,0.10475938656795346
ADHD,channel,Fp2_theta_power,C3_beta_power,0.18339502908514013,0.18339502908514013
ADHD,channel,Fp2_theta_power,C3_theta_beta_ratio,0.21121099947117927,0.21121099947117927
ADHD,channel,Fp2_theta_power,C4_delta_power,0.2802221047065045,0.2802221047065045
ADHD,channel,Fp2_theta_power,C4_theta_power,0.43104177683765205,0.43104177683765205
ADHD,channel,Fp2_theta_power,C4_alpha_power,0.13707033315705977,0.13707033315705977
ADHD,channel,Fp2_theta_power,C4_beta_power,0.20893707033315706,0.20893707033315706
ADHD,channel,Fp2_theta_power,C4_theta_beta_ratio,0.2675304071919619,0.2675304071919619
ADHD,channel,Fp2_theta_power,P3_delta_power,0.26784769962982546,0.26784769962982546
ADHD,channel,Fp2_theta_power,P3_theta_power,0.3121099947117927,0.3121099947117927
ADHD,channel,Fp2_theta_power,P3_alpha_power,0.10867265996827076,0.10867265996827076
ADHD,channel,Fp2_theta_power,P3_beta_power,0.24114225277630882,0.24114225277630882
ADHD,channel,Fp2_theta_power,P3_theta_beta_ratio,0.10401903754627181,0.10401903754627181
ADHD,channel,Fp2_theta_power,P4_delta_power,0.3924378635642517,0.3924378635642517
ADHD,channel,Fp2_theta_power,P4_theta_power,0.5257006874669488,0.5257006874669488
ADHD,channel,Fp2_theta_power,P4_alpha_power,0.19122157588577474,0.19122157588577474
ADHD,channel,Fp2_theta_power,P4_beta_power,0.40861977789529347,0.40861977789529347
ADHD,channel,Fp2_theta_power,P4_theta_beta_ratio,0.14368059227921734,0.14368059227921734
ADHD,channel,Fp2_theta_power,O1_delta_power,0.19338974087784241,0.19338974087784241
ADHD,channel,Fp2_theta_power,O1_theta_power,0.2493918561607615,0.2493918561607615
ADHD,channel,Fp2_theta_power,O1_alpha_power,0.22443151771549444,0.22443151771549444
ADHD,channel,Fp2_theta_power,O1_beta_power,0.21517715494447381,0.21517715494447381
ADHD,channel,Fp2_theta_power,O1_theta_beta_ratio,0.0663670015864622,0.0663670015864622
ADHD,channel,Fp2_theta_power,O2_delta_power,0.30465362242199895,0.30465362242199895
ADHD,channel,Fp2_theta_power,O2_theta_power,0.3361713379164463,0.3361713379164463
ADHD,channel,Fp2_theta_power,O2_alpha_power,0.2310946589106293,0.2310946589106293
ADHD,channel,Fp2_theta_power,O2_beta_power,0.23421470121628768,0.23421470121628768
ADHD,channel,Fp2_theta_power,O2_theta_beta_ratio,0.13532522474881015,0.13532522474881015
ADHD,channel,Fp2_theta_power,F7_delta_power,-0.04225277630883131,0.04225277630883131
ADHD,channel,Fp2_theta_power,F7_theta_power,0.22384981491274458,0.22384981491274458
ADHD,channel,Fp2_theta_power,F7_alpha_power,0.2834479111581174,0.2834479111581174
ADHD,channel,Fp2_theta_power,F7_beta_power,0.11290322580645161,0.11290322580645161
ADHD,channel,Fp2_theta_power,F7_theta_beta_ratio,0.07112638815441566,0.07112638815441566
ADHD,channel,Fp2_theta_power,F8_delta_power,0.3026969857218403,0.3026969857218403
ADHD,channel,Fp2_theta_power,F8_theta_power,0.5676361713379164,0.5676361713379164
ADHD,channel,Fp2_theta_power,F8_alpha_power,0.5609201480698044,0.5609201480698044
ADHD,channel,Fp2_theta_power,F8_beta_power,0.27757800105764147,0.27757800105764147
ADHD,channel,Fp2_theta_power,F8_theta_beta_ratio,0.39254362771020623,0.39254362771020623
ADHD,channel,Fp2_theta_power,T7_delta_power,0.1417239555790587,0.1417239555790587
ADHD,channel,Fp2_theta_power,T7_theta_power,0.3226335272342676,0.3226335272342676
ADHD,channel,Fp2_theta_power,T7_alpha_power,0.2740877842411423,0.2740877842411423
ADHD,channel,Fp2_theta_power,T7_beta_power,0.15071390798519302,0.15071390798519302
ADHD,channel,Fp2_theta_power,T7_theta_beta_ratio,0.1931253305129561,0.1931253305129561
ADHD,channel,Fp2_theta_power,T8_delta_power,0.1814383923849815,0.1814383923849815
ADHD,channel,Fp2_theta_power,T8_theta_power,0.39994711792702275,0.39994711792702275
ADHD,channel,Fp2_theta_power,T8_alpha_power,0.31195134849286094,0.31195134849286094
ADHD,channel,Fp2_theta_power,T8_beta_power,0.16308831306187202,0.16308831306187202
ADHD,channel,Fp2_theta_power,T8_theta_beta_ratio,0.32845055526176625,0.32845055526176625
ADHD,channel,Fp2_theta_power,P7_delta_power,0.2317821258593337,0.2317821258593337
ADHD,channel,Fp2_theta_power,P7_theta_power,0.27451084082496036,0.27451084082496036
ADHD,channel,Fp2_theta_power,P7_alpha_power,0.27091485986250663,0.27091485986250663
ADHD,channel,Fp2_theta_power,P7_beta_power,0.24331041776837653,0.24331041776837653
ADHD,channel,Fp2_theta_power,P7_theta_beta_ratio,0.09978847170809095,0.09978847170809095
ADHD,channel,Fp2_theta_power,P8_delta_power,0.42940243257535693,0.42940243257535693
ADHD,channel,Fp2_theta_power,P8_theta_power,0.4636700158646219,0.4636700158646219
ADHD,channel,Fp2_theta_power,P8_alpha_power,0.40491803278688526,0.40491803278688526
ADHD,channel,Fp2_theta_power,P8_beta_power,0.312374405076679,0.312374405076679
ADHD,channel,Fp2_theta_power,P8_theta_beta_ratio,0.29201480698043364,0.29201480698043364
ADHD,channel,Fp2_theta_power,Fz_delta_power,0.3761501850872554,0.3761501850872554
ADHD,channel,Fp2_theta_power,Fz_theta_power,0.3760444209413009,0.3760444209413009
ADHD,channel,Fp2_theta_power,Fz_alpha_power,0.2792702273929138,0.2792702273929138
ADHD,channel,Fp2_theta_power,Fz_beta_power,0.1763088313061872,0.1763088313061872
ADHD,channel,Fp2_theta_power,Fz_theta_beta_ratio,0.201216287678477,0.201216287678477
ADHD,channel,Fp2_theta_power,Cz_delta_power,0.39153886832363827,0.39153886832363827
ADHD,channel,Fp2_theta_power,Cz_theta_power,0.440772078265468,0.440772078265468
ADHD,channel,Fp2_theta_power,Cz_alpha_power,0.1398202009518773,0.1398202009518773
ADHD,channel,Fp2_theta_power,Cz_beta_power,0.3353781068217874,0.3353781068217874
ADHD,channel,Fp2_theta_power,Cz_theta_beta_ratio,0.1222104706504495,0.1222104706504495
ADHD,channel,Fp2_theta_power,Pz_delta_power,0.19053410893707035,0.19053410893707035
ADHD,channel,Fp2_theta_power,Pz_theta_power,0.32591221575885776,0.32591221575885776
ADHD,channel,Fp2_theta_power,Pz_alpha_power,0.10782654680063458,0.10782654680063458
ADHD,channel,Fp2_theta_power,Pz_beta_power,0.22887361184558436,0.22887361184558436
ADHD,channel,Fp2_theta_power,Pz_theta_beta_ratio,0.0967741935483871,0.0967741935483871
ADHD,channel,Fp2_alpha_power,Fp2_beta_power,0.5080909571655209,0.5080909571655209
ADHD,channel,Fp2_alpha_power,Fp2_theta_beta_ratio,0.2589106292966684,0.2589106292966684
ADHD,channel,Fp2_alpha_power,F3_delta_power,0.11406663141195135,0.11406663141195135
ADHD,channel,Fp2_alpha_power,F3_theta_power,0.3061872025383395,0.3061872025383395
ADHD,channel,Fp2_alpha_power,F3_alpha_power,0.6071390798519302,0.6071390798519302
ADHD,channel,Fp2_alpha_power,F3_beta_power,0.4443680592279217,0.4443680592279217
ADHD,channel,Fp2_alpha_power,F3_theta_beta_ratio,-0.13289264939185616,0.13289264939185616
ADHD,channel,Fp2_alpha_power,F4_delta_power,0.3007403490216817,0.3007403490216817
ADHD,channel,Fp2_alpha_power,F4_theta_power,0.561872025383395,0.561872025383395
ADHD,channel,Fp2_alpha_power,F4_alpha_power,0.7612903225806451,0.7612903225806451
ADHD,channel,Fp2_alpha_power,F4_beta_power,0.6205182443151771,0.6205182443151771
ADHD,channel,Fp2_alpha_power,F4_theta_beta_ratio,-0.028820729772607086,0.028820729772607086
ADHD,channel,Fp2_alpha_power,C3_delta_power,0.13865679534637756,0.13865679534637756
ADHD,channel,Fp2_alpha_power,C3_theta_power,0.317239555790587,0.317239555790587
ADHD,channel,Fp2_alpha_power,C3_alpha_power,0.32268640930724485,0.32268640930724485
ADHD,channel,Fp2_alpha_power,C3_beta_power,0.386620835536753,0.386620835536753
ADHD,channel,Fp2_alpha_power,C3_theta_beta_ratio,-0.0807509254362771,0.0807509254362771
ADHD,channel,Fp2_alpha_power,C4_delta_power,0.20999471179270227,0.20999471179270227
ADHD,channel,Fp2_alpha_power,C4_theta_power,0.4800634584875727,0.4800634584875727
ADHD,channel,Fp2_alpha_power,C4_alpha_power,0.4100475938656795,0.4100475938656795
ADHD,channel,Fp2_alpha_power,C4_beta_power,0.5197250132205182,0.5197250132205182
ADHD,channel,Fp2_alpha_power,C4_theta_beta_ratio,-0.029455314648334216,0.029455314648334216
ADHD,channel,Fp2_alpha_power,P3_delta_power,0.24325753569539926,0.24325753569539926
ADHD,channel,Fp2_alpha_power,P3_theta_power,0.26953992596509785,0.26953992596509785
ADHD,channel,Fp2_alpha_power,P3_alpha_power,0.41623479640401906,0.41623479640401906
ADHD,channel,Fp2_alpha_power,P3_beta_power,0.44812268640930725,0.44812268640930725
ADHD,channel,Fp2_alpha_power,P3_theta_beta_ratio,-0.22215758857747223,0.22215758857747223
ADHD,channel,Fp2_alpha_power,P4_delta_power,0.3598096245372819,0.3598096245372819
ADHD,channel,Fp2_alpha_power,P4_theta_power,0.5538339502908514,0.5538339502908514
ADHD,channel,Fp2_alpha_power,P4_alpha_power,0.5616076150185088,0.5616076150185088
ADHD,channel,Fp2_alpha_power,P4_beta_power,0.6496033844526705,0.6496033844526705
ADHD,channel,Fp2_alpha_power,P4_theta_beta_ratio,-0.08635642517186674,0.08635642517186674
ADHD,channel,Fp2_alpha_power,O1_delta_power,0.202432575356954,0.202432575356954
ADHD,channel,Fp2_alpha_power,O1_theta_power,0.22464304600740348,0.22464304600740348
ADHD,channel,Fp2_alpha_power,O1_alpha_power,0.45256478053939714,0.45256478053939714
ADHD,channel,Fp2_alpha_power,O1_beta_power,0.30787942887361186,0.30787942887361186
ADHD,channel,Fp2_alpha_power,O1_theta_beta_ratio,-0.03289264939185616,0.03289264939185616
ADHD,channel,Fp2_alpha_power,O2_delta_power,0.31523003701745106,0.31523003701745106
ADHD,channel,Fp2_alpha_power,O2_theta_power,0.41216287678477,0.41216287678477
ADHD,channel,Fp2_alpha_power,O2_alpha_power,0.475251189846642,0.475251189846642
ADHD,channel,Fp2_alpha_power,O2_beta_power,0.4759915388683236,0.4759915388683236
ADHD,channel,Fp2_alpha_power,O2_theta_beta_ratio,0.012057112638815442,0.012057112638815442
ADHD,channel,Fp2_alpha_power,F7_delta_power,-0.07271285034373347,0.07271285034373347
ADHD,channel,Fp2_alpha_power,F7_theta_power,0.17440507667900582,0.17440507667900582
ADHD,channel,Fp2_alpha_power,F7_alpha_power,0.4985193019566367,0.4985193019566367
ADHD,channel,Fp2_alpha_power,F7_beta_power,0.3465362242199894,0.3465362242199894
ADHD,channel,Fp2_alpha_power,F7_theta_beta_ratio,-0.1404019037546272,0.1404019037546272
ADHD,channel,Fp2_alpha_power,F8_delta_power,0.10512956107879429,0.10512956107879429
ADHD,channel,Fp2_alpha_power,F8_theta_power,0.39254362771020623,0.39254362771020623
ADHD,channel,Fp2_alpha_power,F8_alpha_power,0.6319407720782655,0.6319407720782655
ADHD,channel,Fp2_alpha_power,F8_beta_power,0.4756742464304601,0.4756742464304601
ADHD,channel,Fp2_alpha_power,F8_theta_beta_ratio,0.05002644103648863,0.05002644103648863
ADHD,channel,Fp2_alpha_power,T7_delta_power,0.11311475409836065,0.11311475409836065
ADHD,channel,Fp2_alpha_power,T7_theta_power,0.230830248545743,0.230830248545743
ADHD,channel,Fp2_alpha_power,T7_alpha_power,0.5042305658381808,0.5042305658381808
ADHD,channel,Fp2_alpha_power,T7_beta_power,0.29989423585404545,0.29989423585404545
ADHD,channel,Fp2_alpha_power,T7_theta_beta_ratio,-0.06398730830248546,0.06398730830248546
ADHD,channel,Fp2_alpha_power,T8_delta_power,0.1977260708619778,0.1977260708619778
ADHD,channel,Fp2_alpha_power,T8_theta_power,0.5092014806980434,0.5092014806980434
ADHD,channel,Fp2_alpha_power,T8_alpha_power,0.5921734531993654,0.5921734531993654
ADHD,channel,Fp2_alpha_power,T8_beta_power,0.40861977789529347,0.40861977789529347
ADHD,channel,Fp2_alpha_power,T8_theta_beta_ratio,0.1985193019566367,0.1985193019566367
ADHD,channel,Fp2_alpha_power,P7_delta_power,0.21433104177683765,0.21433104177683765
ADHD,channel,Fp2_alpha_power,P7_theta_power,0.2900052882072977,0.2900052882072977
ADHD,channel,Fp2_alpha_power,P7_alpha_power,0.53590692755156,0.53590692755156
ADHD,channel,Fp2_alpha_power,P7_beta_power,0.41110523532522475,0.41110523532522475
ADHD,channel,Fp2_alpha_power,P7_theta_beta_ratio,-0.074034902168165,0.074034902168165
ADHD,channel,Fp2_alpha_power,P8_delta_power,0.3051295610787943,0.3051295610787943
ADHD,channel,Fp2_alpha_power,P8_theta_power,0.4691168693812797,0.4691168693812797
ADHD,channel,Fp2_alpha_power,P8_alpha_power,0.5786356425171867,0.5786356425171867
ADHD,channel,Fp2_alpha_power,P8_beta_power,0.44732945531464835,0.44732945531464835
ADHD,channel,Fp2_alpha_power,P8_theta_beta_ratio,0.15002644103648863,0.15002644103648863
ADHD,channel,Fp2_alpha_power,Fz_delta_power,0.2967741935483871,0.2967741935483871
ADHD,channel,Fp2_alpha_power,Fz_theta_power,0.3916446324695928,0.3916446324695928
ADHD,channel,Fp2_alpha_power,Fz_alpha_power,0.6459545214172395,0.6459545214172395
ADHD,channel,Fp2_alpha_power,Fz_beta_power,0.48741406663141196,0.48741406663141196
ADHD,channel,Fp2_alpha_power,Fz_theta_beta_ratio,-0.15795875198307774,0.15795875198307774
ADHD,channel,Fp2_alpha_power,Cz_delta_power,0.2992067689053411,0.2992067689053411
ADHD,channel,Fp2_alpha_power,Cz_theta_power,0.38503437334743523,0.38503437334743523
ADHD,channel,Fp2_alpha_power,Cz_alpha_power,0.49799048122686407,0.49799048122686407
ADHD,channel,Fp2_alpha_power,Cz_beta_power,0.5636171337916447,0.5636171337916447
ADHD,channel,Fp2_alpha_power,Cz_theta_beta_ratio,-0.12363828662083554,0.12363828662083554
ADHD,channel,Fp2_alpha_power,Pz_delta_power,0.1849286092014807,0.1849286092014807
ADHD,channel,Fp2_alpha_power,Pz_theta_power,0.2569539925965098,0.2569539925965098
ADHD,channel,Fp2_alpha_power,Pz_alpha_power,0.43987308302485456,0.43987308302485456
ADHD,channel,Fp2_alpha_power,Pz_beta_power,0.4602855631940772,0.4602855631940772
ADHD,channel,Fp2_alpha_power,Pz_theta_beta_ratio,-0.23479640401903754,0.23479640401903754
ADHD,channel,Fp2_beta_power,Fp2_theta_beta_ratio,-0.43564251718667374,0.43564251718667374
ADHD,channel,Fp2_beta_power,F3_delta_power,0.022792173453199366,0.022792173453199366
ADHD,channel,Fp2_beta_power,F3_theta_power,0.22464304600740348,0.22464304600740348
ADHD,channel,Fp2_beta_power,F3_alpha_power,0.25806451612903225,0.25806451612903225
ADHD,channel,Fp2_beta_power,F3_beta_power,0.5848228450555262,0.5848228450555262
ADHD,channel,Fp2_beta_power,F3_theta_beta_ratio,-0.3923320994182972,0.3923320994182972
ADHD,channel,Fp2_beta_power,F4_delta_power,0.18757271285034374,0.18757271285034374
ADHD,channel,Fp2_beta_power,F4_theta_power,0.32189317821258595,0.32189317821258595
ADHD,channel,Fp2_beta_power,F4_alpha_power,0.3199365415124273,0.3199365415124273
ADHD,channel,Fp2_beta_power,F4_beta_power,0.7016922263352724,0.7016922263352724
ADHD,channel,Fp2_beta_power,F4_theta_beta_ratio,-0.35393971443680594,0.35393971443680594
ADHD,channel,Fp2_beta_power,C3_delta_power,0.027234267583289264,0.027234267583289264
ADHD,channel,Fp2_beta_power,C3_theta_power,0.2940772078265468,0.2940772078265468
ADHD,channel,Fp2_beta_power,C3_alpha_power,0.07678476996298254,0.07678476996298254
ADHD,channel,Fp2_beta_power,C3_beta_power,0.44664198836594393,0.44664198836594393
ADHD,channel,Fp2_beta_power,C3_theta_beta_ratio,-0.1207297726070862,0.1207297726070862
ADHD,channel,Fp2_beta_power,C4_delta_power,0.18350079323109467,0.18350079323109467
ADHD,channel,Fp2_beta_power,C4_theta_power,0.3573241671073506,0.3573241671073506
ADHD,channel,Fp2_beta_power,C4_alpha_power,0.22644103648863034,0.22644103648863034
ADHD,channel,Fp2_beta_power,C4_beta_power,0.5428873611845584,0.5428873611845584
ADHD,channel,Fp2_beta_power,C4_theta_beta_ratio,-0.2212585933368588,0.2212585933368588
ADHD,channel,Fp2_beta_power,P3_delta_power,0.1534108937070333,0.1534108937070333
ADHD,channel,Fp2_beta_power,P3_theta_power,0.21718667371760972,0.21718667371760972
ADHD,channel,Fp2_beta_power,P3_alpha_power,0.1500793231094659,0.1500793231094659
ADHD,channel,Fp2_beta_power,P3_beta_power,0.41930195663670017,0.41930195663670017
ADHD,channel,Fp2_beta_power,P3_theta_beta_ratio,-0.2154944473823374,0.2154944473823374
ADHD,channel,Fp2_beta_power,P4_delta_power,0.27948175568482286,0.27948175568482286
ADHD,channel,Fp2_beta_power,P4_theta_power,0.2704389212057113,0.2704389212057113
ADHD,channel,Fp2_beta_power,P4_alpha_power,0.21813855103120042,0.21813855103120042
ADHD,channel,Fp2_beta_power,P4_beta_power,0.4617662612374405,0.4617662612374405
ADHD,channel,Fp2_beta_power,P4_theta_beta_ratio,-0.24061343204653624,0.24061343204653624
ADHD,channel,Fp2_beta_power,O1_delta_power,0.1125330512956108,0.1125330512956108
ADHD,channel,Fp2_beta_power,O1_theta_power,0.1064516129032258,0.1064516129032258
ADHD,channel,Fp2_beta_power,O1_alpha_power,0.17451084082496035,0.17451084082496035
ADHD,channel,Fp2_beta_power,O1_beta_power,0.2847699629825489,0.2847699629825489
ADHD,channel,Fp2_beta_power,O1_theta_beta_ratio,-0.15267054468535166,0.15267054468535166
ADHD,channel,Fp2_beta_power,O2_delta_power,0.18339502908514013,0.18339502908514013
ADHD,channel,Fp2_beta_power,O2_theta_power,0.09804336329984135,0.09804336329984135
ADHD,channel,Fp2_beta_power,O2_alpha_power,0.17265996827075622,0.17265996827075622
ADHD,channel,Fp2_beta_power,O2_beta_power,0.3811210999471179,0.3811210999471179
ADHD,channel,Fp2_beta_power,O2_theta_beta_ratio,-0.24727657324167107,0.24727657324167107
ADHD,channel,Fp2_beta_power,F7_delta_power,-0.09619249074563722,0.09619249074563722
ADHD,channel,Fp2_beta_power,F7_theta_power,0.08804865150713909,0.08804865150713909
ADHD,channel,Fp2_beta_power,F7_alpha_power,0.21353781068217875,0.21353781068217875
ADHD,channel,Fp2_beta_power,F7_beta_power,0.5792173453199365,0.5792173453199365
ADHD,channel,Fp2_beta_power,F7_theta_beta_ratio,-0.4374405076679006,0.4374405076679006
ADHD,channel,Fp2_beta_power,F8_delta_power,0.12157588577472236,0.12157588577472236
ADHD,channel,Fp2_beta_power,F8_theta_power,0.23833950290851402,0.23833950290851402
ADHD,channel,Fp2_beta_power,F8_alpha_power,0.34960338445267053,0.34960338445267053
ADHD,channel,Fp2_beta_power,F8_beta_power,0.6592808038075093,0.6592808038075093
ADHD,channel,Fp2_beta_power,F8_theta_beta_ratio,-0.20163934426229507,0.20163934426229507
ADHD,channel,Fp2_beta_power,T7_delta_power,0.10481226864093073,0.10481226864093073
ADHD,channel,Fp2_beta_power,T7_theta_power,0.18857747223691168,0.18857747223691168
ADHD,channel,Fp2_beta_power,T7_alpha_power,0.22014806980433632,0.22014806980433632
ADHD,channel,Fp2_beta_power,T7_beta_power,0.3880486515071391,0.3880486515071391
ADHD,channel,Fp2_beta_power,T7_theta_beta_ratio,-0.14309888947646748,0.14309888947646748
ADHD,channel,Fp2_beta_power,T8_delta_power,0.12940243257535694,0.12940243257535694
ADHD,channel,Fp2_beta_power,T8_theta_power,0.24706504494976203,0.24706504494976203
ADHD,channel,Fp2_beta_power,T8_alpha_power,0.1711792702273929,0.1711792702273929
ADHD,channel,Fp2_beta_power,T8_beta_power,0.501427815970386,0.501427815970386
ADHD,channel,Fp2_beta_power,T8_theta_beta_ratio,-0.21935483870967742,0.21935483870967742
ADHD,channel,Fp2_beta_power,P7_delta_power,0.12004230565838181,0.12004230565838181
ADHD,channel,Fp2_beta_power,P7_theta_power,0.16679005817028028,0.16679005817028028
ADHD,channel,Fp2_beta_power,P7_alpha_power,0.21956636700158647,0.21956636700158647
ADHD,channel,Fp2_beta_power,P7_beta_power,0.4503437334743522,0.4503437334743522
ADHD,channel,Fp2_beta_power,P7_theta_beta_ratio,-0.20370174510840824,0.20370174510840824
ADHD,channel,Fp2_beta_power,P8_delta_power,0.0493918561607615,0.0493918561607615
ADHD,channel,Fp2_beta_power,P8_theta_power,0.1227392913802221,0.1227392913802221
ADHD,channel,Fp2_beta_power,P8_alpha_power,0.17112638815441567,0.17112638815441567
ADHD,channel,Fp2_beta_power,P8_beta_power,0.4411951348492861,0.4411951348492861
ADHD,channel,Fp2_beta_power,P8_theta_beta_ratio,-0.2796404019037546,0.2796404019037546
ADHD,channel,Fp2_beta_power,Fz_delta_power,0.11332628239026969,0.11332628239026969
ADHD,channel,Fp2_beta_power,Fz_theta_power,0.27033315705975675,0.27033315705975675
ADHD,channel,Fp2_beta_power,Fz_alpha_power,0.2652564780539397,0.2652564780539397
ADHD,channel,Fp2_beta_power,Fz_beta_power,0.5971443680592279,0.5971443680592279
ADHD,channel,Fp2_beta_power,Fz_theta_beta_ratio,-0.3809095716552089,0.3809095716552089
ADHD,channel,Fp2_beta_power,Cz_delta_power,0.1921734531993654,0.1921734531993654
ADHD,channel,Fp2_beta_power,Cz_theta_power,0.24288736118455845,0.24288736118455845
ADHD,channel,Fp2_beta_power,Cz_alpha_power,0.23024854574299314,0.23024854574299314
ADHD,channel,Fp2_beta_power,Cz_beta_power,0.4044420941300899,0.4044420941300899
ADHD,channel,Fp2_beta_power,Cz_theta_beta_ratio,-0.1364886303543099,0.1364886303543099
ADHD,channel,Fp2_beta_power,Pz_delta_power,0.1506081438392385,0.1506081438392385
ADHD,channel,Fp2_beta_power,Pz_theta_power,0.22459016393442624,0.22459016393442624
ADHD,channel,Fp2_beta_power,Pz_alpha_power,0.2493918561607615,0.2493918561607615
ADHD,channel,Fp2_beta_power,Pz_beta_power,0.450713907985193,0.450713907985193
ADHD,channel,Fp2_beta_power,Pz_theta_beta_ratio,-0.25885774722369115,0.25885774722369115
ADHD,channel,Fp2_theta_beta_ratio,F3_delta_power,0.23072448439978846,0.23072448439978846
ADHD,channel,Fp2_theta_beta_ratio,F3_theta_power,0.06747752511898467,0.06747752511898467
ADHD,channel,Fp2_theta_beta_ratio,F3_alpha_power,0.017080909571655208,0.017080909571655208
ADHD,channel,Fp2_theta_beta_ratio,F3_beta_power,-0.25023796932839765,0.25023796932839765
ADHD,channel,Fp2_theta_beta_ratio,F3_theta_beta_ratio,0.4194077207826547,0.4194077207826547
ADHD,channel,Fp2_theta_beta_ratio,F4_delta_power,0.3193548387096774,0.3193548387096774
ADHD,channel,Fp2_theta_beta_ratio,F4_theta_power,0.2278688524590164,0.2278688524590164
ADHD,channel,Fp2_theta_beta_ratio,F4_alpha_power,0.13384452670544686,0.13384452670544686
ADHD,channel,Fp2_theta_beta_ratio,F4_beta_power,-0.2583818085668958,0.2583818085668958
ADHD,channel,Fp2_theta_beta_ratio,F4_theta_beta_ratio,0.5672659968270756,0.5672659968270756
ADHD,channel,Fp2_theta_beta_ratio,C3_delta_power,0.3170280274986779,0.3170280274986779
ADHD,channel,Fp2_theta_beta_ratio,C3_theta_power,0.1437334743521946,0.1437334743521946
ADHD,channel,Fp2_theta_beta_ratio,C3_alpha_power,0.06393442622950819,0.06393442622950819
ADHD,channel,Fp2_theta_beta_ratio,C3_beta_power,-0.144420941300899,0.144420941300899
ADHD,channel,Fp2_theta_beta_ratio,C3_theta_beta_ratio,0.24833421470121628,0.24833421470121628
ADHD,channel,Fp2_theta_beta_ratio,C4_delta_power,0.1853516657852988,0.1853516657852988
ADHD,channel,Fp2_theta_beta_ratio,C4_theta_power,0.12469592808038076,0.12469592808038076
ADHD,channel,Fp2_theta_beta_ratio,C4_alpha_power,-0.010470650449497621,0.010470650449497621
ADHD,channel,Fp2_theta_beta_ratio,C4_beta_power,-0.1617662612374405,0.1617662612374405
ADHD,channel,Fp2_theta_beta_ratio,C4_theta_beta_ratio,0.3430460074034902,0.3430460074034902
ADHD,channel,Fp2_theta_beta_ratio,P3_delta_power,0.1982548915917504,0.1982548915917504
ADHD,channel,Fp2_theta_beta_ratio,P3_theta_power,0.12210470650449498,0.12210470650449498
ADHD,channel,Fp2_theta_beta_ratio,P3_alpha_power,-0.023638286620835537,0.023638286620835537
ADHD,channel,Fp2_theta_beta_ratio,P3_beta_power,-0.07578001057641459,0.07578001057641459
ADHD,channel,Fp2_theta_beta_ratio,P3_theta_beta_ratio,0.23833950290851402,0.23833950290851402
ADHD,channel,Fp2_theta_beta_ratio,P4_delta_power,0.1787414066631412,0.1787414066631412
ADHD,channel,Fp2_theta_beta_ratio,P4_theta_power,0.27461660497091483,0.27461660497091483
ADHD,channel,Fp2_theta_beta_ratio,P4_alpha_power,0.027921734531993654,0.027921734531993654
ADHD,channel,Fp2_theta_beta_ratio,P4_beta_power,0.025806451612903226,0.025806451612903226
ADHD,channel,Fp2_theta_beta_ratio,P4_theta_beta_ratio,0.3089899524061343,0.3089899524061343
ADHD,channel,Fp2_theta_beta_ratio,O1_delta_power,0.15864621893178213,0.15864621893178213
ADHD,channel,Fp2_theta_beta_ratio,O1_theta_power,0.18551031200423057,0.18551031200423057
ADHD,channel,Fp2_theta_beta_ratio,O1_alpha_power,0.13130618720253834,0.13130618720253834
ADHD,channel,Fp2_theta_beta_ratio,O1_beta_power,0.026599682707562137,0.026599682707562137
ADHD,channel,Fp2_theta_beta_ratio,O1_theta_beta_ratio,0.20031729243786356,0.20031729243786356
ADHD,channel,Fp2_theta_beta_ratio,O2_delta_power,0.15393971443680593,0.15393971443680593
ADHD,channel,Fp2_theta_beta_ratio,O2_theta_power,0.24986779481755686,0.24986779481755686
ADHD,channel,Fp2_theta_beta_ratio,O2_alpha_power,0.08804865150713909,0.08804865150713909
ADHD,channel,Fp2_theta_beta_ratio,O2_beta_power,-0.07572712850343734,0.07572712850343734
ADHD,channel,Fp2_theta_beta_ratio,O2_theta_beta_ratio,0.35663670015864624,0.35663670015864624
ADHD,channel,Fp2_theta_beta_ratio,F7_delta_power,0.07472236911686939,0.07472236911686939
ADHD,channel,Fp2_theta_beta_ratio,F7_theta_power,0.12310946589106293,0.12310946589106293
ADHD,channel,Fp2_theta_beta_ratio,F7_alpha_power,0.07398202009518773,0.07398202009518773
ADHD,channel,Fp2_theta_beta_ratio,F7_beta_power,-0.28683236382866206,0.28683236382866206
ADHD,channel,Fp2_theta_beta_ratio,F7_theta_beta_ratio,0.34299312533051296,0.34299312533051296
ADHD,channel,Fp2_theta_beta_ratio,F8_delta_power,0.23923849814912745,0.23923849814912745
ADHD,channel,Fp2_theta_beta_ratio,F8_theta_power,0.35647805393971443,0.35647805393971443
ADHD,channel,Fp2_theta_beta_ratio,F8_alpha_power,0.23220518244315178,0.23220518244315178
ADHD,channel,Fp2_theta_beta_ratio,F8_beta_power,-0.2047065044949762,0.2047065044949762
ADHD,channel,Fp2_theta_beta_ratio,F8_theta_beta_ratio,0.5064516129032258,0.5064516129032258
ADHD,channel,Fp2_theta_beta_ratio,T7_delta_power,0.15378106821787413,0.15378106821787413
ADHD,channel,Fp2_theta_beta_ratio,T7_theta_power,0.21602326811211,0.21602326811211
ADHD,channel,Fp2_theta_beta_ratio,T7_alpha_power,0.12808038075092543,0.12808038075092543
ADHD,channel,Fp2_theta_beta_ratio,T7_beta_power,-0.12797461660497092,0.12797461660497092
ADHD,channel,Fp2_theta_beta_ratio,T7_theta_beta_ratio,0.33151771549444736,0.33151771549444736
ADHD,channel,Fp2_theta_beta_ratio,T8_delta_power,0.12199894235854046,0.12199894235854046
ADHD,channel,Fp2_theta_beta_ratio,T8_theta_power,0.22591221575885775,0.22591221575885775
ADHD,channel,Fp2_theta_beta_ratio,T8_alpha_power,0.1745637228979376,0.1745637228979376
ADHD,channel,Fp2_theta_beta_ratio,T8_beta_power,-0.18027498677948176,0.18027498677948176
ADHD,channel,Fp2_theta_beta_ratio,T8_theta_beta_ratio,0.457800105764146,0.457800105764146
ADHD,channel,Fp2_theta_beta_ratio,P7_delta_power,0.14114225277630882,0.14114225277630882
ADHD,channel,Fp2_theta_beta_ratio,P7_theta_power,0.12876784769962982,0.12876784769962982
ADHD,channel,Fp2_theta_beta_ratio,P7_alpha_power,0.11263881544156532,0.11263881544156532
ADHD,channel,Fp2_theta_beta_ratio,P7_beta_power,-0.058646218931782124,0.058646218931782124
ADHD,channel,Fp2_theta_beta_ratio,P7_theta_beta_ratio,0.20206240084611315,0.20206240084611315
ADHD,channel,Fp2_theta_beta_ratio,P8_delta_power,0.37488101533580115,0.37488101533580115
ADHD,channel,Fp2_theta_beta_ratio,P8_theta_power,0.3281332628239027,0.3281332628239027
ADHD,channel,Fp2_theta_beta_ratio,P8_alpha_power,0.2331041776837652,0.2331041776837652
ADHD,channel,Fp2_theta_beta_ratio,P8_beta_power,-0.05013220518244315,0.05013220518244315
ADHD,channel,Fp2_theta_beta_ratio,P8_theta_beta_ratio,0.47990481226864096,0.47990481226864096
ADHD,channel,Fp2_theta_beta_ratio,Fz_delta_power,0.26478053939714435,0.26478053939714435
ADHD,channel,Fp2_theta_beta_ratio,Fz_theta_power,0.09635113696456901,0.09635113696456901
ADHD,channel,Fp2_theta_beta_ratio,Fz_alpha_power,0.03194077207826547,0.03194077207826547
ADHD,channel,Fp2_theta_beta_ratio,Fz_beta_power,-0.2641988365943945,0.2641988365943945
ADHD,channel,Fp2_theta_beta_ratio,Fz_theta_beta_ratio,0.4566367001586462,0.4566367001586462
ADHD,channel,Fp2_theta_beta_ratio,Cz_delta_power,0.2668958223162348,0.2668958223162348
ADHD,channel,Fp2_theta_beta_ratio,Cz_theta_power,0.20777366472765732,0.20777366472765732
ADHD,channel,Fp2_theta_beta_ratio,Cz_alpha_power,-0.0325753569539926,0.0325753569539926
ADHD,channel,Fp2_theta_beta_ratio,Cz_beta_power,0.010576414595452142,0.010576414595452142
ADHD,channel,Fp2_theta_beta_ratio,Cz_theta_beta_ratio,0.18609201480698043,0.18609201480698043
ADHD,channel,Fp2_theta_beta_ratio,Pz_delta_power,0.14357482813326283,0.14357482813326283
ADHD,channel,Fp2_theta_beta_ratio,Pz_theta_power,0.13823373876255948,0.13823373876255948
ADHD,channel,Fp2_theta_beta_ratio,Pz_alpha_power,-0.08535166578529878,0.08535166578529878
ADHD,channel,Fp2_theta_beta_ratio,Pz_beta_power,-0.11554732945531465,0.11554732945531465
ADHD,channel,Fp2_theta_beta_ratio,Pz_theta_beta_ratio,0.26668429402432575,0.26668429402432575
ADHD,channel,F3_delta_power,F3_theta_power,0.5756742464304601,0.5756742464304601
ADHD,channel,F3_delta_power,F3_alpha_power,0.271602326811211,0.271602326811211
ADHD,channel,F3_delta_power,F3_beta_power,0.3195134849286092,0.3195134849286092
ADHD,channel,F3_delta_power,F3_theta_beta_ratio,0.34933897408778425,0.34933897408778425
ADHD,channel,F3_delta_power,F4_delta_power,0.41073506081438393,0.41073506081438393
ADHD,channel,F3_delta_power,F4_theta_power,0.3267583289264939,0.3267583289264939
ADHD,channel,F3_delta_power,F4_alpha_power,0.1427815970386039,0.1427815970386039
ADHD,channel,F3_delta_power,F4_beta_power,0.23104177683765204,0.23104177683765204
ADHD,channel,F3_delta_power,F4_theta_beta_ratio,0.1083553675304072,0.1083553675304072
ADHD,channel,F3_delta_power,C3_delta_power,0.7160761501850873,0.7160761501850873
ADHD,channel,F3_delta_power,C3_theta_power,0.5132205182443151,0.5132205182443151
ADHD,channel,F3_delta_power,C3_alpha_power,0.21840296139608673,0.21840296139608673
ADHD,channel,F3_delta_power,C3_beta_power,0.36969857218402963,0.36969857218402963
ADHD,channel,F3_delta_power,C3_theta_beta_ratio,0.18376520359598097,0.18376520359598097
ADHD,channel,F3_delta_power,C4_delta_power,0.3145425700687467,0.3145425700687467
ADHD,channel,F3_delta_power,C4_theta_power,0.13765203595980963,0.13765203595980963
ADHD,channel,F3_delta_power,C4_alpha_power,-0.007932310946589107,0.007932310946589107
ADHD,channel,F3_delta_power,C4_beta_power,0.22014806980433632,0.22014806980433632
ADHD,channel,F3_delta_power,C4_theta_beta_ratio,-0.04928609201480698,0.04928609201480698
ADHD,channel,F3_delta_power,P3_delta_power,0.6673717609730302,0.6673717609730302
ADHD,channel,F3_delta_power,P3_theta_power,0.4666314119513485,0.4666314119513485
ADHD,channel,F3_delta_power,P3_alpha_power,0.15817028027498678,0.15817028027498678
ADHD,channel,F3_delta_power,P3_beta_power,0.34167107350608145,0.34167107350608145
ADHD,channel,F3_delta_power,P3_theta_beta_ratio,0.14870438921205711,0.14870438921205711
ADHD,channel,F3_delta_power,P4_delta_power,0.26991010047593866,0.26991010047593866
ADHD,channel,F3_delta_power,P4_theta_power,0.2033844526705447,0.2033844526705447
ADHD,channel,F3_delta_power,P4_alpha_power,0.10274986779481755,0.10274986779481755
ADHD,channel,F3_delta_power,P4_beta_power,0.3559492332099418,0.3559492332099418
ADHD,channel,F3_delta_power,P4_theta_beta_ratio,-0.08852459016393442,0.08852459016393442
ADHD,channel,F3_delta_power,O1_delta_power,0.5539397144368059,0.5539397144368059
ADHD,channel,F3_delta_power,O1_theta_power,0.45901639344262296,0.45901639344262296
ADHD,channel,F3_delta_power,O1_alpha_power,0.24436805922792174,0.24436805922792174
ADHD,channel,F3_delta_power,O1_beta_power,0.3212585933368588,0.3212585933368588
ADHD,channel,F3_delta_power,O1_theta_beta_ratio,0.09629825489159174,0.09629825489159174
ADHD,channel,F3_delta_power,O2_delta_power,0.40745637228979376,0.40745637228979376
ADHD,channel,F3_delta_power,O2_theta_power,0.3333685880486515,0.3333685880486515
ADHD,channel,F3_delta_power,O2_alpha_power,0.23088313061872026,0.23088313061872026
ADHD,channel,F3_delta_power,O2_beta_power,0.29296668429402434,0.29296668429402434
ADHD,channel,F3_delta_power,O2_theta_beta_ratio,0.034531993654151244,0.034531993654151244
ADHD,channel,F3_delta_power,F7_delta_power,0.5459545214172395,0.5459545214172395
ADHD,channel,F3_delta_power,F7_theta_power,0.4842411422527763,0.4842411422527763
ADHD,channel,F3_delta_power,F7_alpha_power,0.2883130618720254,0.2883130618720254
ADHD,channel,F3_delta_power,F7_beta_power,0.113590692755156,0.113590692755156
ADHD,channel,F3_delta_power,F7_theta_beta_ratio,0.23363299841353782,0.23363299841353782
ADHD,channel,F3_delta_power,F8_delta_power,0.1843997884717081,0.1843997884717081
ADHD,channel,F3_delta_power,F8_theta_power,0.149497620306716,0.149497620306716
ADHD,channel,F3_delta_power,F8_alpha_power,0.13844526705446852,0.13844526705446852
ADHD,channel,F3_delta_power,F8_beta_power,0.12765732416710734,0.12765732416710734
ADHD,channel,F3_delta_power,F8_theta_beta_ratio,0.04896879957694342,0.04896879957694342
ADHD,channel,F3_delta_power,T7_delta_power,0.5217874140666314,0.5217874140666314
ADHD,channel,F3_delta_power,T7_theta_power,0.4301427815970386,0.4301427815970386
ADHD,channel,F3_delta_power,T7_alpha_power,0.2391856160761502,0.2391856160761502
ADHD,channel,F3_delta_power,T7_beta_power,0.15362242199894235,0.15362242199894235
ADHD,channel,F3_delta_power,T7_theta_beta_ratio,0.30787942887361186,0.30787942887361186
ADHD,channel,F3_delta_power,T8_delta_power,0.11771549444738234,0.11771549444738234
ADHD,channel,F3_delta_power,T8_theta_power,0.12088841882601797,0.12088841882601797
ADHD,channel,F3_delta_power,T8_alpha_power,0.14124801692226335,0.14124801692226335
ADHD,channel,F3_delta_power,T8_beta_power,-0.025066102591221575,0.025066102591221575
ADHD,channel,F3_delta_power,T8_theta_beta_ratio,0.19629825489159175,0.19629825489159175
ADHD,channel,F3_delta_power,P7_delta_power,0.5885245901639344,0.5885245901639344
ADHD,channel,F3_delta_power,P7_theta_power,0.3799048122686409,0.3799048122686409
ADHD,channel,F3_delta_power,P7_alpha_power,0.20401903754627182,0.20401903754627182
ADHD,channel,F3_delta_power,P7_beta_power,0.19682707562136437,0.19682707562136437
ADHD,channel,F3_delta_power,P7_theta_beta_ratio,0.25843469063987307,0.25843469063987307
ADHD,channel,F3_delta_power,P8_delta_power,0.09175039661554733,0.09175039661554733
ADHD,channel,F3_delta_power,P8_theta_power,0.10534108937070333,0.10534108937070333
ADHD,channel,F3_delta_power,P8_alpha_power,0.13738762559492332,0.13738762559492332
ADHD,channel,F3_delta_power,P8_beta_power,0.041142252776308834,0.041142252776308834
ADHD,channel,F3_delta_power,P8_theta_beta_ratio,0.04341618191433104,0.04341618191433104
ADHD,channel,F3_delta_power,Fz_delta_power,0.8637757800105764,0.8637757800105764
ADHD,channel,F3_delta_power,Fz_theta_power,0.5608143839238499,0.5608143839238499
ADHD,channel,F3_delta_power,Fz_alpha_power,0.2537281861448969,0.2537281861448969
ADHD,channel,F3_delta_power,Fz_beta_power,0.31253305129561076,0.31253305129561076
ADHD,channel,F3_delta_power,Fz_theta_beta_ratio,0.19598096245372817,0.19598096245372817
ADHD,channel,F3_delta_power,Cz_delta_power,0.3601797990481227,0.3601797990481227
ADHD,channel,F3_delta_power,Cz_theta_power,0.20259122157588577,0.20259122157588577
ADHD,channel,F3_delta_power,Cz_alpha_power,0.059598096245372816,0.059598096245372816
ADHD,channel,F3_delta_power,Cz_beta_power,0.3717080909571655,0.3717080909571655
ADHD,channel,F3_delta_power,Cz_theta_beta_ratio,-0.13395029085140137,0.13395029085140137
ADHD,channel,F3_delta_power,Pz_delta_power,0.6920676890534109,0.6920676890534109
ADHD,channel,F3_delta_power,Pz_theta_power,0.5637757800105764,0.5637757800105764
ADHD,channel,F3_delta_power,Pz_alpha_power,0.19830777366472765,0.19830777366472765
ADHD,channel,F3_delta_power,Pz_beta_power,0.34875727128503436,0.34875727128503436
ADHD,channel,F3_delta_power,Pz_theta_beta_ratio,0.13812797461660498,0.13812797461660498
ADHD,channel,F3_theta_power,F3_alpha_power,0.6041776837652036,0.6041776837652036
ADHD,channel,F3_theta_power,F3_beta_power,0.6349021681649921,0.6349021681649921
ADHD,channel,F3_theta_power,F3_theta_beta_ratio,0.42051824431517715,0.42051824431517715
ADHD,channel,F3_theta_power,F4_delta_power,0.18556319407720784,0.18556319407720784
ADHD,channel,F3_theta_power,F4_theta_power,0.5533051295610788,0.5533051295610788
ADHD,channel,F3_theta_power,F4_alpha_power,0.22522474881015336,0.22522474881015336
ADHD,channel,F3_theta_power,F4_beta_power,0.34262295081967215,0.34262295081967215
ADHD,channel,F3_theta_power,F4_theta_beta_ratio,0.20597567424643046,0.20597567424643046
ADHD,channel,F3_theta_power,C3_delta_power,0.4113167636171338,0.4113167636171338
ADHD,channel,F3_theta_power,C3_theta_power,0.8114754098360656,0.8114754098360656
ADHD,channel,F3_theta_power,C3_alpha_power,0.2165520888418826,0.2165520888418826
ADHD,channel,F3_theta_power,C3_beta_power,0.543204653622422,0.543204653622422
ADHD,channel,F3_theta_power,C3_theta_beta_ratio,0.27091485986250663,0.27091485986250663
ADHD,channel,F3_theta_power,C4_delta_power,0.04352194606028556,0.04352194606028556
ADHD,channel,F3_theta_power,C4_theta_power,0.3512956107879429,0.3512956107879429
ADHD,channel,F3_theta_power,C4_alpha_power,-0.03945002644103649,0.03945002644103649
ADHD,channel,F3_theta_power,C4_beta_power,0.27112638815441564,0.27112638815441564
ADHD,channel,F3_theta_power,C4_theta_beta_ratio,0.06790058170280275,0.06790058170280275
ADHD,channel,F3_theta_power,P3_delta_power,0.4805922792173453,0.4805922792173453
ADHD,channel,F3_theta_power,P3_theta_power,0.7054997355896351,0.7054997355896351
ADHD,channel,F3_theta_power,P3_alpha_power,0.2873611845584347,0.2873611845584347
ADHD,channel,F3_theta_power,P3_beta_power,0.5549444738233739,0.5549444738233739
ADHD,channel,F3_theta_power,P3_theta_beta_ratio,0.1634056054997356,0.1634056054997356
ADHD,channel,F3_theta_power,P4_delta_power,0.09338974087784241,0.09338974087784241
ADHD,channel,F3_theta_power,P4_theta_power,0.36398730830248543,0.36398730830248543
ADHD,channel,F3_theta_power,P4_alpha_power,0.11385510312004231,0.11385510312004231
ADHD,channel,F3_theta_power,P4_beta_power,0.3508725542041248,0.3508725542041248
ADHD,channel,F3_theta_power,P4_theta_beta_ratio,0.029931253305129562,0.029931253305129562
ADHD,channel,F3_theta_power,O1_delta_power,0.3444738233738763,0.3444738233738763
ADHD,channel,F3_theta_power,O1_theta_power,0.5210999471179271,0.5210999471179271
ADHD,channel,F3_theta_power,O1_alpha_power,0.3734003172924379,0.3734003172924379
ADHD,channel,F3_theta_power,O1_beta_power,0.35267054468535164,0.35267054468535164
ADHD,channel,F3_theta_power,O1_theta_beta_ratio,0.1064516129032258,0.1064516129032258
ADHD,channel,F3_theta_power,O2_delta_power,0.1891062929666843,0.1891062929666843
ADHD,channel,F3_theta_power,O2_theta_power,0.2903754627181386,0.2903754627181386
ADHD,channel,F3_theta_power,O2_alpha_power,0.24008461131676362,0.24008461131676362
ADHD,channel,F3_theta_power,O2_beta_power,0.2242199894235854,0.2242199894235854
ADHD,channel,F3_theta_power,O2_theta_beta_ratio,0.02908514013749339,0.02908514013749339
ADHD,channel,F3_theta_power,F7_delta_power,0.26515071390798517,0.26515071390798517
ADHD,channel,F3_theta_power,F7_theta_power,0.6719725013220518,0.6719725013220518
ADHD,channel,F3_theta_power,F7_alpha_power,0.5304600740349021,0.5304600740349021
ADHD,channel,F3_theta_power,F7_beta_power,0.41168693812797463,0.41168693812797463
ADHD,channel,F3_theta_power,F7_theta_beta_ratio,0.20909571655208883,0.20909571655208883
ADHD,channel,F3_theta_power,F8_delta_power,0.020518244315177157,0.020518244315177157
ADHD,channel,F3_theta_power,F8_theta_power,0.2398202009518773,0.2398202009518773
ADHD,channel,F3_theta_power,F8_alpha_power,0.17958751983077736,0.17958751983077736
ADHD,channel,F3_theta_power,F8_beta_power,0.21623479640401905,0.21623479640401905
ADHD,channel,F3_theta_power,F8_theta_beta_ratio,0.0733474352194606,0.0733474352194606
ADHD,channel,F3_theta_power,T7_delta_power,0.38122686409307244,0.38122686409307244
ADHD,channel,F3_theta_power,T7_theta_power,0.6273400317292438,0.6273400317292438
ADHD,channel,F3_theta_power,T7_alpha_power,0.4453728186144897,0.4453728186144897
ADHD,channel,F3_theta_power,T7_beta_power,0.41988365943945005,0.41988365943945005
ADHD,channel,F3_theta_power,T7_theta_beta_ratio,0.2608143839238498,0.2608143839238498
ADHD,channel,F3_theta_power,T8_delta_power,-0.05917503966155473,0.05917503966155473
ADHD,channel,F3_theta_power,T8_theta_power,0.1998413537810682,0.1998413537810682
ADHD,channel,F3_theta_power,T8_alpha_power,0.12009518773135906,0.12009518773135906
ADHD,channel,F3_theta_power,T8_beta_power,0.05700687466948704,0.05700687466948704
ADHD,channel,F3_theta_power,T8_theta_beta_ratio,0.20306716023268112,0.20306716023268112
ADHD,channel,F3_theta_power,P7_delta_power,0.4226864093072448,0.4226864093072448
ADHD,channel,F3_theta_power,P7_theta_power,0.5731359069275516,0.5731359069275516
ADHD,channel,F3_theta_power,P7_alpha_power,0.41015335801163405,0.41015335801163405
ADHD,channel,F3_theta_power,P7_beta_power,0.4170809095716552,0.4170809095716552
ADHD,channel,F3_theta_power,P7_theta_beta_ratio,0.21248016922263352,0.21248016922263352
ADHD,channel,F3_theta_power,P8_delta_power,0.05568482284505553,0.05568482284505553
ADHD,channel,F3_theta_power,P8_theta_power,0.1901639344262295,0.1901639344262295
ADHD,channel,F3_theta_power,P8_alpha_power,0.1170809095716552,0.1170809095716552
ADHD,channel,F3_theta_power,P8_beta_power,0.1350079323109466,0.1350079323109466
ADHD,channel,F3_theta_power,P8_theta_beta_ratio,0.024061343204653623,0.024061343204653623
ADHD,channel,F3_theta_power,Fz_delta_power,0.46102591221575884,0.46102591221575884
ADHD,channel,F3_theta_power,Fz_theta_power,0.8846113167636172,0.8846113167636172
ADHD,channel,F3_theta_power,Fz_alpha_power,0.5246430460074035,0.5246430460074035
ADHD,channel,F3_theta_power,Fz_beta_power,0.5524590163934426,0.5524590163934426
ADHD,channel,F3_theta_power,Fz_theta_beta_ratio,0.2897408778424114,0.2897408778424114
ADHD,channel,F3_theta_power,Cz_delta_power,0.22855631940772078,0.22855631940772078
ADHD,channel,F3_theta_power,Cz_theta_power,0.4490216816499207,0.4490216816499207
ADHD,channel,F3_theta_power,Cz_alpha_power,0.08958223162347964,0.08958223162347964
ADHD,channel,F3_theta_power,Cz_beta_power,0.4363299841353781,0.4363299841353781
ADHD,channel,F3_theta_power,Cz_theta_beta_ratio,0.06493918561607614,0.06493918561607614
ADHD,channel,F3_theta_power,Pz_delta_power,0.4966155473294553,0.4966155473294553
ADHD,channel,F3_theta_power,Pz_theta_power,0.7525118984664199,0.7525118984664199
ADHD,channel,F3_theta_power,Pz_alpha_power,0.376467477525119,0.376467477525119
ADHD,channel,F3_theta_power,Pz_beta_power,0.5786356425171867,0.5786356425171867
ADHD,channel,F3_theta_power,Pz_theta_beta_ratio,0.07461660497091487,0.07461660497091487
ADHD,channel,F3_alpha_power,F3_beta_power,0.620888418826018,0.620888418826018
ADHD,channel,F3_alpha_power,F3_theta_beta_ratio,-0.029666842940243257,0.029666842940243257
ADHD,channel,F3_alpha_power,F4_delta_power,-0.025066102591221575,0.025066102591221575
ADHD,channel,F3_alpha_power,F4_theta_power,0.36451612903225805,0.36451612903225805
ADHD,channel,F3_alpha_power,F4_alpha_power,0.6758857747223691,0.6758857747223691
ADHD,channel,F3_alpha_power,F4_beta_power,0.4447911158117398,0.4447911158117398
ADHD,channel,F3_alpha_power,F4_theta_beta_ratio,-0.13881544156530937,0.13881544156530937
ADHD,channel,F3_alpha_power,C3_delta_power,0.1842411422527763,0.1842411422527763
ADHD,channel,F3_alpha_power,C3_theta_power,0.4360655737704918,0.4360655737704918
ADHD,channel,F3_alpha_power,C3_alpha_power,0.6709148598625067,0.6709148598625067
ADHD,channel,F3_alpha_power,C3_beta_power,0.49360126916975144,0.49360126916975144
ADHD,channel,F3_alpha_power,C3_theta_beta_ratio,-0.09820200951877314,0.09820200951877314
ADHD,channel,F3_alpha_power,C4_delta_power,-0.1794288736118456,0.1794288736118456
ADHD,channel,F3_alpha_power,C4_theta_power,0.19465891062929666,0.19465891062929666
ADHD,channel,F3_alpha_power,C4_alpha_power,0.40074034902168165,0.40074034902168165
ADHD,channel,F3_alpha_power,C4_beta_power,0.37715494447382336,0.37715494447382336
ADHD,channel,F3_alpha_power,C4_theta_beta_ratio,-0.2417239555790587,0.2417239555790587
ADHD,channel,F3_alpha_power,P3_delta_power,0.32242199894235857,0.32242199894235857
ADHD,channel,F3_alpha_power,P3_theta_power,0.48455843469063986,0.48455843469063986
ADHD,channel,F3_alpha_power,P3_alpha_power,0.7276573241671074,0.7276573241671074
ADHD,channel,F3_alpha_power,P3_beta_power,0.5912215758857747,0.5912215758857747
ADHD,channel,F3_alpha_power,P3_theta_beta_ratio,-0.1807509254362771,0.1807509254362771
ADHD,channel,F3_alpha_power,P4_delta_power,-0.03061872025383395,0.03061872025383395
ADHD,channel,F3_alpha_power,P4_theta_power,0.3169751454257007,0.3169751454257007
ADHD,channel,F3_alpha_power,P4_alpha_power,0.5637228979375991,0.5637228979375991
ADHD,channel,F3_alpha_power,P4_beta_power,0.5248016922263353,0.5248016922263353
ADHD,channel,F3_alpha_power,P4_theta_beta_ratio,-0.25996827075621365,0.25996827075621365
ADHD,channel,F3_alpha_power,O1_delta_power,0.1681121099947118,0.1681121099947118
ADHD,channel,F3_alpha_power,O1_theta_power,0.2536753040719196,0.2536753040719196
ADHD,channel,F3_alpha_power,O1_alpha_power,0.4873611845584347,0.4873611845584347
ADHD,channel,F3_alpha_power,O1_beta_power,0.3759386567953464,0.3759386567953464
ADHD,channel,F3_alpha_power,O1_theta_beta_ratio,-0.16409307244843999,0.16409307244843999
ADHD,channel,F3_alpha_power,O2_delta_power,0.05076679005817028,0.05076679005817028
ADHD,channel,F3_alpha_power,O2_theta_power,0.22808038075092543,0.22808038075092543
ADHD,channel,F3_alpha_power,O2_alpha_power,0.45542041248016923,0.45542041248016923
ADHD,channel,F3_alpha_power,O2_beta_power,0.3939714436805923,0.3939714436805923
ADHD,channel,F3_alpha_power,O2_theta_beta_ratio,-0.14431517715494446,0.14431517715494446
ADHD,channel,F3_alpha_power,F7_delta_power,0.06768905341089371,0.06768905341089371
ADHD,channel,F3_alpha_power,F7_theta_power,0.34949762030671605,0.34949762030671605
ADHD,channel,F3_alpha_power,F7_alpha_power,0.7000528820729772,0.7000528820729772
ADHD,channel,F3_alpha_power,F7_beta_power,0.3595980962453728,0.3595980962453728
ADHD,channel,F3_alpha_power,F7_theta_beta_ratio,0.027815970386039134,0.027815970386039134
ADHD,channel,F3_alpha_power,F8_delta_power,-0.1632469592808038,0.1632469592808038
ADHD,channel,F3_alpha_power,F8_theta_power,0.07884717080909572,0.07884717080909572
ADHD,channel,F3_alpha_power,F8_alpha_power,0.4390269698572184,0.4390269698572184
ADHD,channel,F3_alpha_power,F8_beta_power,0.3190904283447911,0.3190904283447911
ADHD,channel,F3_alpha_power,F8_theta_beta_ratio,-0.18228450555261766,0.18228450555261766
ADHD,channel,F3_alpha_power,T7_delta_power,0.19175039661554732,0.19175039661554732
ADHD,channel,F3_alpha_power,T7_theta_power,0.31956636700158647,0.31956636700158647
ADHD,channel,F3_alpha_power,T7_alpha_power,0.7214172395557906,0.7214172395557906
ADHD,channel,F3_alpha_power,T7_beta_power,0.3559492332099418,0.3559492332099418
ADHD,channel,F3_alpha_power,T7_theta_beta_ratio,-0.0817028027498678,0.0817028027498678
ADHD,channel,F3_alpha_power,T8_delta_power,-0.08926493918561608,0.08926493918561608
ADHD,channel,F3_alpha_power,T8_theta_power,0.1847699629825489,0.1847699629825489
ADHD,channel,F3_alpha_power,T8_alpha_power,0.5012691697514543,0.5012691697514543
ADHD,channel,F3_alpha_power,T8_beta_power,0.17340031729243785,0.17340031729243785
ADHD,channel,F3_alpha_power,T8_theta_beta_ratio,0.05066102591221576,0.05066102591221576
ADHD,channel,F3_alpha_power,P7_delta_power,0.32094130089899525,0.32094130089899525
ADHD,channel,F3_alpha_power,P7_theta_power,0.41649920676890534,0.41649920676890534
ADHD,channel,F3_alpha_power,P7_alpha_power,0.655367530407192,0.655367530407192
ADHD,channel,F3_alpha_power,P7_beta_power,0.32480169222633526,0.32480169222633526
ADHD,channel,F3_alpha_power,P7_theta_beta_ratio,0.11078794288736118,0.11078794288736118
ADHD,channel,F3_alpha_power,P8_delta_power,-0.04389212057112639,0.04389212057112639
ADHD,channel,F3_alpha_power,P8_theta_power,0.15251189846641988,0.15251189846641988
ADHD,channel,F3_alpha_power,P8_alpha_power,0.41057641459545213,0.41057641459545213
ADHD,channel,F3_alpha_power,P8_beta_power,0.22575356953992595,0.22575356953992595
ADHD,channel,F3_alpha_power,P8_theta_beta_ratio,-0.05134849286092015,0.05134849286092015
ADHD,channel,F3_alpha_power,Fz_delta_power,0.29682707562136434,0.29682707562136434
ADHD,channel,F3_alpha_power,Fz_theta_power,0.5619249074563722,0.5619249074563722
ADHD,channel,F3_alpha_power,Fz_alpha_power,0.9376520359598096,0.9376520359598096
ADHD,channel,F3_alpha_power,Fz_beta_power,0.6029613960867266,0.6029613960867266
ADHD,channel,F3_alpha_power,Fz_theta_beta_ratio,-0.14219989423585405,0.14219989423585405
ADHD,channel,F3_alpha_power,Cz_delta_power,0.010735060814383924,0.010735060814383924
ADHD,channel,F3_alpha_power,Cz_theta_power,0.21168693812797462,0.21168693812797462
ADHD,channel,F3_alpha_power,Cz_alpha_power,0.6079323109465891,0.6079323109465891
ADHD,channel,F3_alpha_power,Cz_beta_power,0.48112109994711794,0.48112109994711794
ADHD,channel,F3_alpha_power,Cz_theta_beta_ratio,-0.22808038075092543,0.22808038075092543
ADHD,channel,F3_alpha_power,Pz_delta_power,0.31824431517715496,0.31824431517715496
ADHD,channel,F3_alpha_power,Pz_theta_power,0.4547858276044421,0.4547858276044421
ADHD,channel,F3_alpha_power,Pz_alpha_power,0.7459545214172395,0.7459545214172395
ADHD,channel,F3_alpha_power,Pz_beta_power,0.6327868852459017,0.6327868852459017
ADHD,channel,F3_alpha_power,Pz_theta_beta_ratio,-0.2662083553675304,0.2662083553675304
ADHD,channel,F3_beta_power,F3_theta_beta_ratio,-0.3722369116869381,0.3722369116869381
ADHD,channel,F3_beta_power,F4_delta_power,0.13585404547858276,0.13585404547858276
ADHD,channel,F3_beta_power,F4_theta_power,0.4061872025383395,0.4061872025383395
ADHD,channel,F3_beta_power,F4_alpha_power,0.36657852987837125,0.36657852987837125
ADHD,channel,F3_beta_power,F4_beta_power,0.73204653622422,0.73204653622422
ADHD,channel,F3_beta_power,F4_theta_beta_ratio,-0.31745108408249606,0.31745108408249606
ADHD,channel,F3_beta_power,C3_delta_power,0.16144896879957693,0.16144896879957693
ADHD,channel,F3_beta_power,C3_theta_power,0.48244315177154945,0.48244315177154945
ADHD,channel,F3_beta_power,C3_alpha_power,0.260655737704918,0.260655737704918
ADHD,channel,F3_beta_power,C3_beta_power,0.841988365943945,0.841988365943945
ADHD,channel,F3_beta_power,C3_theta_beta_ratio,-0.27858276044420943,0.27858276044420943
ADHD,channel,F3_beta_power,C4_delta_power,-0.0031729243786356425,0.0031729243786356425
ADHD,channel,F3_beta_power,C4_theta_power,0.29968270756213644,0.29968270756213644
ADHD,channel,F3_beta_power,C4_alpha_power,0.19222633527234267,0.19222633527234267
ADHD,channel,F3_beta_power,C4_beta_power,0.598995240613432,0.598995240613432
ADHD,channel,F3_beta_power,C4_theta_beta_ratio,-0.32882072977260707,0.32882072977260707
ADHD,channel,F3_beta_power,P3_delta_power,0.33035430988894765,0.33035430988894765
ADHD,channel,F3_beta_power,P3_theta_power,0.5177154944473823,0.5177154944473823
ADHD,channel,F3_beta_power,P3_alpha_power,0.39978847170809095,0.39978847170809095
ADHD,channel,F3_beta_power,P3_beta_power,0.757588577472237,0.757588577472237
ADHD,channel,F3_beta_power,P3_theta_beta_ratio,-0.26911686938127977,0.26911686938127977
ADHD,channel,F3_beta_power,P4_delta_power,0.11644632469592808,0.11644632469592808
ADHD,channel,F3_beta_power,P4_theta_power,0.33437334743521946,0.33437334743521946
ADHD,channel,F3_beta_power,P4_alpha_power,0.302432575356954,0.302432575356954
ADHD,channel,F3_beta_power,P4_beta_power,0.6144896879957694,0.6144896879957694
ADHD,channel,F3_beta_power,P4_theta_beta_ratio,-0.30814383923849814,0.30814383923849814
ADHD,channel,F3_beta_power,O1_delta_power,0.20423056583818086,0.20423056583818086
ADHD,channel,F3_beta_power,O1_theta_power,0.2911158117398202,0.2911158117398202
ADHD,channel,F3_beta_power,O1_alpha_power,0.327392913802221,0.327392913802221
ADHD,channel,F3_beta_power,O1_beta_power,0.49264939185616075,0.49264939185616075
ADHD,channel,F3_beta_power,O1_theta_beta_ratio,-0.18106821787414068,0.18106821787414068
ADHD,channel,F3_beta_power,O2_delta_power,0.16144896879957693,0.16144896879957693
ADHD,channel,F3_beta_power,O2_theta_power,0.23331570597567425,0.23331570597567425
ADHD,channel,F3_beta_power,O2_alpha_power,0.3301427815970386,0.3301427815970386
ADHD,channel,F3_beta_power,O2_beta_power,0.489053410893707,0.489053410893707
ADHD,channel,F3_beta_power,O2_theta_beta_ratio,-0.2197778952934955,0.2197778952934955
ADHD,channel,F3_beta_power,F7_delta_power,0.08016922263352723,0.08016922263352723
ADHD,channel,F3_beta_power,F7_theta_power,0.33088313061872027,0.33088313061872027
ADHD,channel,F3_beta_power,F7_alpha_power,0.35473294553146484,0.35473294553146484
ADHD,channel,F3_beta_power,F7_beta_power,0.6916446324695928,0.6916446324695928
ADHD,channel,F3_beta_power,F7_theta_beta_ratio,-0.3287149656266526,0.3287149656266526
ADHD,channel,F3_beta_power,F8_delta_power,0.01491274457958752,0.01491274457958752
ADHD,channel,F3_beta_power,F8_theta_power,0.16726599682707563,0.16726599682707563
ADHD,channel,F3_beta_power,F8_alpha_power,0.2771020624008461,0.2771020624008461
ADHD,channel,F3_beta_power,F8_beta_power,0.5954521417239556,0.5954521417239556
ADHD,channel,F3_beta_power,F8_theta_beta_ratio,-0.28186144896879956,0.28186144896879956
ADHD,channel,F3_beta_power,T7_delta_power,0.13786356425171867,0.13786356425171867
ADHD,channel,F3_beta_power,T7_theta_power,0.30481226864093075,0.30481226864093075
ADHD,channel,F3_beta_power,T7_alpha_power,0.3563722897937599,0.3563722897937599
ADHD,channel,F3_beta_power,T7_beta_power,0.5638286620835536,0.5638286620835536
ADHD,channel,F3_beta_power,T7_theta_beta_ratio,-0.17662612374405076,0.17662612374405076
ADHD,channel,F3_beta_power,T8_delta_power,-0.004124801692226335,0.004124801692226335
ADHD,channel,F3_beta_power,T8_theta_power,0.19994711792702274,0.19994711792702274
ADHD,channel,F3_beta_power,T8_alpha_power,0.18974087784241142,0.18974087784241142
ADHD,channel,F3_beta_power,T8_beta_power,0.3051295610787943,0.3051295610787943
ADHD,channel,F3_beta_power,T8_theta_beta_ratio,-0.07107350608143839,0.07107350608143839
ADHD,channel,F3_beta_power,P7_delta_power,0.22263352723426758,0.22263352723426758
ADHD,channel,F3_beta_power,P7_theta_power,0.3425171866737176,0.3425171866737176
ADHD,channel,F3_beta_power,P7_alpha_power,0.3425171866737176,0.3425171866737176
ADHD,channel,F3_beta_power,P7_beta_power,0.5606557377049181,0.5606557377049181
ADHD,channel,F3_beta_power,P7_theta_beta_ratio,-0.1328397673188789,0.1328397673188789
ADHD,channel,F3_beta_power,P8_delta_power,-0.029402432575356956,0.029402432575356956
ADHD,channel,F3_beta_power,P8_theta_power,0.09925965097831835,0.09925965097831835
ADHD,channel,F3_beta_power,P8_alpha_power,0.13490216816499206,0.13490216816499206
ADHD,channel,F3_beta_power,P8_beta_power,0.22390269698572185,0.22390269698572185
ADHD,channel,F3_beta_power,P8_theta_beta_ratio,-0.1757800105764146,0.1757800105764146
ADHD,channel,F3_beta_power,Fz_delta_power,0.3122686409307245,0.3122686409307245
ADHD,channel,F3_beta_power,Fz_theta_power,0.5530936012691697,0.5530936012691697
ADHD,channel,F3_beta_power,Fz_alpha_power,0.5374405076679006,0.5374405076679006
ADHD,channel,F3_beta_power,Fz_beta_power,0.9171866737176098,0.9171866737176098
ADHD,channel,F3_beta_power,Fz_theta_beta_ratio,-0.4234267583289265,0.4234267583289265
ADHD,channel,F3_beta_power,Cz_delta_power,0.14648334214701217,0.14648334214701217
ADHD,channel,F3_beta_power,Cz_theta_power,0.2670015864621893,0.2670015864621893
ADHD,channel,F3_beta_power,Cz_alpha_power,0.3287678476996298,0.3287678476996298
ADHD,channel,F3_beta_power,Cz_beta_power,0.5960338445267055,0.5960338445267055
ADHD,channel,F3_beta_power,Cz_theta_beta_ratio,-0.3078265468006346,0.3078265468006346
ADHD,channel,F3_beta_power,Pz_delta_power,0.32522474881015334,0.32522474881015334
ADHD,channel,F3_beta_power,Pz_theta_power,0.5071919619249075,0.5071919619249075
ADHD,channel,F3_beta_power,Pz_alpha_power,0.4896351136964569,0.4896351136964569
ADHD,channel,F3_beta_power,Pz_beta_power,0.8170809095716552,0.8170809095716552
ADHD,channel,F3_beta_power,Pz_theta_beta_ratio,-0.4084611316763617,0.4084611316763617
ADHD,channel,F3_theta_beta_ratio,F4_delta_power,0.12469592808038076,0.12469592808038076
ADHD,channel,F3_theta_beta_ratio,F4_theta_power,0.2232681121099947,0.2232681121099947
ADHD,channel,F3_theta_beta_ratio,F4_alpha_power,-0.11623479640401904,0.11623479640401904
ADHD,channel,F3_theta_beta_ratio,F4_beta_power,-0.39550502379693286,0.39550502379693286
ADHD,channel,F3_theta_beta_ratio,F4_theta_beta_ratio,0.6442622950819672,0.6442622950819672
ADHD,channel,F3_theta_beta_ratio,C3_delta_power,0.26240084611316766,0.26240084611316766
ADHD,channel,F3_theta_beta_ratio,C3_theta_power,0.36414595452141724,0.36414595452141724
ADHD,channel,F3_theta_beta_ratio,C3_alpha_power,-0.0506081438392385,0.0506081438392385
ADHD,channel,F3_theta_beta_ratio,C3_beta_power,-0.33262823902696986,0.33262823902696986
ADHD,channel,F3_theta_beta_ratio,C3_theta_beta_ratio,0.6535695399259651,0.6535695399259651
ADHD,channel,F3_theta_beta_ratio,C4_delta_power,0.03315705975674246,0.03315705975674246
ADHD,channel,F3_theta_beta_ratio,C4_theta_power,0.09190904283447911,0.09190904283447911
ADHD,channel,F3_theta_beta_ratio,C4_alpha_power,-0.22686409307244845,0.22686409307244845
ADHD,channel,F3_theta_beta_ratio,C4_beta_power,-0.34516129032258064,0.34516129032258064
ADHD,channel,F3_theta_beta_ratio,C4_theta_beta_ratio,0.48381808566895823,0.48381808566895823
ADHD,channel,F3_theta_beta_ratio,P3_delta_power,0.197567424643046,0.197567424643046
ADHD,channel,F3_theta_beta_ratio,P3_theta_power,0.22548915917503967,0.22548915917503967
ADHD,channel,F3_theta_beta_ratio,P3_alpha_power,-0.15335801163405605,0.15335801163405605
ADHD,channel,F3_theta_beta_ratio,P3_beta_power,-0.2156002115282919,0.2156002115282919
ADHD,channel,F3_theta_beta_ratio,P3_theta_beta_ratio,0.5348492860920148,0.5348492860920148
ADHD,channel,F3_theta_beta_ratio,P4_delta_power,-0.03976731887890005,0.03976731887890005
ADHD,channel,F3_theta_beta_ratio,P4_theta_power,0.027128503437334743,0.027128503437334743
ADHD,channel,F3_theta_beta_ratio,P4_alpha_power,-0.22485457429931252,0.22485457429931252
ADHD,channel,F3_theta_beta_ratio,P4_beta_power,-0.2936541512427287,0.2936541512427287
ADHD,channel,F3_theta_beta_ratio,P4_theta_beta_ratio,0.38693812797461663,0.38693812797461663
ADHD,channel,F3_theta_beta_ratio,O1_delta_power,0.1253305129561079,0.1253305129561079
ADHD,channel,F3_theta_beta_ratio,O1_theta_power,0.20555261766261237,0.20555261766261237
ADHD,channel,F3_theta_beta_ratio,O1_alpha_power,0.018244315177154944,0.018244315177154944
ADHD,channel,F3_theta_beta_ratio,O1_beta_power,-0.1331041776837652,0.1331041776837652
ADHD,channel,F3_theta_beta_ratio,O1_theta_beta_ratio,0.29629825489159173,0.29629825489159173
ADHD,channel,F3_theta_beta_ratio,O2_delta_power,0.020624008461131677,0.020624008461131677
ADHD,channel,F3_theta_beta_ratio,O2_theta_power,0.06694870438921206,0.06694870438921206
ADHD,channel,F3_theta_beta_ratio,O2_alpha_power,-0.10364886303543099,0.10364886303543099
ADHD,channel,F3_theta_beta_ratio,O2_beta_power,-0.33130618720253835,0.33130618720253835
ADHD,channel,F3_theta_beta_ratio,O2_theta_beta_ratio,0.3049709148598625,0.3049709148598625
ADHD,channel,F3_theta_beta_ratio,F7_delta_power,0.22734003172924377,0.22734003172924377
ADHD,channel,F3_theta_beta_ratio,F7_theta_power,0.3845584346906399,0.3845584346906399
ADHD,channel,F3_theta_beta_ratio,F7_alpha_power,0.1698572184029614,0.1698572184029614
ADHD,channel,F3_theta_beta_ratio,F7_beta_power,-0.34896879957694343,0.34896879957694343
ADHD,channel,F3_theta_beta_ratio,F7_theta_beta_ratio,0.7004759386567954,0.7004759386567954
ADHD,channel,F3_theta_beta_ratio,F8_delta_power,0.04034902168164992,0.04034902168164992
ADHD,channel,F3_theta_beta_ratio,F8_theta_power,0.14378635642517187,0.14378635642517187
ADHD,channel,F3_theta_beta_ratio,F8_alpha_power,-0.05727128503437335,0.05727128503437335
ADHD,channel,F3_theta_beta_ratio,F8_beta_power,-0.4215230037017451,0.4215230037017451
ADHD,channel,F3_theta_beta_ratio,F8_theta_beta_ratio,0.4774193548387097,0.4774193548387097
ADHD,channel,F3_theta_beta_ratio,T7_delta_power,0.28027498677948176,0.28027498677948176
ADHD,channel,F3_theta_beta_ratio,T7_theta_power,0.38233738762559494,0.38233738762559494
ADHD,channel,F3_theta_beta_ratio,T7_alpha_power,0.09862506610259122,0.09862506610259122
ADHD,channel,F3_theta_beta_ratio,T7_beta_power,-0.13654151242728715,0.13654151242728715
ADHD,channel,F3_theta_beta_ratio,T7_theta_beta_ratio,0.5199894235854046,0.5199894235854046
ADHD,channel,F3_theta_beta_ratio,T8_delta_power,-0.08709677419354839,0.08709677419354839
ADHD,channel,F3_theta_beta_ratio,T8_theta_power,-0.01491274457958752,0.01491274457958752
ADHD,channel,F3_theta_beta_ratio,T8_alpha_power,-0.09048122686409307,0.09048122686409307
ADHD,channel,F3_theta_beta_ratio,T8_beta_power,-0.32670544685351666,0.32670544685351666
ADHD,channel,F3_theta_beta_ratio,T8_theta_beta_ratio,0.3523003701745108,0.3523003701745108
ADHD,channel,F3_theta_beta_ratio,P7_delta_power,0.18244315177154943,0.18244315177154943
ADHD,channel,F3_theta_beta_ratio,P7_theta_power,0.1955579058699101,0.1955579058699101
ADHD,channel,F3_theta_beta_ratio,P7_alpha_power,0.013749338974087784,0.013749338974087784
ADHD,channel,F3_theta_beta_ratio,P7_beta_power,-0.22575356953992595,0.22575356953992595
ADHD,channel,F3_theta_beta_ratio,P7_theta_beta_ratio,0.40999471179270225,0.40999471179270225
ADHD,channel,F3_theta_beta_ratio,P8_delta_power,0.06393442622950819,0.06393442622950819
ADHD,channel,F3_theta_beta_ratio,P8_theta_power,0.08281332628239027,0.08281332628239027
ADHD,channel,F3_theta_beta_ratio,P8_alpha_power,-0.022051824431517715,0.022051824431517715
ADHD,channel,F3_theta_beta_ratio,P8_beta_power,-0.13791644632469593,0.13791644632469593
ADHD,channel,F3_theta_beta_ratio,P8_theta_beta_ratio,0.23775780010576414,0.23775780010576414
ADHD,channel,F3_theta_beta_ratio,Fz_delta_power,0.206081438392385,0.206081438392385
ADHD,channel,F3_theta_beta_ratio,Fz_theta_power,0.3685880486515071,0.3685880486515071
ADHD,channel,F3_theta_beta_ratio,Fz_alpha_power,-0.04257006874669487,0.04257006874669487
ADHD,channel,F3_theta_beta_ratio,Fz_beta_power,-0.37932310946589104,0.37932310946589104
ADHD,channel,F3_theta_beta_ratio,Fz_theta_beta_ratio,0.867741935483871,0.867741935483871
ADHD,channel,F3_theta_beta_ratio,Cz_delta_power,0.13802221047065044,0.13802221047065044
ADHD,channel,F3_theta_beta_ratio,Cz_theta_power,0.27556848228450553,0.27556848228450553
ADHD,channel,F3_theta_beta_ratio,Cz_alpha_power,-0.2714436805922792,0.2714436805922792
ADHD,channel,F3_theta_beta_ratio,Cz_beta_power,-0.17424643046007404,0.17424643046007404
ADHD,channel,F3_theta_beta_ratio,Cz_theta_beta_ratio,0.47139079851930193,0.47139079851930193
ADHD,channel,F3_theta_beta_ratio,Pz_delta_power,0.21322051824431518,0.21322051824431518
ADHD,channel,F3_theta_beta_ratio,Pz_theta_power,0.28217874140666316,0.28217874140666316
ADHD,channel,F3_theta_beta_ratio,Pz_alpha_power,-0.143204653622422,0.143204653622422
ADHD,channel,F3_theta_beta_ratio,Pz_beta_power,-0.2536753040719196,0.2536753040719196
ADHD,channel,F3_theta_beta_ratio,Pz_theta_beta_ratio,0.5696456901110524,0.5696456901110524
ADHD,channel,F4_delta_power,F4_theta_power,0.6558434690639873,0.6558434690639873
ADHD,channel,F4_delta_power,F4_alpha_power,0.25594923320994184,0.25594923320994184
ADHD,channel,F4_delta_power,F4_beta_power,0.26991010047593866,0.26991010047593866
ADHD,channel,F4_delta_power,F4_theta_beta_ratio,0.48202009518773137,0.48202009518773137
ADHD,channel,F4_delta_power,C3_delta_power,0.36679005817028026,0.36679005817028026
ADHD,channel,F4_delta_power,C3_theta_power,0.3115811739820201,0.3115811739820201
ADHD,channel,F4_delta_power,C3_alpha_power,0.054151242728714966,0.054151242728714966
ADHD,channel,F4_delta_power,C3_beta_power,0.23627710206240085,0.23627710206240085
ADHD,channel,F4_delta_power,C3_theta_beta_ratio,0.16372289793759914,0.16372289793759914
ADHD,channel,F4_delta_power,C4_delta_power,0.6848757271285034,0.6848757271285034
ADHD,channel,F4_delta_power,C4_theta_power,0.49254362771020627,0.49254362771020627
ADHD,channel,F4_delta_power,C4_alpha_power,0.2405076679005817,0.2405076679005817
ADHD,channel,F4_delta_power,C4_beta_power,0.2865150713907985,0.2865150713907985
ADHD,channel,F4_delta_power,C4_theta_beta_ratio,0.2869381279746166,0.2869381279746166
ADHD,channel,F4_delta_power,P3_delta_power,0.34584875727128506,0.34584875727128506
ADHD,channel,F4_delta_power,P3_theta_power,0.21850872554204126,0.21850872554204126
ADHD,channel,F4_delta_power,P3_alpha_power,0.07800105764145955,0.07800105764145955
ADHD,channel,F4_delta_power,P3_beta_power,0.18059227921734533,0.18059227921734533
ADHD,channel,F4_delta_power,P3_theta_beta_ratio,0.10988894764674775,0.10988894764674775
ADHD,channel,F4_delta_power,P4_delta_power,0.7719196192490746,0.7719196192490746
ADHD,channel,F4_delta_power,P4_theta_power,0.5961396086726599,0.5961396086726599
ADHD,channel,F4_delta_power,P4_alpha_power,0.20153358011634057,0.20153358011634057
ADHD,channel,F4_delta_power,P4_beta_power,0.34717080909571657,0.34717080909571657
ADHD,channel,F4_delta_power,P4_theta_beta_ratio,0.3130618720253834,0.3130618720253834
ADHD,channel,F4_delta_power,O1_delta_power,0.4556848228450555,0.4556848228450555
ADHD,channel,F4_delta_power,O1_theta_power,0.48767847699629824,0.48767847699629824
ADHD,channel,F4_delta_power,O1_alpha_power,0.29185616076150184,0.29185616076150184
ADHD,channel,F4_delta_power,O1_beta_power,0.19243786356425172,0.19243786356425172
ADHD,channel,F4_delta_power,O1_theta_beta_ratio,0.27556848228450553,0.27556848228450553
ADHD,channel,F4_delta_power,O2_delta_power,0.7459016393442623,0.7459016393442623
ADHD,channel,F4_delta_power,O2_theta_power,0.6521946060285563,0.6521946060285563
ADHD,channel,F4_delta_power,O2_alpha_power,0.38514013749338977,0.38514013749338977
ADHD,channel,F4_delta_power,O2_beta_power,0.21443680592279218,0.21443680592279218
ADHD,channel,F4_delta_power,O2_theta_beta_ratio,0.44717080909571655,0.44717080909571655
ADHD,channel,F4_delta_power,F7_delta_power,0.21401374933897407,0.21401374933897407
ADHD,channel,F4_delta_power,F7_theta_power,0.2698572184029614,0.2698572184029614
ADHD,channel,F4_delta_power,F7_alpha_power,0.21131676361713378,0.21131676361713378
ADHD,channel,F4_delta_power,F7_beta_power,0.2122157588577472,0.2122157588577472
ADHD,channel,F4_delta_power,F7_theta_beta_ratio,0.02014806980433633,0.02014806980433633
ADHD,channel,F4_delta_power,F8_delta_power,0.7175039661554733,0.7175039661554733
ADHD,channel,F4_delta_power,F8_theta_power,0.6314119513484928,0.6314119513484928
ADHD,channel,F4_delta_power,F8_alpha_power,0.4129032258064516,0.4129032258064516
ADHD,channel,F4_delta_power,F8_beta_power,0.31618191433104176,0.31618191433104176
ADHD,channel,F4_delta_power,F8_theta_beta_ratio,0.4508725542041248,0.4508725542041248
ADHD,channel,F4_delta_power,T7_delta_power,0.30021152829190906,0.30021152829190906
ADHD,channel,F4_delta_power,T7_theta_power,0.39090428344791117,0.39090428344791117
ADHD,channel,F4_delta_power,T7_alpha_power,0.26573241671073505,0.26573241671073505
ADHD,channel,F4_delta_power,T7_beta_power,0.2301427815970386,0.2301427815970386
ADHD,channel,F4_delta_power,T7_theta_beta_ratio,0.2094130089899524,0.2094130089899524
ADHD,channel,F4_delta_power,T8_delta_power,0.6462718138551031,0.6462718138551031
ADHD,channel,F4_delta_power,T8_theta_power,0.5883659439450026,0.5883659439450026
ADHD,channel,F4_delta_power,T8_alpha_power,0.3363299841353781,0.3363299841353781
ADHD,channel,F4_delta_power,T8_beta_power,0.27398202009518774,0.27398202009518774
ADHD,channel,F4_delta_power,T8_theta_beta_ratio,0.4504494976203067,0.4504494976203067
ADHD,channel,F4_delta_power,P7_delta_power,0.3466948704389212,0.3466948704389212
ADHD,channel,F4_delta_power,P7_theta_power,0.23183500793231096,0.23183500793231096
ADHD,channel,F4_delta_power,P7_alpha_power,0.20576414595452142,0.20576414595452142
ADHD,channel,F4_delta_power,P7_beta_power,0.23997884717080908,0.23997884717080908
ADHD,channel,F4_delta_power,P7_theta_beta_ratio,0.08757271285034374,0.08757271285034374
ADHD,channel,F4_delta_power,P8_delta_power,0.7290851401374934,0.7290851401374934
ADHD,channel,F4_delta_power,P8_theta_power,0.6364886303543099,0.6364886303543099
ADHD,channel,F4_delta_power,P8_alpha_power,0.44833421470121626,0.44833421470121626
ADHD,channel,F4_delta_power,P8_beta_power,0.379111581173982,0.379111581173982
ADHD,channel,F4_delta_power,P8_theta_beta_ratio,0.3574828133262824,0.3574828133262824
ADHD,channel,F4_delta_power,Fz_delta_power,0.4763088313061872,0.4763088313061872
ADHD,channel,F4_delta_power,Fz_theta_power,0.30158646218931784,0.30158646218931784
ADHD,channel,F4_delta_power,Fz_alpha_power,0.07218402961396087,0.07218402961396087
ADHD,channel,F4_delta_power,Fz_beta_power,0.16869381279746165,0.16869381279746165
ADHD,channel,F4_delta_power,Fz_theta_beta_ratio,0.13722897937599154,0.13722897937599154
ADHD,channel,F4_delta_power,Cz_delta_power,0.8425171866737176,0.8425171866737176
ADHD,channel,F4_delta_power,Cz_theta_power,0.5473823373876257,0.5473823373876257
ADHD,channel,F4_delta_power,Cz_alpha_power,0.11322051824431517,0.11322051824431517
ADHD,channel,F4_delta_power,Cz_beta_power,0.3647805393971444,0.3647805393971444
ADHD,channel,F4_delta_power,Cz_theta_beta_ratio,0.1891062929666843,0.1891062929666843
ADHD,channel,F4_delta_power,Pz_delta_power,0.29085140137493387,0.29085140137493387
ADHD,channel,F4_delta_power,Pz_theta_power,0.28619777895293497,0.28619777895293497
ADHD,channel,F4_delta_power,Pz_alpha_power,0.0659439450026441,0.0659439450026441
ADHD,channel,F4_delta_power,Pz_beta_power,0.1720253833950291,0.1720253833950291
ADHD,channel,F4_delta_power,Pz_theta_beta_ratio,0.14812268640930726,0.14812268640930726
ADHD,channel,F4_theta_power,F4_alpha_power,0.6094130089899524,0.6094130089899524
ADHD,channel,F4_theta_power,F4_beta_power,0.5612903225806452,0.5612903225806452
ADHD,channel,F4_theta_power,F4_theta_beta_ratio,0.4902168164992068,0.4902168164992068
ADHD,channel,F4_theta_power,C3_delta_power,0.26409307244844,0.26409307244844
ADHD,channel,F4_theta_power,C3_theta_power,0.52760444209413,0.52760444209413
ADHD,channel,F4_theta_power,C3_alpha_power,0.15700687466948704,0.15700687466948704
ADHD,channel,F4_theta_power,C3_beta_power,0.37927022739291383,0.37927022739291383
ADHD,channel,F4_theta_power,C3_theta_beta_ratio,0.22258064516129034,0.22258064516129034
ADHD,channel,F4_theta_power,C4_delta_power,0.42226335272342674,0.42226335272342674
ADHD,channel,F4_theta_power,C4_theta_power,0.7848228450555261,0.7848228450555261
ADHD,channel,F4_theta_power,C4_alpha_power,0.33363299841353783,0.33363299841353783
ADHD,channel,F4_theta_power,C4_beta_power,0.49243786356425173,0.49243786356425173
ADHD,channel,F4_theta_power,C4_theta_beta_ratio,0.3485986250661026,0.3485986250661026
ADHD,channel,F4_theta_power,P3_delta_power,0.34531993654151244,0.34531993654151244
ADHD,channel,F4_theta_power,P3_theta_power,0.4464304600740349,0.4464304600740349
ADHD,channel,F4_theta_power,P3_alpha_power,0.2370174510840825,0.2370174510840825
ADHD,channel,F4_theta_power,P3_beta_power,0.40290851401374933,0.40290851401374933
ADHD,channel,F4_theta_power,P3_theta_beta_ratio,0.10750925436277102,0.10750925436277102
ADHD,channel,F4_theta_power,P4_delta_power,0.4421470121628768,0.4421470121628768
ADHD,channel,F4_theta_power,P4_theta_power,0.7615547329455314,0.7615547329455314
ADHD,channel,F4_theta_power,P4_alpha_power,0.3457958751983078,0.3457958751983078
ADHD,channel,F4_theta_power,P4_beta_power,0.5265468006345849,0.5265468006345849
ADHD,channel,F4_theta_power,P4_theta_beta_ratio,0.2798519301956637,0.2798519301956637
ADHD,channel,F4_theta_power,O1_delta_power,0.38598625066102593,0.38598625066102593
ADHD,channel,F4_theta_power,O1_theta_power,0.4635642517186674,0.4635642517186674
ADHD,channel,F4_theta_power,O1_alpha_power,0.41538868323638284,0.41538868323638284
ADHD,channel,F4_theta_power,O1_beta_power,0.23347435219460602,0.23347435219460602
ADHD,channel,F4_theta_power,O1_theta_beta_ratio,0.2566367001586462,0.2566367001586462
ADHD,channel,F4_theta_power,O2_delta_power,0.5254362771020624,0.5254362771020624
ADHD,channel,F4_theta_power,O2_theta_power,0.6488630354309889,0.6488630354309889
ADHD,channel,F4_theta_power,O2_alpha_power,0.4756213643574828,0.4756213643574828
ADHD,channel,F4_theta_power,O2_beta_power,0.36520359598096247,0.36520359598096247
ADHD,channel,F4_theta_power,O2_theta_beta_ratio,0.31348492860920146,0.31348492860920146
ADHD,channel,F4_theta_power,F7_delta_power,0.03585404547858276,0.03585404547858276
ADHD,channel,F4_theta_power,F7_theta_power,0.3751454257006875,0.3751454257006875
ADHD,channel,F4_theta_power,F7_alpha_power,0.44299312533051294,0.44299312533051294
ADHD,channel,F4_theta_power,F7_beta_power,0.28688524590163933,0.28688524590163933
ADHD,channel,F4_theta_power,F7_theta_beta_ratio,0.09476467477525119,0.09476467477525119
ADHD,channel,F4_theta_power,F8_delta_power,0.33061872025383393,0.33061872025383393
ADHD,channel,F4_theta_power,F8_theta_power,0.5529349550502379,0.5529349550502379
ADHD,channel,F4_theta_power,F8_alpha_power,0.47250132205182444,0.47250132205182444
ADHD,channel,F4_theta_power,F8_beta_power,0.37350608143839237,0.37350608143839237
ADHD,channel,F4_theta_power,F8_theta_beta_ratio,0.3054997355896351,0.3054997355896351
ADHD,channel,F4_theta_power,T7_delta_power,0.1923320994182972,0.1923320994182972
ADHD,channel,F4_theta_power,T7_theta_power,0.45711263881544156,0.45711263881544156
ADHD,channel,F4_theta_power,T7_alpha_power,0.41782125859333685,0.41782125859333685
ADHD,channel,F4_theta_power,T7_beta_power,0.3655737704918033,0.3655737704918033
ADHD,channel,F4_theta_power,T7_theta_beta_ratio,0.14457958751983077,0.14457958751983077
ADHD,channel,F4_theta_power,T8_delta_power,0.3285034373347435,0.3285034373347435
ADHD,channel,F4_theta_power,T8_theta_power,0.598783712321523,0.598783712321523
ADHD,channel,F4_theta_power,T8_alpha_power,0.40957165520888417,0.40957165520888417
ADHD,channel,F4_theta_power,T8_beta_power,0.29925965097831836,0.29925965097831836
ADHD,channel,F4_theta_power,T8_theta_beta_ratio,0.42971972501322053,0.42971972501322053
ADHD,channel,F4_theta_power,P7_delta_power,0.3453728186144897,0.3453728186144897
ADHD,channel,F4_theta_power,P7_theta_power,0.3661025912215759,0.3661025912215759
ADHD,channel,F4_theta_power,P7_alpha_power,0.36885245901639346,0.36885245901639346
ADHD,channel,F4_theta_power,P7_beta_power,0.3444738233738763,0.3444738233738763
ADHD,channel,F4_theta_power,P7_theta_beta_ratio,0.1281332628239027,0.1281332628239027
ADHD,channel,F4_theta_power,P8_delta_power,0.4695399259650978,0.4695399259650978
ADHD,channel,F4_theta_power,P8_theta_power,0.618878900052882,0.618878900052882
ADHD,channel,F4_theta_power,P8_alpha_power,0.46964569011105234,0.46964569011105234
ADHD,channel,F4_theta_power,P8_beta_power,0.35605499735589635,0.35605499735589635
ADHD,channel,F4_theta_power,P8_theta_beta_ratio,0.3088841882601798,0.3088841882601798
ADHD,channel,F4_theta_power,Fz_delta_power,0.4066102591221576,0.4066102591221576
ADHD,channel,F4_theta_power,Fz_theta_power,0.6762030671602327,0.6762030671602327
ADHD,channel,F4_theta_power,Fz_alpha_power,0.41538868323638284,0.41538868323638284
ADHD,channel,F4_theta_power,Fz_beta_power,0.415811739820201,0.415811739820201
ADHD,channel,F4_theta_power,Fz_theta_beta_ratio,0.2430988894764675,0.2430988894764675
ADHD,channel,F4_theta_power,Cz_delta_power,0.6413008989952406,0.6413008989952406
ADHD,channel,F4_theta_power,Cz_theta_power,0.8358540454785828,0.8358540454785828
ADHD,channel,F4_theta_power,Cz_alpha_power,0.260444209413009,0.260444209413009
ADHD,channel,F4_theta_power,Cz_beta_power,0.5893707033315706,0.5893707033315706
ADHD,channel,F4_theta_power,Cz_theta_beta_ratio,0.2625594923320994,0.2625594923320994
ADHD,channel,F4_theta_power,Pz_delta_power,0.3399788471708091,0.3399788471708091
ADHD,channel,F4_theta_power,Pz_theta_power,0.5136435748281333,0.5136435748281333
ADHD,channel,F4_theta_power,Pz_alpha_power,0.291485986250661,0.291485986250661
ADHD,channel,F4_theta_power,Pz_beta_power,0.3965097831835008,0.3965097831835008
ADHD,channel,F4_theta_power,Pz_theta_beta_ratio,0.10608143839238499,0.10608143839238499
ADHD,channel,F4_alpha_power,F4_beta_power,0.6068746694870439,0.6068746694870439
ADHD,channel,F4_alpha_power,F4_theta_beta_ratio,-0.014436805922792173,0.014436805922792173
ADHD,channel,F4_alpha_power,C3_delta_power,0.09693283976731888,0.09693283976731888
ADHD,channel,F4_alpha_power,C3_theta_power,0.1884188260179799,0.1884188260179799
ADHD,channel,F4_alpha_power,C3_alpha_power,0.5517715494447383,0.5517715494447383
ADHD,channel,F4_alpha_power,C3_beta_power,0.29222633527234265,0.29222633527234265
ADHD,channel,F4_alpha_power,C3_theta_beta_ratio,-0.13521946060285564,0.13521946060285564
ADHD,channel,F4_alpha_power,C4_delta_power,0.11078794288736118,0.11078794288736118
ADHD,channel,F4_alpha_power,C4_theta_power,0.48878900052882074,0.48878900052882074
ADHD,channel,F4_alpha_power,C4_alpha_power,0.6778424114225278,0.6778424114225278
ADHD,channel,F4_alpha_power,C4_beta_power,0.5473294553146484,0.5473294553146484
ADHD,channel,F4_alpha_power,C4_theta_beta_ratio,-0.07678476996298254,0.07678476996298254
ADHD,channel,F4_alpha_power,P3_delta_power,0.20190375462718138,0.20190375462718138
ADHD,channel,F4_alpha_power,P3_theta_power,0.2579587519830777,0.2579587519830777
ADHD,channel,F4_alpha_power,P3_alpha_power,0.6243786356425172,0.6243786356425172
ADHD,channel,F4_alpha_power,P3_beta_power,0.40629296668429404,0.40629296668429404
ADHD,channel,F4_alpha_power,P3_theta_beta_ratio,-0.19534637757800105,0.19534637757800105
ADHD,channel,F4_alpha_power,P4_delta_power,0.21861448968799577,0.21861448968799577
ADHD,channel,F4_alpha_power,P4_theta_power,0.5545214172395558,0.5545214172395558
ADHD,channel,F4_alpha_power,P4_alpha_power,0.7360126916975145,0.7360126916975145
ADHD,channel,F4_alpha_power,P4_beta_power,0.6452670544685352,0.6452670544685352
ADHD,channel,F4_alpha_power,P4_theta_beta_ratio,-0.09957694341618191,0.09957694341618191
ADHD,channel,F4_alpha_power,O1_delta_power,0.17694341618191434,0.17694341618191434
ADHD,channel,F4_alpha_power,O1_theta_power,0.15351665785298785,0.15351665785298785
ADHD,channel,F4_alpha_power,O1_alpha_power,0.4037546271813855,0.4037546271813855
ADHD,channel,F4_alpha_power,O1_beta_power,0.22538339502908514,0.22538339502908514
ADHD,channel,F4_alpha_power,O1_theta_beta_ratio,-0.0506081438392385,0.0506081438392385
ADHD,channel,F4_alpha_power,O2_delta_power,0.2648863035430989,0.2648863035430989
ADHD,channel,F4_alpha_power,O2_theta_power,0.43812797461660496,0.43812797461660496
ADHD,channel,F4_alpha_power,O2_alpha_power,0.5980433632998413,0.5980433632998413
ADHD,channel,F4_alpha_power,O2_beta_power,0.4857747223691169,0.4857747223691169
ADHD,channel,F4_alpha_power,O2_theta_beta_ratio,0.0331041776837652,0.0331041776837652
ADHD,channel,F4_alpha_power,F7_delta_power,-0.0790058170280275,0.0790058170280275
ADHD,channel,F4_alpha_power,F7_theta_power,0.07662612374405077,0.07662612374405077
ADHD,channel,F4_alpha_power,F7_alpha_power,0.5191433104177684,0.5191433104177684
ADHD,channel,F4_alpha_power,F7_beta_power,0.23278688524590163,0.23278688524590163
ADHD,channel,F4_alpha_power,F7_theta_beta_ratio,-0.09894235854045479,0.09894235854045479
ADHD,channel,F4_alpha_power,F8_delta_power,0.006398730830248546,0.006398730830248546
ADHD,channel,F4_alpha_power,F8_theta_power,0.22755156002115282,0.22755156002115282
ADHD,channel,F4_alpha_power,F8_alpha_power,0.6589635113696457,0.6589635113696457
ADHD,channel,F4_alpha_power,F8_beta_power,0.41840296139608674,0.41840296139608674
ADHD,channel,F4_alpha_power,F8_theta_beta_ratio,-0.10639873083024855,0.10639873083024855
ADHD,channel,F4_alpha_power,T7_delta_power,0.012850343733474353,0.012850343733474353
ADHD,channel,F4_alpha_power,T7_theta_power,0.12115282919090428,0.12115282919090428
ADHD,channel,F4_alpha_power,T7_alpha_power,0.5808038075092543,0.5808038075092543
ADHD,channel,F4_alpha_power,T7_beta_power,0.32051824431517717,0.32051824431517717
ADHD,channel,F4_alpha_power,T7_theta_beta_ratio,-0.21618191433104178,0.21618191433104178
ADHD,channel,F4_alpha_power,T8_delta_power,0.1787414066631412,0.1787414066631412
ADHD,channel,F4_alpha_power,T8_theta_power,0.41649920676890534,0.41649920676890534
ADHD,channel,F4_alpha_power,T8_alpha_power,0.7465891062929667,0.7465891062929667
ADHD,channel,F4_alpha_power,T8_beta_power,0.35658381808566897,0.35658381808566897
ADHD,channel,F4_alpha_power,T8_theta_beta_ratio,0.14796404019037546,0.14796404019037546
ADHD,channel,F4_alpha_power,P7_delta_power,0.23527234267583289,0.23527234267583289
ADHD,channel,F4_alpha_power,P7_theta_power,0.2158646218931782,0.2158646218931782
ADHD,channel,F4_alpha_power,P7_alpha_power,0.5262823902696986,0.5262823902696986
ADHD,channel,F4_alpha_power,P7_beta_power,0.23802221047065045,0.23802221047065045
ADHD,channel,F4_alpha_power,P7_theta_beta_ratio,0.016816499206768906,0.016816499206768906
ADHD,channel,F4_alpha_power,P8_delta_power,0.19640401903754628,0.19640401903754628
ADHD,channel,F4_alpha_power,P8_theta_power,0.42199894235854046,0.42199894235854046
ADHD,channel,F4_alpha_power,P8_alpha_power,0.6706504494976203,0.6706504494976203
ADHD,channel,F4_alpha_power,P8_beta_power,0.38080380750925436,0.38080380750925436
ADHD,channel,F4_alpha_power,P8_theta_beta_ratio,0.08836594394500265,0.08836594394500265
ADHD,channel,F4_alpha_power,Fz_delta_power,0.2733474352194606,0.2733474352194606
ADHD,channel,F4_alpha_power,Fz_theta_power,0.3337387625594923,0.3337387625594923
ADHD,channel,F4_alpha_power,Fz_alpha_power,0.7204124801692227,0.7204124801692227
ADHD,channel,F4_alpha_power,Fz_beta_power,0.42887361184558437,0.42887361184558437
ADHD,channel,F4_alpha_power,Fz_theta_beta_ratio,-0.16816499206768906,0.16816499206768906
ADHD,channel,F4_alpha_power,Cz_delta_power,0.2684822845055526,0.2684822845055526
ADHD,channel,F4_alpha_power,Cz_theta_power,0.4151771549444738,0.4151771549444738
ADHD,channel,F4_alpha_power,Cz_alpha_power,0.709941829719725,0.709941829719725
ADHD,channel,F4_alpha_power,Cz_beta_power,0.5749867794817557,0.5749867794817557
ADHD,channel,F4_alpha_power,Cz_theta_beta_ratio,-0.15097831835007933,0.15097831835007933
ADHD,channel,F4_alpha_power,Pz_delta_power,0.16287678476996298,0.16287678476996298
ADHD,channel,F4_alpha_power,Pz_theta_power,0.22051824431517716,0.22051824431517716
ADHD,channel,F4_alpha_power,Pz_alpha_power,0.601216287678477,0.601216287678477
ADHD,channel,F4_alpha_power,Pz_beta_power,0.40613432046536224,0.40613432046536224
ADHD,channel,F4_alpha_power,Pz_theta_beta_ratio,-0.22485457429931252,0.22485457429931252
ADHD,channel,F4_beta_power,F4_theta_beta_ratio,-0.39000528820729774,0.39000528820729774
ADHD,channel,F4_beta_power,C3_delta_power,0.14891591750396616,0.14891591750396616
ADHD,channel,F4_beta_power,C3_theta_power,0.27276573241671076,0.27276573241671076
ADHD,channel,F4_beta_power,C3_alpha_power,0.23437334743521945,0.23437334743521945
ADHD,channel,F4_beta_power,C3_beta_power,0.5732416710735061,0.5732416710735061
ADHD,channel,F4_beta_power,C3_theta_beta_ratio,-0.22067689053410894,0.22067689053410894
ADHD,channel,F4_beta_power,C4_delta_power,0.2737176097303014,0.2737176097303014
ADHD,channel,F4_beta_power,C4_theta_power,0.5398730830248546,0.5398730830248546
ADHD,channel,F4_beta_power,C4_alpha_power,0.4607086197778953,0.4607086197778953
ADHD,channel,F4_beta_power,C4_beta_power,0.8707562136435748,0.8707562136435748
ADHD,channel,F4_beta_power,C4_theta_beta_ratio,-0.33246959280803806,0.33246959280803806
ADHD,channel,F4_beta_power,P3_delta_power,0.2855631940772078,0.2855631940772078
ADHD,channel,F4_beta_power,P3_theta_power,0.3159175039661555,0.3159175039661555
ADHD,channel,F4_beta_power,P3_alpha_power,0.3457429931253305,0.3457429931253305
ADHD,channel,F4_beta_power,P3_beta_power,0.562083553675304,0.562083553675304
ADHD,channel,F4_beta_power,P3_theta_beta_ratio,-0.26118455843469063,0.26118455843469063
ADHD,channel,F4_beta_power,P4_delta_power,0.23410893707033315,0.23410893707033315
ADHD,channel,F4_beta_power,P4_theta_power,0.4284505552617663,0.4284505552617663
ADHD,channel,F4_beta_power,P4_alpha_power,0.4454785827604442,0.4454785827604442
ADHD,channel,F4_beta_power,P4_beta_power,0.7749338974087784,0.7749338974087784
ADHD,channel,F4_beta_power,P4_theta_beta_ratio,-0.3371760973030143,0.3371760973030143
ADHD,channel,F4_beta_power,O1_delta_power,0.2106292966684294,0.2106292966684294
ADHD,channel,F4_beta_power,O1_theta_power,0.15721840296139608,0.15721840296139608
ADHD,channel,F4_beta_power,O1_alpha_power,0.2870967741935484,0.2870967741935484
ADHD,channel,F4_beta_power,O1_beta_power,0.34569011105235325,0.34569011105235325
ADHD,channel,F4_beta_power,O1_theta_beta_ratio,-0.13516657852987837,0.13516657852987837
ADHD,channel,F4_beta_power,O2_delta_power,0.2167107350608144,0.2167107350608144
ADHD,channel,F4_beta_power,O2_theta_power,0.27588577472236914,0.27588577472236914
ADHD,channel,F4_beta_power,O2_alpha_power,0.3818614489687996,0.3818614489687996
ADHD,channel,F4_beta_power,O2_beta_power,0.6701216287678478,0.6701216287678478
ADHD,channel,F4_beta_power,O2_theta_beta_ratio,-0.2846113167636171,0.2846113167636171
ADHD,channel,F4_beta_power,F7_delta_power,0.011898466419883659,0.011898466419883659
ADHD,channel,F4_beta_power,F7_theta_power,0.1464304600740349,0.1464304600740349
ADHD,channel,F4_beta_power,F7_alpha_power,0.31443680592279216,0.31443680592279216
ADHD,channel,F4_beta_power,F7_beta_power,0.5529349550502379,0.5529349550502379
ADHD,channel,F4_beta_power,F7_theta_beta_ratio,-0.40290851401374933,0.40290851401374933
ADHD,channel,F4_beta_power,F8_delta_power,0.10438921205711264,0.10438921205711264
ADHD,channel,F4_beta_power,F8_theta_power,0.23548387096774193,0.23548387096774193
ADHD,channel,F4_beta_power,F8_alpha_power,0.41602326811211,0.41602326811211
ADHD,channel,F4_beta_power,F8_beta_power,0.7483342147012163,0.7483342147012163
ADHD,channel,F4_beta_power,F8_theta_beta_ratio,-0.3415653093601269,0.3415653093601269
ADHD,channel,F4_beta_power,T7_delta_power,0.0866737176097303,0.0866737176097303
ADHD,channel,F4_beta_power,T7_theta_power,0.14680063458487572,0.14680063458487572
ADHD,channel,F4_beta_power,T7_alpha_power,0.349286092014807,0.349286092014807
ADHD,channel,F4_beta_power,T7_beta_power,0.46308831306187204,0.46308831306187204
ADHD,channel,F4_beta_power,T7_theta_beta_ratio,-0.2117398202009519,0.2117398202009519
ADHD,channel,F4_beta_power,T8_delta_power,0.17398202009518773,0.17398202009518773
ADHD,channel,F4_beta_power,T8_theta_power,0.3887890005288207,0.3887890005288207
ADHD,channel,F4_beta_power,T8_alpha_power,0.4282919090428345,0.4282919090428345
ADHD,channel,F4_beta_power,T8_beta_power,0.5872554204124801,0.5872554204124801
ADHD,channel,F4_beta_power,T8_theta_beta_ratio,-0.14590163934426228,0.14590163934426228
ADHD,channel,F4_beta_power,P7_delta_power,0.21824431517715495,0.21824431517715495
ADHD,channel,F4_beta_power,P7_theta_power,0.18566895822316234,0.18566895822316234
ADHD,channel,F4_beta_power,P7_alpha_power,0.3216287678476996,0.3216287678476996
ADHD,channel,F4_beta_power,P7_beta_power,0.5437863564251718,0.5437863564251718
ADHD,channel,F4_beta_power,P7_theta_beta_ratio,-0.240772078265468,0.240772078265468
ADHD,channel,F4_beta_power,P8_delta_power,0.03749338974087784,0.03749338974087784
ADHD,channel,F4_beta_power,P8_theta_power,0.2041776837652036,0.2041776837652036
ADHD,channel,F4_beta_power,P8_alpha_power,0.3285034373347435,0.3285034373347435
ADHD,channel,F4_beta_power,P8_beta_power,0.501427815970386,0.501427815970386
ADHD,channel,F4_beta_power,P8_theta_beta_ratio,-0.28149127445795874,0.28149127445795874
ADHD,channel,F4_beta_power,Fz_delta_power,0.26901110523532523,0.26901110523532523
ADHD,channel,F4_beta_power,Fz_theta_power,0.3540454785827604,0.3540454785827604
ADHD,channel,F4_beta_power,Fz_alpha_power,0.419672131147541,0.419672131147541
ADHD,channel,F4_beta_power,Fz_beta_power,0.7859333685880486,0.7859333685880486
ADHD,channel,F4_beta_power,Fz_theta_beta_ratio,-0.46467477525118983,0.46467477525118983
ADHD,channel,F4_beta_power,Cz_delta_power,0.3173982020095188,0.3173982020095188
ADHD,channel,F4_beta_power,Cz_theta_power,0.37852987837123214,0.37852987837123214
ADHD,channel,F4_beta_power,Cz_alpha_power,0.47731359069275514,0.47731359069275514
ADHD,channel,F4_beta_power,Cz_beta_power,0.7991538868323639,0.7991538868323639
ADHD,channel,F4_beta_power,Cz_theta_beta_ratio,-0.35224748810153356,0.35224748810153356
ADHD,channel,F4_beta_power,Pz_delta_power,0.2966684294024326,0.2966684294024326
ADHD,channel,F4_beta_power,Pz_theta_power,0.33305129561078795,0.33305129561078795
ADHD,channel,F4_beta_power,Pz_alpha_power,0.39481755684822845,0.39481755684822845
ADHD,channel,F4_beta_power,Pz_beta_power,0.6431517715494447,0.6431517715494447
ADHD,channel,F4_beta_power,Pz_theta_beta_ratio,-0.3632469592808038,0.3632469592808038
ADHD,channel,F4_theta_beta_ratio,C3_delta_power,0.18699101004759386,0.18699101004759386
ADHD,channel,F4_theta_beta_ratio,C3_theta_power,0.279111581173982,0.279111581173982
ADHD,channel,F4_theta_beta_ratio,C3_alpha_power,-0.0967741935483871,0.0967741935483871
ADHD,channel,F4_theta_beta_ratio,C3_beta_power,-0.19185616076150186,0.19185616076150186
ADHD,channel,F4_theta_beta_ratio,C3_theta_beta_ratio,0.4661025912215759,0.4661025912215759
ADHD,channel,F4_theta_beta_ratio,C4_delta_power,0.27763088313061873,0.27763088313061873
ADHD,channel,F4_theta_beta_ratio,C4_theta_power,0.3406663141195135,0.3406663141195135
ADHD,channel,F4_theta_beta_ratio,C4_alpha_power,-0.08709677419354839,0.08709677419354839
ADHD,channel,F4_theta_beta_ratio,C4_beta_power,-0.29740877842411423,0.29740877842411423
ADHD,channel,F4_theta_beta_ratio,C4_theta_beta_ratio,0.7115282919090429,0.7115282919090429
ADHD,channel,F4_theta_beta_ratio,P3_delta_power,0.14098360655737704,0.14098360655737704
ADHD,channel,F4_theta_beta_ratio,P3_theta_power,0.1757800105764146,0.1757800105764146
ADHD,channel,F4_theta_beta_ratio,P3_alpha_power,-0.12231623479640402,0.12231623479640402
ADHD,channel,F4_theta_beta_ratio,P3_beta_power,-0.14389212057112638,0.14389212057112638
ADHD,channel,F4_theta_beta_ratio,P3_theta_beta_ratio,0.4290851401374934,0.4290851401374934
ADHD,channel,F4_theta_beta_ratio,P4_delta_power,0.2740877842411423,0.2740877842411423
ADHD,channel,F4_theta_beta_ratio,P4_theta_power,0.38514013749338977,0.38514013749338977
ADHD,channel,F4_theta_beta_ratio,P4_alpha_power,-0.09079851930195663,0.09079851930195663
ADHD,channel,F4_theta_beta_ratio,P4_beta_power,-0.2217874140666314,0.2217874140666314
ADHD,channel,F4_theta_beta_ratio,P4_theta_beta_ratio,0.6913273400317292,0.6913273400317292
ADHD,channel,F4_theta_beta_ratio,O1_delta_power,0.25230037017451085,0.25230037017451085
ADHD,channel,F4_theta_beta_ratio,O1_theta_power,0.36763617133791643,0.36763617133791643
ADHD,channel,F4_theta_beta_ratio,O1_alpha_power,0.1738762559492332,0.1738762559492332
ADHD,channel,F4_theta_beta_ratio,O1_beta_power,-0.0562665256478054,0.0562665256478054
ADHD,channel,F4_theta_beta_ratio,O1_theta_beta_ratio,0.4466948704389212,0.4466948704389212
ADHD,channel,F4_theta_beta_ratio,O2_delta_power,0.3600211528291909,0.3600211528291909
ADHD,channel,F4_theta_beta_ratio,O2_theta_power,0.43527234267583287,0.43527234267583287
ADHD,channel,F4_theta_beta_ratio,O2_alpha_power,0.10253833950290851,0.10253833950290851
ADHD,channel,F4_theta_beta_ratio,O2_beta_power,-0.24606028556319406,0.24606028556319406
ADHD,channel,F4_theta_beta_ratio,O2_theta_beta_ratio,0.6645161290322581,0.6645161290322581
ADHD,channel,F4_theta_beta_ratio,F7_delta_power,0.02622950819672131,0.02622950819672131
ADHD,channel,F4_theta_beta_ratio,F7_theta_power,0.21739820200951876,0.21739820200951876
ADHD,channel,F4_theta_beta_ratio,F7_alpha_power,0.0857218402961396,0.0857218402961396
ADHD,channel,F4_theta_beta_ratio,F7_beta_power,-0.2465362242199894,0.2465362242199894
ADHD,channel,F4_theta_beta_ratio,F7_theta_beta_ratio,0.4796404019037546,0.4796404019037546
ADHD,channel,F4_theta_beta_ratio,F8_delta_power,0.35579058699101007,0.35579058699101007
ADHD,channel,F4_theta_beta_ratio,F8_theta_power,0.4426229508196721,0.4426229508196721
ADHD,channel,F4_theta_beta_ratio,F8_alpha_power,0.11840296139608672,0.11840296139608672
ADHD,channel,F4_theta_beta_ratio,F8_beta_power,-0.27678476996298257,0.27678476996298257
ADHD,channel,F4_theta_beta_ratio,F8_theta_beta_ratio,0.7161290322580646,0.7161290322580646
ADHD,channel,F4_theta_beta_ratio,T7_delta_power,0.19767318878900053,0.19767318878900053
ADHD,channel,F4_theta_beta_ratio,T7_theta_power,0.3817028027498678,0.3817028027498678
ADHD,channel,F4_theta_beta_ratio,T7_alpha_power,0.10200951877313591,0.10200951877313591
ADHD,channel,F4_theta_beta_ratio,T7_beta_power,-0.01850872554204125,0.01850872554204125
ADHD,channel,F4_theta_beta_ratio,T7_theta_beta_ratio,0.4054468535166579,0.4054468535166579
ADHD,channel,F4_theta_beta_ratio,T8_delta_power,0.2519830777366473,0.2519830777366473
ADHD,channel,F4_theta_beta_ratio,T8_theta_power,0.2994182971972501,0.2994182971972501
ADHD,channel,F4_theta_beta_ratio,T8_alpha_power,-0.004600740349021682,0.004600740349021682
ADHD,channel,F4_theta_beta_ratio,T8_beta_power,-0.22765732416710735,0.22765732416710735
ADHD,channel,F4_theta_beta_ratio,T8_theta_beta_ratio,0.6216287678476996,0.6216287678476996
ADHD,channel,F4_theta_beta_ratio,P7_delta_power,0.11686938127974617,0.11686938127974617
ADHD,channel,F4_theta_beta_ratio,P7_theta_power,0.16747752511898467,0.16747752511898467
ADHD,channel,F4_theta_beta_ratio,P7_alpha_power,0.048016922263352725,0.048016922263352725
ADHD,channel,F4_theta_beta_ratio,P7_beta_power,-0.12152300370174511,0.12152300370174511
ADHD,channel,F4_theta_beta_ratio,P7_theta_beta_ratio,0.29751454257006876,0.29751454257006876
ADHD,channel,F4_theta_beta_ratio,P8_delta_power,0.4874669487043892,0.4874669487043892
ADHD,channel,F4_theta_beta_ratio,P8_theta_power,0.44500264410364887,0.44500264410364887
ADHD,channel,F4_theta_beta_ratio,P8_alpha_power,0.11734531993654151,0.11734531993654151
ADHD,channel,F4_theta_beta_ratio,P8_beta_power,-0.09687995769434161,0.09687995769434161
ADHD,channel,F4_theta_beta_ratio,P8_theta_beta_ratio,0.6047065044949762,0.6047065044949762
ADHD,channel,F4_theta_beta_ratio,Fz_delta_power,0.1471179270227393,0.1471179270227393
ADHD,channel,F4_theta_beta_ratio,Fz_theta_power,0.29296668429402434,0.29296668429402434
ADHD,channel,F4_theta_beta_ratio,Fz_alpha_power,-0.07630883130618721,0.07630883130618721
ADHD,channel,F4_theta_beta_ratio,Fz_beta_power,-0.3363828662083554,0.3363828662083554
ADHD,channel,F4_theta_beta_ratio,Fz_theta_beta_ratio,0.7337387625594923,0.7337387625594923
ADHD,channel,F4_theta_beta_ratio,Cz_delta_power,0.44828133262823905,0.44828133262823905
ADHD,channel,F4_theta_beta_ratio,Cz_theta_power,0.525965097831835,0.525965097831835
ADHD,channel,F4_theta_beta_ratio,Cz_alpha_power,-0.20666314119513485,0.20666314119513485
ADHD,channel,F4_theta_beta_ratio,Cz_beta_power,-0.1417239555790587,0.1417239555790587
ADHD,channel,F4_theta_beta_ratio,Cz_theta_beta_ratio,0.6399259650978318,0.6399259650978318
ADHD,channel,F4_theta_beta_ratio,Pz_delta_power,0.10978318350079323,0.10978318350079323
ADHD,channel,F4_theta_beta_ratio,Pz_theta_power,0.2217874140666314,0.2217874140666314
ADHD,channel,F4_theta_beta_ratio,Pz_alpha_power,-0.12321523003701745,0.12321523003701745
ADHD,channel,F4_theta_beta_ratio,Pz_beta_power,-0.2378106821787414,0.2378106821787414
ADHD,channel,F4_theta_beta_ratio,Pz_theta_beta_ratio,0.5116869381279746,0.5116869381279746
ADHD,channel,C3_delta_power,C3_theta_power,0.6159703860391328,0.6159703860391328
ADHD,channel,C3_delta_power,C3_alpha_power,0.16975145425700688,0.16975145425700688
ADHD,channel,C3_delta_power,C3_beta_power,0.25780010576414597,0.25780010576414597
ADHD,channel,C3_delta_power,C3_theta_beta_ratio,0.36007403490216816,0.36007403490216816
ADHD,channel,C3_delta_power,C4_delta_power,0.39270227392913803,0.39270227392913803
ADHD,channel,C3_delta_power,C4_theta_power,0.12258064516129032,0.12258064516129032
ADHD,channel,C3_delta_power,C4_alpha_power,-0.05076679005817028,0.05076679005817028
ADHD,channel,C3_delta_power,C4_beta_power,0.19587519830777367,0.19587519830777367
ADHD,channel,C3_delta_power,C4_theta_beta_ratio,-0.07741935483870968,0.07741935483870968
ADHD,channel,C3_delta_power,P3_delta_power,0.728820729772607,0.728820729772607
ADHD,channel,C3_delta_power,P3_theta_power,0.45700687466948703,0.45700687466948703
ADHD,channel,C3_delta_power,P3_alpha_power,0.04965626652564781,0.04965626652564781
ADHD,channel,C3_delta_power,P3_beta_power,0.2638815441565309,0.2638815441565309
ADHD,channel,C3_delta_power,P3_theta_beta_ratio,0.2056583818085669,0.2056583818085669
ADHD,channel,C3_delta_power,P4_delta_power,0.3608143839238498,0.3608143839238498
ADHD,channel,C3_delta_power,P4_theta_power,0.23897408778424115,0.23897408778424115
ADHD,channel,C3_delta_power,P4_alpha_power,0.03574828133262824,0.03574828133262824
ADHD,channel,C3_delta_power,P4_beta_power,0.33019566367001585,0.33019566367001585
ADHD,channel,C3_delta_power,P4_theta_beta_ratio,-0.029931253305129562,0.029931253305129562
ADHD,channel,C3_delta_power,O1_delta_power,0.6401374933897409,0.6401374933897409
ADHD,channel,C3_delta_power,O1_theta_power,0.4953992596509783,0.4953992596509783
ADHD,channel,C3_delta_power,O1_alpha_power,0.2792173453199365,0.2792173453199365
ADHD,channel,C3_delta_power,O1_beta_power,0.26039132734003173,0.26039132734003173
ADHD,channel,C3_delta_power,O1_theta_beta_ratio,0.19069275515600212,0.19069275515600212
ADHD,channel,C3_delta_power,O2_delta_power,0.4076679005817028,0.4076679005817028
ADHD,channel,C3_delta_power,O2_theta_power,0.30343733474352197,0.30343733474352197
ADHD,channel,C3_delta_power,O2_alpha_power,0.1387625594923321,0.1387625594923321
ADHD,channel,C3_delta_power,O2_beta_power,0.15023796932839767,0.15023796932839767
ADHD,channel,C3_delta_power,O2_theta_beta_ratio,0.1835536753040719,0.1835536753040719
ADHD,channel,C3_delta_power,F7_delta_power,0.5107350608143839,0.5107350608143839
ADHD,channel,C3_delta_power,F7_theta_power,0.4587519830777366,0.4587519830777366
ADHD,channel,C3_delta_power,F7_alpha_power,0.37006874669487044,0.37006874669487044
ADHD,channel,C3_delta_power,F7_beta_power,0.20274986779481755,0.20274986779481755
ADHD,channel,C3_delta_power,F7_theta_beta_ratio,0.13717609730301428,0.13717609730301428
ADHD,channel,C3_delta_power,F8_delta_power,0.212374405076679,0.212374405076679
ADHD,channel,C3_delta_power,F8_theta_power,0.21824431517715495,0.21824431517715495
ADHD,channel,C3_delta_power,F8_alpha_power,0.1074034902168165,0.1074034902168165
ADHD,channel,C3_delta_power,F8_beta_power,0.1518244315177155,0.1518244315177155
ADHD,channel,C3_delta_power,F8_theta_beta_ratio,0.09984135378106822,0.09984135378106822
ADHD,channel,C3_delta_power,T7_delta_power,0.6061872025383395,0.6061872025383395
ADHD,channel,C3_delta_power,T7_theta_power,0.5273929138022211,0.5273929138022211
ADHD,channel,C3_delta_power,T7_alpha_power,0.31554732945531466,0.31554732945531466
ADHD,channel,C3_delta_power,T7_beta_power,0.22966684294024325,0.22966684294024325
ADHD,channel,C3_delta_power,T7_theta_beta_ratio,0.38968799576943414,0.38968799576943414
ADHD,channel,C3_delta_power,T8_delta_power,0.1609730301427816,0.1609730301427816
ADHD,channel,C3_delta_power,T8_theta_power,0.2084611316763617,0.2084611316763617
ADHD,channel,C3_delta_power,T8_alpha_power,0.13236382866208354,0.13236382866208354
ADHD,channel,C3_delta_power,T8_beta_power,0.11380222104706504,0.11380222104706504
ADHD,channel,C3_delta_power,T8_theta_beta_ratio,0.18106821787414068,0.18106821787414068
ADHD,channel,C3_delta_power,P7_delta_power,0.6484399788471709,0.6484399788471709
ADHD,channel,C3_delta_power,P7_theta_power,0.48974087784241144,0.48974087784241144
ADHD,channel,C3_delta_power,P7_alpha_power,0.32252776308831305,0.32252776308831305
ADHD,channel,C3_delta_power,P7_beta_power,0.36213643574828136,0.36213643574828136
ADHD,channel,C3_delta_power,P7_theta_beta_ratio,0.22501322051824432,0.22501322051824432
ADHD,channel,C3_delta_power,P8_delta_power,0.3380750925436277,0.3380750925436277
ADHD,channel,C3_delta_power,P8_theta_power,0.3115811739820201,0.3115811739820201
ADHD,channel,C3_delta_power,P8_alpha_power,0.2815970386039133,0.2815970386039133
ADHD,channel,C3_delta_power,P8_beta_power,0.2511369645690111,0.2511369645690111
ADHD,channel,C3_delta_power,P8_theta_beta_ratio,0.15790586991010047,0.15790586991010047
ADHD,channel,C3_delta_power,Fz_delta_power,0.7243786356425171,0.7243786356425171
ADHD,channel,C3_delta_power,Fz_theta_power,0.44849286092014806,0.44849286092014806
ADHD,channel,C3_delta_power,Fz_alpha_power,0.17540983606557378,0.17540983606557378
ADHD,channel,C3_delta_power,Fz_beta_power,0.19994711792702274,0.19994711792702274
ADHD,channel,C3_delta_power,Fz_theta_beta_ratio,0.2846641988365944,0.2846641988365944
ADHD,channel,C3_delta_power,Cz_delta_power,0.3843997884717081,0.3843997884717081
ADHD,channel,C3_delta_power,Cz_theta_power,0.15695399259650977,0.15695399259650977
ADHD,channel,C3_delta_power,Cz_alpha_power,0.08069804336329985,0.08069804336329985
ADHD,channel,C3_delta_power,Cz_beta_power,0.36546800634584875,0.36546800634584875
ADHD,channel,C3_delta_power,Cz_theta_beta_ratio,-0.16171337916446324,0.16171337916446324
ADHD,channel,C3_delta_power,Pz_delta_power,0.7277102062400846,0.7277102062400846
ADHD,channel,C3_delta_power,Pz_theta_power,0.5068217874140666,0.5068217874140666
ADHD,channel,C3_delta_power,Pz_alpha_power,0.12104706504494976,0.12104706504494976
ADHD,channel,C3_delta_power,Pz_beta_power,0.2696456901110523,0.2696456901110523
ADHD,channel,C3_delta_power,Pz_theta_beta_ratio,0.21448968799576942,0.21448968799576942
ADHD,channel,C3_theta_power,C3_alpha_power,0.18831306187202537,0.18831306187202537
ADHD,channel,C3_theta_power,C3_beta_power,0.4388683236382866,0.4388683236382866
ADHD,channel,C3_theta_power,C3_theta_beta_ratio,0.5314119513484928,0.5314119513484928
ADHD,channel,C3_theta_power,C4_delta_power,0.18408249603384452,0.18408249603384452
ADHD,channel,C3_theta_power,C4_theta_power,0.4015864621893178,0.4015864621893178
ADHD,channel,C3_theta_power,C4_alpha_power,-0.07837123215230037,0.07837123215230037
ADHD,channel,C3_theta_power,C4_beta_power,0.19360126916975146,0.19360126916975146
ADHD,channel,C3_theta_power,C4_theta_beta_ratio,0.17879428873611847,0.17879428873611847
ADHD,channel,C3_theta_power,P3_delta_power,0.5334214701216288,0.5334214701216288
ADHD,channel,C3_theta_power,P3_theta_power,0.7663141195134849,0.7663141195134849
ADHD,channel,C3_theta_power,P3_alpha_power,0.2110523532522475,0.2110523532522475
ADHD,channel,C3_theta_power,P3_beta_power,0.4439978847170809,0.4439978847170809
ADHD,channel,C3_theta_power,P3_theta_beta_ratio,0.3405076679005817,0.3405076679005817
ADHD,channel,C3_theta_power,P4_delta_power,0.312374405076679,0.312374405076679
ADHD,channel,C3_theta_power,P4_theta_power,0.4935483870967742,0.4935483870967742
ADHD,channel,C3_theta_power,P4_alpha_power,0.05584346906398731,0.05584346906398731
ADHD,channel,C3_theta_power,P4_beta_power,0.33923849814912743,0.33923849814912743
ADHD,channel,C3_theta_power,P4_theta_beta_ratio,0.1775251189846642,0.1775251189846642
ADHD,channel,C3_theta_power,O1_delta_power,0.4718667371760973,0.4718667371760973
ADHD,channel,C3_theta_power,O1_theta_power,0.6141723955579058,0.6141723955579058
ADHD,channel,C3_theta_power,O1_alpha_power,0.36240084611316764,0.36240084611316764
ADHD,channel,C3_theta_power,O1_beta_power,0.24219989423585406,0.24219989423585406
ADHD,channel,C3_theta_power,O1_theta_beta_ratio,0.29524061343204655,0.29524061343204655
ADHD,channel,C3_theta_power,O2_delta_power,0.4015864621893178,0.4015864621893178
ADHD,channel,C3_theta_power,O2_theta_power,0.4217874140666314,0.4217874140666314
ADHD,channel,C3_theta_power,O2_alpha_power,0.2150713907985193,0.2150713907985193
ADHD,channel,C3_theta_power,O2_beta_power,0.1304071919619249,0.1304071919619249
ADHD,channel,C3_theta_power,O2_theta_beta_ratio,0.2472236911686938,0.2472236911686938
ADHD,channel,C3_theta_power,F7_delta_power,0.3079851930195664,0.3079851930195664
ADHD,channel,C3_theta_power,F7_theta_power,0.7239026969857218,0.7239026969857218
ADHD,channel,C3_theta_power,F7_alpha_power,0.5706504494976203,0.5706504494976203
ADHD,channel,C3_theta_power,F7_beta_power,0.42686409307244844,0.42686409307244844
ADHD,channel,C3_theta_power,F7_theta_beta_ratio,0.22628239026969857,0.22628239026969857
ADHD,channel,C3_theta_power,F8_delta_power,0.1363299841353781,0.1363299841353781
ADHD,channel,C3_theta_power,F8_theta_power,0.37466948704389214,0.37466948704389214
ADHD,channel,C3_theta_power,F8_alpha_power,0.2372818614489688,0.2372818614489688
ADHD,channel,C3_theta_power,F8_beta_power,0.18471708090957165,0.18471708090957165
ADHD,channel,C3_theta_power,F8_theta_beta_ratio,0.2671602326811211,0.2671602326811211
ADHD,channel,C3_theta_power,T7_delta_power,0.42184029613960866,0.42184029613960866
ADHD,channel,C3_theta_power,T7_theta_power,0.6858276044420941,0.6858276044420941
ADHD,channel,C3_theta_power,T7_alpha_power,0.3990481226864093,0.3990481226864093
ADHD,channel,C3_theta_power,T7_beta_power,0.3586991010047594,0.3586991010047594
ADHD,channel,C3_theta_power,T7_theta_beta_ratio,0.4053939714436806,0.4053939714436806
ADHD,channel,C3_theta_power,T8_delta_power,0.05018508725542041,0.05018508725542041
ADHD,channel,C3_theta_power,T8_theta_power,0.29508196721311475,0.29508196721311475
ADHD,channel,C3_theta_power,T8_alpha_power,0.13093601269169752,0.13093601269169752
ADHD,channel,C3_theta_power,T8_beta_power,0.03960867265996827,0.03960867265996827
ADHD,channel,C3_theta_power,T8_theta_beta_ratio,0.34246430460074034,0.34246430460074034
ADHD,channel,C3_theta_power,P7_delta_power,0.49471179270227394,0.49471179270227394
ADHD,channel,C3_theta_power,P7_theta_power,0.6450555261766261,0.6450555261766261
ADHD,channel,C3_theta_power,P7_alpha_power,0.44219989423585404,0.44219989423585404
ADHD,channel,C3_theta_power,P7_beta_power,0.4378635642517187,0.4378635642517187
ADHD,channel,C3_theta_power,P7_theta_beta_ratio,0.2790586991010048,0.2790586991010048
ADHD,channel,C3_theta_power,P8_delta_power,0.31692226335272344,0.31692226335272344
ADHD,channel,C3_theta_power,P8_theta_power,0.3741935483870968,0.3741935483870968
ADHD,channel,C3_theta_power,P8_alpha_power,0.2056583818085669,0.2056583818085669
ADHD,channel,C3_theta_power,P8_beta_power,0.16335272342675833,0.16335272342675833
ADHD,channel,C3_theta_power,P8_theta_beta_ratio,0.24970914859862506,0.24970914859862506
ADHD,channel,C3_theta_power,Fz_delta_power,0.526969857218403,0.526969857218403
ADHD,channel,C3_theta_power,Fz_theta_power,0.8006874669487044,0.8006874669487044
ADHD,channel,C3_theta_power,Fz_alpha_power,0.39825489159175037,0.39825489159175037
ADHD,channel,C3_theta_power,Fz_beta_power,0.44680063458487573,0.44680063458487573
ADHD,channel,C3_theta_power,Fz_theta_beta_ratio,0.33860391327340034,0.33860391327340034
ADHD,channel,C3_theta_power,Cz_delta_power,0.3769962982548916,0.3769962982548916
ADHD,channel,C3_theta_power,Cz_theta_power,0.5443680592279218,0.5443680592279218
ADHD,channel,C3_theta_power,Cz_alpha_power,0.11491274457958751,0.11491274457958751
ADHD,channel,C3_theta_power,Cz_beta_power,0.36599682707562137,0.36599682707562137
ADHD,channel,C3_theta_power,Cz_theta_beta_ratio,0.21337916446324695,0.21337916446324695
ADHD,channel,C3_theta_power,Pz_delta_power,0.5430988894764675,0.5430988894764675
ADHD,channel,C3_theta_power,Pz_theta_power,0.8006345848757271,0.8006345848757271
ADHD,channel,C3_theta_power,Pz_alpha_power,0.292702273929138,0.292702273929138
ADHD,channel,C3_theta_power,Pz_beta_power,0.45425700687466947,0.45425700687466947
ADHD,channel,C3_theta_power,Pz_theta_beta_ratio,0.27033315705975675,0.27033315705975675
ADHD,channel,C3_alpha_power,C3_beta_power,0.2694341618191433,0.2694341618191433
ADHD,channel,C3_alpha_power,C3_theta_beta_ratio,-0.19153886832363828,0.19153886832363828
ADHD,channel,C3_alpha_power,C4_delta_power,-0.19624537281861448,0.19624537281861448
ADHD,channel,C3_alpha_power,C4_theta_power,0.000898995240613432,0.000898995240613432
ADHD,channel,C3_alpha_power,C4_alpha_power,0.7129032258064516,0.7129032258064516
ADHD,channel,C3_alpha_power,C4_beta_power,0.21052353252247488,0.21052353252247488
ADHD,channel,C3_alpha_power,C4_theta_beta_ratio,-0.2695928080380751,0.2695928080380751
ADHD,channel,C3_alpha_power,P3_delta_power,0.14759386567953464,0.14759386567953464
ADHD,channel,C3_alpha_power,P3_theta_power,0.21829719725013222,0.21829719725013222
ADHD,channel,C3_alpha_power,P3_alpha_power,0.7884188260179799,0.7884188260179799
ADHD,channel,C3_alpha_power,P3_beta_power,0.3093072448439979,0.3093072448439979
ADHD,channel,C3_alpha_power,P3_theta_beta_ratio,-0.15933368588048652,0.15933368588048652
ADHD,channel,C3_alpha_power,P4_delta_power,-0.0641988365943945,0.0641988365943945
ADHD,channel,C3_alpha_power,P4_theta_power,0.1347435219460603,0.1347435219460603
ADHD,channel,C3_alpha_power,P4_alpha_power,0.6516129032258065,0.6516129032258065
ADHD,channel,C3_alpha_power,P4_beta_power,0.30274986779481755,0.30274986779481755
ADHD,channel,C3_alpha_power,P4_theta_beta_ratio,-0.20100475938656795,0.20100475938656795
ADHD,channel,C3_alpha_power,O1_delta_power,0.09529349550502379,0.09529349550502379
ADHD,channel,C3_alpha_power,O1_theta_power,0.14500264410364885,0.14500264410364885
ADHD,channel,C3_alpha_power,O1_alpha_power,0.3391327340031729,0.3391327340031729
ADHD,channel,C3_alpha_power,O1_beta_power,0.1577472236911687,0.1577472236911687
ADHD,channel,C3_alpha_power,O1_theta_beta_ratio,-0.0745637228979376,0.0745637228979376
ADHD,channel,C3_alpha_power,O2_delta_power,-0.007667900581702803,0.007667900581702803
ADHD,channel,C3_alpha_power,O2_theta_power,0.117239555790587,0.117239555790587
ADHD,channel,C3_alpha_power,O2_alpha_power,0.3615018508725542,0.3615018508725542
ADHD,channel,C3_alpha_power,O2_beta_power,0.23987308302485458,0.23987308302485458
ADHD,channel,C3_alpha_power,O2_theta_beta_ratio,-0.10486515071390798,0.10486515071390798
ADHD,channel,C3_alpha_power,F7_delta_power,0.15520888418826018,0.15520888418826018
ADHD,channel,C3_alpha_power,F7_theta_power,0.14542570068746694,0.14542570068746694
ADHD,channel,C3_alpha_power,F7_alpha_power,0.4684822845055526,0.4684822845055526
ADHD,channel,C3_alpha_power,F7_beta_power,0.12305658381808567,0.12305658381808567
ADHD,channel,C3_alpha_power,F7_theta_beta_ratio,0.041089370703331574,0.041089370703331574
ADHD,channel,C3_alpha_power,F8_delta_power,-0.14362771020624007,0.14362771020624007
ADHD,channel,C3_alpha_power,F8_theta_power,-0.10898995240613432,0.10898995240613432
ADHD,channel,C3_alpha_power,F8_alpha_power,0.2664727657324167,0.2664727657324167
ADHD,channel,C3_alpha_power,F8_beta_power,0.06583818085668958,0.06583818085668958
ADHD,channel,C3_alpha_power,F8_theta_beta_ratio,-0.16234796404019036,0.16234796404019036
ADHD,channel,C3_alpha_power,T7_delta_power,0.21565309360126916,0.21565309360126916
ADHD,channel,C3_alpha_power,T7_theta_power,0.12162876784769963,0.12162876784769963
ADHD,channel,C3_alpha_power,T7_alpha_power,0.6086726599682708,0.6086726599682708
ADHD,channel,C3_alpha_power,T7_beta_power,0.2178741406663141,0.2178741406663141
ADHD,channel,C3_alpha_power,T7_theta_beta_ratio,-0.15388683236382866,0.15388683236382866
ADHD,channel,C3_alpha_power,T8_delta_power,-0.09312533051295611,0.09312533051295611
ADHD,channel,C3_alpha_power,T8_theta_power,0.018085668958223163,0.018085668958223163
ADHD,channel,C3_alpha_power,T8_alpha_power,0.531253305129561,0.531253305129561
ADHD,channel,C3_alpha_power,T8_beta_power,0.10507667900581703,0.10507667900581703
ADHD,channel,C3_alpha_power,T8_theta_beta_ratio,-0.06107879428873612,0.06107879428873612
ADHD,channel,C3_alpha_power,P7_delta_power,0.1755156002115283,0.1755156002115283
ADHD,channel,C3_alpha_power,P7_theta_power,0.09751454257006875,0.09751454257006875
ADHD,channel,C3_alpha_power,P7_alpha_power,0.4328397673188789,0.4328397673188789
ADHD,channel,C3_alpha_power,P7_beta_power,0.14717080909571656,0.14717080909571656
ADHD,channel,C3_alpha_power,P7_theta_beta_ratio,-0.052670544685351664,0.052670544685351664
ADHD,channel,C3_alpha_power,P8_delta_power,-0.06404019037546271,0.06404019037546271
ADHD,channel,C3_alpha_power,P8_theta_power,0.04368059227921735,0.04368059227921735
ADHD,channel,C3_alpha_power,P8_alpha_power,0.3438392384981491,0.3438392384981491
ADHD,channel,C3_alpha_power,P8_beta_power,0.06181914331041777,0.06181914331041777
ADHD,channel,C3_alpha_power,P8_theta_beta_ratio,-0.0005817028027498678,0.0005817028027498678
ADHD,channel,C3_alpha_power,Fz_delta_power,0.25552617662612376,0.25552617662612376
ADHD,channel,C3_alpha_power,Fz_theta_power,0.22390269698572185,0.22390269698572185
ADHD,channel,C3_alpha_power,Fz_alpha_power,0.6453199365415124,0.6453199365415124
ADHD,channel,C3_alpha_power,Fz_beta_power,0.27948175568482286,0.27948175568482286
ADHD,channel,C3_alpha_power,Fz_theta_beta_ratio,-0.1300370174510841,0.1300370174510841
ADHD,channel,C3_alpha_power,Cz_delta_power,0.08450555261766261,0.08450555261766261
ADHD,channel,C3_alpha_power,Cz_theta_power,0.09270227392913802,0.09270227392913802
ADHD,channel,C3_alpha_power,Cz_alpha_power,0.7527234267583289,0.7527234267583289
ADHD,channel,C3_alpha_power,Cz_beta_power,0.2923320994182972,0.2923320994182972
ADHD,channel,C3_alpha_power,Cz_theta_beta_ratio,-0.18212585933368589,0.18212585933368589
ADHD,channel,C3_alpha_power,Pz_delta_power,0.25647805393971446,0.25647805393971446
ADHD,channel,C3_alpha_power,Pz_theta_power,0.25647805393971446,0.25647805393971446
ADHD,channel,C3_alpha_power,Pz_alpha_power,0.7351665785298783,0.7351665785298783
ADHD,channel,C3_alpha_power,Pz_beta_power,0.34299312533051296,0.34299312533051296
ADHD,channel,C3_alpha_power,Pz_theta_beta_ratio,-0.20698043363299842,0.20698043363299842
ADHD,channel,C3_beta_power,C3_theta_beta_ratio,-0.4328926493918562,0.4328926493918562
ADHD,channel,C3_beta_power,C4_delta_power,-0.028820729772607086,0.028820729772607086
ADHD,channel,C3_beta_power,C4_theta_power,0.11909042834479111,0.11909042834479111
ADHD,channel,C3_beta_power,C4_alpha_power,0.13125330512956107,0.13125330512956107
ADHD,channel,C3_beta_power,C4_beta_power,0.5384452670544685,0.5384452670544685
ADHD,channel,C3_beta_power,C4_theta_beta_ratio,-0.4340031729243786,0.4340031729243786
ADHD,channel,C3_beta_power,P3_delta_power,0.33828662083553673,0.33828662083553673
ADHD,channel,C3_beta_power,P3_theta_power,0.42226335272342674,0.42226335272342674
ADHD,channel,C3_beta_power,P3_alpha_power,0.38921205711263884,0.38921205711263884
ADHD,channel,C3_beta_power,P3_beta_power,0.8583818085668958,0.8583818085668958
ADHD,channel,C3_beta_power,P3_theta_beta_ratio,-0.44103648863035433,0.44103648863035433
ADHD,channel,C3_beta_power,P4_delta_power,0.13363299841353782,0.13363299841353782
ADHD,channel,C3_beta_power,P4_theta_power,0.21919619249074565,0.21919619249074565
ADHD,channel,C3_beta_power,P4_alpha_power,0.24933897408778424,0.24933897408778424
ADHD,channel,C3_beta_power,P4_beta_power,0.608937070333157,0.608937070333157
ADHD,channel,C3_beta_power,P4_theta_beta_ratio,-0.39767318878900054,0.39767318878900054
ADHD,channel,C3_beta_power,O1_delta_power,0.348281332628239,0.348281332628239
ADHD,channel,C3_beta_power,O1_theta_power,0.41205711263881545,0.41205711263881545
ADHD,channel,C3_beta_power,O1_alpha_power,0.3654151242728715,0.3654151242728715
ADHD,channel,C3_beta_power,O1_beta_power,0.6643574828133263,0.6643574828133263
ADHD,channel,C3_beta_power,O1_theta_beta_ratio,-0.20074034902168164,0.20074034902168164
ADHD,channel,C3_beta_power,O2_delta_power,0.18350079323109467,0.18350079323109467
ADHD,channel,C3_beta_power,O2_theta_power,0.19069275515600212,0.19069275515600212
ADHD,channel,C3_beta_power,O2_alpha_power,0.24854574299312532,0.24854574299312532
ADHD,channel,C3_beta_power,O2_beta_power,0.3886832363828662,0.3886832363828662
ADHD,channel,C3_beta_power,O2_theta_beta_ratio,-0.17905869910100475,0.17905869910100475
ADHD,channel,C3_beta_power,F7_delta_power,0.2422527763088313,0.2422527763088313
ADHD,channel,C3_beta_power,F7_theta_power,0.3816499206768905,0.3816499206768905
ADHD,channel,C3_beta_power,F7_alpha_power,0.3303014278159704,0.3303014278159704
ADHD,channel,C3_beta_power,F7_beta_power,0.6583289264939186,0.6583289264939186
ADHD,channel,C3_beta_power,F7_theta_beta_ratio,-0.264304600740349,0.264304600740349
ADHD,channel,C3_beta_power,F8_delta_power,0.11147540983606558,0.11147540983606558
ADHD,channel,C3_beta_power,F8_theta_power,0.14933897408778424,0.14933897408778424
ADHD,channel,C3_beta_power,F8_alpha_power,0.1866737176097303,0.1866737176097303
ADHD,channel,C3_beta_power,F8_beta_power,0.5112638815441566,0.5112638815441566
ADHD,channel,C3_beta_power,F8_theta_beta_ratio,-0.24257006874669487,0.24257006874669487
ADHD,channel,C3_beta_power,T7_delta_power,0.2535695399259651,0.2535695399259651
ADHD,channel,C3_beta_power,T7_theta_power,0.34865150713907983,0.34865150713907983
ADHD,channel,C3_beta_power,T7_alpha_power,0.3030142781597039,0.3030142781597039
ADHD,channel,C3_beta_power,T7_beta_power,0.6062400846113167,0.6062400846113167
ADHD,channel,C3_beta_power,T7_theta_beta_ratio,-0.16361713379164464,0.16361713379164464
ADHD,channel,C3_beta_power,T8_delta_power,0.06208355367530407,0.06208355367530407
ADHD,channel,C3_beta_power,T8_theta_power,0.1560021152829191,0.1560021152829191
ADHD,channel,C3_beta_power,T8_alpha_power,0.1453728186144897,0.1453728186144897
ADHD,channel,C3_beta_power,T8_beta_power,0.24209413008989952,0.24209413008989952
ADHD,channel,C3_beta_power,T8_theta_beta_ratio,0.004494976203067161,0.004494976203067161
ADHD,channel,C3_beta_power,P7_delta_power,0.2807509254362771,0.2807509254362771
ADHD,channel,C3_beta_power,P7_theta_power,0.33744050766790057,0.33744050766790057
ADHD,channel,C3_beta_power,P7_alpha_power,0.3335272342675833,0.3335272342675833
ADHD,channel,C3_beta_power,P7_beta_power,0.5629296668429402,0.5629296668429402
ADHD,channel,C3_beta_power,P7_theta_beta_ratio,-0.15050237969328398,0.15050237969328398
ADHD,channel,C3_beta_power,P8_delta_power,0.011422527763088313,0.011422527763088313
ADHD,channel,C3_beta_power,P8_theta_power,0.07530407191961926,0.07530407191961926
ADHD,channel,C3_beta_power,P8_alpha_power,0.10343733474352194,0.10343733474352194
ADHD,channel,C3_beta_power,P8_beta_power,0.13167636171337915,0.13167636171337915
ADHD,channel,C3_beta_power,P8_theta_beta_ratio,-0.13262823902696985,0.13262823902696985
ADHD,channel,C3_beta_power,Fz_delta_power,0.40021152829190904,0.40021152829190904
ADHD,channel,C3_beta_power,Fz_theta_power,0.5307244843997885,0.5307244843997885
ADHD,channel,C3_beta_power,Fz_alpha_power,0.48228450555261765,0.48228450555261765
ADHD,channel,C3_beta_power,Fz_beta_power,0.7737176097303015,0.7737176097303015
ADHD,channel,C3_beta_power,Fz_theta_beta_ratio,-0.3438921205711264,0.3438921205711264
ADHD,channel,C3_beta_power,Cz_delta_power,0.20988894764674776,0.20988894764674776
ADHD,channel,C3_beta_power,Cz_theta_power,0.15737704918032788,0.15737704918032788
ADHD,channel,C3_beta_power,Cz_alpha_power,0.19101004759386567,0.19101004759386567
ADHD,channel,C3_beta_power,Cz_beta_power,0.5996298254891592,0.5996298254891592
ADHD,channel,C3_beta_power,Cz_theta_beta_ratio,-0.39725013220518246,0.39725013220518246
ADHD,channel,C3_beta_power,Pz_delta_power,0.37625594923320993,0.37625594923320993
ADHD,channel,C3_beta_power,Pz_theta_power,0.43833950290851403,0.43833950290851403
ADHD,channel,C3_beta_power,Pz_alpha_power,0.4538339502908514,0.4538339502908514
ADHD,channel,C3_beta_power,Pz_beta_power,0.8475409836065574,0.8475409836065574
ADHD,channel,C3_beta_power,Pz_theta_beta_ratio,-0.5363299841353781,0.5363299841353781
ADHD,channel,C3_theta_beta_ratio,C4_delta_power,0.21850872554204126,0.21850872554204126
ADHD,channel,C3_theta_beta_ratio,C4_theta_power,0.32014806980433635,0.32014806980433635
ADHD,channel,C3_theta_beta_ratio,C4_alpha_power,-0.2659968270756214,0.2659968270756214
ADHD,channel,C3_theta_beta_ratio,C4_beta_power,-0.2983606557377049,0.2983606557377049
ADHD,channel,C3_theta_beta_ratio,C4_theta_beta_ratio,0.6248545742993126,0.6248545742993126
ADHD,channel,C3_theta_beta_ratio,P3_delta_power,0.24140666314119513,0.24140666314119513
ADHD,channel,C3_theta_beta_ratio,P3_theta_power,0.34182971972501325,0.34182971972501325
ADHD,channel,C3_theta_beta_ratio,P3_alpha_power,-0.2582760444209413,0.2582760444209413
ADHD,channel,C3_theta_beta_ratio,P3_beta_power,-0.32982548915917503,0.32982548915917503
ADHD,channel,C3_theta_beta_ratio,P3_theta_beta_ratio,0.7773135906927552,0.7773135906927552
ADHD,channel,C3_theta_beta_ratio,P4_delta_power,0.1681121099947118,0.1681121099947118
ADHD,channel,C3_theta_beta_ratio,P4_theta_power,0.2627181385510312,0.2627181385510312
ADHD,channel,C3_theta_beta_ratio,P4_alpha_power,-0.2878900052882073,0.2878900052882073
ADHD,channel,C3_theta_beta_ratio,P4_beta_power,-0.23088313061872026,0.23088313061872026
ADHD,channel,C3_theta_beta_ratio,P4_theta_beta_ratio,0.5299841353781068,0.5299841353781068
ADHD,channel,C3_theta_beta_ratio,O1_delta_power,0.1857218402961396,0.1857218402961396
ADHD,channel,C3_theta_beta_ratio,O1_theta_power,0.2301427815970386,0.2301427815970386
ADHD,channel,C3_theta_beta_ratio,O1_alpha_power,-0.01877313590692755,0.01877313590692755
ADHD,channel,C3_theta_beta_ratio,O1_beta_power,-0.3236911686938128,0.3236911686938128
ADHD,channel,C3_theta_beta_ratio,O1_theta_beta_ratio,0.49048122686409307,0.49048122686409307
ADHD,channel,C3_theta_beta_ratio,O2_delta_power,0.2553146483342147,0.2553146483342147
ADHD,channel,C3_theta_beta_ratio,O2_theta_power,0.26710735060814383,0.26710735060814383
ADHD,channel,C3_theta_beta_ratio,O2_alpha_power,-0.05441565309360127,0.05441565309360127
ADHD,channel,C3_theta_beta_ratio,O2_beta_power,-0.2270756213643575,0.2270756213643575
ADHD,channel,C3_theta_beta_ratio,O2_theta_beta_ratio,0.4250661025912216,0.4250661025912216
ADHD,channel,C3_theta_beta_ratio,F7_delta_power,0.1068746694870439,0.1068746694870439
ADHD,channel,C3_theta_beta_ratio,F7_theta_power,0.3352723426758329,0.3352723426758329
ADHD,channel,C3_theta_beta_ratio,F7_alpha_power,0.19264939185616076,0.19264939185616076
ADHD,channel,C3_theta_beta_ratio,F7_beta_power,-0.21829719725013222,0.21829719725013222
ADHD,channel,C3_theta_beta_ratio,F7_theta_beta_ratio,0.49063987308302487,0.49063987308302487
ADHD,channel,C3_theta_beta_ratio,F8_delta_power,0.09888947646747752,0.09888947646747752
ADHD,channel,C3_theta_beta_ratio,F8_theta_power,0.2619249074563723,0.2619249074563723
ADHD,channel,C3_theta_beta_ratio,F8_alpha_power,0.013907985193019567,0.013907985193019567
ADHD,channel,C3_theta_beta_ratio,F8_beta_power,-0.2681121099947118,0.2681121099947118
ADHD,channel,C3_theta_beta_ratio,F8_theta_beta_ratio,0.47731359069275514,0.47731359069275514
ADHD,channel,C3_theta_beta_ratio,T7_delta_power,0.21041776837652035,0.21041776837652035
ADHD,channel,C3_theta_beta_ratio,T7_theta_power,0.3657324167107351,0.3657324167107351
ADHD,channel,C3_theta_beta_ratio,T7_alpha_power,0.025700687466948705,0.025700687466948705
ADHD,channel,C3_theta_beta_ratio,T7_beta_power,-0.20248545742993126,0.20248545742993126
ADHD,channel,C3_theta_beta_ratio,T7_theta_beta_ratio,0.6024854574299312,0.6024854574299312
ADHD,channel,C3_theta_beta_ratio,T8_delta_power,0.06446324695928081,0.06446324695928081
ADHD,channel,C3_theta_beta_ratio,T8_theta_power,0.19201480698043363,0.19201480698043363
ADHD,channel,C3_theta_beta_ratio,T8_alpha_power,-0.07234267583289265,0.07234267583289265
ADHD,channel,C3_theta_beta_ratio,T8_beta_power,-0.13120042305658383,0.13120042305658383
ADHD,channel,C3_theta_beta_ratio,T8_theta_beta_ratio,0.361660497091486,0.361660497091486
ADHD,channel,C3_theta_beta_ratio,P7_delta_power,0.2951877313590693,0.2951877313590693
ADHD,channel,C3_theta_beta_ratio,P7_theta_power,0.35933368588048653,0.35933368588048653
ADHD,channel,C3_theta_beta_ratio,P7_alpha_power,0.06774193548387097,0.06774193548387097
ADHD,channel,C3_theta_beta_ratio,P7_beta_power,-0.114806980433633,0.114806980433633
ADHD,channel,C3_theta_beta_ratio,P7_theta_beta_ratio,0.5129561078794289,0.5129561078794289
ADHD,channel,C3_theta_beta_ratio,P8_delta_power,0.2891062929666843,0.2891062929666843
ADHD,channel,C3_theta_beta_ratio,P8_theta_power,0.3143310417768376,0.3143310417768376
ADHD,channel,C3_theta_beta_ratio,P8_alpha_power,0.07662612374405077,0.07662612374405077
ADHD,channel,C3_theta_beta_ratio,P8_beta_power,0.03770491803278689,0.03770491803278689
ADHD,channel,C3_theta_beta_ratio,P8_theta_beta_ratio,0.4113167636171338,0.4113167636171338
ADHD,channel,C3_theta_beta_ratio,Fz_delta_power,0.17794817556848228,0.17794817556848228
ADHD,channel,C3_theta_beta_ratio,Fz_theta_power,0.28778424114225276,0.28778424114225276
ADHD,channel,C3_theta_beta_ratio,Fz_alpha_power,-0.10586991010047594,0.10586991010047594
ADHD,channel,C3_theta_beta_ratio,Fz_beta_power,-0.2565309360126917,0.2565309360126917
ADHD,channel,C3_theta_beta_ratio,Fz_theta_beta_ratio,0.6631411951348493,0.6631411951348493
ADHD,channel,C3_theta_beta_ratio,Cz_delta_power,0.15621364357482814,0.15621364357482814
ADHD,channel,C3_theta_beta_ratio,Cz_theta_power,0.41163405605499737,0.41163405605499737
ADHD,channel,C3_theta_beta_ratio,Cz_alpha_power,-0.22480169222633528,0.22480169222633528
ADHD,channel,C3_theta_beta_ratio,Cz_beta_power,-0.20650449497620307,0.20650449497620307
ADHD,channel,C3_theta_beta_ratio,Cz_theta_beta_ratio,0.6080380750925436,0.6080380750925436
ADHD,channel,C3_theta_beta_ratio,Pz_delta_power,0.15991538868323638,0.15991538868323638
ADHD,channel,C3_theta_beta_ratio,Pz_theta_power,0.34854574299312535,0.34854574299312535
ADHD,channel,C3_theta_beta_ratio,Pz_alpha_power,-0.25388683236382864,0.25388683236382864
ADHD,channel,C3_theta_beta_ratio,Pz_beta_power,-0.31597038603913274,0.31597038603913274
ADHD,channel,C3_theta_beta_ratio,Pz_theta_beta_ratio,0.8025383395029085,0.8025383395029085
ADHD,channel,C4_delta_power,C4_theta_power,0.5772607086197779,0.5772607086197779
ADHD,channel,C4_delta_power,C4_alpha_power,0.06351136964569011,0.06351136964569011
ADHD,channel,C4_delta_power,C4_beta_power,0.3103120042305658,0.3103120042305658
ADHD,channel,C4_delta_power,C4_theta_beta_ratio,0.3,0.3
ADHD,channel,C4_delta_power,P3_delta_power,0.34029613960867267,0.34029613960867267
ADHD,channel,C4_delta_power,P3_theta_power,0.1261237440507668,0.1261237440507668
ADHD,channel,C4_delta_power,P3_alpha_power,-0.14045478582760446,0.14045478582760446
ADHD,channel,C4_delta_power,P3_beta_power,-0.06404019037546271,0.06404019037546271
ADHD,channel,C4_delta_power,P3_theta_beta_ratio,0.24569011105235325,0.24569011105235325
ADHD,channel,C4_delta_power,P4_delta_power,0.7148598625066103,0.7148598625066103
ADHD,channel,C4_delta_power,P4_theta_power,0.5413008989952406,0.5413008989952406
ADHD,channel,C4_delta_power,P4_alpha_power,0.07123215230037018,0.07123215230037018
ADHD,channel,C4_delta_power,P4_beta_power,0.19576943416181913,0.19576943416181913
ADHD,channel,C4_delta_power,P4_theta_beta_ratio,0.3977260708619778,0.3977260708619778
ADHD,channel,C4_delta_power,O1_delta_power,0.5057641459545215,0.5057641459545215
ADHD,channel,C4_delta_power,O1_theta_power,0.44431517715494445,0.44431517715494445
ADHD,channel,C4_delta_power,O1_alpha_power,0.25928080380750923,0.25928080380750923
ADHD,channel,C4_delta_power,O1_beta_power,0.0251718667371761,0.0251718667371761
ADHD,channel,C4_delta_power,O1_theta_beta_ratio,0.3874669487043892,0.3874669487043892
ADHD,channel,C4_delta_power,O2_delta_power,0.6571655208884188,0.6571655208884188
ADHD,channel,C4_delta_power,O2_theta_power,0.5674246430460074,0.5674246430460074
ADHD,channel,C4_delta_power,O2_alpha_power,0.2606028556319408,0.2606028556319408
ADHD,channel,C4_delta_power,O2_beta_power,0.23373876255949233,0.23373876255949233
ADHD,channel,C4_delta_power,O2_theta_beta_ratio,0.4074034902168165,0.4074034902168165
ADHD,channel,C4_delta_power,F7_delta_power,0.17234267583289264,0.17234267583289264
ADHD,channel,C4_delta_power,F7_theta_power,0.17419354838709677,0.17419354838709677
ADHD,channel,C4_delta_power,F7_alpha_power,0.08873611845584346,0.08873611845584346
ADHD,channel,C4_delta_power,F7_beta_power,0.22120571126388155,0.22120571126388155
ADHD,channel,C4_delta_power,F7_theta_beta_ratio,-0.1333685880486515,0.1333685880486515
ADHD,channel,C4_delta_power,F8_delta_power,0.6336858804865151,0.6336858804865151
ADHD,channel,C4_delta_power,F8_theta_power,0.551718667371761,0.551718667371761
ADHD,channel,C4_delta_power,F8_alpha_power,0.32998413537810684,0.32998413537810684
ADHD,channel,C4_delta_power,F8_beta_power,0.3950819672131147,0.3950819672131147
ADHD,channel,C4_delta_power,F8_theta_beta_ratio,0.2765732416710735,0.2765732416710735
ADHD,channel,C4_delta_power,T7_delta_power,0.27821258593336856,0.27821258593336856
ADHD,channel,C4_delta_power,T7_theta_power,0.2962453728186145,0.2962453728186145
ADHD,channel,C4_delta_power,T7_alpha_power,0.15933368588048652,0.15933368588048652
ADHD,channel,C4_delta_power,T7_beta_power,0.09370703331570597,0.09370703331570597
ADHD,channel,C4_delta_power,T7_theta_beta_ratio,0.24394500264410365,0.24394500264410365
ADHD,channel,C4_delta_power,T8_delta_power,0.6486515071390798,0.6486515071390798
ADHD,channel,C4_delta_power,T8_theta_power,0.6309888947646748,0.6309888947646748
ADHD,channel,C4_delta_power,T8_alpha_power,0.2983606557377049,0.2983606557377049
ADHD,channel,C4_delta_power,T8_beta_power,0.3998413537810682,0.3998413537810682
ADHD,channel,C4_delta_power,T8_theta_beta_ratio,0.2751983077736647,0.2751983077736647
ADHD,channel,C4_delta_power,P7_delta_power,0.33532522474881016,0.33532522474881016
ADHD,channel,C4_delta_power,P7_theta_power,0.23278688524590163,0.23278688524590163
ADHD,channel,C4_delta_power,P7_alpha_power,0.20396615547329455,0.20396615547329455
ADHD,channel,C4_delta_power,P7_beta_power,0.36277102062400846,0.36277102062400846
ADHD,channel,C4_delta_power,P7_theta_beta_ratio,-0.008408249603384453,0.008408249603384453
ADHD,channel,C4_delta_power,P8_delta_power,0.5545742993125331,0.5545742993125331
ADHD,channel,C4_delta_power,P8_theta_power,0.48376520359598096,0.48376520359598096
ADHD,channel,C4_delta_power,P8_alpha_power,0.26478053939714435,0.26478053939714435
ADHD,channel,C4_delta_power,P8_beta_power,0.4461131676361713,0.4461131676361713
ADHD,channel,C4_delta_power,P8_theta_beta_ratio,0.16287678476996298,0.16287678476996298
ADHD,channel,C4_delta_power,Fz_delta_power,0.36758328926493916,0.36758328926493916
ADHD,channel,C4_delta_power,Fz_theta_power,0.10898995240613432,0.10898995240613432
ADHD,channel,C4_delta_power,Fz_alpha_power,-0.1212585933368588,0.1212585933368588
ADHD,channel,C4_delta_power,Fz_beta_power,0.0822316234796404,0.0822316234796404
ADHD,channel,C4_delta_power,Fz_theta_beta_ratio,0.04167107350608144,0.04167107350608144
ADHD,channel,C4_delta_power,Cz_delta_power,0.7157588577472237,0.7157588577472237
ADHD,channel,C4_delta_power,Cz_theta_power,0.3877842411422528,0.3877842411422528
ADHD,channel,C4_delta_power,Cz_alpha_power,0.030195663670015863,0.030195663670015863
ADHD,channel,C4_delta_power,Cz_beta_power,0.2454785827604442,0.2454785827604442
ADHD,channel,C4_delta_power,Cz_theta_beta_ratio,0.14219989423585405,0.14219989423585405
ADHD,channel,C4_delta_power,Pz_delta_power,0.32051824431517717,0.32051824431517717
ADHD,channel,C4_delta_power,Pz_theta_power,0.18778424114225278,0.18778424114225278
ADHD,channel,C4_delta_power,Pz_alpha_power,-0.11136964569011105,0.11136964569011105
ADHD,channel,C4_delta_power,Pz_beta_power,-0.06927551560021153,0.06927551560021153
ADHD,channel,C4_delta_power,Pz_theta_beta_ratio,0.2957165520888419,0.2957165520888419
ADHD,channel,C4_theta_power,C4_alpha_power,0.3414595452141724,0.3414595452141724
ADHD,channel,C4_theta_power,C4_beta_power,0.5379693283976732,0.5379693283976732
ADHD,channel,C4_theta_power,C4_theta_beta_ratio,0.4821787414066631,0.4821787414066631
ADHD,channel,C4_theta_power,P3_delta_power,0.20401903754627182,0.20401903754627182
ADHD,channel,C4_theta_power,P3_theta_power,0.3877842411422528,0.3877842411422528
ADHD,channel,C4_theta_power,P3_alpha_power,0.09312533051295611,0.09312533051295611
ADHD,channel,C4_theta_power,P3_beta_power,0.16372289793759914,0.16372289793759914
ADHD,channel,C4_theta_power,P3_theta_beta_ratio,0.32147012162876787,0.32147012162876787
ADHD,channel,C4_theta_power,P4_delta_power,0.45965097831835006,0.45965097831835006
ADHD,channel,C4_theta_power,P4_theta_power,0.8125330512956108,0.8125330512956108
ADHD,channel,C4_theta_power,P4_alpha_power,0.24473823373876255,0.24473823373876255
ADHD,channel,C4_theta_power,P4_beta_power,0.38942358540454786,0.38942358540454786
ADHD,channel,C4_theta_power,P4_theta_beta_ratio,0.4547329455314648,0.4547329455314648
ADHD,channel,C4_theta_power,O1_delta_power,0.2817556848228451,0.2817556848228451
ADHD,channel,C4_theta_power,O1_theta_power,0.3630354309888948,0.3630354309888948
ADHD,channel,C4_theta_power,O1_alpha_power,0.32400846113167636,0.32400846113167636
ADHD,channel,C4_theta_power,O1_beta_power,0.03368588048651507,0.03368588048651507
ADHD,channel,C4_theta_power,O1_theta_beta_ratio,0.3847699629825489,0.3847699629825489
ADHD,channel,C4_theta_power,O2_delta_power,0.5042834479111581,0.5042834479111581
ADHD,channel,C4_theta_power,O2_theta_power,0.660655737704918,0.660655737704918
ADHD,channel,C4_theta_power,O2_alpha_power,0.39074563722897937,0.39074563722897937
ADHD,channel,C4_theta_power,O2_beta_power,0.3847699629825489,0.3847699629825489
ADHD,channel,C4_theta_power,O2_theta_beta_ratio,0.33495505023796934,0.33495505023796934
ADHD,channel,C4_theta_power,F7_delta_power,-0.20211528291909042,0.20211528291909042
ADHD,channel,C4_theta_power,F7_theta_power,0.1399788471708091,0.1399788471708091
ADHD,channel,C4_theta_power,F7_alpha_power,0.23342147012162875,0.23342147012162875
ADHD,channel,C4_theta_power,F7_beta_power,0.22712850343733473,0.22712850343733473
ADHD,channel,C4_theta_power,F7_theta_beta_ratio,-0.0873611845584347,0.0873611845584347
ADHD,channel,C4_theta_power,F8_delta_power,0.27662612374405077,0.27662612374405077
ADHD,channel,C4_theta_power,F8_theta_power,0.48260179799048125,0.48260179799048125
ADHD,channel,C4_theta_power,F8_alpha_power,0.39825489159175037,0.39825489159175037
ADHD,channel,C4_theta_power,F8_beta_power,0.3527763088313062,0.3527763088313062
ADHD,channel,C4_theta_power,F8_theta_beta_ratio,0.22337387625594923,0.22337387625594923
ADHD,channel,C4_theta_power,T7_delta_power,0.054785827604442096,0.054785827604442096
ADHD,channel,C4_theta_power,T7_theta_power,0.3013220518244315,0.3013220518244315
ADHD,channel,C4_theta_power,T7_alpha_power,0.25473294553146486,0.25473294553146486
ADHD,channel,C4_theta_power,T7_beta_power,0.26092014806980435,0.26092014806980435
ADHD,channel,C4_theta_power,T7_theta_beta_ratio,0.1239555790586991,0.1239555790586991
ADHD,channel,C4_theta_power,T8_delta_power,0.4042834479111581,0.4042834479111581
ADHD,channel,C4_theta_power,T8_theta_power,0.7183500793231095,0.7183500793231095
ADHD,channel,C4_theta_power,T8_alpha_power,0.4194606028556319,0.4194606028556319
ADHD,channel,C4_theta_power,T8_beta_power,0.40460074034902166,0.40460074034902166
ADHD,channel,C4_theta_power,T8_theta_beta_ratio,0.35473294553146484,0.35473294553146484
ADHD,channel,C4_theta_power,P7_delta_power,0.21031200423056584,0.21031200423056584
ADHD,channel,C4_theta_power,P7_theta_power,0.27572712850343734,0.27572712850343734
ADHD,channel,C4_theta_power,P7_alpha_power,0.30602855631940773,0.30602855631940773
ADHD,channel,C4_theta_power,P7_beta_power,0.33733474352194603,0.33733474352194603
ADHD,channel,C4_theta_power,P7_theta_beta_ratio,0.05716552088841883,0.05716552088841883
ADHD,channel,C4_theta_power,P8_delta_power,0.43950290851401375,0.43950290851401375
ADHD,channel,C4_theta_power,P8_theta_power,0.5907985193019566,0.5907985193019566
ADHD,channel,C4_theta_power,P8_alpha_power,0.37139079851930196,0.37139079851930196
ADHD,channel,C4_theta_power,P8_beta_power,0.37154944473823376,0.37154944473823376
ADHD,channel,C4_theta_power,P8_theta_beta_ratio,0.2979904812268641,0.2979904812268641
ADHD,channel,C4_theta_power,Fz_delta_power,0.22104706504494975,0.22104706504494975
ADHD,channel,C4_theta_power,Fz_theta_power,0.44352194606028555,0.44352194606028555
ADHD,channel,C4_theta_power,Fz_alpha_power,0.23506081438392384,0.23506081438392384
ADHD,channel,C4_theta_power,Fz_beta_power,0.3891062929666843,0.3891062929666843
ADHD,channel,C4_theta_power,Fz_theta_beta_ratio,0.08381808566895822,0.08381808566895822
ADHD,channel,C4_theta_power,Cz_delta_power,0.58011634056055,0.58011634056055
ADHD,channel,C4_theta_power,Cz_theta_power,0.8187202538339503,0.8187202538339503
ADHD,channel,C4_theta_power,Cz_alpha_power,0.20507667900581703,0.20507667900581703
ADHD,channel,C4_theta_power,Cz_beta_power,0.4090957165520888,0.4090957165520888
ADHD,channel,C4_theta_power,Cz_theta_beta_ratio,0.398783712321523,0.398783712321523
ADHD,channel,C4_theta_power,Pz_delta_power,0.18059227921734533,0.18059227921734533
ADHD,channel,C4_theta_power,Pz_theta_power,0.4333685880486515,0.4333685880486515
ADHD,channel,C4_theta_power,Pz_alpha_power,0.11898466419883659,0.11898466419883659
ADHD,channel,C4_theta_power,Pz_beta_power,0.14870438921205711,0.14870438921205711
ADHD,channel,C4_theta_power,Pz_theta_beta_ratio,0.3249074563722898,0.3249074563722898
ADHD,channel,C4_alpha_power,C4_beta_power,0.5211528291909043,0.5211528291909043
ADHD,channel,C4_alpha_power,C4_theta_beta_ratio,-0.17763088313061873,0.17763088313061873
ADHD,channel,C4_alpha_power,P3_delta_power,-0.008725542041248016,0.008725542041248016
ADHD,channel,C4_alpha_power,P3_theta_power,0.03955579058699101,0.03955579058699101
ADHD,channel,C4_alpha_power,P3_alpha_power,0.6147012162876785,0.6147012162876785
ADHD,channel,C4_alpha_power,P3_beta_power,0.17678476996298254,0.17678476996298254
ADHD,channel,C4_alpha_power,P3_theta_beta_ratio,-0.16398730830248545,0.16398730830248545
ADHD,channel,C4_alpha_power,P4_delta_power,0.15282919090428346,0.15282919090428346
ADHD,channel,C4_alpha_power,P4_theta_power,0.31887890005288205,0.31887890005288205
ADHD,channel,C4_alpha_power,P4_alpha_power,0.7162876784769963,0.7162876784769963
ADHD,channel,C4_alpha_power,P4_beta_power,0.4272871496562665,0.4272871496562665
ADHD,channel,C4_alpha_power,P4_theta_beta_ratio,-0.11517715494447382,0.11517715494447382
ADHD,channel,C4_alpha_power,O1_delta_power,0.02242199894235854,0.02242199894235854
ADHD,channel,C4_alpha_power,O1_theta_power,-0.022051824431517715,0.022051824431517715
ADHD,channel,C4_alpha_power,O1_alpha_power,0.21269169751454256,0.21269169751454256
ADHD,channel,C4_alpha_power,O1_beta_power,0.0051824431517715494,0.0051824431517715494
ADHD,channel,C4_alpha_power,O1_theta_beta_ratio,-0.025806451612903226,0.025806451612903226
ADHD,channel,C4_alpha_power,O2_delta_power,0.14383923849814914,0.14383923849814914
ADHD,channel,C4_alpha_power,O2_theta_power,0.2692755156002115,0.2692755156002115
ADHD,channel,C4_alpha_power,O2_alpha_power,0.44674775251189847,0.44674775251189847
ADHD,channel,C4_alpha_power,O2_beta_power,0.3799576943416182,0.3799576943416182
ADHD,channel,C4_alpha_power,O2_theta_beta_ratio,-0.03368588048651507,0.03368588048651507
ADHD,channel,C4_alpha_power,F7_delta_power,-0.07117927022739291,0.07117927022739291
ADHD,channel,C4_alpha_power,F7_theta_power,-0.10613432046536224,0.10613432046536224
ADHD,channel,C4_alpha_power,F7_alpha_power,0.25943945002644103,0.25943945002644103
ADHD,channel,C4_alpha_power,F7_beta_power,0.08413537810682178,0.08413537810682178
ADHD,channel,C4_alpha_power,F7_theta_beta_ratio,-0.16626123744050766,0.16626123744050766
ADHD,channel,C4_alpha_power,F8_delta_power,-0.0025912215758857747,0.0025912215758857747
ADHD,channel,C4_alpha_power,F8_theta_power,0.03654151242728715,0.03654151242728715
ADHD,channel,C4_alpha_power,F8_alpha_power,0.3891591750396616,0.3891591750396616
ADHD,channel,C4_alpha_power,F8_beta_power,0.23199365415124273,0.23199365415124273
ADHD,channel,C4_alpha_power,F8_theta_beta_ratio,-0.13643574828133262,0.13643574828133262
ADHD,channel,C4_alpha_power,T7_delta_power,-0.03733474352194606,0.03733474352194606
ADHD,channel,C4_alpha_power,T7_theta_power,-0.08524590163934426,0.08524590163934426
ADHD,channel,C4_alpha_power,T7_alpha_power,0.4025912215758858,0.4025912215758858
ADHD,channel,C4_alpha_power,T7_beta_power,0.22480169222633528,0.22480169222633528
ADHD,channel,C4_alpha_power,T7_theta_beta_ratio,-0.3313590692755156,0.3313590692755156
ADHD,channel,C4_alpha_power,T8_delta_power,0.14114225277630882,0.14114225277630882
ADHD,channel,C4_alpha_power,T8_theta_power,0.29428873611845585,0.29428873611845585
ADHD,channel,C4_alpha_power,T8_alpha_power,0.6645690111052354,0.6645690111052354
ADHD,channel,C4_alpha_power,T8_beta_power,0.3292966684294024,0.3292966684294024
ADHD,channel,C4_alpha_power,T8_theta_beta_ratio,-0.017556848228450557,0.017556848228450557
ADHD,channel,C4_alpha_power,P7_delta_power,0.013537810682178741,0.013537810682178741
ADHD,channel,C4_alpha_power,P7_theta_power,-0.10475938656795346,0.10475938656795346
ADHD,channel,C4_alpha_power,P7_alpha_power,0.28947646747752515,0.28947646747752515
ADHD,channel,C4_alpha_power,P7_beta_power,0.08820729772607086,0.08820729772607086
ADHD,channel,C4_alpha_power,P7_theta_beta_ratio,-0.18857747223691168,0.18857747223691168
ADHD,channel,C4_alpha_power,P8_delta_power,0.08006345848757271,0.08006345848757271
ADHD,channel,C4_alpha_power,P8_theta_power,0.24045478582760443,0.24045478582760443
ADHD,channel,C4_alpha_power,P8_alpha_power,0.5188260179799048,0.5188260179799048
ADHD,channel,C4_alpha_power,P8_beta_power,0.2648334214701216,0.2648334214701216
ADHD,channel,C4_alpha_power,P8_theta_beta_ratio,0.0018508725542041248,0.0018508725542041248
ADHD,channel,C4_alpha_power,Fz_delta_power,0.08767847699629826,0.08767847699629826
ADHD,channel,C4_alpha_power,Fz_theta_power,0.017768376520359598,0.017768376520359598
ADHD,channel,C4_alpha_power,Fz_alpha_power,0.4094658910629297,0.4094658910629297
ADHD,channel,C4_alpha_power,Fz_beta_power,0.261660497091486,0.261660497091486
ADHD,channel,C4_alpha_power,Fz_theta_beta_ratio,-0.3047593865679535,0.3047593865679535
ADHD,channel,C4_alpha_power,Cz_delta_power,0.2670015864621893,0.2670015864621893
ADHD,channel,C4_alpha_power,Cz_theta_power,0.2717609730301428,0.2717609730301428
ADHD,channel,C4_alpha_power,Cz_alpha_power,0.7696985721840296,0.7696985721840296
ADHD,channel,C4_alpha_power,Cz_beta_power,0.3955579058699101,0.3955579058699101
ADHD,channel,C4_alpha_power,Cz_theta_beta_ratio,-0.10412480169222633,0.10412480169222633
ADHD,channel,C4_alpha_power,Pz_delta_power,0.05906927551560021,0.05906927551560021
ADHD,channel,C4_alpha_power,Pz_theta_power,0.06282390269698572,0.06282390269698572
ADHD,channel,C4_alpha_power,Pz_alpha_power,0.56795346377578,0.56795346377578
ADHD,channel,C4_alpha_power,Pz_beta_power,0.2313590692755156,0.2313590692755156
ADHD,channel,C4_alpha_power,Pz_theta_beta_ratio,-0.20661025912215758,0.20661025912215758
ADHD,channel,C4_beta_power,C4_theta_beta_ratio,-0.44865150713907986,0.44865150713907986
ADHD,channel,C4_beta_power,P3_delta_power,0.2846641988365944,0.2846641988365944
ADHD,channel,C4_beta_power,P3_theta_power,0.2769434161819143,0.2769434161819143
ADHD,channel,C4_beta_power,P3_alpha_power,0.344420941300899,0.344420941300899
ADHD,channel,C4_beta_power,P3_beta_power,0.5710735060814384,0.5710735060814384
ADHD,channel,C4_beta_power,P3_theta_beta_ratio,-0.3258064516129032,0.3258064516129032
ADHD,channel,C4_beta_power,P4_delta_power,0.27741935483870966,0.27741935483870966
ADHD,channel,C4_beta_power,P4_theta_power,0.43802221047065043,0.43802221047065043
ADHD,channel,C4_beta_power,P4_alpha_power,0.41110523532522475,0.41110523532522475
ADHD,channel,C4_beta_power,P4_beta_power,0.803437334743522,0.803437334743522
ADHD,channel,C4_beta_power,P4_theta_beta_ratio,-0.3566895822316235,0.3566895822316235
ADHD,channel,C4_beta_power,O1_delta_power,0.2488630354309889,0.2488630354309889
ADHD,channel,C4_beta_power,O1_theta_power,0.18974087784241142,0.18974087784241142
ADHD,channel,C4_beta_power,O1_alpha_power,0.31538868323638286,0.31538868323638286
ADHD,channel,C4_beta_power,O1_beta_power,0.39635113696456903,0.39635113696456903
ADHD,channel,C4_beta_power,O1_theta_beta_ratio,-0.13696456901110524,0.13696456901110524
ADHD,channel,C4_beta_power,O2_delta_power,0.18635642517186674,0.18635642517186674
ADHD,channel,C4_beta_power,O2_theta_power,0.27186673717609733,0.27186673717609733
ADHD,channel,C4_beta_power,O2_alpha_power,0.3396615547329455,0.3396615547329455
ADHD,channel,C4_beta_power,O2_beta_power,0.6991010047593865,0.6991010047593865
ADHD,channel,C4_beta_power,O2_theta_beta_ratio,-0.27572712850343734,0.27572712850343734
ADHD,channel,C4_beta_power,F7_delta_power,-0.014595452141723956,0.014595452141723956
ADHD,channel,C4_beta_power,F7_theta_power,0.06335272342675832,0.06335272342675832
ADHD,channel,C4_beta_power,F7_alpha_power,0.24230565838180856,0.24230565838180856
ADHD,channel,C4_beta_power,F7_beta_power,0.4823902696985722,0.4823902696985722
ADHD,channel,C4_beta_power,F7_theta_beta_ratio,-0.4026969857218403,0.4026969857218403
ADHD,channel,C4_beta_power,F8_delta_power,0.15838180856689582,0.15838180856689582
ADHD,channel,C4_beta_power,F8_theta_power,0.19814912744579588,0.19814912744579588
ADHD,channel,C4_beta_power,F8_alpha_power,0.3582760444209413,0.3582760444209413
ADHD,channel,C4_beta_power,F8_beta_power,0.6608672659968271,0.6608672659968271
ADHD,channel,C4_beta_power,F8_theta_beta_ratio,-0.2959809624537282,0.2959809624537282
ADHD,channel,C4_beta_power,T7_delta_power,0.046641988365943944,0.046641988365943944
ADHD,channel,C4_beta_power,T7_theta_power,0.09640401903754627,0.09640401903754627
ADHD,channel,C4_beta_power,T7_alpha_power,0.29910100475938656,0.29910100475938656
ADHD,channel,C4_beta_power,T7_beta_power,0.48323638286620835,0.48323638286620835
ADHD,channel,C4_beta_power,T7_theta_beta_ratio,-0.27932310946589106,0.27932310946589106
ADHD,channel,C4_beta_power,T8_delta_power,0.2613960867265997,0.2613960867265997
ADHD,channel,C4_beta_power,T8_theta_power,0.4608143839238498,0.4608143839238498
ADHD,channel,C4_beta_power,T8_alpha_power,0.47625594923320996,0.47625594923320996
ADHD,channel,C4_beta_power,T8_beta_power,0.5895293495505024,0.5895293495505024
ADHD,channel,C4_beta_power,T8_theta_beta_ratio,-0.08931782125859333,0.08931782125859333
ADHD,channel,C4_beta_power,P7_delta_power,0.1893707033315706,0.1893707033315706
ADHD,channel,C4_beta_power,P7_theta_power,0.1293495505023797,0.1293495505023797
ADHD,channel,C4_beta_power,P7_alpha_power,0.32670544685351666,0.32670544685351666
ADHD,channel,C4_beta_power,P7_beta_power,0.5398202009518773,0.5398202009518773
ADHD,channel,C4_beta_power,P7_theta_beta_ratio,-0.29471179270227393,0.29471179270227393
ADHD,channel,C4_beta_power,P8_delta_power,0.09867794817556848,0.09867794817556848
ADHD,channel,C4_beta_power,P8_theta_power,0.24463246959280804,0.24463246959280804
ADHD,channel,C4_beta_power,P8_alpha_power,0.37852987837123214,0.37852987837123214
ADHD,channel,C4_beta_power,P8_beta_power,0.5191433104177684,0.5191433104177684
ADHD,channel,C4_beta_power,P8_theta_beta_ratio,-0.24664198836594395,0.24664198836594395
ADHD,channel,C4_beta_power,Fz_delta_power,0.21084082496033846,0.21084082496033846
ADHD,channel,C4_beta_power,Fz_theta_power,0.2725013220518244,0.2725013220518244
ADHD,channel,C4_beta_power,Fz_alpha_power,0.3609201480698043,0.3609201480698043
ADHD,channel,C4_beta_power,Fz_beta_power,0.6892120571126388,0.6892120571126388
ADHD,channel,C4_beta_power,Fz_theta_beta_ratio,-0.4388154415653094,0.4388154415653094
ADHD,channel,C4_beta_power,Cz_delta_power,0.3726599682707562,0.3726599682707562
ADHD,channel,C4_beta_power,Cz_theta_power,0.33114754098360655,0.33114754098360655
ADHD,channel,C4_beta_power,Cz_alpha_power,0.4248016922263353,0.4248016922263353
ADHD,channel,C4_beta_power,Cz_beta_power,0.813802221047065,0.813802221047065
ADHD,channel,C4_beta_power,Cz_theta_beta_ratio,-0.40920148069804335,0.40920148069804335
ADHD,channel,C4_beta_power,Pz_delta_power,0.30581702802749866,0.30581702802749866
ADHD,channel,C4_beta_power,Pz_theta_power,0.29873083024854574,0.29873083024854574
ADHD,channel,C4_beta_power,Pz_alpha_power,0.3540983606557377,0.3540983606557377
ADHD,channel,C4_beta_power,Pz_beta_power,0.618244315177155,0.618244315177155
ADHD,channel,C4_beta_power,Pz_theta_beta_ratio,-0.3828133262823903,0.3828133262823903
ADHD,channel,C4_theta_beta_ratio,P3_delta_power,-0.06573241671073506,0.06573241671073506
ADHD,channel,C4_theta_beta_ratio,P3_theta_power,0.08741406663141195,0.08741406663141195
ADHD,channel,C4_theta_beta_ratio,P3_alpha_power,-0.2875198307773665,0.2875198307773665
ADHD,channel,C4_theta_beta_ratio,P3_beta_power,-0.41554732945531464,0.41554732945531464
ADHD,channel,C4_theta_beta_ratio,P3_theta_beta_ratio,0.6539925965097831,0.6539925965097831
ADHD,channel,C4_theta_beta_ratio,P4_delta_power,0.22712850343733473,0.22712850343733473
ADHD,channel,C4_theta_beta_ratio,P4_theta_power,0.39185616076150187,0.39185616076150187
ADHD,channel,C4_theta_beta_ratio,P4_alpha_power,-0.18307773664727658,0.18307773664727658
ADHD,channel,C4_theta_beta_ratio,P4_beta_power,-0.398572184029614,0.398572184029614
ADHD,channel,C4_theta_beta_ratio,P4_theta_beta_ratio,0.8531993654151243,0.8531993654151243
ADHD,channel,C4_theta_beta_ratio,O1_delta_power,0.041935483870967745,0.041935483870967745
ADHD,channel,C4_theta_beta_ratio,O1_theta_power,0.1560021152829191,0.1560021152829191
ADHD,channel,C4_theta_beta_ratio,O1_alpha_power,-0.024907456372289794,0.024907456372289794
ADHD,channel,C4_theta_beta_ratio,O1_beta_power,-0.38064516129032255,0.38064516129032255
ADHD,channel,C4_theta_beta_ratio,O1_theta_beta_ratio,0.5378635642517187,0.5378635642517187
ADHD,channel,C4_theta_beta_ratio,O2_delta_power,0.3586462189317821,0.3586462189317821
ADHD,channel,C4_theta_beta_ratio,O2_theta_power,0.42469592808038076,0.42469592808038076
ADHD,channel,C4_theta_beta_ratio,O2_alpha_power,0.041353781068217875,0.041353781068217875
ADHD,channel,C4_theta_beta_ratio,O2_beta_power,-0.3140137493389741,0.3140137493389741
ADHD,channel,C4_theta_beta_ratio,O2_theta_beta_ratio,0.6571655208884188,0.6571655208884188
ADHD,channel,C4_theta_beta_ratio,F7_delta_power,-0.1670544685351666,0.1670544685351666
ADHD,channel,C4_theta_beta_ratio,F7_theta_power,0.0857218402961396,0.0857218402961396
ADHD,channel,C4_theta_beta_ratio,F7_alpha_power,-0.040719196192490745,0.040719196192490745
ADHD,channel,C4_theta_beta_ratio,F7_beta_power,-0.3199365415124273,0.3199365415124273
ADHD,channel,C4_theta_beta_ratio,F7_theta_beta_ratio,0.37329455314648335,0.37329455314648335
ADHD,channel,C4_theta_beta_ratio,F8_delta_power,0.17255420412480169,0.17255420412480169
ADHD,channel,C4_theta_beta_ratio,F8_theta_power,0.3350079323109466,0.3350079323109466
ADHD,channel,C4_theta_beta_ratio,F8_alpha_power,0.023585404547858277,0.023585404547858277
ADHD,channel,C4_theta_beta_ratio,F8_beta_power,-0.3488630354309889,0.3488630354309889
ADHD,channel,C4_theta_beta_ratio,F8_theta_beta_ratio,0.606292966684294,0.606292966684294
ADHD,channel,C4_theta_beta_ratio,T7_delta_power,-0.006768905341089371,0.006768905341089371
ADHD,channel,C4_theta_beta_ratio,T7_theta_power,0.185193019566367,0.185193019566367
ADHD,channel,C4_theta_beta_ratio,T7_alpha_power,-0.08730830248545743,0.08730830248545743
ADHD,channel,C4_theta_beta_ratio,T7_beta_power,-0.25118984664198835,0.25118984664198835
ADHD,channel,C4_theta_beta_ratio,T7_theta_beta_ratio,0.4079851930195664,0.4079851930195664
ADHD,channel,C4_theta_beta_ratio,T8_delta_power,0.16277102062400847,0.16277102062400847
ADHD,channel,C4_theta_beta_ratio,T8_theta_power,0.27948175568482286,0.27948175568482286
ADHD,channel,C4_theta_beta_ratio,T8_alpha_power,-0.07641459545214173,0.07641459545214173
ADHD,channel,C4_theta_beta_ratio,T8_beta_power,-0.22998413537810683,0.22998413537810683
ADHD,channel,C4_theta_beta_ratio,T8_theta_beta_ratio,0.518244315177155,0.518244315177155
ADHD,channel,C4_theta_beta_ratio,P7_delta_power,0.0026441036488630354,0.0026441036488630354
ADHD,channel,C4_theta_beta_ratio,P7_theta_power,0.10544685351665785,0.10544685351665785
ADHD,channel,C4_theta_beta_ratio,P7_alpha_power,-0.08212585933368588,0.08212585933368588
ADHD,channel,C4_theta_beta_ratio,P7_beta_power,-0.27244843997884716,0.27244843997884716
ADHD,channel,C4_theta_beta_ratio,P7_theta_beta_ratio,0.381544156530936,0.381544156530936
ADHD,channel,C4_theta_beta_ratio,P8_delta_power,0.3676890534108937,0.3676890534108937
ADHD,channel,C4_theta_beta_ratio,P8_theta_power,0.37694341618191435,0.37694341618191435
ADHD,channel,C4_theta_beta_ratio,P8_alpha_power,0.020253833950290852,0.020253833950290852
ADHD,channel,C4_theta_beta_ratio,P8_beta_power,-0.15177154944473822,0.15177154944473822
ADHD,channel,C4_theta_beta_ratio,P8_theta_beta_ratio,0.6043892120571126,0.6043892120571126
ADHD,channel,C4_theta_beta_ratio,Fz_delta_power,0.040137493389740875,0.040137493389740875
ADHD,channel,C4_theta_beta_ratio,Fz_theta_power,0.17091485986250662,0.17091485986250662
ADHD,channel,C4_theta_beta_ratio,Fz_alpha_power,-0.195134849286092,0.195134849286092
ADHD,channel,C4_theta_beta_ratio,Fz_beta_power,-0.3372818614489688,0.3372818614489688
ADHD,channel,C4_theta_beta_ratio,Fz_theta_beta_ratio,0.5676361713379164,0.5676361713379164
ADHD,channel,C4_theta_beta_ratio,Cz_delta_power,0.23987308302485458,0.23987308302485458
ADHD,channel,C4_theta_beta_ratio,Cz_theta_power,0.5237969328397674,0.5237969328397674
ADHD,channel,C4_theta_beta_ratio,Cz_alpha_power,-0.25552617662612376,0.25552617662612376
ADHD,channel,C4_theta_beta_ratio,Cz_beta_power,-0.393707033315706,0.393707033315706
ADHD,channel,C4_theta_beta_ratio,Cz_theta_beta_ratio,0.8528820729772607,0.8528820729772607
ADHD,channel,C4_theta_beta_ratio,Pz_delta_power,-0.11940772078265469,0.11940772078265469
ADHD,channel,C4_theta_beta_ratio,Pz_theta_power,0.12067689053410893,0.12067689053410893
ADHD,channel,C4_theta_beta_ratio,Pz_alpha_power,-0.27546271813855105,0.27546271813855105
ADHD,channel,C4_theta_beta_ratio,Pz_beta_power,-0.4769434161819143,0.4769434161819143
ADHD,channel,C4_theta_beta_ratio,Pz_theta_beta_ratio,0.7263352723426758,0.7263352723426758
ADHD,channel,P3_delta_power,P3_theta_power,0.717451084082496,0.717451084082496
ADHD,channel,P3_delta_power,P3_alpha_power,0.21311475409836064,0.21311475409836064
ADHD,channel,P3_delta_power,P3_beta_power,0.46308831306187204,0.46308831306187204
ADHD,channel,P3_delta_power,P3_theta_beta_ratio,0.2658381808566896,0.2658381808566896
ADHD,channel,P3_delta_power,P4_delta_power,0.28757271285034375,0.28757271285034375
ADHD,channel,P3_delta_power,P4_theta_power,0.30586991010047593,0.30586991010047593
ADHD,channel,P3_delta_power,P4_alpha_power,0.12686409307244845,0.12686409307244845
ADHD,channel,P3_delta_power,P4_beta_power,0.4668429402432575,0.4668429402432575
ADHD,channel,P3_delta_power,P4_theta_beta_ratio,-0.10428344791115812,0.10428344791115812
ADHD,channel,P3_delta_power,O1_delta_power,0.8073506081438392,0.8073506081438392
ADHD,channel,P3_delta_power,O1_theta_power,0.5853516657852987,0.5853516657852987
ADHD,channel,P3_delta_power,O1_alpha_power,0.41649920676890534,0.41649920676890534
ADHD,channel,P3_delta_power,O1_beta_power,0.4472765732416711,0.4472765732416711
ADHD,channel,P3_delta_power,O1_theta_beta_ratio,0.12686409307244845,0.12686409307244845
ADHD,channel,P3_delta_power,O2_delta_power,0.418667371760973,0.418667371760973
ADHD,channel,P3_delta_power,O2_theta_power,0.3563722897937599,0.3563722897937599
ADHD,channel,P3_delta_power,O2_alpha_power,0.25631940772078265,0.25631940772078265
ADHD,channel,P3_delta_power,O2_beta_power,0.2658381808566896,0.2658381808566896
ADHD,channel,P3_delta_power,O2_theta_beta_ratio,0.13061872025383395,0.13061872025383395
ADHD,channel,P3_delta_power,F7_delta_power,0.3756742464304601,0.3756742464304601
ADHD,channel,P3_delta_power,F7_theta_power,0.4372818614489688,0.4372818614489688
ADHD,channel,P3_delta_power,F7_alpha_power,0.43907985193019566,0.43907985193019566
ADHD,channel,P3_delta_power,F7_beta_power,0.31808566895822316,0.31808566895822316
ADHD,channel,P3_delta_power,F7_theta_beta_ratio,0.0195134849286092,0.0195134849286092
ADHD,channel,P3_delta_power,F8_delta_power,0.12511898466419882,0.12511898466419882
ADHD,channel,P3_delta_power,F8_theta_power,0.21607615018508725,0.21607615018508725
ADHD,channel,P3_delta_power,F8_alpha_power,0.2525647805393971,0.2525647805393971
ADHD,channel,P3_delta_power,F8_beta_power,0.3463246959280804,0.3463246959280804
ADHD,channel,P3_delta_power,F8_theta_beta_ratio,-0.03865679534637758,0.03865679534637758
ADHD,channel,P3_delta_power,T7_delta_power,0.708937070333157,0.708937070333157
ADHD,channel,P3_delta_power,T7_theta_power,0.69613960867266,0.69613960867266
ADHD,channel,P3_delta_power,T7_alpha_power,0.5088313061872025,0.5088313061872025
ADHD,channel,P3_delta_power,T7_beta_power,0.3017451084082496,0.3017451084082496
ADHD,channel,P3_delta_power,T7_theta_beta_ratio,0.4785298783712322,0.4785298783712322
ADHD,channel,P3_delta_power,T8_delta_power,0.12564780539397144,0.12564780539397144
ADHD,channel,P3_delta_power,T8_theta_power,0.20973030142781596,0.20973030142781596
ADHD,channel,P3_delta_power,T8_alpha_power,0.20111052353252248,0.20111052353252248
ADHD,channel,P3_delta_power,T8_beta_power,0.17593865679534637,0.17593865679534637
ADHD,channel,P3_delta_power,T8_theta_beta_ratio,0.12353252247488102,0.12353252247488102
ADHD,channel,P3_delta_power,P7_delta_power,0.770597567424643,0.770597567424643
ADHD,channel,P3_delta_power,P7_theta_power,0.6181385510312004,0.6181385510312004
ADHD,channel,P3_delta_power,P7_alpha_power,0.4294553146483342,0.4294553146483342
ADHD,channel,P3_delta_power,P7_beta_power,0.3606028556319408,0.3606028556319408
ADHD,channel,P3_delta_power,P7_theta_beta_ratio,0.3561607615018509,0.3561607615018509
ADHD,channel,P3_delta_power,P8_delta_power,0.28551031200423055,0.28551031200423055
ADHD,channel,P3_delta_power,P8_theta_power,0.2840824960338445,0.2840824960338445
ADHD,channel,P3_delta_power,P8_alpha_power,0.2725013220518244,0.2725013220518244
ADHD,channel,P3_delta_power,P8_beta_power,0.2644632469592808,0.2644632469592808
ADHD,channel,P3_delta_power,P8_theta_beta_ratio,0.03294553146483342,0.03294553146483342
ADHD,channel,P3_delta_power,Fz_delta_power,0.7109465891062929,0.7109465891062929
ADHD,channel,P3_delta_power,Fz_theta_power,0.4616076150185087,0.4616076150185087
ADHD,channel,P3_delta_power,Fz_alpha_power,0.2588048651507139,0.2588048651507139
ADHD,channel,P3_delta_power,Fz_beta_power,0.3264939185616076,0.3264939185616076
ADHD,channel,P3_delta_power,Fz_theta_beta_ratio,0.17689053410893707,0.17689053410893707
ADHD,channel,P3_delta_power,Cz_delta_power,0.37810682178741406,0.37810682178741406
ADHD,channel,P3_delta_power,Cz_theta_power,0.24219989423585406,0.24219989423585406
ADHD,channel,P3_delta_power,Cz_alpha_power,0.14257006874669487,0.14257006874669487
ADHD,channel,P3_delta_power,Cz_beta_power,0.48376520359598096,0.48376520359598096
ADHD,channel,P3_delta_power,Cz_theta_beta_ratio,-0.19910100475938658,0.19910100475938658
ADHD,channel,P3_delta_power,Pz_delta_power,0.8507667900581702,0.8507667900581702
ADHD,channel,P3_delta_power,Pz_theta_power,0.641776837652036,0.641776837652036
ADHD,channel,P3_delta_power,Pz_alpha_power,0.20719196192490746,0.20719196192490746
ADHD,channel,P3_delta_power,Pz_beta_power,0.45600211528291906,0.45600211528291906
ADHD,channel,P3_delta_power,Pz_theta_beta_ratio,0.14992067689053412,0.14992067689053412
ADHD,channel,P3_theta_power,P3_alpha_power,0.36615547329455317,0.36615547329455317
ADHD,channel,P3_theta_power,P3_beta_power,0.5852459016393443,0.5852459016393443
ADHD,channel,P3_theta_power,P3_theta_beta_ratio,0.4522474881015336,0.4522474881015336
ADHD,channel,P3_theta_power,P4_delta_power,0.2002644103648863,0.2002644103648863
ADHD,channel,P3_theta_power,P4_theta_power,0.4951877313590693,0.4951877313590693
ADHD,channel,P3_theta_power,P4_alpha_power,0.14294024325753568,0.14294024325753568
ADHD,channel,P3_theta_power,P4_beta_power,0.4353781068217874,0.4353781068217874
ADHD,channel,P3_theta_power,P4_theta_beta_ratio,0.10925436277102063,0.10925436277102063
ADHD,channel,P3_theta_power,O1_delta_power,0.5498677948175569,0.5498677948175569
ADHD,channel,P3_theta_power,O1_theta_power,0.652723426758329,0.652723426758329
ADHD,channel,P3_theta_power,O1_alpha_power,0.3704918032786885,0.3704918032786885
ADHD,channel,P3_theta_power,O1_beta_power,0.3538339502908514,0.3538339502908514
ADHD,channel,P3_theta_power,O1_theta_beta_ratio,0.23199365415124273,0.23199365415124273
ADHD,channel,P3_theta_power,O2_delta_power,0.33056583818085666,0.33056583818085666
ADHD,channel,P3_theta_power,O2_theta_power,0.4221575885774722,0.4221575885774722
ADHD,channel,P3_theta_power,O2_alpha_power,0.24997355896351137,0.24997355896351137
ADHD,channel,P3_theta_power,O2_beta_power,0.23696456901110524,0.23696456901110524
ADHD,channel,P3_theta_power,O2_theta_beta_ratio,0.2094130089899524,0.2094130089899524
ADHD,channel,P3_theta_power,F7_delta_power,0.16129032258064516,0.16129032258064516
ADHD,channel,P3_theta_power,F7_theta_power,0.5436805922792174,0.5436805922792174
ADHD,channel,P3_theta_power,F7_alpha_power,0.45240613432046534,0.45240613432046534
ADHD,channel,P3_theta_power,F7_beta_power,0.3887890005288207,0.3887890005288207
ADHD,channel,P3_theta_power,F7_theta_beta_ratio,0.07213114754098361,0.07213114754098361
ADHD,channel,P3_theta_power,F8_delta_power,0.026599682707562137,0.026599682707562137
ADHD,channel,P3_theta_power,F8_theta_power,0.28164992067689054,0.28164992067689054
ADHD,channel,P3_theta_power,F8_alpha_power,0.34759386567953465,0.34759386567953465
ADHD,channel,P3_theta_power,F8_beta_power,0.3304600740349022,0.3304600740349022
ADHD,channel,P3_theta_power,F8_theta_beta_ratio,0.05536753040719196,0.05536753040719196
ADHD,channel,P3_theta_power,T7_delta_power,0.428397673188789,0.428397673188789
ADHD,channel,P3_theta_power,T7_theta_power,0.7066631411951348,0.7066631411951348
ADHD,channel,P3_theta_power,T7_alpha_power,0.5153358011634056,0.5153358011634056
ADHD,channel,P3_theta_power,T7_beta_power,0.4175039661554733,0.4175039661554733
ADHD,channel,P3_theta_power,T7_theta_beta_ratio,0.3730830248545743,0.3730830248545743
ADHD,channel,P3_theta_power,T8_delta_power,0.0051824431517715494,0.0051824431517715494
ADHD,channel,P3_theta_power,T8_theta_power,0.2607086197778953,0.2607086197778953
ADHD,channel,P3_theta_power,T8_alpha_power,0.23786356425171867,0.23786356425171867
ADHD,channel,P3_theta_power,T8_beta_power,0.14531993654151243,0.14531993654151243
ADHD,channel,P3_theta_power,T8_theta_beta_ratio,0.1629825489159175,0.1629825489159175
ADHD,channel,P3_theta_power,P7_delta_power,0.5647276573241671,0.5647276573241671
ADHD,channel,P3_theta_power,P7_theta_power,0.7144896879957694,0.7144896879957694
ADHD,channel,P3_theta_power,P7_alpha_power,0.5084611316763618,0.5084611316763618
ADHD,channel,P3_theta_power,P7_beta_power,0.4241142252776309,0.4241142252776309
ADHD,channel,P3_theta_power,P7_theta_beta_ratio,0.3799576943416182,0.3799576943416182
ADHD,channel,P3_theta_power,P8_delta_power,0.2520888418826018,0.2520888418826018
ADHD,channel,P3_theta_power,P8_theta_power,0.30396615547329453,0.30396615547329453
ADHD,channel,P3_theta_power,P8_alpha_power,0.18868323638286622,0.18868323638286622
ADHD,channel,P3_theta_power,P8_beta_power,0.15901639344262294,0.15901639344262294
ADHD,channel,P3_theta_power,P8_theta_beta_ratio,0.1182971972501322,0.1182971972501322
ADHD,channel,P3_theta_power,Fz_delta_power,0.4739291380222105,0.4739291380222105
ADHD,channel,P3_theta_power,Fz_theta_power,0.6506610259122158,0.6506610259122158
ADHD,channel,P3_theta_power,Fz_alpha_power,0.37556848228450557,0.37556848228450557
ADHD,channel,P3_theta_power,Fz_beta_power,0.48175568482284503,0.48175568482284503
ADHD,channel,P3_theta_power,Fz_theta_beta_ratio,0.16980433632998412,0.16980433632998412
ADHD,channel,P3_theta_power,Cz_delta_power,0.3377049180327869,0.3377049180327869
ADHD,channel,P3_theta_power,Cz_theta_power,0.49492332099418296,0.49492332099418296
ADHD,channel,P3_theta_power,Cz_alpha_power,0.2157588577472237,0.2157588577472237
ADHD,channel,P3_theta_power,Cz_beta_power,0.42776308831306187,0.42776308831306187
ADHD,channel,P3_theta_power,Cz_theta_beta_ratio,0.08503437334743522,0.08503437334743522
ADHD,channel,P3_theta_power,Pz_delta_power,0.6260179799048122,0.6260179799048122
ADHD,channel,P3_theta_power,Pz_theta_power,0.904653622421999,0.904653622421999
ADHD,channel,P3_theta_power,Pz_alpha_power,0.3436805922792173,0.3436805922792173
ADHD,channel,P3_theta_power,Pz_beta_power,0.5645161290322581,0.5645161290322581
ADHD,channel,P3_theta_power,Pz_theta_beta_ratio,0.27324167107350605,0.27324167107350605
ADHD,channel,P3_alpha_power,P3_beta_power,0.49508196721311476,0.49508196721311476
ADHD,channel,P3_alpha_power,P3_theta_beta_ratio,-0.2034902168164992,0.2034902168164992
ADHD,channel,P3_alpha_power,P4_delta_power,0.0012162876784769963,0.0012162876784769963
ADHD,channel,P3_alpha_power,P4_theta_power,0.27932310946589106,0.27932310946589106
ADHD,channel,P3_alpha_power,P4_alpha_power,0.7959280803807509,0.7959280803807509
ADHD,channel,P3_alpha_power,P4_beta_power,0.4856160761501851,0.4856160761501851
ADHD,channel,P3_alpha_power,P4_theta_beta_ratio,-0.20946589106292968,0.20946589106292968
ADHD,channel,P3_alpha_power,O1_delta_power,0.2125330512956108,0.2125330512956108
ADHD,channel,P3_alpha_power,O1_theta_power,0.3134320465362242,0.3134320465362242
ADHD,channel,P3_alpha_power,O1_alpha_power,0.5659968270756214,0.5659968270756214
ADHD,channel,P3_alpha_power,O1_beta_power,0.3547858276044421,0.3547858276044421
ADHD,channel,P3_alpha_power,O1_theta_beta_ratio,-0.07546271813855103,0.07546271813855103
ADHD,channel,P3_alpha_power,O2_delta_power,0.07985193019566367,0.07985193019566367
ADHD,channel,P3_alpha_power,O2_theta_power,0.2788471708090957,0.2788471708090957
ADHD,channel,P3_alpha_power,O2_alpha_power,0.5732945531464834,0.5732945531464834
ADHD,channel,P3_alpha_power,O2_beta_power,0.4181385510312004,0.4181385510312004
ADHD,channel,P3_alpha_power,O2_theta_beta_ratio,-0.06737176097303015,0.06737176097303015
ADHD,channel,P3_alpha_power,F7_delta_power,0.0343204653622422,0.0343204653622422
ADHD,channel,P3_alpha_power,F7_theta_power,0.15727128503437335,0.15727128503437335
ADHD,channel,P3_alpha_power,F7_alpha_power,0.5111052353252248,0.5111052353252248
ADHD,channel,P3_alpha_power,F7_beta_power,0.20497091485986252,0.20497091485986252
ADHD,channel,P3_alpha_power,F7_theta_beta_ratio,-0.03691168693812798,0.03691168693812798
ADHD,channel,P3_alpha_power,F8_delta_power,-0.16425171866737176,0.16425171866737176
ADHD,channel,P3_alpha_power,F8_theta_power,-0.06858804865150714,0.06858804865150714
ADHD,channel,P3_alpha_power,F8_alpha_power,0.3981491274457959,0.3981491274457959
ADHD,channel,P3_alpha_power,F8_beta_power,0.23046007403490218,0.23046007403490218
ADHD,channel,P3_alpha_power,F8_theta_beta_ratio,-0.281332628239027,0.281332628239027
ADHD,channel,P3_alpha_power,T7_delta_power,0.15367530407191962,0.15367530407191962
ADHD,channel,P3_alpha_power,T7_theta_power,0.18286620835536754,0.18286620835536754
ADHD,channel,P3_alpha_power,T7_alpha_power,0.7131147540983607,0.7131147540983607
ADHD,channel,P3_alpha_power,T7_beta_power,0.2811739820200952,0.2811739820200952
ADHD,channel,P3_alpha_power,T7_theta_beta_ratio,-0.1561078794288736,0.1561078794288736
ADHD,channel,P3_alpha_power,T8_delta_power,0.05806451612903226,0.05806451612903226
ADHD,channel,P3_alpha_power,T8_theta_power,0.17191961924907456,0.17191961924907456
ADHD,channel,P3_alpha_power,T8_alpha_power,0.6048122686409307,0.6048122686409307
ADHD,channel,P3_alpha_power,T8_beta_power,0.1377049180327869,0.1377049180327869
ADHD,channel,P3_alpha_power,T8_theta_beta_ratio,0.04420941300898995,0.04420941300898995
ADHD,channel,P3_alpha_power,P7_delta_power,0.3095187731359069,0.3095187731359069
ADHD,channel,P3_alpha_power,P7_theta_power,0.3104706504494976,0.3104706504494976
ADHD,channel,P3_alpha_power,P7_alpha_power,0.6438392384981492,0.6438392384981492
ADHD,channel,P3_alpha_power,P7_beta_power,0.30031729243786354,0.30031729243786354
ADHD,channel,P3_alpha_power,P7_theta_beta_ratio,-0.009571655208884188,0.009571655208884188
ADHD,channel,P3_alpha_power,P8_delta_power,0.03051295610787943,0.03051295610787943
ADHD,channel,P3_alpha_power,P8_theta_power,0.17086197778952936,0.17086197778952936
ADHD,channel,P3_alpha_power,P8_alpha_power,0.4428344791115812,0.4428344791115812
ADHD,channel,P3_alpha_power,P8_beta_power,0.20333157059756743,0.20333157059756743
ADHD,channel,P3_alpha_power,P8_theta_beta_ratio,-0.046536224219989424,0.046536224219989424
ADHD,channel,P3_alpha_power,Fz_delta_power,0.20544685351665784,0.20544685351665784
ADHD,channel,P3_alpha_power,Fz_theta_power,0.2647276573241671,0.2647276573241671
ADHD,channel,P3_alpha_power,Fz_alpha_power,0.7210470650449498,0.7210470650449498
ADHD,channel,P3_alpha_power,Fz_beta_power,0.4315177154944474,0.4315177154944474
ADHD,channel,P3_alpha_power,Fz_theta_beta_ratio,-0.27625594923320995,0.27625594923320995
ADHD,channel,P3_alpha_power,Cz_delta_power,0.06657852987837123,0.06657852987837123
ADHD,channel,P3_alpha_power,Cz_theta_power,0.1061872025383395,0.1061872025383395
ADHD,channel,P3_alpha_power,Cz_alpha_power,0.7376520359598097,0.7376520359598097
ADHD,channel,P3_alpha_power,Cz_beta_power,0.45943945002644104,0.45943945002644104
ADHD,channel,P3_alpha_power,Cz_theta_beta_ratio,-0.281544156530936,0.281544156530936
ADHD,channel,P3_alpha_power,Pz_delta_power,0.20047593865679533,0.20047593865679533
ADHD,channel,P3_alpha_power,Pz_theta_power,0.3026969857218403,0.3026969857218403
ADHD,channel,P3_alpha_power,Pz_alpha_power,0.8610787942887361,0.8610787942887361
ADHD,channel,P3_alpha_power,Pz_beta_power,0.5265468006345849,0.5265468006345849
ADHD,channel,P3_alpha_power,Pz_theta_beta_ratio,-0.29613960867266,0.29613960867266
ADHD,channel,P3_beta_power,P3_theta_beta_ratio,-0.3921734531993654,0.3921734531993654
ADHD,channel,P3_beta_power,P4_delta_power,0.11126388154415653,0.11126388154415653
ADHD,channel,P3_beta_power,P4_theta_power,0.3016922263352723,0.3016922263352723
ADHD,channel,P3_beta_power,P4_alpha_power,0.32903225806451614,0.32903225806451614
ADHD,channel,P3_beta_power,P4_beta_power,0.7184029613960867,0.7184029613960867
ADHD,channel,P3_beta_power,P4_theta_beta_ratio,-0.3849286092014807,0.3849286092014807
ADHD,channel,P3_beta_power,O1_delta_power,0.3237440507667901,0.3237440507667901
ADHD,channel,P3_beta_power,O1_theta_power,0.39978847170809095,0.39978847170809095
ADHD,channel,P3_beta_power,O1_alpha_power,0.3870967741935484,0.3870967741935484
ADHD,channel,P3_beta_power,O1_beta_power,0.754362771020624,0.754362771020624
ADHD,channel,P3_beta_power,O1_theta_beta_ratio,-0.32157588577472235,0.32157588577472235
ADHD,channel,P3_beta_power,O2_delta_power,0.15388683236382866,0.15388683236382866
ADHD,channel,P3_beta_power,O2_theta_power,0.22728714965626653,0.22728714965626653
ADHD,channel,P3_beta_power,O2_alpha_power,0.29238498149127445,0.29238498149127445
ADHD,channel,P3_beta_power,O2_beta_power,0.446853516657853,0.446853516657853
ADHD,channel,P3_beta_power,O2_theta_beta_ratio,-0.15780010576414596,0.15780010576414596
ADHD,channel,P3_beta_power,F7_delta_power,0.1343204653622422,0.1343204653622422
ADHD,channel,P3_beta_power,F7_theta_power,0.35224748810153356,0.35224748810153356
ADHD,channel,P3_beta_power,F7_alpha_power,0.4253833950290851,0.4253833950290851
ADHD,channel,P3_beta_power,F7_beta_power,0.5631940772078265,0.5631940772078265
ADHD,channel,P3_beta_power,F7_theta_beta_ratio,-0.22305658381808566,0.22305658381808566
ADHD,channel,P3_beta_power,F8_delta_power,0.030301427815970387,0.030301427815970387
ADHD,channel,P3_beta_power,F8_theta_power,0.1390269698572184,0.1390269698572184
ADHD,channel,P3_beta_power,F8_alpha_power,0.30290851401374935,0.30290851401374935
ADHD,channel,P3_beta_power,F8_beta_power,0.5216287678476996,0.5216287678476996
ADHD,channel,P3_beta_power,F8_theta_beta_ratio,-0.22702273929138023,0.22702273929138023
ADHD,channel,P3_beta_power,T7_delta_power,0.27546271813855105,0.27546271813855105
ADHD,channel,P3_beta_power,T7_theta_power,0.4007932310946589,0.4007932310946589
ADHD,channel,P3_beta_power,T7_alpha_power,0.46652564780539396,0.46652564780539396
ADHD,channel,P3_beta_power,T7_beta_power,0.6126388154415653,0.6126388154415653
ADHD,channel,P3_beta_power,T7_theta_beta_ratio,-0.11575885774722369,0.11575885774722369
ADHD,channel,P3_beta_power,T8_delta_power,-0.01787414066631412,0.01787414066631412
ADHD,channel,P3_beta_power,T8_theta_power,0.18133262823902696,0.18133262823902696
ADHD,channel,P3_beta_power,T8_alpha_power,0.27392913802221047,0.27392913802221047
ADHD,channel,P3_beta_power,T8_beta_power,0.3080380750925436,0.3080380750925436
ADHD,channel,P3_beta_power,T8_theta_beta_ratio,-0.013643574828133264,0.013643574828133264
ADHD,channel,P3_beta_power,P7_delta_power,0.3901639344262295,0.3901639344262295
ADHD,channel,P3_beta_power,P7_theta_power,0.4433632998413538,0.4433632998413538
ADHD,channel,P3_beta_power,P7_alpha_power,0.4693283976731888,0.4693283976731888
ADHD,channel,P3_beta_power,P7_beta_power,0.6347435219460603,0.6347435219460603
ADHD,channel,P3_beta_power,P7_theta_beta_ratio,-0.11295610787942888,0.11295610787942888
ADHD,channel,P3_beta_power,P8_delta_power,0.05314648334214701,0.05314648334214701
ADHD,channel,P3_beta_power,P8_theta_power,0.1523532522474881,0.1523532522474881
ADHD,channel,P3_beta_power,P8_alpha_power,0.25013220518244317,0.25013220518244317
ADHD,channel,P3_beta_power,P8_beta_power,0.27784241142252775,0.27784241142252775
ADHD,channel,P3_beta_power,P8_theta_beta_ratio,-0.15626652564780538,0.15626652564780538
ADHD,channel,P3_beta_power,Fz_delta_power,0.3726599682707562,0.3726599682707562
ADHD,channel,P3_beta_power,Fz_theta_power,0.5540983606557377,0.5540983606557377
ADHD,channel,P3_beta_power,Fz_alpha_power,0.5436805922792174,0.5436805922792174
ADHD,channel,P3_beta_power,Fz_beta_power,0.7312004230565838,0.7312004230565838
ADHD,channel,P3_beta_power,Fz_theta_beta_ratio,-0.2618191433104178,0.2618191433104178
ADHD,channel,P3_beta_power,Cz_delta_power,0.18265468006345847,0.18265468006345847
ADHD,channel,P3_beta_power,Cz_theta_power,0.17842411422527762,0.17842411422527762
ADHD,channel,P3_beta_power,Cz_alpha_power,0.2721311475409836,0.2721311475409836
ADHD,channel,P3_beta_power,Cz_beta_power,0.6473294553146484,0.6473294553146484
ADHD,channel,P3_beta_power,Cz_theta_beta_ratio,-0.4056583818085669,0.4056583818085669
ADHD,channel,P3_beta_power,Pz_delta_power,0.42485457429931256,0.42485457429931256
ADHD,channel,P3_beta_power,Pz_theta_power,0.5004230565838181,0.5004230565838181
ADHD,channel,P3_beta_power,Pz_alpha_power,0.5020095187731359,0.5020095187731359
ADHD,channel,P3_beta_power,Pz_beta_power,0.9070861977789529,0.9070861977789529
ADHD,channel,P3_beta_power,Pz_theta_beta_ratio,-0.49629825489159174,0.49629825489159174
ADHD,channel,P3_theta_beta_ratio,P4_delta_power,0.10893707033315705,0.10893707033315705
ADHD,channel,P3_theta_beta_ratio,P4_theta_power,0.22406134320465362,0.22406134320465362
ADHD,channel,P3_theta_beta_ratio,P4_alpha_power,-0.271602326811211,0.271602326811211
ADHD,channel,P3_theta_beta_ratio,P4_beta_power,-0.33548387096774196,0.33548387096774196
ADHD,channel,P3_theta_beta_ratio,P4_theta_beta_ratio,0.6102062400846113,0.6102062400846113
ADHD,channel,P3_theta_beta_ratio,O1_delta_power,0.2472236911686938,0.2472236911686938
ADHD,channel,P3_theta_beta_ratio,O1_theta_power,0.2881544156530936,0.2881544156530936
ADHD,channel,P3_theta_beta_ratio,O1_alpha_power,-0.06430460074034902,0.06430460074034902
ADHD,channel,P3_theta_beta_ratio,O1_beta_power,-0.38672659968270756,0.38672659968270756
ADHD,channel,P3_theta_beta_ratio,O1_theta_beta_ratio,0.6242728714965626,0.6242728714965626
ADHD,channel,P3_theta_beta_ratio,O2_delta_power,0.2249074563722898,0.2249074563722898
ADHD,channel,P3_theta_beta_ratio,O2_theta_power,0.24743521946060285,0.24743521946060285
ADHD,channel,P3_theta_beta_ratio,O2_alpha_power,-0.12141723955579059,0.12141723955579059
ADHD,channel,P3_theta_beta_ratio,O2_beta_power,-0.2811210999471179,0.2811210999471179
ADHD,channel,P3_theta_beta_ratio,O2_theta_beta_ratio,0.4819672131147541,0.4819672131147541
ADHD,channel,P3_theta_beta_ratio,F7_delta_power,0.0449497620306716,0.0449497620306716
ADHD,channel,P3_theta_beta_ratio,F7_theta_power,0.23289264939185617,0.23289264939185617
ADHD,channel,P3_theta_beta_ratio,F7_alpha_power,0.007509254362771021,0.007509254362771021
ADHD,channel,P3_theta_beta_ratio,F7_beta_power,-0.2056583818085669,0.2056583818085669
ADHD,channel,P3_theta_beta_ratio,F7_theta_beta_ratio,0.351718667371761,0.351718667371761
ADHD,channel,P3_theta_beta_ratio,F8_delta_power,0.07234267583289265,0.07234267583289265
ADHD,channel,P3_theta_beta_ratio,F8_theta_power,0.21745108408249603,0.21745108408249603
ADHD,channel,P3_theta_beta_ratio,F8_alpha_power,0.035325224748810155,0.035325224748810155
ADHD,channel,P3_theta_beta_ratio,F8_beta_power,-0.20497091485986252,0.20497091485986252
ADHD,channel,P3_theta_beta_ratio,F8_theta_beta_ratio,0.3605499735589635,0.3605499735589635
ADHD,channel,P3_theta_beta_ratio,T7_delta_power,0.21591750396615547,0.21591750396615547
ADHD,channel,P3_theta_beta_ratio,T7_theta_power,0.38810153358011634,0.38810153358011634
ADHD,channel,P3_theta_beta_ratio,T7_alpha_power,0.035272342675832895,0.035272342675832895
ADHD,channel,P3_theta_beta_ratio,T7_beta_power,-0.1938127974616605,0.1938127974616605
ADHD,channel,P3_theta_beta_ratio,T7_theta_beta_ratio,0.6079323109465891,0.6079323109465891
ADHD,channel,P3_theta_beta_ratio,T8_delta_power,0.07831835007932311,0.07831835007932311
ADHD,channel,P3_theta_beta_ratio,T8_theta_power,0.153146483342147,0.153146483342147
ADHD,channel,P3_theta_beta_ratio,T8_alpha_power,-0.06308831306187203,0.06308831306187203
ADHD,channel,P3_theta_beta_ratio,T8_beta_power,-0.1363299841353781,0.1363299841353781
ADHD,channel,P3_theta_beta_ratio,T8_theta_beta_ratio,0.2301427815970386,0.2301427815970386
ADHD,channel,P3_theta_beta_ratio,P7_delta_power,0.23305129561078794,0.23305129561078794
ADHD,channel,P3_theta_beta_ratio,P7_theta_power,0.3222104706504495,0.3222104706504495
ADHD,channel,P3_theta_beta_ratio,P7_alpha_power,0.020359598096245372,0.020359598096245372
ADHD,channel,P3_theta_beta_ratio,P7_beta_power,-0.19962982548915917,0.19962982548915917
ADHD,channel,P3_theta_beta_ratio,P7_theta_beta_ratio,0.5758857747223691,0.5758857747223691
ADHD,channel,P3_theta_beta_ratio,P8_delta_power,0.20010576414595452,0.20010576414595452
ADHD,channel,P3_theta_beta_ratio,P8_theta_power,0.16451612903225807,0.16451612903225807
ADHD,channel,P3_theta_beta_ratio,P8_alpha_power,-0.10655737704918032,0.10655737704918032
ADHD,channel,P3_theta_beta_ratio,P8_beta_power,-0.10872554204124801,0.10872554204124801
ADHD,channel,P3_theta_beta_ratio,P8_theta_beta_ratio,0.2960867265996827,0.2960867265996827
ADHD,channel,P3_theta_beta_ratio,Fz_delta_power,0.13447911158117398,0.13447911158117398
ADHD,channel,P3_theta_beta_ratio,Fz_theta_power,0.13209941829719726,0.13209941829719726
ADHD,channel,P3_theta_beta_ratio,Fz_alpha_power,-0.24341618191433104,0.24341618191433104
ADHD,channel,P3_theta_beta_ratio,Fz_beta_power,-0.2618191433104178,0.2618191433104178
ADHD,channel,P3_theta_beta_ratio,Fz_theta_beta_ratio,0.5325753569539926,0.5325753569539926
ADHD,channel,P3_theta_beta_ratio,Cz_delta_power,0.1970386039132734,0.1970386039132734
ADHD,channel,P3_theta_beta_ratio,Cz_theta_power,0.3962453728186145,0.3962453728186145
ADHD,channel,P3_theta_beta_ratio,Cz_alpha_power,-0.1605499735589635,0.1605499735589635
ADHD,channel,P3_theta_beta_ratio,Cz_beta_power,-0.26319407720782656,0.26319407720782656
ADHD,channel,P3_theta_beta_ratio,Cz_theta_beta_ratio,0.614595452141724,0.614595452141724
ADHD,channel,P3_theta_beta_ratio,Pz_delta_power,0.22982548915917503,0.22982548915917503
ADHD,channel,P3_theta_beta_ratio,Pz_theta_power,0.45658381808566895,0.45658381808566895
ADHD,channel,P3_theta_beta_ratio,Pz_alpha_power,-0.2118455843469064,0.2118455843469064
ADHD,channel,P3_theta_beta_ratio,Pz_beta_power,-0.34822845055526175,0.34822845055526175
ADHD,channel,P3_theta_beta_ratio,Pz_theta_beta_ratio,0.9120571126388154,0.9120571126388154
ADHD,channel,P4_delta_power,P4_theta_power,0.6852987837123216,0.6852987837123216
ADHD,channel,P4_delta_power,P4_alpha_power,0.22876784769962982,0.22876784769962982
ADHD,channel,P4_delta_power,P4_beta_power,0.3533051295610788,0.3533051295610788
ADHD,channel,P4_delta_power,P4_theta_beta_ratio,0.3987308302485457,0.3987308302485457
ADHD,channel,P4_delta_power,O1_delta_power,0.43331570597567426,0.43331570597567426
ADHD,channel,P4_delta_power,O1_theta_power,0.4490216816499207,0.4490216816499207
ADHD,channel,P4_delta_power,O1_alpha_power,0.26705446853516657,0.26705446853516657
ADHD,channel,P4_delta_power,O1_beta_power,0.08001057641459546,0.08001057641459546
ADHD,channel,P4_delta_power,O1_theta_beta_ratio,0.3413537810682179,0.3413537810682179
ADHD,channel,P4_delta_power,O2_delta_power,0.8615547329455314,0.8615547329455314
ADHD,channel,P4_delta_power,O2_theta_power,0.6939714436805923,0.6939714436805923
ADHD,channel,P4_delta_power,O2_alpha_power,0.36546800634584875,0.36546800634584875
ADHD,channel,P4_delta_power,O2_beta_power,0.2459016393442623,0.2459016393442623
ADHD,channel,P4_delta_power,O2_theta_beta_ratio,0.4986779481755685,0.4986779481755685
ADHD,channel,P4_delta_power,F7_delta_power,0.07863564251718667,0.07863564251718667
ADHD,channel,P4_delta_power,F7_theta_power,0.13024854574299313,0.13024854574299313
ADHD,channel,P4_delta_power,F7_alpha_power,0.11565309360126917,0.11565309360126917
ADHD,channel,P4_delta_power,F7_beta_power,0.259227921734532,0.259227921734532
ADHD,channel,P4_delta_power,F7_theta_beta_ratio,-0.15023796932839767,0.15023796932839767
ADHD,channel,P4_delta_power,F8_delta_power,0.564304600740349,0.564304600740349
ADHD,channel,P4_delta_power,F8_theta_power,0.47493389740877845,0.47493389740877845
ADHD,channel,P4_delta_power,F8_alpha_power,0.3781597038603913,0.3781597038603913
ADHD,channel,P4_delta_power,F8_beta_power,0.3116869381279746,0.3116869381279746
ADHD,channel,P4_delta_power,F8_theta_beta_ratio,0.32818614489687997,0.32818614489687997
ADHD,channel,P4_delta_power,T7_delta_power,0.21422527763088314,0.21422527763088314
ADHD,channel,P4_delta_power,T7_theta_power,0.31269169751454257,0.31269169751454257
ADHD,channel,P4_delta_power,T7_alpha_power,0.18831306187202537,0.18831306187202537
ADHD,channel,P4_delta_power,T7_beta_power,0.17440507667900582,0.17440507667900582
ADHD,channel,P4_delta_power,T7_theta_beta_ratio,0.14362771020624007,0.14362771020624007
ADHD,channel,P4_delta_power,T8_delta_power,0.5353781068217874,0.5353781068217874
ADHD,channel,P4_delta_power,T8_theta_power,0.5545214172395558,0.5545214172395558
ADHD,channel,P4_delta_power,T8_alpha_power,0.3302485457429931,0.3302485457429931
ADHD,channel,P4_delta_power,T8_beta_power,0.33183500793231097,0.33183500793231097
ADHD,channel,P4_delta_power,T8_theta_beta_ratio,0.29740877842411423,0.29740877842411423
ADHD,channel,P4_delta_power,P7_delta_power,0.31443680592279216,0.31443680592279216
ADHD,channel,P4_delta_power,P7_theta_power,0.29122157588577474,0.29122157588577474
ADHD,channel,P4_delta_power,P7_alpha_power,0.26113167636171336,0.26113167636171336
ADHD,channel,P4_delta_power,P7_beta_power,0.330830248545743,0.330830248545743
ADHD,channel,P4_delta_power,P7_theta_beta_ratio,0.047964040190375465,0.047964040190375465
ADHD,channel,P4_delta_power,P8_delta_power,0.7203595980962454,0.7203595980962454
ADHD,channel,P4_delta_power,P8_theta_power,0.6475409836065574,0.6475409836065574
ADHD,channel,P4_delta_power,P8_alpha_power,0.4907456372289794,0.4907456372289794
ADHD,channel,P4_delta_power,P8_beta_power,0.43490216816499205,0.43490216816499205
ADHD,channel,P4_delta_power,P8_theta_beta_ratio,0.35092543627710204,0.35092543627710204
ADHD,channel,P4_delta_power,Fz_delta_power,0.3878900052882073,0.3878900052882073
ADHD,channel,P4_delta_power,Fz_theta_power,0.20544685351665784,0.20544685351665784
ADHD,channel,P4_delta_power,Fz_alpha_power,0.016023268112109995,0.016023268112109995
ADHD,channel,P4_delta_power,Fz_beta_power,0.13870967741935483,0.13870967741935483
ADHD,channel,P4_delta_power,Fz_theta_beta_ratio,0.017345319936541512,0.017345319936541512
ADHD,channel,P4_delta_power,Cz_delta_power,0.7576943416181914,0.7576943416181914
ADHD,channel,P4_delta_power,Cz_theta_power,0.42104706504494976,0.42104706504494976
ADHD,channel,P4_delta_power,Cz_alpha_power,0.15520888418826018,0.15520888418826018
ADHD,channel,P4_delta_power,Cz_beta_power,0.2666314119513485,0.2666314119513485
ADHD,channel,P4_delta_power,Cz_theta_beta_ratio,0.15261766261237442,0.15261766261237442
ADHD,channel,P4_delta_power,Pz_delta_power,0.23818085668958222,0.23818085668958222
ADHD,channel,P4_delta_power,Pz_theta_power,0.23691168693812797,0.23691168693812797
ADHD,channel,P4_delta_power,Pz_alpha_power,0.03627710206240085,0.03627710206240085
ADHD,channel,P4_delta_power,Pz_beta_power,0.09820200951877314,0.09820200951877314
ADHD,channel,P4_delta_power,Pz_theta_beta_ratio,0.20354309888947647,0.20354309888947647
ADHD,channel,P4_theta_power,P4_alpha_power,0.4491274457958752,0.4491274457958752
ADHD,channel,P4_theta_power,P4_beta_power,0.5491803278688525,0.5491803278688525
ADHD,channel,P4_theta_power,P4_theta_beta_ratio,0.4835007932310947,0.4835007932310947
ADHD,channel,P4_theta_power,O1_delta_power,0.4018508725542041,0.4018508725542041
ADHD,channel,P4_theta_power,O1_theta_power,0.5330512956107879,0.5330512956107879
ADHD,channel,P4_theta_power,O1_alpha_power,0.4719725013220518,0.4719725013220518
ADHD,channel,P4_theta_power,O1_beta_power,0.1585404547858276,0.1585404547858276
ADHD,channel,P4_theta_power,O1_theta_beta_ratio,0.37868852459016394,0.37868852459016394
ADHD,channel,P4_theta_power,O2_delta_power,0.7093072448439979,0.7093072448439979
ADHD,channel,P4_theta_power,O2_theta_power,0.8528820729772607,0.8528820729772607
ADHD,channel,P4_theta_power,O2_alpha_power,0.5989423585404547,0.5989423585404547
ADHD,channel,P4_theta_power,O2_beta_power,0.4207297726070862,0.4207297726070862
ADHD,channel,P4_theta_power,O2_theta_beta_ratio,0.5001586462189318,0.5001586462189318
ADHD,channel,P4_theta_power,F7_delta_power,-0.16959280803807508,0.16959280803807508
ADHD,channel,P4_theta_power,F7_theta_power,0.18995240613432046,0.18995240613432046
ADHD,channel,P4_theta_power,F7_alpha_power,0.3252776308831306,0.3252776308831306
ADHD,channel,P4_theta_power,F7_beta_power,0.254151242728715,0.254151242728715
ADHD,channel,P4_theta_power,F7_theta_beta_ratio,-0.09381279746166049,0.09381279746166049
ADHD,channel,P4_theta_power,F8_delta_power,0.31464833421470123,0.31464833421470123
ADHD,channel,P4_theta_power,F8_theta_power,0.5304071919619249,0.5304071919619249
ADHD,channel,P4_theta_power,F8_alpha_power,0.5610259122157588,0.5610259122157588
ADHD,channel,P4_theta_power,F8_beta_power,0.33955579058699104,0.33955579058699104
ADHD,channel,P4_theta_power,F8_theta_beta_ratio,0.30528820729772604,0.30528820729772604
ADHD,channel,P4_theta_power,T7_delta_power,0.09095716552088842,0.09095716552088842
ADHD,channel,P4_theta_power,T7_theta_power,0.3758857747223691,0.3758857747223691
ADHD,channel,P4_theta_power,T7_alpha_power,0.41554732945531464,0.41554732945531464
ADHD,channel,P4_theta_power,T7_beta_power,0.2453728186144897,0.2453728186144897
ADHD,channel,P4_theta_power,T7_theta_beta_ratio,0.12940243257535694,0.12940243257535694
ADHD,channel,P4_theta_power,T8_delta_power,0.3722897937599154,0.3722897937599154
ADHD,channel,P4_theta_power,T8_theta_power,0.6867794817556848,0.6867794817556848
ADHD,channel,P4_theta_power,T8_alpha_power,0.5399259650978319,0.5399259650978319
ADHD,channel,P4_theta_power,T8_beta_power,0.35356953992596507,0.35356953992596507
ADHD,channel,P4_theta_power,T8_theta_beta_ratio,0.3988894764674775,0.3988894764674775
ADHD,channel,P4_theta_power,P7_delta_power,0.3524590163934426,0.3524590163934426
ADHD,channel,P4_theta_power,P7_theta_power,0.45081967213114754,0.45081967213114754
ADHD,channel,P4_theta_power,P7_alpha_power,0.4757800105764146,0.4757800105764146
ADHD,channel,P4_theta_power,P7_beta_power,0.4223691168693813,0.4223691168693813
ADHD,channel,P4_theta_power,P7_theta_beta_ratio,0.1227392913802221,0.1227392913802221
ADHD,channel,P4_theta_power,P8_delta_power,0.6441565309360127,0.6441565309360127
ADHD,channel,P4_theta_power,P8_theta_power,0.7754098360655738,0.7754098360655738
ADHD,channel,P4_theta_power,P8_alpha_power,0.5836594394500264,0.5836594394500264
ADHD,channel,P4_theta_power,P8_beta_power,0.4161290322580645,0.4161290322580645
ADHD,channel,P4_theta_power,P8_theta_beta_ratio,0.4608143839238498,0.4608143839238498
ADHD,channel,P4_theta_power,Fz_delta_power,0.3253305129561079,0.3253305129561079
ADHD,channel,P4_theta_power,Fz_theta_power,0.4772607086197779,0.4772607086197779
ADHD,channel,P4_theta_power,Fz_alpha_power,0.3298783712321523,0.3298783712321523
ADHD,channel,P4_theta_power,Fz_beta_power,0.34986779481755687,0.34986779481755687
ADHD,channel,P4_theta_power,Fz_theta_beta_ratio,0.08016922263352723,0.08016922263352723
ADHD,channel,P4_theta_power,Cz_delta_power,0.6762030671602327,0.6762030671602327
ADHD,channel,P4_theta_power,Cz_theta_power,0.7624537281861449,0.7624537281861449
ADHD,channel,P4_theta_power,Cz_alpha_power,0.34801692226335273,0.34801692226335273
ADHD,channel,P4_theta_power,Cz_beta_power,0.461660497091486,0.461660497091486
ADHD,channel,P4_theta_power,Cz_theta_beta_ratio,0.27895293495505025,0.27895293495505025
ADHD,channel,P4_theta_power,Pz_delta_power,0.2610787942887361,0.2610787942887361
ADHD,channel,P4_theta_power,Pz_theta_power,0.504071919619249,0.504071919619249
ADHD,channel,P4_theta_power,Pz_alpha_power,0.26229508196721313,0.26229508196721313
ADHD,channel,P4_theta_power,Pz_beta_power,0.2708090957165521,0.2708090957165521
ADHD,channel,P4_theta_power,Pz_theta_beta_ratio,0.26493918561607616,0.26493918561607616
ADHD,channel,P4_alpha_power,P4_beta_power,0.5637757800105764,0.5637757800105764
ADHD,channel,P4_alpha_power,P4_theta_beta_ratio,-0.10396615547329455,0.10396615547329455
ADHD,channel,P4_alpha_power,O1_delta_power,0.18588048651507139,0.18588048651507139
ADHD,channel,P4_alpha_power,O1_theta_power,0.23231094658910628,0.23231094658910628
ADHD,channel,P4_alpha_power,O1_alpha_power,0.5604970914859863,0.5604970914859863
ADHD,channel,P4_alpha_power,O1_beta_power,0.2430988894764675,0.2430988894764675
ADHD,channel,P4_alpha_power,O1_theta_beta_ratio,-0.03675304071919619,0.03675304071919619
ADHD,channel,P4_alpha_power,O2_delta_power,0.3054997355896351,0.3054997355896351
ADHD,channel,P4_alpha_power,O2_theta_power,0.46504494976203065,0.46504494976203065
ADHD,channel,P4_alpha_power,O2_alpha_power,0.7794288736118455,0.7794288736118455
ADHD,channel,P4_alpha_power,O2_beta_power,0.5129561078794289,0.5129561078794289
ADHD,channel,P4_alpha_power,O2_theta_beta_ratio,0.04992067689053411,0.04992067689053411
ADHD,channel,P4_alpha_power,F7_delta_power,-0.10560549973558964,0.10560549973558964
ADHD,channel,P4_alpha_power,F7_theta_power,-0.04304600740349022,0.04304600740349022
ADHD,channel,P4_alpha_power,F7_alpha_power,0.3853516657852988,0.3853516657852988
ADHD,channel,P4_alpha_power,F7_beta_power,0.14722369116869383,0.14722369116869383
ADHD,channel,P4_alpha_power,F7_theta_beta_ratio,-0.2178741406663141,0.2178741406663141
ADHD,channel,P4_alpha_power,F8_delta_power,-0.11993654151242729,0.11993654151242729
ADHD,channel,P4_alpha_power,F8_theta_power,-0.0019037546271813855,0.0019037546271813855
ADHD,channel,P4_alpha_power,F8_alpha_power,0.4949762030671602,0.4949762030671602
ADHD,channel,P4_alpha_power,F8_beta_power,0.29011105235325224,0.29011105235325224
ADHD,channel,P4_alpha_power,F8_theta_beta_ratio,-0.24188260179799048,0.24188260179799048
ADHD,channel,P4_alpha_power,T7_delta_power,0.01718667371760973,0.01718667371760973
ADHD,channel,P4_alpha_power,T7_theta_power,0.02236911686938128,0.02236911686938128
ADHD,channel,P4_alpha_power,T7_alpha_power,0.5949762030671603,0.5949762030671603
ADHD,channel,P4_alpha_power,T7_beta_power,0.19968270756213644,0.19968270756213644
ADHD,channel,P4_alpha_power,T7_theta_beta_ratio,-0.24812268640930724,0.24812268640930724
ADHD,channel,P4_alpha_power,T8_delta_power,0.12152300370174511,0.12152300370174511
ADHD,channel,P4_alpha_power,T8_theta_power,0.3005817028027499,0.3005817028027499
ADHD,channel,P4_alpha_power,T8_alpha_power,0.7300370174510841,0.7300370174510841
ADHD,channel,P4_alpha_power,T8_beta_power,0.27609730301427815,0.27609730301427815
ADHD,channel,P4_alpha_power,T8_theta_beta_ratio,0.0449497620306716,0.0449497620306716
ADHD,channel,P4_alpha_power,P7_delta_power,0.22400846113167636,0.22400846113167636
ADHD,channel,P4_alpha_power,P7_theta_power,0.18212585933368589,0.18212585933368589
ADHD,channel,P4_alpha_power,P7_alpha_power,0.5637228979375991,0.5637228979375991
ADHD,channel,P4_alpha_power,P7_beta_power,0.28180856689582234,0.28180856689582234
ADHD,channel,P4_alpha_power,P7_theta_beta_ratio,-0.12681121099947118,0.12681121099947118
ADHD,channel,P4_alpha_power,P8_delta_power,0.1750925436277102,0.1750925436277102
ADHD,channel,P4_alpha_power,P8_theta_power,0.3671602326811211,0.3671602326811211
ADHD,channel,P4_alpha_power,P8_alpha_power,0.6564780539397145,0.6564780539397145
ADHD,channel,P4_alpha_power,P8_beta_power,0.34420941300898994,0.34420941300898994
ADHD,channel,P4_alpha_power,P8_theta_beta_ratio,0.05912215758857747,0.05912215758857747
ADHD,channel,P4_alpha_power,Fz_delta_power,0.17477525118984663,0.17477525118984663
ADHD,channel,P4_alpha_power,Fz_theta_power,0.17091485986250662,0.17091485986250662
ADHD,channel,P4_alpha_power,Fz_alpha_power,0.5921205711263882,0.5921205711263882
ADHD,channel,P4_alpha_power,Fz_beta_power,0.38402961396086727,0.38402961396086727
ADHD,channel,P4_alpha_power,Fz_theta_beta_ratio,-0.3323109465891063,0.3323109465891063
ADHD,channel,P4_alpha_power,Cz_delta_power,0.21771549444738234,0.21771549444738234
ADHD,channel,P4_alpha_power,Cz_theta_power,0.16901110523532523,0.16901110523532523
ADHD,channel,P4_alpha_power,Cz_alpha_power,0.7911686938127974,0.7911686938127974
ADHD,channel,P4_alpha_power,Cz_beta_power,0.48931782125859336,0.48931782125859336
ADHD,channel,P4_alpha_power,Cz_theta_beta_ratio,-0.25959809624537283,0.25959809624537283
ADHD,channel,P4_alpha_power,Pz_delta_power,0.12696985721840295,0.12696985721840295
ADHD,channel,P4_alpha_power,Pz_theta_power,0.10946589106292967,0.10946589106292967
ADHD,channel,P4_alpha_power,Pz_alpha_power,0.7568482284505552,0.7568482284505552
ADHD,channel,P4_alpha_power,Pz_beta_power,0.3674775251189847,0.3674775251189847
ADHD,channel,P4_alpha_power,Pz_theta_beta_ratio,-0.30354309888947645,0.30354309888947645
ADHD,channel,P4_beta_power,P4_theta_beta_ratio,-0.4131147540983607,0.4131147540983607
ADHD,channel,P4_beta_power,O1_delta_power,0.3687995769434162,0.3687995769434162
ADHD,channel,P4_beta_power,O1_theta_power,0.29873083024854574,0.29873083024854574
ADHD,channel,P4_beta_power,O1_alpha_power,0.43527234267583287,0.43527234267583287
ADHD,channel,P4_beta_power,O1_beta_power,0.5621364357482813,0.5621364357482813
ADHD,channel,P4_beta_power,O1_theta_beta_ratio,-0.230830248545743,0.230830248545743
ADHD,channel,P4_beta_power,O2_delta_power,0.34976203067160233,0.34976203067160233
ADHD,channel,P4_beta_power,O2_theta_power,0.4046536224219989,0.4046536224219989
ADHD,channel,P4_beta_power,O2_alpha_power,0.5282390269698573,0.5282390269698573
ADHD,channel,P4_beta_power,O2_beta_power,0.7165520888418826,0.7165520888418826
ADHD,channel,P4_beta_power,O2_theta_beta_ratio,-0.17636171337916445,0.17636171337916445
ADHD,channel,P4_beta_power,F7_delta_power,-0.010893707033315707,0.010893707033315707
ADHD,channel,P4_beta_power,F7_theta_power,0.128397673188789,0.128397673188789
ADHD,channel,P4_beta_power,F7_alpha_power,0.37562136435748283,0.37562136435748283
ADHD,channel,P4_beta_power,F7_beta_power,0.4060285563194077,0.4060285563194077
ADHD,channel,P4_beta_power,F7_theta_beta_ratio,-0.3390269698572184,0.3390269698572184
ADHD,channel,P4_beta_power,F8_delta_power,0.06969857218402961,0.06969857218402961
ADHD,channel,P4_beta_power,F8_theta_power,0.20787942887361185,0.20787942887361185
ADHD,channel,P4_beta_power,F8_alpha_power,0.47139079851930193,0.47139079851930193
ADHD,channel,P4_beta_power,F8_beta_power,0.5885774722369117,0.5885774722369117
ADHD,channel,P4_beta_power,F8_theta_beta_ratio,-0.23818085668958222,0.23818085668958222
ADHD,channel,P4_beta_power,T7_delta_power,0.13802221047065044,0.13802221047065044
ADHD,channel,P4_beta_power,T7_theta_power,0.19962982548915917,0.19962982548915917
ADHD,channel,P4_beta_power,T7_alpha_power,0.4512956107879429,0.4512956107879429
ADHD,channel,P4_beta_power,T7_beta_power,0.4849286092014807,0.4849286092014807
ADHD,channel,P4_beta_power,T7_theta_beta_ratio,-0.21353781068217875,0.21353781068217875
ADHD,channel,P4_beta_power,T8_delta_power,0.13172924378635642,0.13172924378635642
ADHD,channel,P4_beta_power,T8_theta_power,0.35071390798519303,0.35071390798519303
ADHD,channel,P4_beta_power,T8_alpha_power,0.5001057641459545,0.5001057641459545
ADHD,channel,P4_beta_power,T8_beta_power,0.4731359069275516,0.4731359069275516
ADHD,channel,P4_beta_power,T8_theta_beta_ratio,-0.020729772607086198,0.020729772607086198
ADHD,channel,P4_beta_power,P7_delta_power,0.37662612374405074,0.37662612374405074
ADHD,channel,P4_beta_power,P7_theta_power,0.321099947117927,0.321099947117927
ADHD,channel,P4_beta_power,P7_alpha_power,0.4627181385510312,0.4627181385510312
ADHD,channel,P4_beta_power,P7_beta_power,0.5426758328926494,0.5426758328926494
ADHD,channel,P4_beta_power,P7_theta_beta_ratio,-0.14188260179799048,0.14188260179799048
ADHD,channel,P4_beta_power,P8_delta_power,0.22601797990481226,0.22601797990481226
ADHD,channel,P4_beta_power,P8_theta_power,0.38810153358011634,0.38810153358011634
ADHD,channel,P4_beta_power,P8_alpha_power,0.5304071919619249,0.5304071919619249
ADHD,channel,P4_beta_power,P8_beta_power,0.4902168164992068,0.4902168164992068
ADHD,channel,P4_beta_power,P8_theta_beta_ratio,-0.07815970386039132,0.07815970386039132
ADHD,channel,P4_beta_power,Fz_delta_power,0.39254362771020623,0.39254362771020623
ADHD,channel,P4_beta_power,Fz_theta_power,0.37271285034373347,0.37271285034373347
ADHD,channel,P4_beta_power,Fz_alpha_power,0.49455314648334214,0.49455314648334214
ADHD,channel,P4_beta_power,Fz_beta_power,0.6180856689582231,0.6180856689582231
ADHD,channel,P4_beta_power,Fz_theta_beta_ratio,-0.3441565309360127,0.3441565309360127
ADHD,channel,P4_beta_power,Cz_delta_power,0.39349550502379693,0.39349550502379693
ADHD,channel,P4_beta_power,Cz_theta_power,0.3219460602855632,0.3219460602855632
ADHD,channel,P4_beta_power,Cz_alpha_power,0.5021681649920677,0.5021681649920677
ADHD,channel,P4_beta_power,Cz_beta_power,0.8813855103120042,0.8813855103120042
ADHD,channel,P4_beta_power,Cz_theta_beta_ratio,-0.4785827604442094,0.4785827604442094
ADHD,channel,P4_beta_power,Pz_delta_power,0.4388683236382866,0.4388683236382866
ADHD,channel,P4_beta_power,Pz_theta_power,0.41380222104706504,0.41380222104706504
ADHD,channel,P4_beta_power,Pz_alpha_power,0.4794288736118456,0.4794288736118456
ADHD,channel,P4_beta_power,Pz_beta_power,0.7487572712850343,0.7487572712850343
ADHD,channel,P4_beta_power,Pz_theta_beta_ratio,-0.3885245901639344,0.3885245901639344
ADHD,channel,P4_theta_beta_ratio,O1_delta_power,0.10079323109465892,0.10079323109465892
ADHD,channel,P4_theta_beta_ratio,O1_theta_power,0.308725542041248,0.308725542041248
ADHD,channel,P4_theta_beta_ratio,O1_alpha_power,0.05526176626123744,0.05526176626123744
ADHD,channel,P4_theta_beta_ratio,O1_beta_power,-0.3791644632469593,0.3791644632469593
ADHD,channel,P4_theta_beta_ratio,O1_theta_beta_ratio,0.6757271285034373,0.6757271285034373
ADHD,channel,P4_theta_beta_ratio,O2_delta_power,0.43204653622422,0.43204653622422
ADHD,channel,P4_theta_beta_ratio,O2_theta_power,0.5157588577472237,0.5157588577472237
ADHD,channel,P4_theta_beta_ratio,O2_alpha_power,0.06599682707562136,0.06599682707562136
ADHD,channel,P4_theta_beta_ratio,O2_beta_power,-0.2757800105764146,0.2757800105764146
ADHD,channel,P4_theta_beta_ratio,O2_theta_beta_ratio,0.7756742464304601,0.7756742464304601
ADHD,channel,P4_theta_beta_ratio,F7_delta_power,-0.14494976203067161,0.14494976203067161
ADHD,channel,P4_theta_beta_ratio,F7_theta_power,0.07879428873611846,0.07879428873611846
ADHD,channel,P4_theta_beta_ratio,F7_alpha_power,-0.08159703860391328,0.08159703860391328
ADHD,channel,P4_theta_beta_ratio,F7_beta_power,-0.22538339502908514,0.22538339502908514
ADHD,channel,P4_theta_beta_ratio,F7_theta_beta_ratio,0.31448968799576943,0.31448968799576943
ADHD,channel,P4_theta_beta_ratio,F8_delta_power,0.2968799576943416,0.2968799576943416
ADHD,channel,P4_theta_beta_ratio,F8_theta_power,0.369169751454257,0.369169751454257
ADHD,channel,P4_theta_beta_ratio,F8_alpha_power,0.09312533051295611,0.09312533051295611
ADHD,channel,P4_theta_beta_ratio,F8_beta_power,-0.26520359598096244,0.26520359598096244
ADHD,channel,P4_theta_beta_ratio,F8_theta_beta_ratio,0.6132734003172924,0.6132734003172924
ADHD,channel,P4_theta_beta_ratio,T7_delta_power,-0.018244315177154944,0.018244315177154944
ADHD,channel,P4_theta_beta_ratio,T7_theta_power,0.2031200423056584,0.2031200423056584
ADHD,channel,P4_theta_beta_ratio,T7_alpha_power,-0.041565309360126916,0.041565309360126916
ADHD,channel,P4_theta_beta_ratio,T7_beta_power,-0.1974616604970915,0.1974616604970915
ADHD,channel,P4_theta_beta_ratio,T7_theta_beta_ratio,0.374034902168165,0.374034902168165
ADHD,channel,P4_theta_beta_ratio,T8_delta_power,0.2239555790586991,0.2239555790586991
ADHD,channel,P4_theta_beta_ratio,T8_theta_power,0.3189317821258593,0.3189317821258593
ADHD,channel,P4_theta_beta_ratio,T8_alpha_power,0.015230037017451084,0.015230037017451084
ADHD,channel,P4_theta_beta_ratio,T8_beta_power,-0.14087784241142254,0.14087784241142254
ADHD,channel,P4_theta_beta_ratio,T8_theta_beta_ratio,0.43622421998942357,0.43622421998942357
ADHD,channel,P4_theta_beta_ratio,P7_delta_power,-0.013167636171337916,0.013167636171337916
ADHD,channel,P4_theta_beta_ratio,P7_theta_power,0.17154944473823375,0.17154944473823375
ADHD,channel,P4_theta_beta_ratio,P7_alpha_power,0.030248545742993127,0.030248545742993127
ADHD,channel,P4_theta_beta_ratio,P7_beta_power,-0.11052353252247488,0.11052353252247488
ADHD,channel,P4_theta_beta_ratio,P7_theta_beta_ratio,0.2988365943945003,0.2988365943945003
ADHD,channel,P4_theta_beta_ratio,P8_delta_power,0.4399788471708091,0.4399788471708091
ADHD,channel,P4_theta_beta_ratio,P8_theta_power,0.40037017451084084,0.40037017451084084
ADHD,channel,P4_theta_beta_ratio,P8_alpha_power,0.03342147012162877,0.03342147012162877
ADHD,channel,P4_theta_beta_ratio,P8_beta_power,-0.08561607615018509,0.08561607615018509
ADHD,channel,P4_theta_beta_ratio,P8_theta_beta_ratio,0.596562665256478,0.596562665256478
ADHD,channel,P4_theta_beta_ratio,Fz_delta_power,-0.012109994711792702,0.012109994711792702
ADHD,channel,P4_theta_beta_ratio,Fz_theta_power,0.13125330512956107,0.13125330512956107
ADHD,channel,P4_theta_beta_ratio,Fz_alpha_power,-0.23024854574299314,0.23024854574299314
ADHD,channel,P4_theta_beta_ratio,Fz_beta_power,-0.2950290851401375,0.2950290851401375
ADHD,channel,P4_theta_beta_ratio,Fz_theta_beta_ratio,0.5105235325224748,0.5105235325224748
ADHD,channel,P4_theta_beta_ratio,Cz_delta_power,0.3448439978847171,0.3448439978847171
ADHD,channel,P4_theta_beta_ratio,Cz_theta_power,0.4681121099947118,0.4681121099947118
ADHD,channel,P4_theta_beta_ratio,Cz_alpha_power,-0.15959809624537283,0.15959809624537283
ADHD,channel,P4_theta_beta_ratio,Cz_beta_power,-0.37139079851930196,0.37139079851930196
ADHD,channel,P4_theta_beta_ratio,Cz_theta_beta_ratio,0.7708619777895294,0.7708619777895294
ADHD,channel,P4_theta_beta_ratio,Pz_delta_power,-0.11084082496033845,0.11084082496033845
ADHD,channel,P4_theta_beta_ratio,Pz_theta_power,0.14907456372289793,0.14907456372289793
ADHD,channel,P4_theta_beta_ratio,Pz_alpha_power,-0.20465362242199894,0.20465362242199894
ADHD,channel,P4_theta_beta_ratio,Pz_beta_power,-0.4445795875198308,0.4445795875198308
ADHD,channel,P4_theta_beta_ratio,Pz_theta_beta_ratio,0.7130089899524061,0.7130089899524061
ADHD,channel,O1_delta_power,O1_theta_power,0.8104706504494976,0.8104706504494976
ADHD,channel,O1_delta_power,O1_alpha_power,0.5918032786885246,0.5918032786885246
ADHD,channel,O1_delta_power,O1_beta_power,0.3787942887361185,0.3787942887361185
ADHD,channel,O1_delta_power,O1_theta_beta_ratio,0.4336858804865151,0.4336858804865151
ADHD,channel,O1_delta_power,O2_delta_power,0.5875198307773665,0.5875198307773665
ADHD,channel,O1_delta_power,O2_theta_power,0.5094130089899525,0.5094130089899525
ADHD,channel,O1_delta_power,O2_alpha_power,0.3264939185616076,0.3264939185616076
ADHD,channel,O1_delta_power,O2_beta_power,0.2034902168164992,0.2034902168164992
ADHD,channel,O1_delta_power,O2_theta_beta_ratio,0.3534637757800106,0.3534637757800106
ADHD,channel,O1_delta_power,F7_delta_power,0.3387096774193548,0.3387096774193548
ADHD,channel,O1_delta_power,F7_theta_power,0.4166049709148599,0.4166049709148599
ADHD,channel,O1_delta_power,F7_alpha_power,0.39169751454257007,0.39169751454257007
ADHD,channel,O1_delta_power,F7_beta_power,0.3,0.3
ADHD,channel,O1_delta_power,F7_theta_beta_ratio,-0.01491274457958752,0.01491274457958752
ADHD,channel,O1_delta_power,F8_delta_power,0.29481755684822847,0.29481755684822847
ADHD,channel,O1_delta_power,F8_theta_power,0.3169751454257007,0.3169751454257007
ADHD,channel,O1_delta_power,F8_alpha_power,0.27128503437334744,0.27128503437334744
ADHD,channel,O1_delta_power,F8_beta_power,0.3282919090428345,0.3282919090428345
ADHD,channel,O1_delta_power,F8_theta_beta_ratio,0.04262295081967213,0.04262295081967213
ADHD,channel,O1_delta_power,T7_delta_power,0.6235854045478583,0.6235854045478583
ADHD,channel,O1_delta_power,T7_theta_power,0.6187731359069275,0.6187731359069275
ADHD,channel,O1_delta_power,T7_alpha_power,0.4200423056583818,0.4200423056583818
ADHD,channel,O1_delta_power,T7_beta_power,0.23289264939185617,0.23289264939185617
ADHD,channel,O1_delta_power,T7_theta_beta_ratio,0.43521946060285566,0.43521946060285566
ADHD,channel,O1_delta_power,T8_delta_power,0.285193019566367,0.285193019566367
ADHD,channel,O1_delta_power,T8_theta_power,0.286409307244844,0.286409307244844
ADHD,channel,O1_delta_power,T8_alpha_power,0.20571126388154415,0.20571126388154415
ADHD,channel,O1_delta_power,T8_beta_power,0.19159175039661555,0.19159175039661555
ADHD,channel,O1_delta_power,T8_theta_beta_ratio,0.16187202538339504,0.16187202538339504
ADHD,channel,O1_delta_power,P7_delta_power,0.7414066631411952,0.7414066631411952
ADHD,channel,O1_delta_power,P7_theta_power,0.6462189317821259,0.6462189317821259
ADHD,channel,O1_delta_power,P7_alpha_power,0.5194606028556319,0.5194606028556319
ADHD,channel,O1_delta_power,P7_beta_power,0.36160761501850874,0.36160761501850874
ADHD,channel,O1_delta_power,P7_theta_beta_ratio,0.3872025383395029,0.3872025383395029
ADHD,channel,O1_delta_power,P8_delta_power,0.3819672131147541,0.3819672131147541
ADHD,channel,O1_delta_power,P8_theta_power,0.38059227921734534,0.38059227921734534
ADHD,channel,O1_delta_power,P8_alpha_power,0.26456901110523534,0.26456901110523534
ADHD,channel,O1_delta_power,P8_beta_power,0.24209413008989952,0.24209413008989952
ADHD,channel,O1_delta_power,P8_theta_beta_ratio,0.12691697514542571,0.12691697514542571
ADHD,channel,O1_delta_power,Fz_delta_power,0.6558963511369645,0.6558963511369645
ADHD,channel,O1_delta_power,Fz_theta_power,0.42263352723426756,0.42263352723426756
ADHD,channel,O1_delta_power,Fz_alpha_power,0.1992067689053411,0.1992067689053411
ADHD,channel,O1_delta_power,Fz_beta_power,0.22940243257535695,0.22940243257535695
ADHD,channel,O1_delta_power,Fz_theta_beta_ratio,0.1927551560021153,0.1927551560021153
ADHD,channel,O1_delta_power,Cz_delta_power,0.4877313590692755,0.4877313590692755
ADHD,channel,O1_delta_power,Cz_theta_power,0.2523532522474881,0.2523532522474881
ADHD,channel,O1_delta_power,Cz_alpha_power,0.060602855631940775,0.060602855631940775
ADHD,channel,O1_delta_power,Cz_beta_power,0.39386567953463775,0.39386567953463775
ADHD,channel,O1_delta_power,Cz_theta_beta_ratio,-0.0950290851401375,0.0950290851401375
ADHD,channel,O1_delta_power,Pz_delta_power,0.7268112109994712,0.7268112109994712
ADHD,channel,O1_delta_power,Pz_theta_power,0.5233738762559492,0.5233738762559492
ADHD,channel,O1_delta_power,Pz_alpha_power,0.14854574299312534,0.14854574299312534
ADHD,channel,O1_delta_power,Pz_beta_power,0.2897937599153887,0.2897937599153887
ADHD,channel,O1_delta_power,Pz_theta_beta_ratio,0.22522474881015336,0.22522474881015336
ADHD,channel,O1_theta_power,O1_alpha_power,0.6698572184029614,0.6698572184029614
ADHD,channel,O1_theta_power,O1_beta_power,0.39899524061343206,0.39899524061343206
ADHD,channel,O1_theta_power,O1_theta_beta_ratio,0.5491274457958752,0.5491274457958752
ADHD,channel,O1_theta_power,O2_delta_power,0.5755684822845055,0.5755684822845055
ADHD,channel,O1_theta_power,O2_theta_power,0.6202538339502909,0.6202538339502909
ADHD,channel,O1_theta_power,O2_alpha_power,0.37445795875198307,0.37445795875198307
ADHD,channel,O1_theta_power,O2_beta_power,0.21464833421470123,0.21464833421470123
ADHD,channel,O1_theta_power,O2_theta_beta_ratio,0.4437334743521946,0.4437334743521946
ADHD,channel,O1_theta_power,F7_delta_power,0.19238498149127445,0.19238498149127445
ADHD,channel,O1_theta_power,F7_theta_power,0.48873611845584347,0.48873611845584347
ADHD,channel,O1_theta_power,F7_alpha_power,0.3850872554204125,0.3850872554204125
ADHD,channel,O1_theta_power,F7_beta_power,0.3360126916975145,0.3360126916975145
ADHD,channel,O1_theta_power,F7_theta_beta_ratio,0.05309360126916975,0.05309360126916975
ADHD,channel,O1_theta_power,F8_delta_power,0.3268112109994712,0.3268112109994712
ADHD,channel,O1_theta_power,F8_theta_power,0.36033844526705444,0.36033844526705444
ADHD,channel,O1_theta_power,F8_alpha_power,0.27414066631411954,0.27414066631411954
ADHD,channel,O1_theta_power,F8_beta_power,0.26552088841882604,0.26552088841882604
ADHD,channel,O1_theta_power,F8_theta_beta_ratio,0.18635642517186674,0.18635642517186674
ADHD,channel,O1_theta_power,T7_delta_power,0.45293495505023795,0.45293495505023795
ADHD,channel,O1_theta_power,T7_theta_power,0.6562136435748281,0.6562136435748281
ADHD,channel,O1_theta_power,T7_alpha_power,0.43654151242728717,0.43654151242728717
ADHD,channel,O1_theta_power,T7_beta_power,0.31216287678476995,0.31216287678476995
ADHD,channel,O1_theta_power,T7_theta_beta_ratio,0.3998413537810682,0.3998413537810682
ADHD,channel,O1_theta_power,T8_delta_power,0.3131676361713379,0.3131676361713379
ADHD,channel,O1_theta_power,T8_theta_power,0.38064516129032255,0.38064516129032255
ADHD,channel,O1_theta_power,T8_alpha_power,0.24230565838180856,0.24230565838180856
ADHD,channel,O1_theta_power,T8_beta_power,0.2106292966684294,0.2106292966684294
ADHD,channel,O1_theta_power,T8_theta_beta_ratio,0.22575356953992595,0.22575356953992595
ADHD,channel,O1_theta_power,P7_delta_power,0.5910100475938657,0.5910100475938657
ADHD,channel,O1_theta_power,P7_theta_power,0.7196192490745638,0.7196192490745638
ADHD,channel,O1_theta_power,P7_alpha_power,0.5722369116869381,0.5722369116869381
ADHD,channel,O1_theta_power,P7_beta_power,0.4865679534637758,0.4865679534637758
ADHD,channel,O1_theta_power,P7_theta_beta_ratio,0.32823902696985724,0.32823902696985724
ADHD,channel,O1_theta_power,P8_delta_power,0.4626123744050767,0.4626123744050767
ADHD,channel,O1_theta_power,P8_theta_power,0.46599682707562134,0.46599682707562134
ADHD,channel,O1_theta_power,P8_alpha_power,0.22252776308831307,0.22252776308831307
ADHD,channel,O1_theta_power,P8_beta_power,0.2640401903754627,0.2640401903754627
ADHD,channel,O1_theta_power,P8_theta_beta_ratio,0.20708619777895293,0.20708619777895293
ADHD,channel,O1_theta_power,Fz_delta_power,0.5111052353252248,0.5111052353252248
ADHD,channel,O1_theta_power,Fz_theta_power,0.5924378635642518,0.5924378635642518
ADHD,channel,O1_theta_power,Fz_alpha_power,0.30883130618720256,0.30883130618720256
ADHD,channel,O1_theta_power,Fz_beta_power,0.32051824431517717,0.32051824431517717
ADHD,channel,O1_theta_power,Fz_theta_beta_ratio,0.25980962453728185,0.25980962453728185
ADHD,channel,O1_theta_power,Cz_delta_power,0.5306187202538339,0.5306187202538339
ADHD,channel,O1_theta_power,Cz_theta_power,0.40491803278688526,0.40491803278688526
ADHD,channel,O1_theta_power,Cz_alpha_power,0.07371760973030143,0.07371760973030143
ADHD,channel,O1_theta_power,Cz_beta_power,0.3588048651507139,0.3588048651507139
ADHD,channel,O1_theta_power,Cz_theta_beta_ratio,0.07260708619777895,0.07260708619777895
ADHD,channel,O1_theta_power,Pz_delta_power,0.5457429931253305,0.5457429931253305
ADHD,channel,O1_theta_power,Pz_theta_power,0.6562665256478054,0.6562665256478054
ADHD,channel,O1_theta_power,Pz_alpha_power,0.2560549973558964,0.2560549973558964
ADHD,channel,O1_theta_power,Pz_beta_power,0.3586462189317821,0.3586462189317821
ADHD,channel,O1_theta_power,Pz_theta_beta_ratio,0.2700158646218932,0.2700158646218932
ADHD,channel,O1_alpha_power,O1_beta_power,0.556795346377578,0.556795346377578
ADHD,channel,O1_alpha_power,O1_theta_beta_ratio,0.16948704389212058,0.16948704389212058
ADHD,channel,O1_alpha_power,O2_delta_power,0.3509783183500793,0.3509783183500793
ADHD,channel,O1_alpha_power,O2_theta_power,0.5116869381279746,0.5116869381279746
ADHD,channel,O1_alpha_power,O2_alpha_power,0.7236382866208355,0.7236382866208355
ADHD,channel,O1_alpha_power,O2_beta_power,0.45002644103648864,0.45002644103648864
ADHD,channel,O1_alpha_power,O2_theta_beta_ratio,0.16203067160232681,0.16203067160232681
ADHD,channel,O1_alpha_power,F7_delta_power,-0.013590692755156002,0.013590692755156002
ADHD,channel,O1_alpha_power,F7_theta_power,0.19460602855631942,0.19460602855631942
ADHD,channel,O1_alpha_power,F7_alpha_power,0.43236382866208356,0.43236382866208356
ADHD,channel,O1_alpha_power,F7_beta_power,0.29386567953463777,0.29386567953463777
ADHD,channel,O1_alpha_power,F7_theta_beta_ratio,-0.1212585933368588,0.1212585933368588
ADHD,channel,O1_alpha_power,F8_delta_power,0.05579058699101005,0.05579058699101005
ADHD,channel,O1_alpha_power,F8_theta_power,0.19428873611845585,0.19428873611845585
ADHD,channel,O1_alpha_power,F8_alpha_power,0.30232681121099947,0.30232681121099947
ADHD,channel,O1_alpha_power,F8_beta_power,0.2923320994182972,0.2923320994182972
ADHD,channel,O1_alpha_power,F8_theta_beta_ratio,-0.04182971972501322,0.04182971972501322
ADHD,channel,O1_alpha_power,T7_delta_power,0.34611316763617134,0.34611316763617134
ADHD,channel,O1_alpha_power,T7_theta_power,0.4347964040190375,0.4347964040190375
ADHD,channel,O1_alpha_power,T7_alpha_power,0.6070861977789529,0.6070861977789529
ADHD,channel,O1_alpha_power,T7_beta_power,0.3446853516657853,0.3446853516657853
ADHD,channel,O1_alpha_power,T7_theta_beta_ratio,0.10222104706504495,0.10222104706504495
ADHD,channel,O1_alpha_power,T8_delta_power,0.1908514013749339,0.1908514013749339
ADHD,channel,O1_alpha_power,T8_theta_power,0.3408249603384453,0.3408249603384453
ADHD,channel,O1_alpha_power,T8_alpha_power,0.3419354838709677,0.3419354838709677
ADHD,channel,O1_alpha_power,T8_beta_power,0.2316234796404019,0.2316234796404019
ADHD,channel,O1_alpha_power,T8_theta_beta_ratio,0.15378106821787413,0.15378106821787413
ADHD,channel,O1_alpha_power,P7_delta_power,0.41258593336858806,0.41258593336858806
ADHD,channel,O1_alpha_power,P7_theta_power,0.4833421470121629,0.4833421470121629
ADHD,channel,O1_alpha_power,P7_alpha_power,0.6854045478582761,0.6854045478582761
ADHD,channel,O1_alpha_power,P7_beta_power,0.43717609730301427,0.43717609730301427
ADHD,channel,O1_alpha_power,P7_theta_beta_ratio,0.09693283976731888,0.09693283976731888
ADHD,channel,O1_alpha_power,P8_delta_power,0.32231623479640403,0.32231623479640403
ADHD,channel,O1_alpha_power,P8_theta_power,0.43447911158117397,0.43447911158117397
ADHD,channel,O1_alpha_power,P8_alpha_power,0.4167107350608144,0.4167107350608144
ADHD,channel,O1_alpha_power,P8_beta_power,0.3094130089899524,0.3094130089899524
ADHD,channel,O1_alpha_power,P8_theta_beta_ratio,0.14960338445267055,0.14960338445267055
ADHD,channel,O1_alpha_power,Fz_delta_power,0.3525118984664199,0.3525118984664199
ADHD,channel,O1_alpha_power,Fz_theta_power,0.4340560549973559,0.4340560549973559
ADHD,channel,O1_alpha_power,Fz_alpha_power,0.5499206768905341,0.5499206768905341
ADHD,channel,O1_alpha_power,Fz_beta_power,0.37852987837123214,0.37852987837123214
ADHD,channel,O1_alpha_power,Fz_theta_beta_ratio,0.03188789000528821,0.03188789000528821
ADHD,channel,O1_alpha_power,Cz_delta_power,0.31311475409836065,0.31311475409836065
ADHD,channel,O1_alpha_power,Cz_theta_power,0.2506081438392385,0.2506081438392385
ADHD,channel,O1_alpha_power,Cz_alpha_power,0.29910100475938656,0.29910100475938656
ADHD,channel,O1_alpha_power,Cz_beta_power,0.4081438392384982,0.4081438392384982
ADHD,channel,O1_alpha_power,Cz_theta_beta_ratio,-0.10904283447911158,0.10904283447911158
ADHD,channel,O1_alpha_power,Pz_delta_power,0.34918032786885245,0.34918032786885245
ADHD,channel,O1_alpha_power,Pz_theta_power,0.348281332628239,0.348281332628239
ADHD,channel,O1_alpha_power,Pz_alpha_power,0.571602326811211,0.571602326811211
ADHD,channel,O1_alpha_power,Pz_beta_power,0.387625594923321,0.387625594923321
ADHD,channel,O1_alpha_power,Pz_theta_beta_ratio,-0.05859333685880486,0.05859333685880486
ADHD,channel,O1_beta_power,O1_theta_beta_ratio,-0.4664727657324167,0.4664727657324167
ADHD,channel,O1_beta_power,O2_delta_power,0.10634584875727128,0.10634584875727128
ADHD,channel,O1_beta_power,O2_theta_power,0.16467477525118984,0.16467477525118984
ADHD,channel,O1_beta_power,O2_alpha_power,0.39830777366472764,0.39830777366472764
ADHD,channel,O1_beta_power,O2_beta_power,0.5021152829190905,0.5021152829190905
ADHD,channel,O1_beta_power,O2_theta_beta_ratio,-0.22522474881015336,0.22522474881015336
ADHD,channel,O1_beta_power,F7_delta_power,0.11121099947117927,0.11121099947117927
ADHD,channel,O1_beta_power,F7_theta_power,0.1721311475409836,0.1721311475409836
ADHD,channel,O1_beta_power,F7_alpha_power,0.2289264939185616,0.2289264939185616
ADHD,channel,O1_beta_power,F7_beta_power,0.3542570068746695,0.3542570068746695
ADHD,channel,O1_beta_power,F7_theta_beta_ratio,-0.1908514013749339,0.1908514013749339
ADHD,channel,O1_beta_power,F8_delta_power,0.11068217874140666,0.11068217874140666
ADHD,channel,O1_beta_power,F8_theta_power,0.07948175568482284,0.07948175568482284
ADHD,channel,O1_beta_power,F8_alpha_power,0.12231623479640402,0.12231623479640402
ADHD,channel,O1_beta_power,F8_beta_power,0.3961924907456372,0.3961924907456372
ADHD,channel,O1_beta_power,F8_theta_beta_ratio,-0.22332099418297197,0.22332099418297197
ADHD,channel,O1_beta_power,T7_delta_power,0.370174510840825,0.370174510840825
ADHD,channel,O1_beta_power,T7_theta_power,0.36874669487043893,0.36874669487043893
ADHD,channel,O1_beta_power,T7_alpha_power,0.3775251189846642,0.3775251189846642
ADHD,channel,O1_beta_power,T7_beta_power,0.526969857218403,0.526969857218403
ADHD,channel,O1_beta_power,T7_theta_beta_ratio,-0.022897937599153886,0.022897937599153886
ADHD,channel,O1_beta_power,T8_delta_power,0.08826017979904813,0.08826017979904813
ADHD,channel,O1_beta_power,T8_theta_power,0.09143310417768377,0.09143310417768377
ADHD,channel,O1_beta_power,T8_alpha_power,0.09434161819143311,0.09434161819143311
ADHD,channel,O1_beta_power,T8_beta_power,0.1488630354309889,0.1488630354309889
ADHD,channel,O1_beta_power,T8_theta_beta_ratio,0.01787414066631412,0.01787414066631412
ADHD,channel,O1_beta_power,P7_delta_power,0.32131147540983607,0.32131147540983607
ADHD,channel,O1_beta_power,P7_theta_power,0.2729243786356425,0.2729243786356425
ADHD,channel,O1_beta_power,P7_alpha_power,0.3051295610787943,0.3051295610787943
ADHD,channel,O1_beta_power,P7_beta_power,0.4689053410893707,0.4689053410893707
ADHD,channel,O1_beta_power,P7_theta_beta_ratio,-0.1361713379164463,0.1361713379164463
ADHD,channel,O1_beta_power,P8_delta_power,0.03781068217874141,0.03781068217874141
ADHD,channel,O1_beta_power,P8_theta_power,0.07043892120571127,0.07043892120571127
ADHD,channel,O1_beta_power,P8_alpha_power,0.15536753040719195,0.15536753040719195
ADHD,channel,O1_beta_power,P8_beta_power,0.19063987308302485,0.19063987308302485
ADHD,channel,O1_beta_power,P8_theta_beta_ratio,-0.16092014806980434,0.16092014806980434
ADHD,channel,O1_beta_power,Fz_delta_power,0.32670544685351666,0.32670544685351666
ADHD,channel,O1_beta_power,Fz_theta_power,0.35822316234796403,0.35822316234796403
ADHD,channel,O1_beta_power,Fz_alpha_power,0.3796932839767319,0.3796932839767319
ADHD,channel,O1_beta_power,Fz_beta_power,0.48011634056054997,0.48011634056054997
ADHD,channel,O1_beta_power,Fz_theta_beta_ratio,-0.15875198307773664,0.15875198307773664
ADHD,channel,O1_beta_power,Cz_delta_power,0.1714436805922792,0.1714436805922792
ADHD,channel,O1_beta_power,Cz_theta_power,0.015230037017451084,0.015230037017451084
ADHD,channel,O1_beta_power,Cz_alpha_power,0.0842411422527763,0.0842411422527763
ADHD,channel,O1_beta_power,Cz_beta_power,0.5305658381808567,0.5305658381808567
ADHD,channel,O1_beta_power,Cz_theta_beta_ratio,-0.4415653093601269,0.4415653093601269
ADHD,channel,O1_beta_power,Pz_delta_power,0.3954521417239556,0.3954521417239556
ADHD,channel,O1_beta_power,Pz_theta_power,0.3126388154415653,0.3126388154415653
ADHD,channel,O1_beta_power,Pz_alpha_power,0.38011634056055,0.38011634056055
ADHD,channel,O1_beta_power,Pz_beta_power,0.6890534108937071,0.6890534108937071
ADHD,channel,O1_beta_power,Pz_theta_beta_ratio,-0.4403490216816499,0.4403490216816499
ADHD,channel,O1_theta_beta_ratio,O2_delta_power,0.4317292437863564,0.4317292437863564
ADHD,channel,O1_theta_beta_ratio,O2_theta_power,0.45594923320994185,0.45594923320994185
ADHD,channel,O1_theta_beta_ratio,O2_alpha_power,-0.01575885774722369,0.01575885774722369
ADHD,channel,O1_theta_beta_ratio,O2_beta_power,-0.22062400846113167,0.22062400846113167
ADHD,channel,O1_theta_beta_ratio,O2_theta_beta_ratio,0.6341089370703331,0.6341089370703331
ADHD,channel,O1_theta_beta_ratio,F7_delta_power,0.003807509254362771,0.003807509254362771
ADHD,channel,O1_theta_beta_ratio,F7_theta_power,0.19952406134320466,0.19952406134320466
ADHD,channel,O1_theta_beta_ratio,F7_alpha_power,0.05901639344262295,0.05901639344262295
ADHD,channel,O1_theta_beta_ratio,F7_beta_power,-0.04516129032258064,0.04516129032258064
ADHD,channel,O1_theta_beta_ratio,F7_theta_beta_ratio,0.206081438392385,0.206081438392385
ADHD,channel,O1_theta_beta_ratio,F8_delta_power,0.19962982548915917,0.19962982548915917
ADHD,channel,O1_theta_beta_ratio,F8_theta_power,0.257006874669487,0.257006874669487
ADHD,channel,O1_theta_beta_ratio,F8_alpha_power,0.1014806980433633,0.1014806980433633
ADHD,channel,O1_theta_beta_ratio,F8_beta_power,-0.10512956107879429,0.10512956107879429
ADHD,channel,O1_theta_beta_ratio,F8_theta_beta_ratio,0.3607615018508726,0.3607615018508726
ADHD,channel,O1_theta_beta_ratio,T7_delta_power,0.09989423585404549,0.09989423585404549
ADHD,channel,O1_theta_beta_ratio,T7_theta_power,0.2619777895293495,0.2619777895293495
ADHD,channel,O1_theta_beta_ratio,T7_alpha_power,0.007985193019566367,0.007985193019566367
ADHD,channel,O1_theta_beta_ratio,T7_beta_power,-0.17408778424114224,0.17408778424114224
ADHD,channel,O1_theta_beta_ratio,T7_theta_beta_ratio,0.3974087784241142,0.3974087784241142
ADHD,channel,O1_theta_beta_ratio,T8_delta_power,0.2318878900052882,0.2318878900052882
ADHD,channel,O1_theta_beta_ratio,T8_theta_power,0.3017451084082496,0.3017451084082496
ADHD,channel,O1_theta_beta_ratio,T8_alpha_power,0.08931782125859333,0.08931782125859333
ADHD,channel,O1_theta_beta_ratio,T8_beta_power,0.0585404547858276,0.0585404547858276
ADHD,channel,O1_theta_beta_ratio,T8_theta_beta_ratio,0.22427287149656266,0.22427287149656266
ADHD,channel,O1_theta_beta_ratio,P7_delta_power,0.2150713907985193,0.2150713907985193
ADHD,channel,O1_theta_beta_ratio,P7_theta_power,0.3419354838709677,0.3419354838709677
ADHD,channel,O1_theta_beta_ratio,P7_alpha_power,0.1872025383395029,0.1872025383395029
ADHD,channel,O1_theta_beta_ratio,P7_beta_power,-0.006874669487043892,0.006874669487043892
ADHD,channel,O1_theta_beta_ratio,P7_theta_beta_ratio,0.39423585404547856,0.39423585404547856
ADHD,channel,O1_theta_beta_ratio,P8_delta_power,0.3460074034902168,0.3460074034902168
ADHD,channel,O1_theta_beta_ratio,P8_theta_power,0.36451612903225805,0.36451612903225805
ADHD,channel,O1_theta_beta_ratio,P8_alpha_power,0.03506081438392385,0.03506081438392385
ADHD,channel,O1_theta_beta_ratio,P8_beta_power,0.059386567953463774,0.059386567953463774
ADHD,channel,O1_theta_beta_ratio,P8_theta_beta_ratio,0.3574828133262824,0.3574828133262824
ADHD,channel,O1_theta_beta_ratio,Fz_delta_power,0.18127974616604972,0.18127974616604972
ADHD,channel,O1_theta_beta_ratio,Fz_theta_power,0.1878900052882073,0.1878900052882073
ADHD,channel,O1_theta_beta_ratio,Fz_alpha_power,-0.113590692755156,0.113590692755156
ADHD,channel,O1_theta_beta_ratio,Fz_beta_power,-0.13326282390269698,0.13326282390269698
ADHD,channel,O1_theta_beta_ratio,Fz_theta_beta_ratio,0.40692755156002114,0.40692755156002114
ADHD,channel,O1_theta_beta_ratio,Cz_delta_power,0.3237969328397673,0.3237969328397673
ADHD,channel,O1_theta_beta_ratio,Cz_theta_power,0.3928609201480698,0.3928609201480698
ADHD,channel,O1_theta_beta_ratio,Cz_alpha_power,-0.08038075092543628,0.08038075092543628
ADHD,channel,O1_theta_beta_ratio,Cz_beta_power,-0.13659439450026442,0.13659439450026442
ADHD,channel,O1_theta_beta_ratio,Cz_theta_beta_ratio,0.4992067689053411,0.4992067689053411
ADHD,channel,O1_theta_beta_ratio,Pz_delta_power,0.10877842411422528,0.10877842411422528
ADHD,channel,O1_theta_beta_ratio,Pz_theta_power,0.26345848757271284,0.26345848757271284
ADHD,channel,O1_theta_beta_ratio,Pz_alpha_power,-0.15626652564780538,0.15626652564780538
ADHD,channel,O1_theta_beta_ratio,Pz_beta_power,-0.32025383395029083,0.32025383395029083
ADHD,channel,O1_theta_beta_ratio,Pz_theta_beta_ratio,0.6656795346377578,0.6656795346377578
ADHD,channel,O2_delta_power,O2_theta_power,0.8757800105764146,0.8757800105764146
ADHD,channel,O2_delta_power,O2_alpha_power,0.5114225277630883,0.5114225277630883
ADHD,channel,O2_delta_power,O2_beta_power,0.270386039132734,0.270386039132734
ADHD,channel,O2_delta_power,O2_theta_beta_ratio,0.6268112109994711,0.6268112109994711
ADHD,channel,O2_delta_power,F7_delta_power,0.15156002115282918,0.15156002115282918
ADHD,channel,O2_delta_power,F7_theta_power,0.2556319407720783,0.2556319407720783
ADHD,channel,O2_delta_power,F7_alpha_power,0.26684294024325755,0.26684294024325755
ADHD,channel,O2_delta_power,F7_beta_power,0.2593336858804865,0.2593336858804865
ADHD,channel,O2_delta_power,F7_theta_beta_ratio,-0.09000528820729772,0.09000528820729772
ADHD,channel,O2_delta_power,F8_delta_power,0.45404547858276045,0.45404547858276045
ADHD,channel,O2_delta_power,F8_theta_power,0.4445795875198308,0.4445795875198308
ADHD,channel,O2_delta_power,F8_alpha_power,0.3780010576414595,0.3780010576414595
ADHD,channel,O2_delta_power,F8_beta_power,0.2473823373876256,0.2473823373876256
ADHD,channel,O2_delta_power,F8_theta_beta_ratio,0.3239555790586991,0.3239555790586991
ADHD,channel,O2_delta_power,T7_delta_power,0.28968799576943416,0.28968799576943416
ADHD,channel,O2_delta_power,T7_theta_power,0.405076679005817,0.405076679005817
ADHD,channel,O2_delta_power,T7_alpha_power,0.2596509783183501,0.2596509783183501
ADHD,channel,O2_delta_power,T7_beta_power,0.19037546271813854,0.19037546271813854
ADHD,channel,O2_delta_power,T7_theta_beta_ratio,0.23437334743521945,0.23437334743521945
ADHD,channel,O2_delta_power,T8_delta_power,0.5124272871496562,0.5124272871496562
ADHD,channel,O2_delta_power,T8_theta_power,0.5622421998942359,0.5622421998942359
ADHD,channel,O2_delta_power,T8_alpha_power,0.3615018508725542,0.3615018508725542
ADHD,channel,O2_delta_power,T8_beta_power,0.26303543098889476,0.26303543098889476
ADHD,channel,O2_delta_power,T8_theta_beta_ratio,0.4033315705975674,0.4033315705975674
ADHD,channel,O2_delta_power,P7_delta_power,0.4511369645690111,0.4511369645690111
ADHD,channel,O2_delta_power,P7_theta_power,0.41512427287149656,0.41512427287149656
ADHD,channel,O2_delta_power,P7_alpha_power,0.3353781068217874,0.3353781068217874
ADHD,channel,O2_delta_power,P7_beta_power,0.2887890005288207,0.2887890005288207
ADHD,channel,O2_delta_power,P7_theta_beta_ratio,0.21380222104706503,0.21380222104706503
ADHD,channel,O2_delta_power,P8_delta_power,0.6878900052882073,0.6878900052882073
ADHD,channel,O2_delta_power,P8_theta_power,0.6631940772078265,0.6631940772078265
ADHD,channel,O2_delta_power,P8_alpha_power,0.46668429402432576,0.46668429402432576
ADHD,channel,O2_delta_power,P8_beta_power,0.3070333157059757,0.3070333157059757
ADHD,channel,O2_delta_power,P8_theta_beta_ratio,0.4384981491274458,0.4384981491274458
ADHD,channel,O2_delta_power,Fz_delta_power,0.5217345319936542,0.5217345319936542
ADHD,channel,O2_delta_power,Fz_theta_power,0.31792702273929135,0.31792702273929135
ADHD,channel,O2_delta_power,Fz_alpha_power,0.10565838180856689,0.10565838180856689
ADHD,channel,O2_delta_power,Fz_beta_power,0.18942358540454785,0.18942358540454785
ADHD,channel,O2_delta_power,Fz_theta_beta_ratio,0.05912215758857747,0.05912215758857747
ADHD,channel,O2_delta_power,Cz_delta_power,0.7276044420941301,0.7276044420941301
ADHD,channel,O2_delta_power,Cz_theta_power,0.5167636171337916,0.5167636171337916
ADHD,channel,O2_delta_power,Cz_alpha_power,0.17911158117398202,0.17911158117398202
ADHD,channel,O2_delta_power,Cz_beta_power,0.2565309360126917,0.2565309360126917
ADHD,channel,O2_delta_power,Cz_theta_beta_ratio,0.2446853516657853,0.2446853516657853
ADHD,channel,O2_delta_power,Pz_delta_power,0.3578529878371232,0.3578529878371232
ADHD,channel,O2_delta_power,Pz_theta_power,0.36795346377578003,0.36795346377578003
ADHD,channel,O2_delta_power,Pz_alpha_power,0.11047065044949762,0.11047065044949762
ADHD,channel,O2_delta_power,Pz_beta_power,0.12765732416710734,0.12765732416710734
ADHD,channel,O2_delta_power,Pz_theta_beta_ratio,0.28429402432575357,0.28429402432575357
ADHD,channel,O2_theta_power,O2_alpha_power,0.7008989952406134,0.7008989952406134
ADHD,channel,O2_theta_power,O2_beta_power,0.3930195663670016,0.3930195663670016
ADHD,channel,O2_theta_power,O2_theta_beta_ratio,0.6625066102591222,0.6625066102591222
ADHD,channel,O2_theta_power,F7_delta_power,0.03236382866208355,0.03236382866208355
ADHD,channel,O2_theta_power,F7_theta_power,0.2530407191961925,0.2530407191961925
ADHD,channel,O2_theta_power,F7_alpha_power,0.32496033844526706,0.32496033844526706
ADHD,channel,O2_theta_power,F7_beta_power,0.2080909571655209,0.2080909571655209
ADHD,channel,O2_theta_power,F7_theta_beta_ratio,-0.008778424114225278,0.008778424114225278
ADHD,channel,O2_theta_power,F8_delta_power,0.34881015335801163,0.34881015335801163
ADHD,channel,O2_theta_power,F8_theta_power,0.4514013749338974,0.4514013749338974
ADHD,channel,O2_theta_power,F8_alpha_power,0.4397673188789,0.4397673188789
ADHD,channel,O2_theta_power,F8_beta_power,0.22670544685351665,0.22670544685351665
ADHD,channel,O2_theta_power,F8_theta_beta_ratio,0.33262823902696986,0.33262823902696986
ADHD,channel,O2_theta_power,T7_delta_power,0.18387096774193548,0.18387096774193548
ADHD,channel,O2_theta_power,T7_theta_power,0.3920148069804336,0.3920148069804336
ADHD,channel,O2_theta_power,T7_alpha_power,0.3903225806451613,0.3903225806451613
ADHD,channel,O2_theta_power,T7_beta_power,0.21607615018508725,0.21607615018508725
ADHD,channel,O2_theta_power,T7_theta_beta_ratio,0.201216287678477,0.201216287678477
ADHD,channel,O2_theta_power,T8_delta_power,0.4618191433104178,0.4618191433104178
ADHD,channel,O2_theta_power,T8_theta_power,0.6539397144368059,0.6539397144368059
ADHD,channel,O2_theta_power,T8_alpha_power,0.49439450026441034,0.49439450026441034
ADHD,channel,O2_theta_power,T8_beta_power,0.25822316234796405,0.25822316234796405
ADHD,channel,O2_theta_power,T8_theta_beta_ratio,0.47842411422527764,0.47842411422527764
ADHD,channel,O2_theta_power,P7_delta_power,0.39725013220518246,0.39725013220518246
ADHD,channel,O2_theta_power,P7_theta_power,0.4562665256478054,0.4562665256478054
ADHD,channel,O2_theta_power,P7_alpha_power,0.4391856160761502,0.4391856160761502
ADHD,channel,O2_theta_power,P7_beta_power,0.3329455314648334,0.3329455314648334
ADHD,channel,O2_theta_power,P7_theta_beta_ratio,0.2007932310946589,0.2007932310946589
ADHD,channel,O2_theta_power,P8_delta_power,0.6466948704389212,0.6466948704389212
ADHD,channel,O2_theta_power,P8_theta_power,0.7428344791115812,0.7428344791115812
ADHD,channel,O2_theta_power,P8_alpha_power,0.5445267054468536,0.5445267054468536
ADHD,channel,O2_theta_power,P8_beta_power,0.3108937070333157,0.3108937070333157
ADHD,channel,O2_theta_power,P8_theta_beta_ratio,0.5258064516129032,0.5258064516129032
ADHD,channel,O2_theta_power,Fz_delta_power,0.4251718667371761,0.4251718667371761
ADHD,channel,O2_theta_power,Fz_theta_power,0.3918032786885246,0.3918032786885246
ADHD,channel,O2_theta_power,Fz_alpha_power,0.26398730830248546,0.26398730830248546
ADHD,channel,O2_theta_power,Fz_beta_power,0.27091485986250663,0.27091485986250663
ADHD,channel,O2_theta_power,Fz_theta_beta_ratio,0.06885245901639345,0.06885245901639345
ADHD,channel,O2_theta_power,Cz_delta_power,0.6464304600740349,0.6464304600740349
ADHD,channel,O2_theta_power,Cz_theta_power,0.653146483342147,0.653146483342147
ADHD,channel,O2_theta_power,Cz_alpha_power,0.2993125330512956,0.2993125330512956
ADHD,channel,O2_theta_power,Cz_beta_power,0.33384452670544684,0.33384452670544684
ADHD,channel,O2_theta_power,Cz_theta_beta_ratio,0.3029613960867266,0.3029613960867266
ADHD,channel,O2_theta_power,Pz_delta_power,0.26589106292966685,0.26589106292966685
ADHD,channel,O2_theta_power,Pz_theta_power,0.42940243257535693,0.42940243257535693
ADHD,channel,O2_theta_power,Pz_alpha_power,0.2564251718667372,0.2564251718667372
ADHD,channel,O2_theta_power,Pz_beta_power,0.17831835007932312,0.17831835007932312
ADHD,channel,O2_theta_power,Pz_theta_beta_ratio,0.3008989952406134,0.3008989952406134
ADHD,channel,O2_alpha_power,O2_beta_power,0.6042834479111581,0.6042834479111581
ADHD,channel,O2_alpha_power,O2_theta_beta_ratio,0.19698572184029614,0.19698572184029614
ADHD,channel,O2_alpha_power,F7_delta_power,-0.015335801163405606,0.015335801163405606
ADHD,channel,O2_alpha_power,F7_theta_power,0.10349021681649921,0.10349021681649921
ADHD,channel,O2_alpha_power,F7_alpha_power,0.3786356425171867,0.3786356425171867
ADHD,channel,O2_alpha_power,F7_beta_power,0.21819143310417768,0.21819143310417768
ADHD,channel,O2_alpha_power,F7_theta_beta_ratio,-0.1612374405076679,0.1612374405076679
ADHD,channel,O2_alpha_power,F8_delta_power,0.025118984664198835,0.025118984664198835
ADHD,channel,O2_alpha_power,F8_theta_power,0.17207826546800634,0.17207826546800634
ADHD,channel,O2_alpha_power,F8_alpha_power,0.4318878900052882,0.4318878900052882
ADHD,channel,O2_alpha_power,F8_beta_power,0.2855631940772078,0.2855631940772078
ADHD,channel,O2_alpha_power,F8_theta_beta_ratio,-0.06250661025912216,0.06250661025912216
ADHD,channel,O2_alpha_power,T7_delta_power,0.09249074563722898,0.09249074563722898
ADHD,channel,O2_alpha_power,T7_theta_power,0.18662083553675304,0.18662083553675304
ADHD,channel,O2_alpha_power,T7_alpha_power,0.5184029613960868,0.5184029613960868
ADHD,channel,O2_alpha_power,T7_beta_power,0.30491803278688523,0.30491803278688523
ADHD,channel,O2_alpha_power,T7_theta_beta_ratio,-0.12363828662083554,0.12363828662083554
ADHD,channel,O2_alpha_power,T8_delta_power,0.23696456901110524,0.23696456901110524
ADHD,channel,O2_alpha_power,T8_theta_power,0.3921734531993654,0.3921734531993654
ADHD,channel,O2_alpha_power,T8_alpha_power,0.5406663141195135,0.5406663141195135
ADHD,channel,O2_alpha_power,T8_beta_power,0.1958223162347964,0.1958223162347964
ADHD,channel,O2_alpha_power,T8_theta_beta_ratio,0.25288207297726073,0.25288207297726073
ADHD,channel,O2_alpha_power,P7_delta_power,0.3034902168164992,0.3034902168164992
ADHD,channel,O2_alpha_power,P7_theta_power,0.30005288207297726,0.30005288207297726
ADHD,channel,O2_alpha_power,P7_alpha_power,0.5081438392384982,0.5081438392384982
ADHD,channel,O2_alpha_power,P7_beta_power,0.28683236382866206,0.28683236382866206
ADHD,channel,O2_alpha_power,P7_theta_beta_ratio,0.024061343204653623,0.024061343204653623
ADHD,channel,O2_alpha_power,P8_delta_power,0.35430988894764676,0.35430988894764676
ADHD,channel,O2_alpha_power,P8_theta_power,0.5433632998413538,0.5433632998413538
ADHD,channel,O2_alpha_power,P8_alpha_power,0.6538339502908515,0.6538339502908515
ADHD,channel,O2_alpha_power,P8_beta_power,0.30925436277102064,0.30925436277102064
ADHD,channel,O2_alpha_power,P8_theta_beta_ratio,0.275039661554733,0.275039661554733
ADHD,channel,O2_alpha_power,Fz_delta_power,0.2801692226335272,0.2801692226335272
ADHD,channel,O2_alpha_power,Fz_theta_power,0.27800105764145955,0.27800105764145955
ADHD,channel,O2_alpha_power,Fz_alpha_power,0.48762559492332097,0.48762559492332097
ADHD,channel,O2_alpha_power,Fz_beta_power,0.3720253833950291,0.3720253833950291
ADHD,channel,O2_alpha_power,Fz_theta_beta_ratio,-0.21047065044949761,0.21047065044949761
ADHD,channel,O2_alpha_power,Cz_delta_power,0.35526176626123745,0.35526176626123745
ADHD,channel,O2_alpha_power,Cz_theta_power,0.35108408249603384,0.35108408249603384
ADHD,channel,O2_alpha_power,Cz_alpha_power,0.5400846113167637,0.5400846113167637
ADHD,channel,O2_alpha_power,Cz_beta_power,0.42913802221047065,0.42913802221047065
ADHD,channel,O2_alpha_power,Cz_theta_beta_ratio,-0.05256478053939714,0.05256478053939714
ADHD,channel,O2_alpha_power,Pz_delta_power,0.166737176097303,0.166737176097303
ADHD,channel,O2_alpha_power,Pz_theta_power,0.2258593336858805,0.2258593336858805
ADHD,channel,O2_alpha_power,Pz_alpha_power,0.5854574299312533,0.5854574299312533
ADHD,channel,O2_alpha_power,Pz_beta_power,0.31866737176097304,0.31866737176097304
ADHD,channel,O2_alpha_power,Pz_theta_beta_ratio,-0.12892649391856162,0.12892649391856162
ADHD,channel,O2_beta_power,O2_theta_beta_ratio,-0.36694870438921207,0.36694870438921207
ADHD,channel,O2_beta_power,F7_delta_power,-0.04859862506610259,0.04859862506610259
ADHD,channel,O2_beta_power,F7_theta_power,-0.04230565838180857,0.04230565838180857
ADHD,channel,O2_beta_power,F7_alpha_power,0.1723955579058699,0.1723955579058699
ADHD,channel,O2_beta_power,F7_beta_power,0.2685351665785299,0.2685351665785299
ADHD,channel,O2_beta_power,F7_theta_beta_ratio,-0.34664198836594395,0.34664198836594395
ADHD,channel,O2_beta_power,F8_delta_power,0.025859333685880486,0.025859333685880486
ADHD,channel,O2_beta_power,F8_theta_power,0.046906398730830245,0.046906398730830245
ADHD,channel,O2_beta_power,F8_alpha_power,0.2721840296139609,0.2721840296139609
ADHD,channel,O2_beta_power,F8_beta_power,0.4325753569539926,0.4325753569539926
ADHD,channel,O2_beta_power,F8_theta_beta_ratio,-0.2762030671602327,0.2762030671602327
ADHD,channel,O2_beta_power,T7_delta_power,0.025753569539925966,0.025753569539925966
ADHD,channel,O2_beta_power,T7_theta_power,0.00967741935483871,0.00967741935483871
ADHD,channel,O2_beta_power,T7_alpha_power,0.25594923320994184,0.25594923320994184
ADHD,channel,O2_beta_power,T7_beta_power,0.4219460602855632,0.4219460602855632
ADHD,channel,O2_beta_power,T7_theta_beta_ratio,-0.3394500264410365,0.3394500264410365
ADHD,channel,O2_beta_power,T8_delta_power,0.22511898466419883,0.22511898466419883
ADHD,channel,O2_beta_power,T8_theta_power,0.36028556319407723,0.36028556319407723
ADHD,channel,O2_beta_power,T8_alpha_power,0.43252247488101536,0.43252247488101536
ADHD,channel,O2_beta_power,T8_beta_power,0.43733474352194607,0.43733474352194607
ADHD,channel,O2_beta_power,T8_theta_beta_ratio,-0.03807509254362771,0.03807509254362771
ADHD,channel,O2_beta_power,P7_delta_power,0.19836065573770492,0.19836065573770492
ADHD,channel,O2_beta_power,P7_theta_power,0.10105764145954521,0.10105764145954521
ADHD,channel,O2_beta_power,P7_alpha_power,0.24690639873083026,0.24690639873083026
ADHD,channel,O2_beta_power,P7_beta_power,0.465520888418826,0.465520888418826
ADHD,channel,O2_beta_power,P7_theta_beta_ratio,-0.2709677419354839,0.2709677419354839
ADHD,channel,O2_beta_power,P8_delta_power,0.059545214172395555,0.059545214172395555
ADHD,channel,O2_beta_power,P8_theta_power,0.22591221575885775,0.22591221575885775
ADHD,channel,O2_beta_power,P8_alpha_power,0.36774193548387096,0.36774193548387096
ADHD,channel,O2_beta_power,P8_beta_power,0.4305658381808567,0.4305658381808567
ADHD,channel,O2_beta_power,P8_theta_beta_ratio,-0.14881015335801162,0.14881015335801162
ADHD,channel,O2_beta_power,Fz_delta_power,0.2701216287678477,0.2701216287678477
ADHD,channel,O2_beta_power,Fz_theta_power,0.2071390798519302,0.2071390798519302
ADHD,channel,O2_beta_power,Fz_alpha_power,0.3796932839767319,0.3796932839767319
ADHD,channel,O2_beta_power,Fz_beta_power,0.527181385510312,0.527181385510312
ADHD,channel,O2_beta_power,Fz_theta_beta_ratio,-0.4096774193548387,0.4096774193548387
ADHD,channel,O2_beta_power,Cz_delta_power,0.23881544156530937,0.23881544156530937
ADHD,channel,O2_beta_power,Cz_theta_power,0.26922263352723425,0.26922263352723425
ADHD,channel,O2_beta_power,Cz_alpha_power,0.46694870438921204,0.46694870438921204
ADHD,channel,O2_beta_power,Cz_beta_power,0.6741935483870968,0.6741935483870968
ADHD,channel,O2_beta_power,Cz_theta_beta_ratio,-0.3218402961396087,0.3218402961396087
ADHD,channel,O2_beta_power,Pz_delta_power,0.20015864621893178,0.20015864621893178
ADHD,channel,O2_beta_power,Pz_theta_power,0.25938656795346376,0.25938656795346376
ADHD,channel,O2_beta_power,Pz_alpha_power,0.4263352723426758,0.4263352723426758
ADHD,channel,O2_beta_power,Pz_beta_power,0.4704389212057113,0.4704389212057113
ADHD,channel,O2_beta_power,Pz_theta_beta_ratio,-0.27974616604970914,0.27974616604970914
ADHD,channel,O2_theta_beta_ratio,F7_delta_power,0.04182971972501322,0.04182971972501322
ADHD,channel,O2_theta_beta_ratio,F7_theta_power,0.21581173982020097,0.21581173982020097
ADHD,channel,O2_theta_beta_ratio,F7_alpha_power,0.10507667900581703,0.10507667900581703
ADHD,channel,O2_theta_beta_ratio,F7_beta_power,-0.03781068217874141,0.03781068217874141
ADHD,channel,O2_theta_beta_ratio,F7_theta_beta_ratio,0.22771020624008462,0.22771020624008462
ADHD,channel,O2_theta_beta_ratio,F8_delta_power,0.3722369116869381,0.3722369116869381
ADHD,channel,O2_theta_beta_ratio,F8_theta_power,0.4265468006345849,0.4265468006345849
ADHD,channel,O2_theta_beta_ratio,F8_alpha_power,0.2241142252776309,0.2241142252776309
ADHD,channel,O2_theta_beta_ratio,F8_beta_power,-0.10248545742993126,0.10248545742993126
ADHD,channel,O2_theta_beta_ratio,F8_theta_beta_ratio,0.5606028556319408,0.5606028556319408
ADHD,channel,O2_theta_beta_ratio,T7_delta_power,0.12453728186144897,0.12453728186144897
ADHD,channel,O2_theta_beta_ratio,T7_theta_power,0.3363828662083554,0.3363828662083554
ADHD,channel,O2_theta_beta_ratio,T7_alpha_power,0.14923320994182973,0.14923320994182973
ADHD,channel,O2_theta_beta_ratio,T7_beta_power,-0.09254362771020624,0.09254362771020624
ADHD,channel,O2_theta_beta_ratio,T7_theta_beta_ratio,0.4153358011634056,0.4153358011634056
ADHD,channel,O2_theta_beta_ratio,T8_delta_power,0.29122157588577474,0.29122157588577474
ADHD,channel,O2_theta_beta_ratio,T8_theta_power,0.3465362242199894,0.3465362242199894
ADHD,channel,O2_theta_beta_ratio,T8_alpha_power,0.12337387625594923,0.12337387625594923
ADHD,channel,O2_theta_beta_ratio,T8_beta_power,-0.08011634056054998,0.08011634056054998
ADHD,channel,O2_theta_beta_ratio,T8_theta_beta_ratio,0.46763617133791646,0.46763617133791646
ADHD,channel,O2_theta_beta_ratio,P7_delta_power,0.1769962982548916,0.1769962982548916
ADHD,channel,O2_theta_beta_ratio,P7_theta_power,0.3523532522474881,0.3523532522474881
ADHD,channel,O2_theta_beta_ratio,P7_alpha_power,0.23590692755156,0.23590692755156
ADHD,channel,O2_theta_beta_ratio,P7_beta_power,-0.02829190904283448,0.02829190904283448
ADHD,channel,O2_theta_beta_ratio,P7_theta_beta_ratio,0.3957165520888419,0.3957165520888419
ADHD,channel,O2_theta_beta_ratio,P8_delta_power,0.5913802221047065,0.5913802221047065
ADHD,channel,O2_theta_beta_ratio,P8_theta_power,0.5487043892120571,0.5487043892120571
ADHD,channel,O2_theta_beta_ratio,P8_alpha_power,0.22728714965626653,0.22728714965626653
ADHD,channel,O2_theta_beta_ratio,P8_beta_power,-0.03738762559492332,0.03738762559492332
ADHD,channel,O2_theta_beta_ratio,P8_theta_beta_ratio,0.6763088313061872,0.6763088313061872
ADHD,channel,O2_theta_beta_ratio,Fz_delta_power,0.11755684822845056,0.11755684822845056
ADHD,channel,O2_theta_beta_ratio,Fz_theta_power,0.13368588048651509,0.13368588048651509
ADHD,channel,O2_theta_beta_ratio,Fz_alpha_power,-0.1125330512956108,0.1125330512956108
ADHD,channel,O2_theta_beta_ratio,Fz_beta_power,-0.21163405605499735,0.21163405605499735
ADHD,channel,O2_theta_beta_ratio,Fz_theta_beta_ratio,0.40840824960338445,0.40840824960338445
ADHD,channel,O2_theta_beta_ratio,Cz_delta_power,0.43426758328926496,0.43426758328926496
ADHD,channel,O2_theta_beta_ratio,Cz_theta_power,0.39264939185616077,0.39264939185616077
ADHD,channel,O2_theta_beta_ratio,Cz_alpha_power,-0.06874669487043893,0.06874669487043893
ADHD,channel,O2_theta_beta_ratio,Cz_beta_power,-0.2158646218931782,0.2158646218931782
ADHD,channel,O2_theta_beta_ratio,Cz_theta_beta_ratio,0.5353781068217874,0.5353781068217874
ADHD,channel,O2_theta_beta_ratio,Pz_delta_power,0.1110523532522475,0.1110523532522475
ADHD,channel,O2_theta_beta_ratio,Pz_theta_power,0.20528820729772607,0.20528820729772607
ADHD,channel,O2_theta_beta_ratio,Pz_alpha_power,-0.10222104706504495,0.10222104706504495
ADHD,channel,O2_theta_beta_ratio,Pz_beta_power,-0.21898466419883658,0.21898466419883658
ADHD,channel,O2_theta_beta_ratio,Pz_theta_beta_ratio,0.5539925965097832,0.5539925965097832
ADHD,channel,F7_delta_power,F7_theta_power,0.6625594923320994,0.6625594923320994
ADHD,channel,F7_delta_power,F7_alpha_power,0.34056054997355895,0.34056054997355895
ADHD,channel,F7_delta_power,F7_beta_power,0.1907456372289794,0.1907456372289794
ADHD,channel,F7_delta_power,F7_theta_beta_ratio,0.39518773135906926,0.39518773135906926
ADHD,channel,F7_delta_power,F8_delta_power,0.28498149127445793,0.28498149127445793
ADHD,channel,F7_delta_power,F8_theta_power,0.12506610259122158,0.12506610259122158
ADHD,channel,F7_delta_power,F8_alpha_power,-0.030089899524061343,0.030089899524061343
ADHD,channel,F7_delta_power,F8_beta_power,0.029613960867265997,0.029613960867265997
ADHD,channel,F7_delta_power,F8_theta_beta_ratio,0.09360126916975145,0.09360126916975145
ADHD,channel,F7_delta_power,T7_delta_power,0.42993125330512955,0.42993125330512955
ADHD,channel,F7_delta_power,T7_theta_power,0.2781068217874141,0.2781068217874141
ADHD,channel,F7_delta_power,T7_alpha_power,0.13278688524590163,0.13278688524590163
ADHD,channel,F7_delta_power,T7_beta_power,0.046536224219989424,0.046536224219989424
ADHD,channel,F7_delta_power,T7_theta_beta_ratio,0.2783183500793231,0.2783183500793231
ADHD,channel,F7_delta_power,T8_delta_power,0.1263881544156531,0.1263881544156531
ADHD,channel,F7_delta_power,T8_theta_power,-0.04241142252776309,0.04241142252776309
ADHD,channel,F7_delta_power,T8_alpha_power,0.01940772078265468,0.01940772078265468
ADHD,channel,F7_delta_power,T8_beta_power,-0.15790586991010047,0.15790586991010047
ADHD,channel,F7_delta_power,T8_theta_beta_ratio,0.18334214701216286,0.18334214701216286
ADHD,channel,F7_delta_power,P7_delta_power,0.3289264939185616,0.3289264939185616
ADHD,channel,F7_delta_power,P7_theta_power,0.1636700158646219,0.1636700158646219
ADHD,channel,F7_delta_power,P7_alpha_power,0.05780010576414595,0.05780010576414595
ADHD,channel,F7_delta_power,P7_beta_power,0.13775780010576413,0.13775780010576413
ADHD,channel,F7_delta_power,P7_theta_beta_ratio,0.07112638815441566,0.07112638815441566
ADHD,channel,F7_delta_power,P8_delta_power,0.007667900581702803,0.007667900581702803
ADHD,channel,F7_delta_power,P8_theta_power,-0.06441036488630354,0.06441036488630354
ADHD,channel,F7_delta_power,P8_alpha_power,0.019090428344791115,0.019090428344791115
ADHD,channel,F7_delta_power,P8_beta_power,-0.07826546800634585,0.07826546800634585
ADHD,channel,F7_delta_power,P8_theta_beta_ratio,0.03199365415124273,0.03199365415124273
ADHD,channel,F7_delta_power,Fz_delta_power,0.4786885245901639,0.4786885245901639
ADHD,channel,F7_delta_power,Fz_theta_power,0.24114225277630882,0.24114225277630882
ADHD,channel,F7_delta_power,Fz_alpha_power,0.05891062929666843,0.05891062929666843
ADHD,channel,F7_delta_power,Fz_beta_power,0.08614489687995769,0.08614489687995769
ADHD,channel,F7_delta_power,Fz_theta_beta_ratio,0.14087784241142254,0.14087784241142254
ADHD,channel,F7_delta_power,Cz_delta_power,0.14796404019037546,0.14796404019037546
ADHD,channel,F7_delta_power,Cz_theta_power,-0.05293495505023797,0.05293495505023797
ADHD,channel,F7_delta_power,Cz_alpha_power,0.023955579058699102,0.023955579058699102
ADHD,channel,F7_delta_power,Cz_beta_power,0.1266525647805394,0.1266525647805394
ADHD,channel,F7_delta_power,Cz_theta_beta_ratio,-0.12464304600740349,0.12464304600740349
ADHD,channel,F7_delta_power,Pz_delta_power,0.4435748281332628,0.4435748281332628
ADHD,channel,F7_delta_power,Pz_theta_power,0.2438921205711264,0.2438921205711264
ADHD,channel,F7_delta_power,Pz_alpha_power,0.10475938656795346,0.10475938656795346
ADHD,channel,F7_delta_power,Pz_beta_power,0.1755156002115283,0.1755156002115283
ADHD,channel,F7_delta_power,Pz_theta_beta_ratio,-0.0072448439978847175,0.0072448439978847175
ADHD,channel,F7_theta_power,F7_alpha_power,0.7142252776308832,0.7142252776308832
ADHD,channel,F7_theta_power,F7_beta_power,0.46076150185087256,0.46076150185087256
ADHD,channel,F7_theta_power,F7_theta_beta_ratio,0.4163934426229508,0.4163934426229508
ADHD,channel,F7_theta_power,F8_delta_power,0.2593336858804865,0.2593336858804865
ADHD,channel,F7_theta_power,F8_theta_power,0.4076679005817028,0.4076679005817028
ADHD,channel,F7_theta_power,F8_alpha_power,0.22268640930724484,0.22268640930724484
ADHD,channel,F7_theta_power,F8_beta_power,0.1378106821787414,0.1378106821787414
ADHD,channel,F7_theta_power,F8_theta_beta_ratio,0.32295081967213113,0.32295081967213113
ADHD,channel,F7_theta_power,T7_delta_power,0.43934426229508194,0.43934426229508194
ADHD,channel,F7_theta_power,T7_theta_power,0.618244315177155,0.618244315177155
ADHD,channel,F7_theta_power,T7_alpha_power,0.39291380222104705,0.39291380222104705
ADHD,channel,F7_theta_power,T7_beta_power,0.1866737176097303,0.1866737176097303
ADHD,channel,F7_theta_power,T7_theta_beta_ratio,0.4746694870438921,0.4746694870438921
ADHD,channel,F7_theta_power,T8_delta_power,0.13527234267583288,0.13527234267583288
ADHD,channel,F7_theta_power,T8_theta_power,0.21285034373347436,0.21285034373347436
ADHD,channel,F7_theta_power,T8_alpha_power,0.1621893178212586,0.1621893178212586
ADHD,channel,F7_theta_power,T8_beta_power,-0.09312533051295611,0.09312533051295611
ADHD,channel,F7_theta_power,T8_theta_beta_ratio,0.3843997884717081,0.3843997884717081
ADHD,channel,F7_theta_power,P7_delta_power,0.4712321523003702,0.4712321523003702
ADHD,channel,F7_theta_power,P7_theta_power,0.5496562665256478,0.5496562665256478
ADHD,channel,F7_theta_power,P7_alpha_power,0.38059227921734534,0.38059227921734534
ADHD,channel,F7_theta_power,P7_beta_power,0.324748810153358,0.324748810153358
ADHD,channel,F7_theta_power,P7_theta_beta_ratio,0.2730830248545743,0.2730830248545743
ADHD,channel,F7_theta_power,P8_delta_power,0.1413537810682179,0.1413537810682179
ADHD,channel,F7_theta_power,P8_theta_power,0.13733474352194605,0.13733474352194605
ADHD,channel,F7_theta_power,P8_alpha_power,0.08143839238498149,0.08143839238498149
ADHD,channel,F7_theta_power,P8_beta_power,0.047540983606557376,0.047540983606557376
ADHD,channel,F7_theta_power,P8_theta_beta_ratio,0.08746694870438922,0.08746694870438922
ADHD,channel,F7_theta_power,Fz_delta_power,0.45658381808566895,0.45658381808566895
ADHD,channel,F7_theta_power,Fz_theta_power,0.6373347435219461,0.6373347435219461
ADHD,channel,F7_theta_power,Fz_alpha_power,0.30772078265468006,0.30772078265468006
ADHD,channel,F7_theta_power,Fz_beta_power,0.3103120042305658,0.3103120042305658
ADHD,channel,F7_theta_power,Fz_theta_beta_ratio,0.28529878371232154,0.28529878371232154
ADHD,channel,F7_theta_power,Cz_delta_power,0.2796932839767319,0.2796932839767319
ADHD,channel,F7_theta_power,Cz_theta_power,0.321099947117927,0.321099947117927
ADHD,channel,F7_theta_power,Cz_alpha_power,0.10475938656795346,0.10475938656795346
ADHD,channel,F7_theta_power,Cz_beta_power,0.25780010576414597,0.25780010576414597
ADHD,channel,F7_theta_power,Cz_theta_beta_ratio,0.13347435219460602,0.13347435219460602
ADHD,channel,F7_theta_power,Pz_delta_power,0.5159175039661554,0.5159175039661554
ADHD,channel,F7_theta_power,Pz_theta_power,0.6067689053410894,0.6067689053410894
ADHD,channel,F7_theta_power,Pz_alpha_power,0.24108937070333156,0.24108937070333156
ADHD,channel,F7_theta_power,Pz_beta_power,0.3883659439450026,0.3883659439450026
ADHD,channel,F7_theta_power,Pz_theta_beta_ratio,0.1156002115282919,0.1156002115282919
ADHD,channel,F7_alpha_power,F7_beta_power,0.48027498677948177,0.48027498677948177
ADHD,channel,F7_alpha_power,F7_theta_beta_ratio,0.17990481226864094,0.17990481226864094
ADHD,channel,F7_alpha_power,F8_delta_power,0.061501850872554206,0.061501850872554206
ADHD,channel,F7_alpha_power,F8_theta_power,0.3322051824431518,0.3322051824431518
ADHD,channel,F7_alpha_power,F8_alpha_power,0.4815970386039133,0.4815970386039133
ADHD,channel,F7_alpha_power,F8_beta_power,0.25420412480169224,0.25420412480169224
ADHD,channel,F7_alpha_power,F8_theta_beta_ratio,0.12427287149656266,0.12427287149656266
ADHD,channel,F7_alpha_power,T7_delta_power,0.359439450026441,0.359439450026441
ADHD,channel,F7_alpha_power,T7_theta_power,0.5232681121099947,0.5232681121099947
ADHD,channel,F7_alpha_power,T7_alpha_power,0.7319407720782655,0.7319407720782655
ADHD,channel,F7_alpha_power,T7_beta_power,0.27741935483870966,0.27741935483870966
ADHD,channel,F7_alpha_power,T7_theta_beta_ratio,0.23939714436805923,0.23939714436805923
ADHD,channel,F7_alpha_power,T8_delta_power,0.154362771020624,0.154362771020624
ADHD,channel,F7_alpha_power,T8_theta_power,0.3585404547858276,0.3585404547858276
ADHD,channel,F7_alpha_power,T8_alpha_power,0.5273929138022211,0.5273929138022211
ADHD,channel,F7_alpha_power,T8_beta_power,0.15092543627710206,0.15092543627710206
ADHD,channel,F7_alpha_power,T8_theta_beta_ratio,0.3089899524061343,0.3089899524061343
ADHD,channel,F7_alpha_power,P7_delta_power,0.5701216287678477,0.5701216287678477
ADHD,channel,F7_alpha_power,P7_theta_power,0.5829190904283448,0.5829190904283448
ADHD,channel,F7_alpha_power,P7_alpha_power,0.7263881544156531,0.7263881544156531
ADHD,channel,F7_alpha_power,P7_beta_power,0.376679005817028,0.376679005817028
ADHD,channel,F7_alpha_power,P7_theta_beta_ratio,0.2561078794288736,0.2561078794288736
ADHD,channel,F7_alpha_power,P8_delta_power,0.2040719196192491,0.2040719196192491
ADHD,channel,F7_alpha_power,P8_theta_power,0.2984135378106822,0.2984135378106822
ADHD,channel,F7_alpha_power,P8_alpha_power,0.4504494976203067,0.4504494976203067
ADHD,channel,F7_alpha_power,P8_beta_power,0.343204653622422,0.343204653622422
ADHD,channel,F7_alpha_power,P8_theta_beta_ratio,0.02258064516129032,0.02258064516129032
ADHD,channel,F7_alpha_power,Fz_delta_power,0.3948704389212057,0.3948704389212057
ADHD,channel,F7_alpha_power,Fz_theta_power,0.5732416710735061,0.5732416710735061
ADHD,channel,F7_alpha_power,Fz_alpha_power,0.7054997355896351,0.7054997355896351
ADHD,channel,F7_alpha_power,Fz_beta_power,0.40454785827604445,0.40454785827604445
ADHD,channel,F7_alpha_power,Fz_theta_beta_ratio,0.08535166578529878,0.08535166578529878
ADHD,channel,F7_alpha_power,Cz_delta_power,0.22850343733474351,0.22850343733474351
ADHD,channel,F7_alpha_power,Cz_theta_power,0.2838709677419355,0.2838709677419355
ADHD,channel,F7_alpha_power,Cz_alpha_power,0.4878900052882073,0.4878900052882073
ADHD,channel,F7_alpha_power,Cz_beta_power,0.41396086726599685,0.41396086726599685
ADHD,channel,F7_alpha_power,Cz_theta_beta_ratio,-0.054891591750396616,0.054891591750396616
ADHD,channel,F7_alpha_power,Pz_delta_power,0.4733474352194606,0.4733474352194606
ADHD,channel,F7_alpha_power,Pz_theta_power,0.43733474352194607,0.43733474352194607
ADHD,channel,F7_alpha_power,Pz_alpha_power,0.5707033315705976,0.5707033315705976
ADHD,channel,F7_alpha_power,Pz_beta_power,0.4531993654151243,0.4531993654151243
ADHD,channel,F7_alpha_power,Pz_theta_beta_ratio,-0.07916446324695928,0.07916446324695928
ADHD,channel,F7_beta_power,F7_theta_beta_ratio,-0.5270756213643575,0.5270756213643575
ADHD,channel,F7_beta_power,F8_delta_power,0.18799576943416182,0.18799576943416182
ADHD,channel,F7_beta_power,F8_theta_power,0.27974616604970914,0.27974616604970914
ADHD,channel,F7_beta_power,F8_alpha_power,0.2968799576943416,0.2968799576943416
ADHD,channel,F7_beta_power,F8_beta_power,0.6644103648863036,0.6644103648863036
ADHD,channel,F7_beta_power,F8_theta_beta_ratio,-0.17408778424114224,0.17408778424114224
ADHD,channel,F7_beta_power,T7_delta_power,0.2257006874669487,0.2257006874669487
ADHD,channel,F7_beta_power,T7_theta_power,0.4154415653093601,0.4154415653093601
ADHD,channel,F7_beta_power,T7_alpha_power,0.3877842411422528,0.3877842411422528
ADHD,channel,F7_beta_power,T7_beta_power,0.5847170809095716,0.5847170809095716
ADHD,channel,F7_beta_power,T7_theta_beta_ratio,-0.06816499206768906,0.06816499206768906
ADHD,channel,F7_beta_power,T8_delta_power,0.25288207297726073,0.25288207297726073
ADHD,channel,F7_beta_power,T8_theta_power,0.33934426229508197,0.33934426229508197
ADHD,channel,F7_beta_power,T8_alpha_power,0.2560021152829191,0.2560021152829191
ADHD,channel,F7_beta_power,T8_beta_power,0.5010576414595452,0.5010576414595452
ADHD,channel,F7_beta_power,T8_theta_beta_ratio,-0.06991010047593865,0.06991010047593865
ADHD,channel,F7_beta_power,P7_delta_power,0.27837123215230036,0.27837123215230036
ADHD,channel,F7_beta_power,P7_theta_power,0.40883130618720254,0.40883130618720254
ADHD,channel,F7_beta_power,P7_alpha_power,0.4046536224219989,0.4046536224219989
ADHD,channel,F7_beta_power,P7_beta_power,0.6579587519830777,0.6579587519830777
ADHD,channel,F7_beta_power,P7_theta_beta_ratio,-0.12522474881015336,0.12522474881015336
ADHD,channel,F7_beta_power,P8_delta_power,0.1593865679534638,0.1593865679534638
ADHD,channel,F7_beta_power,P8_theta_power,0.1788471708090957,0.1788471708090957
ADHD,channel,F7_beta_power,P8_alpha_power,0.14331041776837652,0.14331041776837652
ADHD,channel,F7_beta_power,P8_beta_power,0.39153886832363827,0.39153886832363827
ADHD,channel,F7_beta_power,P8_theta_beta_ratio,-0.20412480169222633,0.20412480169222633
ADHD,channel,F7_beta_power,Fz_delta_power,0.14124801692226335,0.14124801692226335
ADHD,channel,F7_beta_power,Fz_theta_power,0.3282919090428345,0.3282919090428345
ADHD,channel,F7_beta_power,Fz_alpha_power,0.30756213643574826,0.30756213643574826
ADHD,channel,F7_beta_power,Fz_beta_power,0.6712321523003701,0.6712321523003701
ADHD,channel,F7_beta_power,Fz_theta_beta_ratio,-0.37250132205182446,0.37250132205182446
ADHD,channel,F7_beta_power,Cz_delta_power,0.2666314119513485,0.2666314119513485
ADHD,channel,F7_beta_power,Cz_theta_power,0.18122686409307245,0.18122686409307245
ADHD,channel,F7_beta_power,Cz_alpha_power,0.24600740349021682,0.24600740349021682
ADHD,channel,F7_beta_power,Cz_beta_power,0.4436277102062401,0.4436277102062401
ADHD,channel,F7_beta_power,Cz_theta_beta_ratio,-0.253146483342147,0.253146483342147
ADHD,channel,F7_beta_power,Pz_delta_power,0.3187202538339503,0.3187202538339503
ADHD,channel,F7_beta_power,Pz_theta_power,0.3711792702273929,0.3711792702273929
ADHD,channel,F7_beta_power,Pz_alpha_power,0.33685880486515074,0.33685880486515074
ADHD,channel,F7_beta_power,Pz_beta_power,0.5892649391856161,0.5892649391856161
ADHD,channel,F7_beta_power,Pz_theta_beta_ratio,-0.3413537810682179,0.3413537810682179
ADHD,channel,F7_theta_beta_ratio,F8_delta_power,0.02464304600740349,0.02464304600740349
ADHD,channel,F7_theta_beta_ratio,F8_theta_power,0.06382866208355367,0.06382866208355367
ADHD,channel,F7_theta_beta_ratio,F8_alpha_power,-0.09814912744579588,0.09814912744579588
ADHD,channel,F7_theta_beta_ratio,F8_beta_power,-0.5400317292437864,0.5400317292437864
ADHD,channel,F7_theta_beta_ratio,F8_theta_beta_ratio,0.48783712321523004,0.48783712321523004
ADHD,channel,F7_theta_beta_ratio,T7_delta_power,0.1561078794288736,0.1561078794288736
ADHD,channel,F7_theta_beta_ratio,T7_theta_power,0.1810153358011634,0.1810153358011634
ADHD,channel,F7_theta_beta_ratio,T7_alpha_power,0.011898466419883659,0.011898466419883659
ADHD,channel,F7_theta_beta_ratio,T7_beta_power,-0.3287149656266526,0.3287149656266526
ADHD,channel,F7_theta_beta_ratio,T7_theta_beta_ratio,0.47514542570068746,0.47514542570068746
ADHD,channel,F7_theta_beta_ratio,T8_delta_power,-0.11998942358540454,0.11998942358540454
ADHD,channel,F7_theta_beta_ratio,T8_theta_power,-0.12321523003701745,0.12321523003701745
ADHD,channel,F7_theta_beta_ratio,T8_alpha_power,-0.11581173982020095,0.11581173982020095
ADHD,channel,F7_theta_beta_ratio,T8_beta_power,-0.5835007932310946,0.5835007932310946
ADHD,channel,F7_theta_beta_ratio,T8_theta_beta_ratio,0.45214172395557906,0.45214172395557906
ADHD,channel,F7_theta_beta_ratio,P7_delta_power,0.05029085140137493,0.05029085140137493
ADHD,channel,F7_theta_beta_ratio,P7_theta_power,0.027022739291380223,0.027022739291380223
ADHD,channel,F7_theta_beta_ratio,P7_alpha_power,-0.08064516129032258,0.08064516129032258
ADHD,channel,F7_theta_beta_ratio,P7_beta_power,-0.37022739291380224,0.37022739291380224
ADHD,channel,F7_theta_beta_ratio,P7_theta_beta_ratio,0.3252776308831306,0.3252776308831306
ADHD,channel,F7_theta_beta_ratio,P8_delta_power,-0.06679005817028028,0.06679005817028028
ADHD,channel,F7_theta_beta_ratio,P8_theta_power,-0.09439450026441036,0.09439450026441036
ADHD,channel,F7_theta_beta_ratio,P8_alpha_power,-0.11401374933897408,0.11401374933897408
ADHD,channel,F7_theta_beta_ratio,P8_beta_power,-0.38635642517186675,0.38635642517186675
ADHD,channel,F7_theta_beta_ratio,P8_theta_beta_ratio,0.28413537810682177,0.28413537810682177
ADHD,channel,F7_theta_beta_ratio,Fz_delta_power,0.20883130618720253,0.20883130618720253
ADHD,channel,F7_theta_beta_ratio,Fz_theta_power,0.26187202538339505,0.26187202538339505
ADHD,channel,F7_theta_beta_ratio,Fz_alpha_power,0.059280803807509254,0.059280803807509254
ADHD,channel,F7_theta_beta_ratio,Fz_beta_power,-0.343204653622422,0.343204653622422
ADHD,channel,F7_theta_beta_ratio,Fz_theta_beta_ratio,0.6499735589635114,0.6499735589635114
ADHD,channel,F7_theta_beta_ratio,Cz_delta_power,-0.017556848228450557,0.017556848228450557
ADHD,channel,F7_theta_beta_ratio,Cz_theta_power,0.16694870438921205,0.16694870438921205
ADHD,channel,F7_theta_beta_ratio,Cz_alpha_power,-0.11216287678476997,0.11216287678476997
ADHD,channel,F7_theta_beta_ratio,Cz_beta_power,-0.22527763088313063,0.22527763088313063
ADHD,channel,F7_theta_beta_ratio,Cz_theta_beta_ratio,0.412374405076679,0.412374405076679
ADHD,channel,F7_theta_beta_ratio,Pz_delta_power,0.08127974616604972,0.08127974616604972
ADHD,channel,F7_theta_beta_ratio,Pz_theta_power,0.1387625594923321,0.1387625594923321
ADHD,channel,F7_theta_beta_ratio,Pz_alpha_power,-0.05780010576414595,0.05780010576414595
ADHD,channel,F7_theta_beta_ratio,Pz_beta_power,-0.2013749338974088,0.2013749338974088
ADHD,channel,F7_theta_beta_ratio,Pz_theta_beta_ratio,0.38540454785827605,0.38540454785827605
ADHD,channel,F8_delta_power,F8_theta_power,0.7859862506610259,0.7859862506610259
ADHD,channel,F8_delta_power,F8_alpha_power,0.38191433104177686,0.38191433104177686
ADHD,channel,F8_delta_power,F8_beta_power,0.3745637228979376,0.3745637228979376
ADHD,channel,F8_delta_power,F8_theta_beta_ratio,0.5538339502908514,0.5538339502908514
ADHD,channel,F8_delta_power,T7_delta_power,0.19069275515600212,0.19069275515600212
ADHD,channel,F8_delta_power,T7_theta_power,0.20708619777895293,0.20708619777895293
ADHD,channel,F8_delta_power,T7_alpha_power,0.047964040190375465,0.047964040190375465
ADHD,channel,F8_delta_power,T7_beta_power,0.06329984135378107,0.06329984135378107
ADHD,channel,F8_delta_power,T7_theta_beta_ratio,0.17948175568482286,0.17948175568482286
ADHD,channel,F8_delta_power,T8_delta_power,0.6554204124801692,0.6554204124801692
ADHD,channel,F8_delta_power,T8_theta_power,0.40629296668429404,0.40629296668429404
ADHD,channel,F8_delta_power,T8_alpha_power,0.11665785298783712,0.11665785298783712
ADHD,channel,F8_delta_power,T8_beta_power,0.19058699101004759,0.19058699101004759
ADHD,channel,F8_delta_power,T8_theta_beta_ratio,0.3120571126388154,0.3120571126388154
ADHD,channel,F8_delta_power,P7_delta_power,0.08699101004759387,0.08699101004759387
ADHD,channel,F8_delta_power,P7_theta_power,0.0804865150713908,0.0804865150713908
ADHD,channel,F8_delta_power,P7_alpha_power,0.035430988894764676,0.035430988894764676
ADHD,channel,F8_delta_power,P7_beta_power,0.1452141723955579,0.1452141723955579
ADHD,channel,F8_delta_power,P7_theta_beta_ratio,0.012004230565838181,0.012004230565838181
ADHD,channel,F8_delta_power,P8_delta_power,0.5363299841353781,0.5363299841353781
ADHD,channel,F8_delta_power,P8_theta_power,0.31940772078265467,0.31940772078265467
ADHD,channel,F8_delta_power,P8_alpha_power,0.11195134849286092,0.11195134849286092
ADHD,channel,F8_delta_power,P8_beta_power,0.2667900581702803,0.2667900581702803
ADHD,channel,F8_delta_power,P8_theta_beta_ratio,0.20624008461131677,0.20624008461131677
ADHD,channel,F8_delta_power,Fz_delta_power,0.15684822845055527,0.15684822845055527
ADHD,channel,F8_delta_power,Fz_theta_power,0.08175568482284505,0.08175568482284505
ADHD,channel,F8_delta_power,Fz_alpha_power,-0.1103648863035431,0.1103648863035431
ADHD,channel,F8_delta_power,Fz_beta_power,0.03622421998942359,0.03622421998942359
ADHD,channel,F8_delta_power,Fz_theta_beta_ratio,0.10290851401374934,0.10290851401374934
ADHD,channel,F8_delta_power,Cz_delta_power,0.582337387625595,0.582337387625595
ADHD,channel,F8_delta_power,Cz_theta_power,0.2549444738233739,0.2549444738233739
ADHD,channel,F8_delta_power,Cz_alpha_power,-0.13558963511369646,0.13558963511369646
ADHD,channel,F8_delta_power,Cz_beta_power,0.12897937599153886,0.12897937599153886
ADHD,channel,F8_delta_power,Cz_theta_beta_ratio,0.12199894235854046,0.12199894235854046
ADHD,channel,F8_delta_power,Pz_delta_power,0.10343733474352194,0.10343733474352194
ADHD,channel,F8_delta_power,Pz_theta_power,0.07107350608143839,0.07107350608143839
ADHD,channel,F8_delta_power,Pz_alpha_power,-0.2257006874669487,0.2257006874669487
ADHD,channel,F8_delta_power,Pz_beta_power,-0.024219989423585404,0.024219989423585404
ADHD,channel,F8_delta_power,Pz_theta_beta_ratio,0.12162876784769963,0.12162876784769963
ADHD,channel,F8_theta_power,F8_alpha_power,0.6901639344262295,0.6901639344262295
ADHD,channel,F8_theta_power,F8_beta_power,0.4769434161819143,0.4769434161819143
ADHD,channel,F8_theta_power,F8_theta_beta_ratio,0.6647805393971443,0.6647805393971443
ADHD,channel,F8_theta_power,T7_delta_power,0.13839238498149128,0.13839238498149128
ADHD,channel,F8_theta_power,T7_theta_power,0.3436805922792173,0.3436805922792173
ADHD,channel,F8_theta_power,T7_alpha_power,0.23500793231094658,0.23500793231094658
ADHD,channel,F8_theta_power,T7_beta_power,0.1180327868852459,0.1180327868852459
ADHD,channel,F8_theta_power,T7_theta_beta_ratio,0.23992596509783184,0.23992596509783184
ADHD,channel,F8_theta_power,T8_delta_power,0.43236382866208356,0.43236382866208356
ADHD,channel,F8_theta_power,T8_theta_power,0.4823373876255949,0.4823373876255949
ADHD,channel,F8_theta_power,T8_alpha_power,0.21232152300370175,0.21232152300370175
ADHD,channel,F8_theta_power,T8_beta_power,0.18952934955050238,0.18952934955050238
ADHD,channel,F8_theta_power,T8_theta_beta_ratio,0.4058170280274987,0.4058170280274987
ADHD,channel,F8_theta_power,P7_delta_power,0.20428344791115813,0.20428344791115813
ADHD,channel,F8_theta_power,P7_theta_power,0.325965097831835,0.325965097831835
ADHD,channel,F8_theta_power,P7_alpha_power,0.2953463775780011,0.2953463775780011
ADHD,channel,F8_theta_power,P7_beta_power,0.2167107350608144,0.2167107350608144
ADHD,channel,F8_theta_power,P7_theta_beta_ratio,0.2006874669487044,0.2006874669487044
ADHD,channel,F8_theta_power,P8_delta_power,0.5525647805393972,0.5525647805393972
ADHD,channel,F8_theta_power,P8_theta_power,0.4511369645690111,0.4511369645690111
ADHD,channel,F8_theta_power,P8_alpha_power,0.23315705975674247,0.23315705975674247
ADHD,channel,F8_theta_power,P8_beta_power,0.333474352194606,0.333474352194606
ADHD,channel,F8_theta_power,P8_theta_beta_ratio,0.2827075621364358,0.2827075621364358
ADHD,channel,F8_theta_power,Fz_delta_power,0.19011105235325224,0.19011105235325224
ADHD,channel,F8_theta_power,Fz_theta_power,0.292702273929138,0.292702273929138
ADHD,channel,F8_theta_power,Fz_alpha_power,0.09159175039661555,0.09159175039661555
ADHD,channel,F8_theta_power,Fz_beta_power,0.1641988365943945,0.1641988365943945
ADHD,channel,F8_theta_power,Fz_theta_beta_ratio,0.18387096774193548,0.18387096774193548
ADHD,channel,F8_theta_power,Cz_delta_power,0.5622950819672131,0.5622950819672131
ADHD,channel,F8_theta_power,Cz_theta_power,0.45906927551560023,0.45906927551560023
ADHD,channel,F8_theta_power,Cz_alpha_power,-0.03574828133262824,0.03574828133262824
ADHD,channel,F8_theta_power,Cz_beta_power,0.2187202538339503,0.2187202538339503
ADHD,channel,F8_theta_power,Cz_theta_beta_ratio,0.24627181385510313,0.24627181385510313
ADHD,channel,F8_theta_power,Pz_delta_power,0.1970386039132734,0.1970386039132734
ADHD,channel,F8_theta_power,Pz_theta_power,0.2853516657852988,0.2853516657852988
ADHD,channel,F8_theta_power,Pz_alpha_power,-0.07905869910100476,0.07905869910100476
ADHD,channel,F8_theta_power,Pz_beta_power,0.09925965097831835,0.09925965097831835
ADHD,channel,F8_theta_power,Pz_theta_beta_ratio,0.2061872025383395,0.2061872025383395
ADHD,channel,F8_alpha_power,F8_beta_power,0.613167636171338,0.613167636171338
ADHD,channel,F8_alpha_power,F8_theta_beta_ratio,0.240772078265468,0.240772078265468
ADHD,channel,F8_alpha_power,T7_delta_power,0.05642517186673718,0.05642517186673718
ADHD,channel,F8_alpha_power,T7_theta_power,0.2358011634056055,0.2358011634056055
ADHD,channel,F8_alpha_power,T7_alpha_power,0.523955579058699,0.523955579058699
ADHD,channel,F8_alpha_power,T7_beta_power,0.17720782654680065,0.17720782654680065
ADHD,channel,F8_alpha_power,T7_theta_beta_ratio,0.004600740349021682,0.004600740349021682
ADHD,channel,F8_alpha_power,T8_delta_power,0.2967741935483871,0.2967741935483871
ADHD,channel,F8_alpha_power,T8_theta_power,0.4481755684822845,0.4481755684822845
ADHD,channel,F8_alpha_power,T8_alpha_power,0.6352723426758329,0.6352723426758329
ADHD,channel,F8_alpha_power,T8_beta_power,0.36948704389212056,0.36948704389212056
ADHD,channel,F8_alpha_power,T8_theta_beta_ratio,0.17096774193548386,0.17096774193548386
ADHD,channel,F8_alpha_power,P7_delta_power,0.33268112109994713,0.33268112109994713
ADHD,channel,F8_alpha_power,P7_theta_power,0.40978318350079324,0.40978318350079324
ADHD,channel,F8_alpha_power,P7_alpha_power,0.5945002644103649,0.5945002644103649
ADHD,channel,F8_alpha_power,P7_beta_power,0.2943416181914331,0.2943416181914331
ADHD,channel,F8_alpha_power,P7_theta_beta_ratio,0.181544156530936,0.181544156530936
ADHD,channel,F8_alpha_power,P8_delta_power,0.3881544156530936,0.3881544156530936
ADHD,channel,F8_alpha_power,P8_theta_power,0.4378635642517187,0.4378635642517187
ADHD,channel,F8_alpha_power,P8_alpha_power,0.5279217345319936,0.5279217345319936
ADHD,channel,F8_alpha_power,P8_beta_power,0.46118455843469064,0.46118455843469064
ADHD,channel,F8_alpha_power,P8_theta_beta_ratio,0.10132205182443152,0.10132205182443152
ADHD,channel,F8_alpha_power,Fz_delta_power,0.20423056583818086,0.20423056583818086
ADHD,channel,F8_alpha_power,Fz_theta_power,0.23892120571126388,0.23892120571126388
ADHD,channel,F8_alpha_power,Fz_alpha_power,0.45457429931253307,0.45457429931253307
ADHD,channel,F8_alpha_power,Fz_beta_power,0.3293495505023797,0.3293495505023797
ADHD,channel,F8_alpha_power,Fz_theta_beta_ratio,-0.11882601797990482,0.11882601797990482
ADHD,channel,F8_alpha_power,Cz_delta_power,0.39132734003172925,0.39132734003172925
ADHD,channel,F8_alpha_power,Cz_theta_power,0.30909571655208884,0.30909571655208884
ADHD,channel,F8_alpha_power,Cz_alpha_power,0.41554732945531464,0.41554732945531464
ADHD,channel,F8_alpha_power,Cz_beta_power,0.3870438921205711,0.3870438921205711
ADHD,channel,F8_alpha_power,Cz_theta_beta_ratio,-0.07815970386039132,0.07815970386039132
ADHD,channel,F8_alpha_power,Pz_delta_power,0.1872025383395029,0.1872025383395029
ADHD,channel,F8_alpha_power,Pz_theta_power,0.27419354838709675,0.27419354838709675
ADHD,channel,F8_alpha_power,Pz_alpha_power,0.3263881544156531,0.3263881544156531
ADHD,channel,F8_alpha_power,Pz_beta_power,0.29910100475938656,0.29910100475938656
ADHD,channel,F8_alpha_power,Pz_theta_beta_ratio,-0.041618191433104176,0.041618191433104176
ADHD,channel,F8_beta_power,F8_theta_beta_ratio,-0.2685351665785299,0.2685351665785299
ADHD,channel,F8_beta_power,T7_delta_power,0.15896351136964568,0.15896351136964568
ADHD,channel,F8_beta_power,T7_theta_power,0.24108937070333156,0.24108937070333156
ADHD,channel,F8_beta_power,T7_alpha_power,0.38810153358011634,0.38810153358011634
ADHD,channel,F8_beta_power,T7_beta_power,0.4349550502379693,0.4349550502379693
ADHD,channel,F8_beta_power,T7_theta_beta_ratio,-0.11734531993654151,0.11734531993654151
ADHD,channel,F8_beta_power,T8_delta_power,0.26530936012691697,0.26530936012691697
ADHD,channel,F8_beta_power,T8_theta_power,0.30465362242199895,0.30465362242199895
ADHD,channel,F8_beta_power,T8_alpha_power,0.29317821258593335,0.29317821258593335
ADHD,channel,F8_beta_power,T8_beta_power,0.6123215230037018,0.6123215230037018
ADHD,channel,F8_beta_power,T8_theta_beta_ratio,-0.23067160232681122,0.23067160232681122
ADHD,channel,F8_beta_power,P7_delta_power,0.26980433632998413,0.26980433632998413
ADHD,channel,F8_beta_power,P7_theta_power,0.32131147540983607,0.32131147540983607
ADHD,channel,F8_beta_power,P7_alpha_power,0.4139079851930196,0.4139079851930196
ADHD,channel,F8_beta_power,P7_beta_power,0.5908514013749339,0.5908514013749339
ADHD,channel,F8_beta_power,P7_theta_beta_ratio,-0.14933897408778424,0.14933897408778424
ADHD,channel,F8_beta_power,P8_delta_power,0.19238498149127445,0.19238498149127445
ADHD,channel,F8_beta_power,P8_theta_power,0.20370174510840824,0.20370174510840824
ADHD,channel,F8_beta_power,P8_alpha_power,0.24188260179799048,0.24188260179799048
ADHD,channel,F8_beta_power,P8_beta_power,0.5693283976731888,0.5693283976731888
ADHD,channel,F8_beta_power,P8_theta_beta_ratio,-0.3262295081967213,0.3262295081967213
ADHD,channel,F8_beta_power,Fz_delta_power,0.15193019566367003,0.15193019566367003
ADHD,channel,F8_beta_power,Fz_theta_power,0.1817028027498678,0.1817028027498678
ADHD,channel,F8_beta_power,Fz_alpha_power,0.2854574299312533,0.2854574299312533
ADHD,channel,F8_beta_power,Fz_beta_power,0.6439450026441037,0.6439450026441037
ADHD,channel,F8_beta_power,Fz_theta_beta_ratio,-0.46076150185087256,0.46076150185087256
ADHD,channel,F8_beta_power,Cz_delta_power,0.34098360655737703,0.34098360655737703
ADHD,channel,F8_beta_power,Cz_theta_power,0.14579587519830778,0.14579587519830778
ADHD,channel,F8_beta_power,Cz_alpha_power,0.24881015335801163,0.24881015335801163
ADHD,channel,F8_beta_power,Cz_beta_power,0.6108937070333157,0.6108937070333157
ADHD,channel,F8_beta_power,Cz_theta_beta_ratio,-0.41797990481226865,0.41797990481226865
ADHD,channel,F8_beta_power,Pz_delta_power,0.26784769962982546,0.26784769962982546
ADHD,channel,F8_beta_power,Pz_theta_power,0.25288207297726073,0.25288207297726073
ADHD,channel,F8_beta_power,Pz_alpha_power,0.22601797990481226,0.22601797990481226
ADHD,channel,F8_beta_power,Pz_beta_power,0.5395029085140137,0.5395029085140137
ADHD,channel,F8_beta_power,Pz_theta_beta_ratio,-0.3360126916975145,0.3360126916975145
ADHD,channel,F8_theta_beta_ratio,T7_delta_power,0.006768905341089371,0.006768905341089371
ADHD,channel,F8_theta_beta_ratio,T7_theta_power,0.1919090428344791,0.1919090428344791
ADHD,channel,F8_theta_beta_ratio,T7_alpha_power,-0.07006874669487044,0.07006874669487044
ADHD,channel,F8_theta_beta_ratio,T7_beta_power,-0.17366472765732416,0.17366472765732416
ADHD,channel,F8_theta_beta_ratio,T7_theta_beta_ratio,0.33400317292437864,0.33400317292437864
ADHD,channel,F8_theta_beta_ratio,T8_delta_power,0.23796932839767318,0.23796932839767318
ADHD,channel,F8_theta_beta_ratio,T8_theta_power,0.27260708619777896,0.27260708619777896
ADHD,channel,F8_theta_beta_ratio,T8_alpha_power,-0.017609730301427817,0.017609730301427817
ADHD,channel,F8_theta_beta_ratio,T8_beta_power,-0.24849286092014808,0.24849286092014808
ADHD,channel,F8_theta_beta_ratio,T8_theta_beta_ratio,0.599576943416182,0.599576943416182
ADHD,channel,F8_theta_beta_ratio,P7_delta_power,-0.06562665256478054,0.06562665256478054
ADHD,channel,F8_theta_beta_ratio,P7_theta_power,0.05298783712321523,0.05298783712321523
ADHD,channel,F8_theta_beta_ratio,P7_alpha_power,-0.06234796404019038,0.06234796404019038
ADHD,channel,F8_theta_beta_ratio,P7_beta_power,-0.19931253305129562,0.19931253305129562
ADHD,channel,F8_theta_beta_ratio,P7_theta_beta_ratio,0.2583818085668958,0.2583818085668958
ADHD,channel,F8_theta_beta_ratio,P8_delta_power,0.45325224748810156,0.45325224748810156
ADHD,channel,F8_theta_beta_ratio,P8_theta_power,0.3285034373347435,0.3285034373347435
ADHD,channel,F8_theta_beta_ratio,P8_alpha_power,0.034479111581173984,0.034479111581173984
ADHD,channel,F8_theta_beta_ratio,P8_beta_power,-0.0896351136964569,0.0896351136964569
ADHD,channel,F8_theta_beta_ratio,P8_theta_beta_ratio,0.5786356425171867,0.5786356425171867
ADHD,channel,F8_theta_beta_ratio,Fz_delta_power,0.06731887890005288,0.06731887890005288
ADHD,channel,F8_theta_beta_ratio,Fz_theta_power,0.17398202009518773,0.17398202009518773
ADHD,channel,F8_theta_beta_ratio,Fz_alpha_power,-0.15319936541512427,0.15319936541512427
ADHD,channel,F8_theta_beta_ratio,Fz_beta_power,-0.32696985721840294,0.32696985721840294
ADHD,channel,F8_theta_beta_ratio,Fz_theta_beta_ratio,0.5641459545214172,0.5641459545214172
ADHD,channel,F8_theta_beta_ratio,Cz_delta_power,0.37297726070861975,0.37297726070861975
ADHD,channel,F8_theta_beta_ratio,Cz_theta_power,0.4212585933368588,0.4212585933368588
ADHD,channel,F8_theta_beta_ratio,Cz_alpha_power,-0.20074034902168164,0.20074034902168164
ADHD,channel,F8_theta_beta_ratio,Cz_beta_power,-0.2493918561607615,0.2493918561607615
ADHD,channel,F8_theta_beta_ratio,Cz_theta_beta_ratio,0.6207297726070862,0.6207297726070862
ADHD,channel,F8_theta_beta_ratio,Pz_delta_power,-0.004389212057112639,0.004389212057112639
ADHD,channel,F8_theta_beta_ratio,Pz_theta_power,0.12305658381808567,0.12305658381808567
ADHD,channel,F8_theta_beta_ratio,Pz_alpha_power,-0.25092543627710207,0.25092543627710207
ADHD,channel,F8_theta_beta_ratio,Pz_beta_power,-0.28783712321523003,0.28783712321523003
ADHD,channel,F8_theta_beta_ratio,Pz_theta_beta_ratio,0.4561078794288736,0.4561078794288736
ADHD,channel,T7_delta_power,T7_theta_power,0.7980433632998414,0.7980433632998414
ADHD,channel,T7_delta_power,T7_alpha_power,0.5167107350608143,0.5167107350608143
ADHD,channel,T7_delta_power,T7_beta_power,0.2231623479640402,0.2231623479640402
ADHD,channel,T7_delta_power,T7_theta_beta_ratio,0.6124801692226335,0.6124801692226335
ADHD,channel,T7_delta_power,T8_delta_power,0.24891591750396616,0.24891591750396616
ADHD,channel,T7_delta_power,T8_theta_power,0.18540454785827604,0.18540454785827604
ADHD,channel,T7_delta_power,T8_alpha_power,0.14754098360655737,0.14754098360655737
ADHD,channel,T7_delta_power,T8_beta_power,0.1514013749338974,0.1514013749338974
ADHD,channel,T7_delta_power,T8_theta_beta_ratio,0.12686409307244845,0.12686409307244845
ADHD,channel,T7_delta_power,P7_delta_power,0.6084082496033845,0.6084082496033845
ADHD,channel,T7_delta_power,P7_theta_power,0.43437334743521944,0.43437334743521944
ADHD,channel,T7_delta_power,P7_alpha_power,0.30544685351665785,0.30544685351665785
ADHD,channel,T7_delta_power,P7_beta_power,0.24463246959280804,0.24463246959280804
ADHD,channel,T7_delta_power,P7_theta_beta_ratio,0.22855631940772078,0.22855631940772078
ADHD,channel,T7_delta_power,P8_delta_power,0.14881015335801162,0.14881015335801162
ADHD,channel,T7_delta_power,P8_theta_power,0.040084611316763614,0.040084611316763614
ADHD,channel,T7_delta_power,P8_alpha_power,0.022686409307244845,0.022686409307244845
ADHD,channel,T7_delta_power,P8_beta_power,0.054838709677419356,0.054838709677419356
ADHD,channel,T7_delta_power,P8_theta_beta_ratio,-0.053939714436805924,0.053939714436805924
ADHD,channel,T7_delta_power,Fz_delta_power,0.6062400846113167,0.6062400846113167
ADHD,channel,T7_delta_power,Fz_theta_power,0.35526176626123745,0.35526176626123745
ADHD,channel,T7_delta_power,Fz_alpha_power,0.16213643574828132,0.16213643574828132
ADHD,channel,T7_delta_power,Fz_beta_power,0.1454785827604442,0.1454785827604442
ADHD,channel,T7_delta_power,Fz_theta_beta_ratio,0.24727657324167107,0.24727657324167107
ADHD,channel,T7_delta_power,Cz_delta_power,0.32554204124801694,0.32554204124801694
ADHD,channel,T7_delta_power,Cz_theta_power,0.13886832363828663,0.13886832363828663
ADHD,channel,T7_delta_power,Cz_alpha_power,0.04373347435219461,0.04373347435219461
ADHD,channel,T7_delta_power,Cz_beta_power,0.18016922263352722,0.18016922263352722
ADHD,channel,T7_delta_power,Cz_theta_beta_ratio,-0.01639344262295082,0.01639344262295082
ADHD,channel,T7_delta_power,Pz_delta_power,0.6472765732416711,0.6472765732416711
ADHD,channel,T7_delta_power,Pz_theta_power,0.4388154415653094,0.4388154415653094
ADHD,channel,T7_delta_power,Pz_alpha_power,0.145637228979376,0.145637228979376
ADHD,channel,T7_delta_power,Pz_beta_power,0.2343204653622422,0.2343204653622422
ADHD,channel,T7_delta_power,Pz_theta_beta_ratio,0.16181914331041777,0.16181914331041777
ADHD,channel,T7_theta_power,T7_alpha_power,0.6300898995240614,0.6300898995240614
ADHD,channel,T7_theta_power,T7_beta_power,0.42548915917503966,0.42548915917503966
ADHD,channel,T7_theta_power,T7_theta_beta_ratio,0.6571126388154416,0.6571126388154416
ADHD,channel,T7_theta_power,T8_delta_power,0.2392913802221047,0.2392913802221047
ADHD,channel,T7_theta_power,T8_theta_power,0.37794817556848226,0.37794817556848226
ADHD,channel,T7_theta_power,T8_alpha_power,0.2102062400846113,0.2102062400846113
ADHD,channel,T7_theta_power,T8_beta_power,0.17435219460602855,0.17435219460602855
ADHD,channel,T7_theta_power,T8_theta_beta_ratio,0.28741406663141195,0.28741406663141195
ADHD,channel,T7_theta_power,P7_delta_power,0.6224748810153358,0.6224748810153358
ADHD,channel,T7_theta_power,P7_theta_power,0.6901639344262295,0.6901639344262295
ADHD,channel,T7_theta_power,P7_alpha_power,0.492702273929138,0.492702273929138
ADHD,channel,T7_theta_power,P7_beta_power,0.38461131676361715,0.38461131676361715
ADHD,channel,T7_theta_power,P7_theta_beta_ratio,0.38693812797461663,0.38693812797461663
ADHD,channel,T7_theta_power,P8_delta_power,0.3163934426229508,0.3163934426229508
ADHD,channel,T7_theta_power,P8_theta_power,0.26076150185087255,0.26076150185087255
ADHD,channel,T7_theta_power,P8_alpha_power,0.13400317292437863,0.13400317292437863
ADHD,channel,T7_theta_power,P8_beta_power,0.16679005817028028,0.16679005817028028
ADHD,channel,T7_theta_power,P8_theta_beta_ratio,0.0802221047065045,0.0802221047065045
ADHD,channel,T7_theta_power,Fz_delta_power,0.5278688524590164,0.5278688524590164
ADHD,channel,T7_theta_power,Fz_theta_power,0.6156002115282919,0.6156002115282919
ADHD,channel,T7_theta_power,Fz_alpha_power,0.2869381279746166,0.2869381279746166
ADHD,channel,T7_theta_power,Fz_beta_power,0.29830777366472766,0.29830777366472766
ADHD,channel,T7_theta_power,Fz_theta_beta_ratio,0.35917503966155473,0.35917503966155473
ADHD,channel,T7_theta_power,Cz_delta_power,0.4512956107879429,0.4512956107879429
ADHD,channel,T7_theta_power,Cz_theta_power,0.4297726070861978,0.4297726070861978
ADHD,channel,T7_theta_power,Cz_alpha_power,0.04484399788471708,0.04484399788471708
ADHD,channel,T7_theta_power,Cz_beta_power,0.2634056054997356,0.2634056054997356
ADHD,channel,T7_theta_power,Cz_theta_beta_ratio,0.16969857218402962,0.16969857218402962
ADHD,channel,T7_theta_power,Pz_delta_power,0.6393971443680593,0.6393971443680593
ADHD,channel,T7_theta_power,Pz_theta_power,0.6850343733474352,0.6850343733474352
ADHD,channel,T7_theta_power,Pz_alpha_power,0.24569011105235325,0.24569011105235325
ADHD,channel,T7_theta_power,Pz_beta_power,0.39444738233738763,0.39444738233738763
ADHD,channel,T7_theta_power,Pz_theta_beta_ratio,0.2721311475409836,0.2721311475409836
ADHD,channel,T7_alpha_power,T7_beta_power,0.4010576414595452,0.4010576414595452
ADHD,channel,T7_alpha_power,T7_theta_beta_ratio,0.22459016393442624,0.22459016393442624
ADHD,channel,T7_alpha_power,T8_delta_power,0.20290851401374935,0.20290851401374935
ADHD,channel,T7_alpha_power,T8_theta_power,0.3874140666314119,0.3874140666314119
ADHD,channel,T7_alpha_power,T8_alpha_power,0.6310417768376521,0.6310417768376521
ADHD,channel,T7_alpha_power,T8_beta_power,0.34114225277630883,0.34114225277630883
ADHD,channel,T7_alpha_power,T8_theta_beta_ratio,0.11195134849286092,0.11195134849286092
ADHD,channel,T7_alpha_power,P7_delta_power,0.5362242199894236,0.5362242199894236
ADHD,channel,T7_alpha_power,P7_theta_power,0.5420412480169222,0.5420412480169222
ADHD,channel,T7_alpha_power,P7_alpha_power,0.7798519301956637,0.7798519301956637
ADHD,channel,T7_alpha_power,P7_beta_power,0.441988365943945,0.441988365943945
ADHD,channel,T7_alpha_power,P7_theta_beta_ratio,0.15309360126916974,0.15309360126916974
ADHD,channel,T7_alpha_power,P8_delta_power,0.24933897408778424,0.24933897408778424
ADHD,channel,T7_alpha_power,P8_theta_power,0.3270227392913802,0.3270227392913802
ADHD,channel,T7_alpha_power,P8_alpha_power,0.49836065573770494,0.49836065573770494
ADHD,channel,T7_alpha_power,P8_beta_power,0.40729772607086195,0.40729772607086195
ADHD,channel,T7_alpha_power,P8_theta_beta_ratio,-0.03855103120042306,0.03855103120042306
ADHD,channel,T7_alpha_power,Fz_delta_power,0.323320994182972,0.323320994182972
ADHD,channel,T7_alpha_power,Fz_theta_power,0.4161290322580645,0.4161290322580645
ADHD,channel,T7_alpha_power,Fz_alpha_power,0.675251189846642,0.675251189846642
ADHD,channel,T7_alpha_power,Fz_beta_power,0.3941300898995241,0.3941300898995241
ADHD,channel,T7_alpha_power,Fz_theta_beta_ratio,0.006927551560021153,0.006927551560021153
ADHD,channel,T7_alpha_power,Cz_delta_power,0.3137493389740878,0.3137493389740878
ADHD,channel,T7_alpha_power,Cz_theta_power,0.25346377578001056,0.25346377578001056
ADHD,channel,T7_alpha_power,Cz_alpha_power,0.5877313590692755,0.5877313590692755
ADHD,channel,T7_alpha_power,Cz_beta_power,0.4760444209413009,0.4760444209413009
ADHD,channel,T7_alpha_power,Cz_theta_beta_ratio,-0.161660497091486,0.161660497091486
ADHD,channel,T7_alpha_power,Pz_delta_power,0.4581702802749868,0.4581702802749868
ADHD,channel,T7_alpha_power,Pz_theta_power,0.44098360655737706,0.44098360655737706
ADHD,channel,T7_alpha_power,Pz_alpha_power,0.6928080380750925,0.6928080380750925
ADHD,channel,T7_alpha_power,Pz_beta_power,0.4879428873611846,0.4879428873611846
ADHD,channel,T7_alpha_power,Pz_theta_beta_ratio,-0.06901110523532522,0.06901110523532522
ADHD,channel,T7_beta_power,T7_theta_beta_ratio,-0.33775780010576417,0.33775780010576417
ADHD,channel,T7_beta_power,T8_delta_power,0.10412480169222633,0.10412480169222633
ADHD,channel,T7_beta_power,T8_theta_power,0.2354309888947647,0.2354309888947647
ADHD,channel,T7_beta_power,T8_alpha_power,0.18699101004759386,0.18699101004759386
ADHD,channel,T7_beta_power,T8_beta_power,0.43278688524590164,0.43278688524590164
ADHD,channel,T7_beta_power,T8_theta_beta_ratio,-0.0678476996298255,0.0678476996298255
ADHD,channel,T7_beta_power,P7_delta_power,0.1165520888418826,0.1165520888418826
ADHD,channel,T7_beta_power,P7_theta_power,0.25267054468535166,0.25267054468535166
ADHD,channel,T7_beta_power,P7_alpha_power,0.3051295610787943,0.3051295610787943
ADHD,channel,T7_beta_power,P7_beta_power,0.5471708090957166,0.5471708090957166
ADHD,channel,T7_beta_power,P7_theta_beta_ratio,-0.17525118984664198,0.17525118984664198
ADHD,channel,T7_beta_power,P8_delta_power,0.06922263352723426,0.06922263352723426
ADHD,channel,T7_beta_power,P8_theta_power,0.17345319936541512,0.17345319936541512
ADHD,channel,T7_beta_power,P8_alpha_power,0.19413008989952407,0.19413008989952407
ADHD,channel,T7_beta_power,P8_beta_power,0.32305658381808566,0.32305658381808566
ADHD,channel,T7_beta_power,P8_theta_beta_ratio,-0.09370703331570597,0.09370703331570597
ADHD,channel,T7_beta_power,Fz_delta_power,0.16827075621364357,0.16827075621364357
ADHD,channel,T7_beta_power,Fz_theta_power,0.33194077207826544,0.33194077207826544
ADHD,channel,T7_beta_power,Fz_alpha_power,0.29524061343204655,0.29524061343204655
ADHD,channel,T7_beta_power,Fz_beta_power,0.5231094658910629,0.5231094658910629
ADHD,channel,T7_beta_power,Fz_theta_beta_ratio,-0.18059227921734533,0.18059227921734533
ADHD,channel,T7_beta_power,Cz_delta_power,0.27937599153886833,0.27937599153886833
ADHD,channel,T7_beta_power,Cz_theta_power,0.250502379693284,0.250502379693284
ADHD,channel,T7_beta_power,Cz_alpha_power,0.22184029613960868,0.22184029613960868
ADHD,channel,T7_beta_power,Cz_beta_power,0.4659439450026441,0.4659439450026441
ADHD,channel,T7_beta_power,Cz_theta_beta_ratio,-0.20639873083024854,0.20639873083024854
ADHD,channel,T7_beta_power,Pz_delta_power,0.28836594394500265,0.28836594394500265
ADHD,channel,T7_beta_power,Pz_theta_power,0.3761501850872554,0.3761501850872554
ADHD,channel,T7_beta_power,Pz_alpha_power,0.4109994711792702,0.4109994711792702
ADHD,channel,T7_beta_power,Pz_beta_power,0.5925965097831835,0.5925965097831835
ADHD,channel,T7_beta_power,Pz_theta_beta_ratio,-0.295134849286092,0.295134849286092
ADHD,channel,T7_theta_beta_ratio,T8_delta_power,0.15758857747223692,0.15758857747223692
ADHD,channel,T7_theta_beta_ratio,T8_theta_power,0.16927551560021153,0.16927551560021153
ADHD,channel,T7_theta_beta_ratio,T8_alpha_power,-0.03886832363828662,0.03886832363828662
ADHD,channel,T7_theta_beta_ratio,T8_beta_power,-0.18958223162347965,0.18958223162347965
ADHD,channel,T7_theta_beta_ratio,T8_theta_beta_ratio,0.33955579058699104,0.33955579058699104
ADHD,channel,T7_theta_beta_ratio,P7_delta_power,0.5105764145954521,0.5105764145954521
ADHD,channel,T7_theta_beta_ratio,P7_theta_power,0.4775780010576415,0.4775780010576415
ADHD,channel,T7_theta_beta_ratio,P7_alpha_power,0.17567424643046006,0.17567424643046006
ADHD,channel,T7_theta_beta_ratio,P7_beta_power,-0.017609730301427817,0.017609730301427817
ADHD,channel,T7_theta_beta_ratio,P7_theta_beta_ratio,0.5019037546271814,0.5019037546271814
ADHD,channel,T7_theta_beta_ratio,P8_delta_power,0.25346377578001056,0.25346377578001056
ADHD,channel,T7_theta_beta_ratio,P8_theta_power,0.09481755684822846,0.09481755684822846
ADHD,channel,T7_theta_beta_ratio,P8_alpha_power,-0.10111052353252248,0.10111052353252248
ADHD,channel,T7_theta_beta_ratio,P8_beta_power,-0.10925436277102063,0.10925436277102063
ADHD,channel,T7_theta_beta_ratio,P8_theta_beta_ratio,0.17049180327868851,0.17049180327868851
ADHD,channel,T7_theta_beta_ratio,Fz_delta_power,0.38043363299841354,0.38043363299841354
ADHD,channel,T7_theta_beta_ratio,Fz_theta_power,0.31110523532522477,0.31110523532522477
ADHD,channel,T7_theta_beta_ratio,Fz_alpha_power,-0.060761501850872555,0.060761501850872555
ADHD,channel,T7_theta_beta_ratio,Fz_beta_power,-0.12236911686938128,0.12236911686938128
ADHD,channel,T7_theta_beta_ratio,Fz_theta_beta_ratio,0.5347964040190375,0.5347964040190375
ADHD,channel,T7_theta_beta_ratio,Cz_delta_power,0.23532522474881015,0.23532522474881015
ADHD,channel,T7_theta_beta_ratio,Cz_theta_power,0.2354309888947647,0.2354309888947647
ADHD,channel,T7_theta_beta_ratio,Cz_alpha_power,-0.2208355367530407,0.2208355367530407
ADHD,channel,T7_theta_beta_ratio,Cz_beta_power,-0.08127974616604972,0.08127974616604972
ADHD,channel,T7_theta_beta_ratio,Cz_theta_beta_ratio,0.324748810153358,0.324748810153358
ADHD,channel,T7_theta_beta_ratio,Pz_delta_power,0.429613960867266,0.429613960867266
ADHD,channel,T7_theta_beta_ratio,Pz_theta_power,0.38730830248545745,0.38730830248545745
ADHD,channel,T7_theta_beta_ratio,Pz_alpha_power,-0.17382337387625596,0.17382337387625596
ADHD,channel,T7_theta_beta_ratio,Pz_beta_power,-0.09021681649920676,0.09021681649920676
ADHD,channel,T7_theta_beta_ratio,Pz_theta_beta_ratio,0.549497620306716,0.549497620306716
ADHD,channel,T8_delta_power,T8_theta_power,0.7859333685880486,0.7859333685880486
ADHD,channel,T8_delta_power,T8_alpha_power,0.46964569011105234,0.46964569011105234
ADHD,channel,T8_delta_power,T8_beta_power,0.38482284505552616,0.38482284505552616
ADHD,channel,T8_delta_power,T8_theta_beta_ratio,0.4815970386039133,0.4815970386039133
ADHD,channel,T8_delta_power,P7_delta_power,0.2301427815970386,0.2301427815970386
ADHD,channel,T8_delta_power,P7_theta_power,0.09698572184029614,0.09698572184029614
ADHD,channel,T8_delta_power,P7_alpha_power,0.15177154944473822,0.15177154944473822
ADHD,channel,T8_delta_power,P7_beta_power,0.17535695399259651,0.17535695399259651
ADHD,channel,T8_delta_power,P7_theta_beta_ratio,-0.021787414066631414,0.021787414066631414
ADHD,channel,T8_delta_power,P8_delta_power,0.5642517186673718,0.5642517186673718
ADHD,channel,T8_delta_power,P8_theta_power,0.43146483342147013,0.43146483342147013
ADHD,channel,T8_delta_power,P8_alpha_power,0.26790058170280273,0.26790058170280273
ADHD,channel,T8_delta_power,P8_beta_power,0.31136964569011105,0.31136964569011105
ADHD,channel,T8_delta_power,P8_theta_beta_ratio,0.1977260708619778,0.1977260708619778
ADHD,channel,T8_delta_power,Fz_delta_power,0.1741406663141195,0.1741406663141195
ADHD,channel,T8_delta_power,Fz_theta_power,0.016657852987837122,0.016657852987837122
ADHD,channel,T8_delta_power,Fz_alpha_power,0.04611316763617134,0.04611316763617134
ADHD,channel,T8_delta_power,Fz_beta_power,0.1094130089899524,0.1094130089899524
ADHD,channel,T8_delta_power,Fz_theta_beta_ratio,-0.09566367001586462,0.09566367001586462
ADHD,channel,T8_delta_power,Cz_delta_power,0.5530407191961925,0.5530407191961925
ADHD,channel,T8_delta_power,Cz_theta_power,0.311158117398202,0.311158117398202
ADHD,channel,T8_delta_power,Cz_alpha_power,0.08672659968270756,0.08672659968270756
ADHD,channel,T8_delta_power,Cz_beta_power,0.1802221047065045,0.1802221047065045
ADHD,channel,T8_delta_power,Cz_theta_beta_ratio,0.12453728186144897,0.12453728186144897
ADHD,channel,T8_delta_power,Pz_delta_power,0.05018508725542041,0.05018508725542041
ADHD,channel,T8_delta_power,Pz_theta_power,0.04034902168164992,0.04034902168164992
ADHD,channel,T8_delta_power,Pz_alpha_power,0.0008461131676361713,0.0008461131676361713
ADHD,channel,T8_delta_power,Pz_beta_power,-0.03807509254362771,0.03807509254362771
ADHD,channel,T8_delta_power,Pz_theta_beta_ratio,0.1029613960867266,0.1029613960867266
ADHD,channel,T8_theta_power,T8_alpha_power,0.6772078265468007,0.6772078265468007
ADHD,channel,T8_theta_power,T8_beta_power,0.5173453199365415,0.5173453199365415
ADHD,channel,T8_theta_power,T8_theta_beta_ratio,0.5624008461131677,0.5624008461131677
ADHD,channel,T8_theta_power,P7_delta_power,0.31713379164463246,0.31713379164463246
ADHD,channel,T8_theta_power,P7_theta_power,0.28355367530407194,0.28355367530407194
ADHD,channel,T8_theta_power,P7_alpha_power,0.38688524590163936,0.38688524590163936
ADHD,channel,T8_theta_power,P7_beta_power,0.3763088313061872,0.3763088313061872
ADHD,channel,T8_theta_power,P7_theta_beta_ratio,0.0009518773135906928,0.0009518773135906928
ADHD,channel,T8_theta_power,P8_delta_power,0.5784769962982549,0.5784769962982549
ADHD,channel,T8_theta_power,P8_theta_power,0.6313590692755155,0.6313590692755155
ADHD,channel,T8_theta_power,P8_alpha_power,0.49148598625066103,0.49148598625066103
ADHD,channel,T8_theta_power,P8_beta_power,0.46599682707562134,0.46599682707562134
ADHD,channel,T8_theta_power,P8_theta_beta_ratio,0.29349550502379695,0.29349550502379695
ADHD,channel,T8_theta_power,Fz_delta_power,0.253146483342147,0.253146483342147
ADHD,channel,T8_theta_power,Fz_theta_power,0.3084082496033845,0.3084082496033845
ADHD,channel,T8_theta_power,Fz_alpha_power,0.2809624537281861,0.2809624537281861
ADHD,channel,T8_theta_power,Fz_beta_power,0.33744050766790057,0.33744050766790057
ADHD,channel,T8_theta_power,Fz_theta_beta_ratio,-0.04378635642517187,0.04378635642517187
ADHD,channel,T8_theta_power,Cz_delta_power,0.5893178212585933,0.5893178212585933
ADHD,channel,T8_theta_power,Cz_theta_power,0.5882601797990481,0.5882601797990481
ADHD,channel,T8_theta_power,Cz_alpha_power,0.24648334214701217,0.24648334214701217
ADHD,channel,T8_theta_power,Cz_beta_power,0.3540983606557377,0.3540983606557377
ADHD,channel,T8_theta_power,Cz_theta_beta_ratio,0.23495505023796934,0.23495505023796934
ADHD,channel,T8_theta_power,Pz_delta_power,0.14219989423585405,0.14219989423585405
ADHD,channel,T8_theta_power,Pz_theta_power,0.2617662612374405,0.2617662612374405
ADHD,channel,T8_theta_power,Pz_alpha_power,0.18233738762559493,0.18233738762559493
ADHD,channel,T8_theta_power,Pz_beta_power,0.15029085140137494,0.15029085140137494
ADHD,channel,T8_theta_power,Pz_theta_beta_ratio,0.15737704918032788,0.15737704918032788
ADHD,channel,T8_alpha_power,T8_beta_power,0.5154415653093601,0.5154415653093601
ADHD,channel,T8_alpha_power,T8_theta_beta_ratio,0.2327340031729244,0.2327340031729244
ADHD,channel,T8_alpha_power,P7_delta_power,0.34108937070333156,0.34108937070333156
ADHD,channel,T8_alpha_power,P7_theta_power,0.2566367001586462,0.2566367001586462
ADHD,channel,T8_alpha_power,P7_alpha_power,0.5657852987837123,0.5657852987837123
ADHD,channel,T8_alpha_power,P7_beta_power,0.3033844526705447,0.3033844526705447
ADHD,channel,T8_alpha_power,P7_theta_beta_ratio,-0.017503966155473293,0.017503966155473293
ADHD,channel,T8_alpha_power,P8_delta_power,0.30830248545742994,0.30830248545742994
ADHD,channel,T8_alpha_power,P8_theta_power,0.4491274457958752,0.4491274457958752
ADHD,channel,T8_alpha_power,P8_alpha_power,0.6913273400317292,0.6913273400317292
ADHD,channel,T8_alpha_power,P8_beta_power,0.46287678476996297,0.46287678476996297
ADHD,channel,T8_alpha_power,P8_theta_beta_ratio,0.07831835007932311,0.07831835007932311
ADHD,channel,T8_alpha_power,Fz_delta_power,0.23828662083553676,0.23828662083553676
ADHD,channel,T8_alpha_power,Fz_theta_power,0.20195663670015865,0.20195663670015865
ADHD,channel,T8_alpha_power,Fz_alpha_power,0.5470121628767848,0.5470121628767848
ADHD,channel,T8_alpha_power,Fz_beta_power,0.32808038075092544,0.32808038075092544
ADHD,channel,T8_alpha_power,Fz_theta_beta_ratio,-0.20200951877313592,0.20200951877313592
ADHD,channel,T8_alpha_power,Cz_delta_power,0.3569539925965098,0.3569539925965098
ADHD,channel,T8_alpha_power,Cz_theta_power,0.32400846113167636,0.32400846113167636
ADHD,channel,T8_alpha_power,Cz_alpha_power,0.7069804336329985,0.7069804336329985
ADHD,channel,T8_alpha_power,Cz_beta_power,0.44701216287678475,0.44701216287678475
ADHD,channel,T8_alpha_power,Cz_theta_beta_ratio,-0.10380750925436277,0.10380750925436277
ADHD,channel,T8_alpha_power,Pz_delta_power,0.1441565309360127,0.1441565309360127
ADHD,channel,T8_alpha_power,Pz_theta_power,0.19444738233738762,0.19444738233738762
ADHD,channel,T8_alpha_power,Pz_alpha_power,0.54420941300899,0.54420941300899
ADHD,channel,T8_alpha_power,Pz_beta_power,0.2666314119513485,0.2666314119513485
ADHD,channel,T8_alpha_power,Pz_theta_beta_ratio,-0.10327868852459017,0.10327868852459017
ADHD,channel,T8_beta_power,T8_theta_beta_ratio,-0.36467477525118985,0.36467477525118985
ADHD,channel,T8_beta_power,P7_delta_power,0.19830777366472765,0.19830777366472765
ADHD,channel,T8_beta_power,P7_theta_power,0.20999471179270227,0.20999471179270227
ADHD,channel,T8_beta_power,P7_alpha_power,0.3333157059756742,0.3333157059756742
ADHD,channel,T8_beta_power,P7_beta_power,0.5795875198307774,0.5795875198307774
ADHD,channel,T8_beta_power,P7_theta_beta_ratio,-0.23268112109994712,0.23268112109994712
ADHD,channel,T8_beta_power,P8_delta_power,0.24584875727128502,0.24584875727128502
ADHD,channel,T8_beta_power,P8_theta_power,0.34056054997355895,0.34056054997355895
ADHD,channel,T8_beta_power,P8_alpha_power,0.34516129032258064,0.34516129032258064
ADHD,channel,T8_beta_power,P8_beta_power,0.7183500793231095,0.7183500793231095
ADHD,channel,T8_beta_power,P8_theta_beta_ratio,-0.26953992596509785,0.26953992596509785
ADHD,channel,T8_beta_power,Fz_delta_power,0.036171337916446326,0.036171337916446326
ADHD,channel,T8_beta_power,Fz_theta_power,0.06916975145425701,0.06916975145425701
ADHD,channel,T8_beta_power,Fz_alpha_power,0.1788471708090957,0.1788471708090957
ADHD,channel,T8_beta_power,Fz_beta_power,0.37773664727657325,0.37773664727657325
ADHD,channel,T8_beta_power,Fz_theta_beta_ratio,-0.27054468535166576,0.27054468535166576
ADHD,channel,T8_beta_power,Cz_delta_power,0.30602855631940773,0.30602855631940773
ADHD,channel,T8_beta_power,Cz_theta_power,0.21544156530936012,0.21544156530936012
ADHD,channel,T8_beta_power,Cz_alpha_power,0.2374405076679006,0.2374405076679006
ADHD,channel,T8_beta_power,Cz_beta_power,0.4504494976203067,0.4504494976203067
ADHD,channel,T8_beta_power,Cz_theta_beta_ratio,-0.2427815970386039,0.2427815970386039
ADHD,channel,T8_beta_power,Pz_delta_power,0.06266525647805395,0.06266525647805395
ADHD,channel,T8_beta_power,Pz_theta_power,0.11909042834479111,0.11909042834479111
ADHD,channel,T8_beta_power,Pz_alpha_power,0.14378635642517187,0.14378635642517187
ADHD,channel,T8_beta_power,Pz_beta_power,0.263088313061872,0.263088313061872
ADHD,channel,T8_beta_power,Pz_theta_beta_ratio,-0.12152300370174511,0.12152300370174511
ADHD,channel,T8_theta_beta_ratio,P7_delta_power,0.17440507667900582,0.17440507667900582
ADHD,channel,T8_theta_beta_ratio,P7_theta_power,0.11729243786356425,0.11729243786356425
ADHD,channel,T8_theta_beta_ratio,P7_alpha_power,0.08952934955050237,0.08952934955050237
ADHD,channel,T8_theta_beta_ratio,P7_beta_power,-0.12041248016922264,0.12041248016922264
ADHD,channel,T8_theta_beta_ratio,P7_theta_beta_ratio,0.20798519301956636,0.20798519301956636
ADHD,channel,T8_theta_beta_ratio,P8_delta_power,0.4384981491274458,0.4384981491274458
ADHD,channel,T8_theta_beta_ratio,P8_theta_power,0.3998413537810682,0.3998413537810682
ADHD,channel,T8_theta_beta_ratio,P8_alpha_power,0.22453728186144897,0.22453728186144897
ADHD,channel,T8_theta_beta_ratio,P8_beta_power,-0.17678476996298254,0.17678476996298254
ADHD,channel,T8_theta_beta_ratio,P8_theta_beta_ratio,0.629402432575357,0.629402432575357
ADHD,channel,T8_theta_beta_ratio,Fz_delta_power,0.2924378635642517,0.2924378635642517
ADHD,channel,T8_theta_beta_ratio,Fz_theta_power,0.30867265996827076,0.30867265996827076
ADHD,channel,T8_theta_beta_ratio,Fz_alpha_power,0.1518244315177155,0.1518244315177155
ADHD,channel,T8_theta_beta_ratio,Fz_beta_power,-0.020624008461131677,0.020624008461131677
ADHD,channel,T8_theta_beta_ratio,Fz_theta_beta_ratio,0.2883130618720254,0.2883130618720254
ADHD,channel,T8_theta_beta_ratio,Cz_delta_power,0.3910629296668429,0.3910629296668429
ADHD,channel,T8_theta_beta_ratio,Cz_theta_power,0.46329984135378105,0.46329984135378105
ADHD,channel,T8_theta_beta_ratio,Cz_alpha_power,0.019830777366472766,0.019830777366472766
ADHD,channel,T8_theta_beta_ratio,Cz_beta_power,-0.017239555790586992,0.017239555790586992
ADHD,channel,T8_theta_beta_ratio,Cz_theta_beta_ratio,0.4909571655208884,0.4909571655208884
ADHD,channel,T8_theta_beta_ratio,Pz_delta_power,0.11374933897408779,0.11374933897408779
ADHD,channel,T8_theta_beta_ratio,Pz_theta_power,0.1686409307244844,0.1686409307244844
ADHD,channel,T8_theta_beta_ratio,Pz_alpha_power,0.04981491274457959,0.04981491274457959
ADHD,channel,T8_theta_beta_ratio,Pz_beta_power,-0.041618191433104176,0.041618191433104176
ADHD,channel,T8_theta_beta_ratio,Pz_theta_beta_ratio,0.21956636700158647,0.21956636700158647
ADHD,channel,P7_delta_power,P7_theta_power,0.8152300370174511,0.8152300370174511
ADHD,channel,P7_delta_power,P7_alpha_power,0.6526176626123744,0.6526176626123744
ADHD,channel,P7_delta_power,P7_beta_power,0.405076679005817,0.405076679005817
ADHD,channel,P7_delta_power,P7_theta_beta_ratio,0.5194606028556319,0.5194606028556319
ADHD,channel,P7_delta_power,P8_delta_power,0.329613960867266,0.329613960867266
ADHD,channel,P7_delta_power,P8_theta_power,0.36086726599682706,0.36086726599682706
ADHD,channel,P7_delta_power,P8_alpha_power,0.3931782125859334,0.3931782125859334
ADHD,channel,P7_delta_power,P8_beta_power,0.3615018508725542,0.3615018508725542
ADHD,channel,P7_delta_power,P8_theta_beta_ratio,0.047382337387625595,0.047382337387625595
ADHD,channel,P7_delta_power,Fz_delta_power,0.6690111052353253,0.6690111052353253
ADHD,channel,P7_delta_power,Fz_theta_power,0.47625594923320996,0.47625594923320996
ADHD,channel,P7_delta_power,Fz_alpha_power,0.3466948704389212,0.3466948704389212
ADHD,channel,P7_delta_power,Fz_beta_power,0.2857747223691169,0.2857747223691169
ADHD,channel,P7_delta_power,Fz_theta_beta_ratio,0.13543098889476468,0.13543098889476468
ADHD,channel,P7_delta_power,Cz_delta_power,0.2953992596509783,0.2953992596509783
ADHD,channel,P7_delta_power,Cz_theta_power,0.16113167636171338,0.16113167636171338
ADHD,channel,P7_delta_power,Cz_alpha_power,0.12390269698572184,0.12390269698572184
ADHD,channel,P7_delta_power,Cz_beta_power,0.3887361184558435,0.3887361184558435
ADHD,channel,P7_delta_power,Cz_theta_beta_ratio,-0.1723955579058699,0.1723955579058699
ADHD,channel,P7_delta_power,Pz_delta_power,0.696562665256478,0.696562665256478
ADHD,channel,P7_delta_power,Pz_theta_power,0.5228979375991539,0.5228979375991539
ADHD,channel,P7_delta_power,Pz_alpha_power,0.2596509783183501,0.2596509783183501
ADHD,channel,P7_delta_power,Pz_beta_power,0.36911686938127974,0.36911686938127974
ADHD,channel,P7_delta_power,Pz_theta_beta_ratio,0.19185616076150186,0.19185616076150186
ADHD,channel,P7_theta_power,P7_alpha_power,0.7911158117398202,0.7911158117398202
ADHD,channel,P7_theta_power,P7_beta_power,0.5060285563194077,0.5060285563194077
ADHD,channel,P7_theta_power,P7_theta_beta_ratio,0.6011634056054997,0.6011634056054997
ADHD,channel,P7_theta_power,P8_delta_power,0.35494447382337385,0.35494447382337385
ADHD,channel,P7_theta_power,P8_theta_power,0.406081438392385,0.406081438392385
ADHD,channel,P7_theta_power,P8_alpha_power,0.30222104706504493,0.30222104706504493
ADHD,channel,P7_theta_power,P8_beta_power,0.3114225277630883,0.3114225277630883
ADHD,channel,P7_theta_power,P8_theta_beta_ratio,0.16663141195134848,0.16663141195134848
ADHD,channel,P7_theta_power,Fz_delta_power,0.432258064516129,0.432258064516129
ADHD,channel,P7_theta_power,Fz_theta_power,0.5716552088841883,0.5716552088841883
ADHD,channel,P7_theta_power,Fz_alpha_power,0.40005288207297723,0.40005288207297723
ADHD,channel,P7_theta_power,Fz_beta_power,0.3561078794288736,0.3561078794288736
ADHD,channel,P7_theta_power,Fz_theta_beta_ratio,0.17747223691168693,0.17747223691168693
ADHD,channel,P7_theta_power,Cz_delta_power,0.2368588048651507,0.2368588048651507
ADHD,channel,P7_theta_power,Cz_theta_power,0.25753569539925963,0.25753569539925963
ADHD,channel,P7_theta_power,Cz_alpha_power,0.07704918032786885,0.07704918032786885
ADHD,channel,P7_theta_power,Cz_beta_power,0.31004759386567954,0.31004759386567954
ADHD,channel,P7_theta_power,Cz_theta_beta_ratio,-0.027445795875198308,0.027445795875198308
ADHD,channel,P7_theta_power,Pz_delta_power,0.5536753040719197,0.5536753040719197
ADHD,channel,P7_theta_power,Pz_theta_power,0.6648334214701216,0.6648334214701216
ADHD,channel,P7_theta_power,Pz_alpha_power,0.2979904812268641,0.2979904812268641
ADHD,channel,P7_theta_power,Pz_beta_power,0.44288736118455846,0.44288736118455846
ADHD,channel,P7_theta_power,Pz_theta_beta_ratio,0.261660497091486,0.261660497091486
ADHD,channel,P7_alpha_power,P7_beta_power,0.5497091485986251,0.5497091485986251
ADHD,channel,P7_alpha_power,P7_theta_beta_ratio,0.3173982020095188,0.3173982020095188
ADHD,channel,P7_alpha_power,P8_delta_power,0.34034902168164993,0.34034902168164993
ADHD,channel,P7_alpha_power,P8_theta_power,0.43802221047065043,0.43802221047065043
ADHD,channel,P7_alpha_power,P8_alpha_power,0.5325753569539926,0.5325753569539926
ADHD,channel,P7_alpha_power,P8_beta_power,0.4430988894764675,0.4430988894764675
ADHD,channel,P7_alpha_power,P8_theta_beta_ratio,0.08968799576943416,0.08968799576943416
ADHD,channel,P7_alpha_power,Fz_delta_power,0.3170809095716552,0.3170809095716552
ADHD,channel,P7_alpha_power,Fz_theta_power,0.44865150713907986,0.44865150713907986
ADHD,channel,P7_alpha_power,Fz_alpha_power,0.6806980433632999,0.6806980433632999
ADHD,channel,P7_alpha_power,Fz_beta_power,0.43833950290851403,0.43833950290851403
ADHD,channel,P7_alpha_power,Fz_theta_beta_ratio,-0.048069804336329985,0.048069804336329985
ADHD,channel,P7_alpha_power,Cz_delta_power,0.2441565309360127,0.2441565309360127
ADHD,channel,P7_alpha_power,Cz_theta_power,0.1774193548387097,0.1774193548387097
ADHD,channel,P7_alpha_power,Cz_alpha_power,0.4358011634056055,0.4358011634056055
ADHD,channel,P7_alpha_power,Cz_beta_power,0.4237969328397673,0.4237969328397673
ADHD,channel,P7_alpha_power,Cz_theta_beta_ratio,-0.18773135906927552,0.18773135906927552
ADHD,channel,P7_alpha_power,Pz_delta_power,0.4133262823902697,0.4133262823902697
ADHD,channel,P7_alpha_power,Pz_theta_power,0.4460602855631941,0.4460602855631941
ADHD,channel,P7_alpha_power,Pz_alpha_power,0.6188260179799048,0.6188260179799048
ADHD,channel,P7_alpha_power,Pz_beta_power,0.48090957165520887,0.48090957165520887
ADHD,channel,P7_alpha_power,Pz_theta_beta_ratio,-0.020624008461131677,0.020624008461131677
ADHD,channel,P7_beta_power,P7_theta_beta_ratio,-0.34727657324167105,0.34727657324167105
ADHD,channel,P7_beta_power,P8_delta_power,0.28603913273400317,0.28603913273400317
ADHD,channel,P7_beta_power,P8_theta_power,0.3515071390798519,0.3515071390798519
ADHD,channel,P7_beta_power,P8_alpha_power,0.2685351665785299,0.2685351665785299
ADHD,channel,P7_beta_power,P8_beta_power,0.581332628239027,0.581332628239027
ADHD,channel,P7_beta_power,P8_theta_beta_ratio,-0.16017979904812268,0.16017979904812268
ADHD,channel,P7_beta_power,Fz_delta_power,0.2570597567424643,0.2570597567424643
ADHD,channel,P7_beta_power,Fz_theta_power,0.3863035430988895,0.3863035430988895
ADHD,channel,P7_beta_power,Fz_alpha_power,0.30756213643574826,0.30756213643574826
ADHD,channel,P7_beta_power,Fz_beta_power,0.6007932310946589,0.6007932310946589
ADHD,channel,P7_beta_power,Fz_theta_beta_ratio,-0.2098360655737705,0.2098360655737705
ADHD,channel,P7_beta_power,Cz_delta_power,0.36430460074034904,0.36430460074034904
ADHD,channel,P7_beta_power,Cz_theta_power,0.214806980433633,0.214806980433633
ADHD,channel,P7_beta_power,Cz_alpha_power,0.2552617662612374,0.2552617662612374
ADHD,channel,P7_beta_power,Cz_beta_power,0.6058170280274987,0.6058170280274987
ADHD,channel,P7_beta_power,Cz_theta_beta_ratio,-0.3130089899524061,0.3130089899524061
ADHD,channel,P7_beta_power,Pz_delta_power,0.3492332099418297,0.3492332099418297
ADHD,channel,P7_beta_power,Pz_theta_power,0.3914331041776838,0.3914331041776838
ADHD,channel,P7_beta_power,Pz_alpha_power,0.3356425171866737,0.3356425171866737
ADHD,channel,P7_beta_power,Pz_beta_power,0.5890005288207297,0.5890005288207297
ADHD,channel,P7_beta_power,Pz_theta_beta_ratio,-0.23786356425171867,0.23786356425171867
ADHD,channel,P7_theta_beta_ratio,P8_delta_power,0.12585933368588048,0.12585933368588048
ADHD,channel,P7_theta_beta_ratio,P8_theta_power,0.1263881544156531,0.1263881544156531
ADHD,channel,P7_theta_beta_ratio,P8_alpha_power,0.06959280803807509,0.06959280803807509
ADHD,channel,P7_theta_beta_ratio,P8_beta_power,-0.14865150713907985,0.14865150713907985
ADHD,channel,P7_theta_beta_ratio,P8_theta_beta_ratio,0.31189846641988367,0.31189846641988367
ADHD,channel,P7_theta_beta_ratio,Fz_delta_power,0.23987308302485458,0.23987308302485458
ADHD,channel,P7_theta_beta_ratio,Fz_theta_power,0.24976203067160233,0.24976203067160233
ADHD,channel,P7_theta_beta_ratio,Fz_alpha_power,0.10787942887361185,0.10787942887361185
ADHD,channel,P7_theta_beta_ratio,Fz_beta_power,-0.14637757800105763,0.14637757800105763
ADHD,channel,P7_theta_beta_ratio,Fz_theta_beta_ratio,0.388841882601798,0.388841882601798
ADHD,channel,P7_theta_beta_ratio,Cz_delta_power,-0.02321523003701745,0.02321523003701745
ADHD,channel,P7_theta_beta_ratio,Cz_theta_power,0.13046007403490217,0.13046007403490217
ADHD,channel,P7_theta_beta_ratio,Cz_alpha_power,-0.18646218931782127,0.18646218931782127
ADHD,channel,P7_theta_beta_ratio,Cz_beta_power,-0.20396615547329455,0.20396615547329455
ADHD,channel,P7_theta_beta_ratio,Cz_theta_beta_ratio,0.274246430460074,0.274246430460074
ADHD,channel,P7_theta_beta_ratio,Pz_delta_power,0.3160761501850873,0.3160761501850873
ADHD,channel,P7_theta_beta_ratio,Pz_theta_power,0.38313061872025383,0.38313061872025383
ADHD,channel,P7_theta_beta_ratio,Pz_alpha_power,-0.03939714436805923,0.03939714436805923
ADHD,channel,P7_theta_beta_ratio,Pz_beta_power,-0.06197778952934955,0.06197778952934955
ADHD,channel,P7_theta_beta_ratio,Pz_theta_beta_ratio,0.5479640401903755,0.5479640401903755
ADHD,channel,P8_delta_power,P8_theta_power,0.8735589635113696,0.8735589635113696
ADHD,channel,P8_delta_power,P8_alpha_power,0.5785827604442094,0.5785827604442094
ADHD,channel,P8_delta_power,P8_beta_power,0.4264939185616076,0.4264939185616076
ADHD,channel,P8_delta_power,P8_theta_beta_ratio,0.5722897937599154,0.5722897937599154
ADHD,channel,P8_delta_power,Fz_delta_power,0.24108937070333156,0.24108937070333156
ADHD,channel,P8_delta_power,Fz_theta_power,0.1935483870967742,0.1935483870967742
ADHD,channel,P8_delta_power,Fz_alpha_power,0.06129032258064516,0.06129032258064516
ADHD,channel,P8_delta_power,Fz_beta_power,0.014331041776837652,0.014331041776837652
ADHD,channel,P8_delta_power,Fz_theta_beta_ratio,0.2025383395029085,0.2025383395029085
ADHD,channel,P8_delta_power,Cz_delta_power,0.6665256478053939,0.6665256478053939
ADHD,channel,P8_delta_power,Cz_theta_power,0.45023796932839766,0.45023796932839766
ADHD,channel,P8_delta_power,Cz_alpha_power,0.06816499206768906,0.06816499206768906
ADHD,channel,P8_delta_power,Cz_beta_power,0.20586991010047595,0.20586991010047595
ADHD,channel,P8_delta_power,Cz_theta_beta_ratio,0.21126388154415654,0.21126388154415654
ADHD,channel,P8_delta_power,Pz_delta_power,0.14257006874669487,0.14257006874669487
ADHD,channel,P8_delta_power,Pz_theta_power,0.23426758328926495,0.23426758328926495
ADHD,channel,P8_delta_power,Pz_alpha_power,-0.030301427815970387,0.030301427815970387
ADHD,channel,P8_delta_power,Pz_beta_power,0.0013220518244315177,0.0013220518244315177
ADHD,channel,P8_delta_power,Pz_theta_beta_ratio,0.27773664727657327,0.27773664727657327
ADHD,channel,P8_theta_power,P8_alpha_power,0.782548915917504,0.782548915917504
ADHD,channel,P8_theta_power,P8_beta_power,0.5547329455314648,0.5547329455314648
ADHD,channel,P8_theta_power,P8_theta_beta_ratio,0.5968270756213644,0.5968270756213644
ADHD,channel,P8_theta_power,Fz_delta_power,0.24664198836594395,0.24664198836594395
ADHD,channel,P8_theta_power,Fz_theta_power,0.32173453199365415,0.32173453199365415
ADHD,channel,P8_theta_power,Fz_alpha_power,0.2358011634056055,0.2358011634056055
ADHD,channel,P8_theta_power,Fz_beta_power,0.14299312533051295,0.14299312533051295
ADHD,channel,P8_theta_power,Fz_theta_beta_ratio,0.18915917503966156,0.18915917503966156
ADHD,channel,P8_theta_power,Cz_delta_power,0.566314119513485,0.566314119513485
ADHD,channel,P8_theta_power,Cz_theta_power,0.5602326811210999,0.5602326811210999
ADHD,channel,P8_theta_power,Cz_alpha_power,0.1921734531993654,0.1921734531993654
ADHD,channel,P8_theta_power,Cz_beta_power,0.3465891062929667,0.3465891062929667
ADHD,channel,P8_theta_power,Cz_theta_beta_ratio,0.19751454257006876,0.19751454257006876
ADHD,channel,P8_theta_power,Pz_delta_power,0.1222104706504495,0.1222104706504495
ADHD,channel,P8_theta_power,Pz_theta_power,0.28714965626652567,0.28714965626652567
ADHD,channel,P8_theta_power,Pz_alpha_power,0.12004230565838181,0.12004230565838181
ADHD,channel,P8_theta_power,Pz_beta_power,0.10200951877313591,0.10200951877313591
ADHD,channel,P8_theta_power,Pz_theta_beta_ratio,0.2600740349021682,0.2600740349021682
ADHD,channel,P8_alpha_power,P8_beta_power,0.6432575356953992,0.6432575356953992
ADHD,channel,P8_alpha_power,P8_theta_beta_ratio,0.32094130089899525,0.32094130089899525
ADHD,channel,P8_alpha_power,Fz_delta_power,0.2708090957165521,0.2708090957165521
ADHD,channel,P8_alpha_power,Fz_theta_power,0.24669487043892122,0.24669487043892122
ADHD,channel,P8_alpha_power,Fz_alpha_power,0.4700687466948704,0.4700687466948704
ADHD,channel,P8_alpha_power,Fz_beta_power,0.24045478582760443,0.24045478582760443
ADHD,channel,P8_alpha_power,Fz_theta_beta_ratio,-0.04769962982548916,0.04769962982548916
ADHD,channel,P8_alpha_power,Cz_delta_power,0.32078265468006345,0.32078265468006345
ADHD,channel,P8_alpha_power,Cz_theta_power,0.2734531993654151,0.2734531993654151
ADHD,channel,P8_alpha_power,Cz_alpha_power,0.47990481226864096,0.47990481226864096
ADHD,channel,P8_alpha_power,Cz_beta_power,0.43585404547858275,0.43585404547858275
ADHD,channel,P8_alpha_power,Cz_theta_beta_ratio,-0.12559492332099417,0.12559492332099417
ADHD,channel,P8_alpha_power,Pz_delta_power,0.11269169751454257,0.11269169751454257
ADHD,channel,P8_alpha_power,Pz_theta_power,0.11512427287149657,0.11512427287149657
ADHD,channel,P8_alpha_power,Pz_alpha_power,0.39539925965097833,0.39539925965097833
ADHD,channel,P8_alpha_power,Pz_beta_power,0.227181385510312,0.227181385510312
ADHD,channel,P8_alpha_power,Pz_theta_beta_ratio,-0.054574299312533055,0.054574299312533055
ADHD,channel,P8_beta_power,P8_theta_beta_ratio,-0.22850343733474351,0.22850343733474351
ADHD,channel,P8_beta_power,Fz_delta_power,0.10756213643574829,0.10756213643574829
ADHD,channel,P8_beta_power,Fz_theta_power,0.17059756742464305,0.17059756742464305
ADHD,channel,P8_beta_power,Fz_alpha_power,0.2524061343204654,0.2524061343204654
ADHD,channel,P8_beta_power,Fz_beta_power,0.3400846113167636,0.3400846113167636
ADHD,channel,P8_beta_power,Fz_theta_beta_ratio,-0.12929666842940243,0.12929666842940243
ADHD,channel,P8_beta_power,Cz_delta_power,0.3006874669487044,0.3006874669487044
ADHD,channel,P8_beta_power,Cz_theta_power,0.15118984664198837,0.15118984664198837
ADHD,channel,P8_beta_power,Cz_alpha_power,0.23194077207826547,0.23194077207826547
ADHD,channel,P8_beta_power,Cz_beta_power,0.5340031729243786,0.5340031729243786
ADHD,channel,P8_beta_power,Cz_theta_beta_ratio,-0.308725542041248,0.308725542041248
ADHD,channel,P8_beta_power,Pz_delta_power,0.10898995240613432,0.10898995240613432
ADHD,channel,P8_beta_power,Pz_theta_power,0.07636171337916446,0.07636171337916446
ADHD,channel,P8_beta_power,Pz_alpha_power,0.1635113696456901,0.1635113696456901
ADHD,channel,P8_beta_power,Pz_beta_power,0.24315177154944473,0.24315177154944473
ADHD,channel,P8_beta_power,Pz_theta_beta_ratio,-0.08392384981491274,0.08392384981491274
ADHD,channel,P8_theta_beta_ratio,Fz_delta_power,0.12226335272342675,0.12226335272342675
ADHD,channel,P8_theta_beta_ratio,Fz_theta_power,0.13521946060285564,0.13521946060285564
ADHD,channel,P8_theta_beta_ratio,Fz_alpha_power,-0.0022210470650449498,0.0022210470650449498
ADHD,channel,P8_theta_beta_ratio,Fz_beta_power,-0.20460074034902168,0.20460074034902168
ADHD,channel,P8_theta_beta_ratio,Fz_theta_beta_ratio,0.33939714436805923,0.33939714436805923
ADHD,channel,P8_theta_beta_ratio,Cz_delta_power,0.25668958223162347,0.25668958223162347
ADHD,channel,P8_theta_beta_ratio,Cz_theta_power,0.4006874669487044,0.4006874669487044
ADHD,channel,P8_theta_beta_ratio,Cz_alpha_power,-0.048069804336329985,0.048069804336329985
ADHD,channel,P8_theta_beta_ratio,Cz_beta_power,-0.1935483870967742,0.1935483870967742
ADHD,channel,P8_theta_beta_ratio,Cz_theta_beta_ratio,0.5133791644632469,0.5133791644632469
ADHD,channel,P8_theta_beta_ratio,Pz_delta_power,-0.00042305658381808567,0.00042305658381808567
ADHD,channel,P8_theta_beta_ratio,Pz_theta_power,0.169169751454257,0.169169751454257
ADHD,channel,P8_theta_beta_ratio,Pz_alpha_power,-0.03844526705446853,0.03844526705446853
ADHD,channel,P8_theta_beta_ratio,Pz_beta_power,-0.17911158117398202,0.17911158117398202
ADHD,channel,P8_theta_beta_ratio,Pz_theta_beta_ratio,0.40772078265468004,0.40772078265468004
ADHD,channel,Fz_delta_power,Fz_theta_power,0.5873611845584347,0.5873611845584347
ADHD,channel,Fz_delta_power,Fz_alpha_power,0.3434690639873083,0.3434690639873083
ADHD,channel,Fz_delta_power,Fz_beta_power,0.3379693283976732,0.3379693283976732
ADHD,channel,Fz_delta_power,Fz_theta_beta_ratio,0.1792702273929138,0.1792702273929138
ADHD,channel,Fz_delta_power,Cz_delta_power,0.43030142781597036,0.43030142781597036
ADHD,channel,Fz_delta_power,Cz_theta_power,0.2810153358011634,0.2810153358011634
ADHD,channel,Fz_delta_power,Cz_alpha_power,0.166737176097303,0.166737176097303
ADHD,channel,Fz_delta_power,Cz_beta_power,0.3719196192490746,0.3719196192490746
ADHD,channel,Fz_delta_power,Cz_theta_beta_ratio,-0.06351136964569011,0.06351136964569011
ADHD,channel,Fz_delta_power,Pz_delta_power,0.6841353781068218,0.6841353781068218
ADHD,channel,Fz_delta_power,Pz_theta_power,0.5136435748281333,0.5136435748281333
ADHD,channel,Fz_delta_power,Pz_alpha_power,0.26631411951348494,0.26631411951348494
ADHD,channel,Fz_delta_power,Pz_beta_power,0.3492332099418297,0.3492332099418297
ADHD,channel,Fz_delta_power,Pz_theta_beta_ratio,0.12347964040190375,0.12347964040190375
ADHD,channel,Fz_theta_power,Fz_alpha_power,0.596351136964569,0.596351136964569
ADHD,channel,Fz_theta_power,Fz_beta_power,0.5616076150185088,0.5616076150185088
ADHD,channel,Fz_theta_power,Fz_theta_beta_ratio,0.35510312004230565,0.35510312004230565
ADHD,channel,Fz_theta_power,Cz_delta_power,0.3304071919619249,0.3304071919619249
ADHD,channel,Fz_theta_power,Cz_theta_power,0.5399259650978319,0.5399259650978319
ADHD,channel,Fz_theta_power,Cz_alpha_power,0.11438392384981491,0.11438392384981491
ADHD,channel,Fz_theta_power,Cz_beta_power,0.43447911158117397,0.43447911158117397
ADHD,channel,Fz_theta_power,Cz_theta_beta_ratio,0.14436805922792173,0.14436805922792173
ADHD,channel,Fz_theta_power,Pz_delta_power,0.5047065044949762,0.5047065044949762
ADHD,channel,Fz_theta_power,Pz_theta_power,0.7096245372818615,0.7096245372818615
ADHD,channel,Fz_theta_power,Pz_alpha_power,0.3723955579058699,0.3723955579058699
ADHD,channel,Fz_theta_power,Pz_beta_power,0.5526176626123744,0.5526176626123744
ADHD,channel,Fz_theta_power,Pz_theta_beta_ratio,0.09196192490745637,0.09196192490745637
ADHD,channel,Fz_alpha_power,Fz_beta_power,0.5956636700158646,0.5956636700158646
ADHD,channel,Fz_alpha_power,Fz_theta_beta_ratio,-0.12258064516129032,0.12258064516129032
ADHD,channel,Fz_alpha_power,Cz_delta_power,0.059545214172395555,0.059545214172395555
ADHD,channel,Fz_alpha_power,Cz_theta_power,0.22078265468006344,0.22078265468006344
ADHD,channel,Fz_alpha_power,Cz_alpha_power,0.5702802749867795,0.5702802749867795
ADHD,channel,Fz_alpha_power,Cz_beta_power,0.46208355367530407,0.46208355367530407
ADHD,channel,Fz_alpha_power,Cz_theta_beta_ratio,-0.20893707033315706,0.20893707033315706
ADHD,channel,Fz_alpha_power,Pz_delta_power,0.2556319407720783,0.2556319407720783
ADHD,channel,Fz_alpha_power,Pz_theta_power,0.36372289793759915,0.36372289793759915
ADHD,channel,Fz_alpha_power,Pz_alpha_power,0.7255420412480169,0.7255420412480169
ADHD,channel,Fz_alpha_power,Pz_beta_power,0.5840824960338445,0.5840824960338445
ADHD,channel,Fz_alpha_power,Pz_theta_beta_ratio,-0.2938127974616605,0.2938127974616605
ADHD,channel,Fz_beta_power,Fz_theta_beta_ratio,-0.48397673188789003,0.48397673188789003
ADHD,channel,Fz_beta_power,Cz_delta_power,0.1771020624008461,0.1771020624008461
ADHD,channel,Fz_beta_power,Cz_theta_power,0.2570597567424643,0.2570597567424643
ADHD,channel,Fz_beta_power,Cz_alpha_power,0.36679005817028026,0.36679005817028026
ADHD,channel,Fz_beta_power,Cz_beta_power,0.6309360126916975,0.6309360126916975
ADHD,channel,Fz_beta_power,Cz_theta_beta_ratio,-0.3285034373347435,0.3285034373347435
ADHD,channel,Fz_beta_power,Pz_delta_power,0.32231623479640403,0.32231623479640403
ADHD,channel,Fz_beta_power,Pz_theta_power,0.45594923320994185,0.45594923320994185
ADHD,channel,Fz_beta_power,Pz_alpha_power,0.4990481226864093,0.4990481226864093
ADHD,channel,Fz_beta_power,Pz_beta_power,0.7881544156530936,0.7881544156530936
ADHD,channel,Fz_beta_power,Pz_theta_beta_ratio,-0.4156530936012692,0.4156530936012692
ADHD,channel,Fz_theta_beta_ratio,Cz_delta_power,0.16409307244843999,0.16409307244843999
ADHD,channel,Fz_theta_beta_ratio,Cz_theta_power,0.31369645690111053,0.31369645690111053
ADHD,channel,Fz_theta_beta_ratio,Cz_alpha_power,-0.3449497620306716,0.3449497620306716
ADHD,channel,Fz_theta_beta_ratio,Cz_beta_power,-0.21983077736647277,0.21983077736647277
ADHD,channel,Fz_theta_beta_ratio,Cz_theta_beta_ratio,0.5231094658910629,0.5231094658910629
ADHD,channel,Fz_theta_beta_ratio,Pz_delta_power,0.17519830777366474,0.17519830777366474
ADHD,channel,Fz_theta_beta_ratio,Pz_theta_power,0.23812797461660498,0.23812797461660498
ADHD,channel,Fz_theta_beta_ratio,Pz_alpha_power,-0.24257006874669487,0.24257006874669487
ADHD,channel,Fz_theta_beta_ratio,Pz_beta_power,-0.32051824431517717,0.32051824431517717
ADHD,channel,Fz_theta_beta_ratio,Pz_theta_beta_ratio,0.6372818614489688,0.6372818614489688
ADHD,channel,Cz_delta_power,Cz_theta_power,0.6766261237440507,0.6766261237440507
ADHD,channel,Cz_delta_power,Cz_alpha_power,0.2512427287149656,0.2512427287149656
ADHD,channel,Cz_delta_power,Cz_beta_power,0.45542041248016923,0.45542041248016923
ADHD,channel,Cz_delta_power,Cz_theta_beta_ratio,0.23194077207826547,0.23194077207826547
ADHD,channel,Cz_delta_power,Pz_delta_power,0.4473823373876256,0.4473823373876256
ADHD,channel,Cz_delta_power,Pz_theta_power,0.4299841353781068,0.4299841353781068
ADHD,channel,Cz_delta_power,Pz_alpha_power,0.09746166049709148,0.09746166049709148
ADHD,channel,Cz_delta_power,Pz_beta_power,0.18487572712850345,0.18487572712850345
ADHD,channel,Cz_delta_power,Pz_theta_beta_ratio,0.2031200423056584,0.2031200423056584
ADHD,channel,Cz_theta_power,Cz_alpha_power,0.25780010576414597,0.25780010576414597
ADHD,channel,Cz_theta_power,Cz_beta_power,0.38365943945002645,0.38365943945002645
ADHD,channel,Cz_theta_power,Cz_theta_beta_ratio,0.5810682178741406,0.5810682178741406
ADHD,channel,Cz_theta_power,Pz_delta_power,0.253146483342147,0.253146483342147
ADHD,channel,Cz_theta_power,Pz_theta_power,0.5902168164992068,0.5902168164992068
ADHD,channel,Cz_theta_power,Pz_alpha_power,0.15674246430460073,0.15674246430460073
ADHD,channel,Cz_theta_power,Pz_beta_power,0.17218402961396087,0.17218402961396087
ADHD,channel,Cz_theta_power,Pz_theta_beta_ratio,0.38714965626652564,0.38714965626652564
ADHD,channel,Cz_alpha_power,Cz_beta_power,0.4886832363828662,0.4886832363828662
ADHD,channel,Cz_alpha_power,Cz_theta_beta_ratio,-0.1854574299312533,0.1854574299312533
ADHD,channel,Cz_alpha_power,Pz_delta_power,0.2094130089899524,0.2094130089899524
ADHD,channel,Cz_alpha_power,Pz_theta_power,0.22205182443151772,0.22205182443151772
ADHD,channel,Cz_alpha_power,Pz_alpha_power,0.7516129032258064,0.7516129032258064
ADHD,channel,Cz_alpha_power,Pz_beta_power,0.380327868852459,0.380327868852459
ADHD,channel,Cz_alpha_power,Pz_theta_beta_ratio,-0.25980962453728185,0.25980962453728185
ADHD,channel,Cz_beta_power,Cz_theta_beta_ratio,-0.48968799576943417,0.48968799576943417
ADHD,channel,Cz_beta_power,Pz_delta_power,0.4950290851401375,0.4950290851401375
ADHD,channel,Cz_beta_power,Pz_theta_power,0.45737704918032784,0.45737704918032784
ADHD,channel,Cz_beta_power,Pz_alpha_power,0.4683236382866208,0.4683236382866208
ADHD,channel,Cz_beta_power,Pz_beta_power,0.7234267583289264,0.7234267583289264
ADHD,channel,Cz_beta_power,Pz_theta_beta_ratio,-0.34992067689053413,0.34992067689053413
ADHD,channel,Cz_theta_beta_ratio,Pz_delta_power,-0.19666842940243257,0.19666842940243257
ADHD,channel,Cz_theta_beta_ratio,Pz_theta_power,0.13680592279217346,0.13680592279217346
ADHD,channel,Cz_theta_beta_ratio,Pz_alpha_power,-0.25230037017451085,0.25230037017451085
ADHD,channel,Cz_theta_beta_ratio,Pz_beta_power,-0.48096245372818613,0.48096245372818613
ADHD,channel,Cz_theta_beta_ratio,Pz_theta_beta_ratio,0.681544156530936,0.681544156530936
ADHD,channel,Pz_delta_power,Pz_theta_power,0.7094130089899524,0.7094130089899524
ADHD,channel,Pz_delta_power,Pz_alpha_power,0.29740877842411423,0.29740877842411423
ADHD,channel,Pz_delta_power,Pz_beta_power,0.4965626652564781,0.4965626652564781
ADHD,channel,Pz_delta_power,Pz_theta_beta_ratio,0.13400317292437863,0.13400317292437863
ADHD,channel,Pz_theta_power,Pz_alpha_power,0.36885245901639346,0.36885245901639346
ADHD,channel,Pz_theta_power,Pz_beta_power,0.5682178741406663,0.5682178741406663
ADHD,channel,Pz_theta_power,Pz_theta_beta_ratio,0.32818614489687997,0.32818614489687997
ADHD,channel,Pz_alpha_power,Pz_beta_power,0.6111052353252248,0.6111052353252248
ADHD,channel,Pz_alpha_power,Pz_theta_beta_ratio,-0.32215758857747223,0.32215758857747223
ADHD,channel,Pz_beta_power,Pz_theta_beta_ratio,-0.5204124801692226,0.5204124801692226
Control,regional,frontal_delta_power_mean,frontal_theta_power_mean,0.7358710752986941,0.7358710752986941
Control,regional,frontal_delta_power_mean,frontal_alpha_power_mean,0.5018060572381217,0.5018060572381217
Control,regional,frontal_delta_power_mean,frontal_beta_power_mean,0.3951097527090859,0.3951097527090859
Control,regional,frontal_delta_power_mean,frontal_theta_beta_ratio,0.4691858849680467,0.4691858849680467
Control,regional,frontal_delta_power_mean,central_delta_power_mean,0.8130036121144762,0.8130036121144762
Control,regional,frontal_delta_power_mean,central_theta_power_mean,0.5580439010836343,0.5580439010836343
Control,regional,frontal_delta_power_mean,central_alpha_power_mean,0.21583773270352877,0.21583773270352877
Control,regional,frontal_delta_power_mean,central_beta_power_mean,0.2810780772436788,0.2810780772436788
Control,regional,frontal_delta_power_mean,central_theta_beta_ratio,0.42534037232564603,0.42534037232564603
Control,regional,frontal_delta_power_mean,parietal_delta_power_mean,0.7453181439288691,0.7453181439288691
Control,regional,frontal_delta_power_mean,parietal_theta_power_mean,0.5850514031675466,0.5850514031675466
Control,regional,frontal_delta_power_mean,parietal_alpha_power_mean,0.394331758821895,0.394331758821895
Control,regional,frontal_delta_power_mean,parietal_beta_power_mean,0.45006946373992773,0.45006946373992773
Control,regional,frontal_delta_power_mean,parietal_theta_beta_ratio,0.26551819949986105,0.26551819949986105
Control,regional,frontal_delta_power_mean,temporal_delta_power_mean,0.6077799388719088,0.6077799388719088
Control,regional,frontal_delta_power_mean,temporal_theta_power_mean,0.5453737149208113,0.5453737149208113
Control,regional,frontal_delta_power_mean,temporal_alpha_power_mean,0.3974437343706585,0.3974437343706585
Control,regional,frontal_delta_power_mean,temporal_beta_power_mean,0.40138927479855513,0.40138927479855513
Control,regional,frontal_delta_power_mean,temporal_theta_beta_ratio,0.2297304806890803,0.2297304806890803
Control,regional,frontal_delta_power_mean,occipital_delta_power_mean,0.7155876632397888,0.7155876632397888
Control,regional,frontal_delta_power_mean,occipital_theta_power_mean,0.5377604890247291,0.5377604890247291
Control,regional,frontal_delta_power_mean,occipital_alpha_power_mean,0.4675743262017227,0.4675743262017227
Control,regional,frontal_delta_power_mean,occipital_beta_power_mean,0.39560989163656574,0.39560989163656574
Control,regional,frontal_delta_power_mean,occipital_theta_beta_ratio,0.24201166990830786,0.24201166990830786
Control,regional,frontal_theta_power_mean,frontal_alpha_power_mean,0.7583773270352876,0.7583773270352876
Control,regional,frontal_theta_power_mean,frontal_beta_power_mean,0.623450958599611,0.623450958599611
Control,regional,frontal_theta_power_mean,frontal_theta_beta_ratio,0.5044734648513476,0.5044734648513476
Control,regional,frontal_theta_power_mean,central_delta_power_mean,0.5726590719644346,0.5726590719644346
Control,regional,frontal_theta_power_mean,central_theta_power_mean,0.8315643234231731,0.8315643234231731
Control,regional,frontal_theta_power_mean,central_alpha_power_mean,0.5012503473186997,0.5012503473186997
Control,regional,frontal_theta_power_mean,central_beta_power_mean,0.5538205056960267,0.5538205056960267
Control,regional,frontal_theta_power_mean,central_theta_beta_ratio,0.34898582939705475,0.34898582939705475
Control,regional,frontal_theta_power_mean,parietal_delta_power_mean,0.5070853014726313,0.5070853014726313
Control,regional,frontal_theta_power_mean,parietal_theta_power_mean,0.7786607390941929,0.7786607390941929
Control,regional,frontal_theta_power_mean,parietal_alpha_power_mean,0.620227841066963,0.620227841066963
Control,regional,frontal_theta_power_mean,parietal_beta_power_mean,0.648513475965546,0.648513475965546
Control,regional,frontal_theta_power_mean,parietal_theta_beta_ratio,0.2500138927479856,0.2500138927479856
Control,regional,frontal_theta_power_mean,temporal_delta_power_mean,0.32258960822450683,0.32258960822450683
Control,regional,frontal_theta_power_mean,temporal_theta_power_mean,0.683023061961656,0.683023061961656
Control,regional,frontal_theta_power_mean,temporal_alpha_power_mean,0.5711030841900528,0.5711030841900528
Control,regional,frontal_theta_power_mean,temporal_beta_power_mean,0.5348707974437343,0.5348707974437343
Control,regional,frontal_theta_power_mean,temporal_theta_beta_ratio,0.23701028063350932,0.23701028063350932
Control,regional,frontal_theta_power_mean,occipital_delta_power_mean,0.47057515976660186,0.47057515976660186
Control,regional,frontal_theta_power_mean,occipital_theta_power_mean,0.5450958599611003,0.5450958599611003
Control,regional,frontal_theta_power_mean,occipital_alpha_power_mean,0.5653792720200056,0.5653792720200056
Control,regional,frontal_theta_power_mean,occipital_beta_power_mean,0.49736037788274523,0.49736037788274523
Control,regional,frontal_theta_power_mean,occipital_theta_beta_ratio,0.16554598499583217,0.16554598499583217
Control,regional,frontal_alpha_power_mean,frontal_beta_power_mean,0.7375937760489025,0.7375937760489025
Control,regional,frontal_alpha_power_mean,frontal_theta_beta_ratio,0.1387607668796888,0.1387607668796888
Control,regional,frontal_alpha_power_mean,central_delta_power_mean,0.34715198666296193,0.34715198666296193
Control,regional,frontal_alpha_power_mean,central_theta_power_mean,0.6570714087246458,0.6570714087246458
Control,regional,frontal_alpha_power_mean,central_alpha_power_mean,0.7987774381772714,0.7987774381772714
Control,regional,frontal_alpha_power_mean,central_beta_power_mean,0.7093081411503195,0.7093081411503195
Control,regional,frontal_alpha_power_mean,central_theta_beta_ratio,0.009724923589886079,0.009724923589886079
Control,regional,frontal_alpha_power_mean,parietal_delta_power_mean,0.2828007779938872,0.2828007779938872
Control,regional,frontal_alpha_power_mean,parietal_theta_power_mean,0.5686579605445957,0.5686579605445957
Control,regional,frontal_alpha_power_mean,parietal_alpha_power_mean,0.8806335093081411,0.8806335093081411
Control,regional,frontal_alpha_power_mean,parietal_beta_power_mean,0.7474854126146152,0.7474854126146152
Control,regional,frontal_alpha_power_mean,parietal_theta_beta_ratio,-0.045123645457071405,0.045123645457071405
Control,regional,frontal_alpha_power_mean,temporal_delta_power_mean,0.13020283412058906,0.13020283412058906
Control,regional,frontal_alpha_power_mean,temporal_theta_power_mean,0.45607113086968604,0.45607113086968604
Control,regional,frontal_alpha_power_mean,temporal_alpha_power_mean,0.8292303417616005,0.8292303417616005
Control,regional,frontal_alpha_power_mean,temporal_beta_power_mean,0.6240622395109753,0.6240622395109753
Control,regional,frontal_alpha_power_mean,temporal_theta_beta_ratio,-0.05657126979716588,0.05657126979716588
Control,regional,frontal_alpha_power_mean,occipital_delta_power_mean,0.25801611558766324,0.25801611558766324
Control,regional,frontal_alpha_power_mean,occipital_theta_power_mean,0.40622395109752707,0.40622395109752707
Control,regional,frontal_alpha_power_mean,occipital_alpha_power_mean,0.7472075576549041,0.7472075576549041
Control,regional,frontal_alpha_power_mean,occipital_beta_power_mean,0.43262017227007504,0.43262017227007504
Control,regional,frontal_alpha_power_mean,occipital_theta_beta_ratio,0.07335370936371215,0.07335370936371215
Control,regional,frontal_beta_power_mean,frontal_theta_beta_ratio,-0.2755209780494582,0.2755209780494582
Control,regional,frontal_beta_power_mean,central_delta_power_mean,0.2500138927479856,0.2500138927479856
Control,regional,frontal_beta_power_mean,central_theta_power_mean,0.5015282022784107,0.5015282022784107
Control,regional,frontal_beta_power_mean,central_alpha_power_mean,0.5477632675743263,0.5477632675743263
Control,regional,frontal_beta_power_mean,central_beta_power_mean,0.7664906918588497,0.7664906918588497
Control,regional,frontal_beta_power_mean,central_theta_beta_ratio,-0.2619060850236177,0.2619060850236177
Control,regional,frontal_beta_power_mean,parietal_delta_power_mean,0.22689636010002778,0.22689636010002778
Control,regional,frontal_beta_power_mean,parietal_theta_power_mean,0.43473186996387886,0.43473186996387886
Control,regional,frontal_beta_power_mean,parietal_alpha_power_mean,0.6599055293136983,0.6599055293136983
Control,regional,frontal_beta_power_mean,parietal_beta_power_mean,0.845290358432898,0.845290358432898
Control,regional,frontal_beta_power_mean,parietal_theta_beta_ratio,-0.24167824395665463,0.24167824395665463
Control,regional,frontal_beta_power_mean,temporal_delta_power_mean,0.08152264517921645,0.08152264517921645
Control,regional,frontal_beta_power_mean,temporal_theta_power_mean,0.326146151708808,0.326146151708808
Control,regional,frontal_beta_power_mean,temporal_alpha_power_mean,0.5583217560433453,0.5583217560433453
Control,regional,frontal_beta_power_mean,temporal_beta_power_mean,0.7425395943317589,0.7425395943317589
Control,regional,frontal_beta_power_mean,temporal_theta_beta_ratio,-0.26974159488746874,0.26974159488746874
Control,regional,frontal_beta_power_mean,occipital_delta_power_mean,0.24290080577938317,0.24290080577938317
Control,regional,frontal_beta_power_mean,occipital_theta_power_mean,0.35198666296193387,0.35198666296193387
Control,regional,frontal_beta_power_mean,occipital_alpha_power_mean,0.6579605445957211,0.6579605445957211
Control,regional,frontal_beta_power_mean,occipital_beta_power_mean,0.5895526535148652,0.5895526535148652
Control,regional,frontal_beta_power_mean,occipital_theta_beta_ratio,-0.10980828007779939,0.10980828007779939
Control,regional,frontal_theta_beta_ratio,central_delta_power_mean,0.4206168380105585,0.4206168380105585
Control,regional,frontal_theta_beta_ratio,central_theta_power_mean,0.39972214504028897,0.39972214504028897
Control,regional,frontal_theta_beta_ratio,central_alpha_power_mean,-0.020839121978327314,0.020839121978327314
Control,regional,frontal_theta_beta_ratio,central_beta_power_mean,-0.18894137260350097,0.18894137260350097
Control,regional,frontal_theta_beta_ratio,central_theta_beta_ratio,0.8000555709919422,0.8000555709919422
Control,regional,frontal_theta_beta_ratio,parietal_delta_power_mean,0.3844956932481245,0.3844956932481245
Control,regional,frontal_theta_beta_ratio,parietal_theta_power_mean,0.43723256460127813,0.43723256460127813
Control,regional,frontal_theta_beta_ratio,parietal_alpha_power_mean,0.03989997221450403,0.03989997221450403
Control,regional,frontal_theta_beta_ratio,parietal_beta_power_mean,-0.10525145873853849,0.10525145873853849
Control,regional,frontal_theta_beta_ratio,parietal_theta_beta_ratio,0.6271186440677966,0.6271186440677966
Control,regional,frontal_theta_beta_ratio,temporal_delta_power_mean,0.2919699916643512,0.2919699916643512
Control,regional,frontal_theta_beta_ratio,temporal_theta_power_mean,0.4440677966101695,0.4440677966101695
Control,regional,frontal_theta_beta_ratio,temporal_alpha_power_mean,0.09491525423728814,0.09491525423728814
Control,regional,frontal_theta_beta_ratio,temporal_beta_power_mean,-0.15198666296193386,0.15198666296193386
Control,regional,frontal_theta_beta_ratio,temporal_theta_beta_ratio,0.6281189219227563,0.6281189219227563
Control,regional,frontal_theta_beta_ratio,occipital_delta_power_mean,0.3272575715476521,0.3272575715476521
Control,regional,frontal_theta_beta_ratio,occipital_theta_power_mean,0.28152264517921644,0.28152264517921644
Control,regional,frontal_theta_beta_ratio,occipital_alpha_power_mean,0.030119477632675744,0.030119477632675744
Control,regional,frontal_theta_beta_ratio,occipital_beta_power_mean,-0.03362045012503473,0.03362045012503473
Control,regional,frontal_theta_beta_ratio,occipital_theta_beta_ratio,0.36282300639066406,0.36282300639066406
Control,regional,central_delta_power_mean,central_theta_power_mean,0.5939983328702417,0.5939983328702417
Control,regional,central_delta_power_mean,central_alpha_power_mean,0.19966657404834676,0.19966657404834676
Control,regional,central_delta_power_mean,central_beta_power_mean,0.2892470130591831,0.2892470130591831
Control,regional,central_delta_power_mean,central_theta_beta_ratio,0.42211725479299805,0.42211725479299805
Control,regional,central_delta_power_mean,parietal_delta_power_mean,0.8784662406223951,0.8784662406223951
Control,regional,central_delta_power_mean,parietal_theta_power_mean,0.6935815504306752,0.6935815504306752
Control,regional,central_delta_power_mean,parietal_alpha_power_mean,0.37982772992497915,0.37982772992497915
Control,regional,central_delta_power_mean,parietal_beta_power_mean,0.37126979716587943,0.37126979716587943
Control,regional,central_delta_power_mean,parietal_theta_beta_ratio,0.42117254792998055,0.42117254792998055
Control,regional,central_delta_power_mean,temporal_delta_power_mean,0.8411225340372326,0.8411225340372326
Control,regional,central_delta_power_mean,temporal_theta_power_mean,0.7305362600722423,0.7305362600722423
Control,regional,central_delta_power_mean,temporal_alpha_power_mean,0.4451792164490136,0.4451792164490136
Control,regional,central_delta_power_mean,temporal_beta_power_mean,0.36599055293136984,0.36599055293136984
Control,regional,central_delta_power_mean,temporal_theta_beta_ratio,0.4366212836899139,0.4366212836899139
Control,regional,central_delta_power_mean,occipital_delta_power_mean,0.8629063628785774,0.8629063628785774
Control,regional,central_delta_power_mean,occipital_theta_power_mean,0.7273131425395943,0.7273131425395943
Control,regional,central_delta_power_mean,occipital_alpha_power_mean,0.4080022228396777,0.4080022228396777
Control,regional,central_delta_power_mean,occipital_beta_power_mean,0.23067518755209782,0.23067518755209782
Control,regional,central_delta_power_mean,occipital_theta_beta_ratio,0.4744651292025563,0.4744651292025563
Control,regional,central_theta_power_mean,central_alpha_power_mean,0.6383995554320645,0.6383995554320645
Control,regional,central_theta_power_mean,central_beta_power_mean,0.6796332314531814,0.6796332314531814
Control,regional,central_theta_power_mean,central_theta_beta_ratio,0.3504862461794943,0.3504862461794943
Control,regional,central_theta_power_mean,parietal_delta_power_mean,0.4480133370380661,0.4480133370380661
Control,regional,central_theta_power_mean,parietal_theta_power_mean,0.7925534870797444,0.7925534870797444
Control,regional,central_theta_power_mean,parietal_alpha_power_mean,0.6236176715754376,0.6236176715754376
Control,regional,central_theta_power_mean,parietal_beta_power_mean,0.5752709085857183,0.5752709085857183
Control,regional,central_theta_power_mean,parietal_theta_beta_ratio,0.3126424006668519,0.3126424006668519
Control,regional,central_theta_power_mean,temporal_delta_power_mean,0.4217282578494026,0.4217282578494026
Control,regional,central_theta_power_mean,temporal_theta_power_mean,0.8151153098082801,0.8151153098082801
Control,regional,central_theta_power_mean,temporal_alpha_power_mean,0.6843011947763268,0.6843011947763268
Control,regional,central_theta_power_mean,temporal_beta_power_mean,0.533425951653237,0.533425951653237
Control,regional,central_theta_power_mean,temporal_theta_beta_ratio,0.3710475131981106,0.3710475131981106
Control,regional,central_theta_power_mean,occipital_delta_power_mean,0.4182828563489858,0.4182828563489858
Control,regional,central_theta_power_mean,occipital_theta_power_mean,0.5514309530425118,0.5514309530425118
Control,regional,central_theta_power_mean,occipital_alpha_power_mean,0.5163100861350375,0.5163100861350375
Control,regional,central_theta_power_mean,occipital_beta_power_mean,0.33748263406501805,0.33748263406501805
Control,regional,central_theta_power_mean,occipital_theta_beta_ratio,0.2605723812170047,0.2605723812170047
Control,regional,central_alpha_power_mean,central_beta_power_mean,0.8097804945818283,0.8097804945818283
Control,regional,central_alpha_power_mean,central_theta_beta_ratio,-0.18716310086135038,0.18716310086135038
Control,regional,central_alpha_power_mean,parietal_delta_power_mean,0.03145318143928869,0.03145318143928869
Control,regional,central_alpha_power_mean,parietal_theta_power_mean,0.37899416504584604,0.37899416504584604
Control,regional,central_alpha_power_mean,parietal_alpha_power_mean,0.8386218393998333,0.8386218393998333
Control,regional,central_alpha_power_mean,parietal_beta_power_mean,0.6242289524868019,0.6242289524868019
Control,regional,central_alpha_power_mean,parietal_theta_beta_ratio,-0.19783273131425397,0.19783273131425397
Control,regional,central_alpha_power_mean,temporal_delta_power_mean,0.056515698805223676,0.056515698805223676
Control,regional,central_alpha_power_mean,temporal_theta_power_mean,0.3812170047235343,0.3812170047235343
Control,regional,central_alpha_power_mean,temporal_alpha_power_mean,0.8163378716310086,0.8163378716310086
Control,regional,central_alpha_power_mean,temporal_beta_power_mean,0.6061128091136426,0.6061128091136426
Control,regional,central_alpha_power_mean,temporal_theta_beta_ratio,-0.13287024173381495,0.13287024173381495
Control,regional,central_alpha_power_mean,occipital_delta_power_mean,0.011280911364267851,0.011280911364267851
Control,regional,central_alpha_power_mean,occipital_theta_power_mean,0.21767157543762156,0.21767157543762156
Control,regional,central_alpha_power_mean,occipital_alpha_power_mean,0.58438455126424,0.58438455126424
Control,regional,central_alpha_power_mean,occipital_beta_power_mean,0.30464017782717423,0.30464017782717423
Control,regional,central_alpha_power_mean,occipital_theta_beta_ratio,-0.034176160044456796,0.034176160044456796
Control,regional,central_beta_power_mean,central_theta_beta_ratio,-0.3507641011392053,0.3507641011392053
Control,regional,central_beta_power_mean,parietal_delta_power_mean,0.12675743262017228,0.12675743262017228
Control,regional,central_beta_power_mean,parietal_theta_power_mean,0.4385106974159489,0.4385106974159489
Control,regional,central_beta_power_mean,parietal_alpha_power_mean,0.7238677410391775,0.7238677410391775
Control,regional,central_beta_power_mean,parietal_beta_power_mean,0.8181161433731592,0.8181161433731592
Control,regional,central_beta_power_mean,parietal_theta_beta_ratio,-0.2682411781050292,0.2682411781050292
Control,regional,central_beta_power_mean,temporal_delta_power_mean,0.1125868296749097,0.1125868296749097
Control,regional,central_beta_power_mean,temporal_theta_power_mean,0.4027229786051681,0.4027229786051681
Control,regional,central_beta_power_mean,temporal_alpha_power_mean,0.6942484023339817,0.6942484023339817
Control,regional,central_beta_power_mean,temporal_beta_power_mean,0.8031119755487636,0.8031119755487636
Control,regional,central_beta_power_mean,temporal_theta_beta_ratio,-0.23395387607668797,0.23395387607668797
Control,regional,central_beta_power_mean,occipital_delta_power_mean,0.1234231731036399,0.1234231731036399
Control,regional,central_beta_power_mean,occipital_theta_power_mean,0.2721867185329258,0.2721867185329258
Control,regional,central_beta_power_mean,occipital_alpha_power_mean,0.567379827729925,0.567379827729925
Control,regional,central_beta_power_mean,occipital_beta_power_mean,0.4747429841622673,0.4747429841622673
Control,regional,central_beta_power_mean,occipital_theta_beta_ratio,-0.11091969991664351,0.11091969991664351
Control,regional,central_theta_beta_ratio,parietal_delta_power_mean,0.43828841344818004,0.43828841344818004
Control,regional,central_theta_beta_ratio,parietal_theta_power_mean,0.4170047235343151,0.4170047235343151
Control,regional,central_theta_beta_ratio,parietal_alpha_power_mean,-0.07440955821061405,0.07440955821061405
Control,regional,central_theta_beta_ratio,parietal_beta_power_mean,-0.24401222561822727,0.24401222561822727
Control,regional,central_theta_beta_ratio,parietal_theta_beta_ratio,0.8111141983884412,0.8111141983884412
Control,regional,central_theta_beta_ratio,temporal_delta_power_mean,0.39855515420950266,0.39855515420950266
Control,regional,central_theta_beta_ratio,temporal_theta_power_mean,0.4784662406223951,0.4784662406223951
Control,regional,central_theta_beta_ratio,temporal_alpha_power_mean,0.04551264240066685,0.04551264240066685
Control,regional,central_theta_beta_ratio,temporal_beta_power_mean,-0.2468463462072798,0.2468463462072798
Control,regional,central_theta_beta_ratio,temporal_theta_beta_ratio,0.7517088080022228,0.7517088080022228
Control,regional,central_theta_beta_ratio,occipital_delta_power_mean,0.4198388441233676,0.4198388441233676
Control,regional,central_theta_beta_ratio,occipital_theta_power_mean,0.3703250903028619,0.3703250903028619
Control,regional,central_theta_beta_ratio,occipital_alpha_power_mean,0.013614893025840511,0.013614893025840511
Control,regional,central_theta_beta_ratio,occipital_beta_power_mean,-0.1540983606557377,0.1540983606557377
Control,regional,central_theta_beta_ratio,occipital_theta_beta_ratio,0.5499305362600723,0.5499305362600723
Control,regional,parietal_delta_power_mean,parietal_theta_power_mean,0.7464295637677133,0.7464295637677133
Control,regional,parietal_delta_power_mean,parietal_alpha_power_mean,0.3262572936926924,0.3262572936926924
Control,regional,parietal_delta_power_mean,parietal_beta_power_mean,0.3342595165323701,0.3342595165323701
Control,regional,parietal_delta_power_mean,parietal_theta_beta_ratio,0.49769380383439843,0.49769380383439843
Control,regional,parietal_delta_power_mean,temporal_delta_power_mean,0.815893303695471,0.815893303695471
Control,regional,parietal_delta_power_mean,temporal_theta_power_mean,0.6819116421228119,0.6819116421228119
Control,regional,parietal_delta_power_mean,temporal_alpha_power_mean,0.336926924145596,0.336926924145596
Control,regional,parietal_delta_power_mean,temporal_beta_power_mean,0.29602667407613226,0.29602667407613226
Control,regional,parietal_delta_power_mean,temporal_theta_beta_ratio,0.42950819672131146,0.42950819672131146
Control,regional,parietal_delta_power_mean,occipital_delta_power_mean,0.9191997777160322,0.9191997777160322
Control,regional,parietal_delta_power_mean,occipital_theta_power_mean,0.7439844401222562,0.7439844401222562
Control,regional,parietal_delta_power_mean,occipital_alpha_power_mean,0.3856626840789108,0.3856626840789108
Control,regional,parietal_delta_power_mean,occipital_beta_power_mean,0.32470130591831065,0.32470130591831065
Control,regional,parietal_delta_power_mean,occipital_theta_beta_ratio,0.40500138927479856,0.40500138927479856
Control,regional,parietal_theta_power_mean,parietal_alpha_power_mean,0.5972214504028897,0.5972214504028897
Control,regional,parietal_theta_power_mean,parietal_beta_power_mean,0.54231731036399,0.54231731036399
Control,regional,parietal_theta_power_mean,parietal_theta_beta_ratio,0.5174770769658238,0.5174770769658238
Control,regional,parietal_theta_power_mean,temporal_delta_power_mean,0.5563767713253681,0.5563767713253681
Control,regional,parietal_theta_power_mean,temporal_theta_power_mean,0.8614059460961379,0.8614059460961379
Control,regional,parietal_theta_power_mean,temporal_alpha_power_mean,0.5600444567935537,0.5600444567935537
Control,regional,parietal_theta_power_mean,temporal_beta_power_mean,0.4308419005279244,0.4308419005279244
Control,regional,parietal_theta_power_mean,temporal_theta_beta_ratio,0.47791053070297307,0.47791053070297307
Control,regional,parietal_theta_power_mean,occipital_delta_power_mean,0.6952486801889414,0.6952486801889414
Control,regional,parietal_theta_power_mean,occipital_theta_power_mean,0.7891636565712697,0.7891636565712697
Control,regional,parietal_theta_power_mean,occipital_alpha_power_mean,0.5321478188385663,0.5321478188385663
Control,regional,parietal_theta_power_mean,occipital_beta_power_mean,0.4090025006946374,0.4090025006946374
Control,regional,parietal_theta_power_mean,occipital_theta_beta_ratio,0.385440400111142,0.385440400111142
Control,regional,parietal_alpha_power_mean,parietal_beta_power_mean,0.7779938871908864,0.7779938871908864
Control,regional,parietal_alpha_power_mean,parietal_theta_beta_ratio,-0.09058071686579605,0.09058071686579605
Control,regional,parietal_alpha_power_mean,temporal_delta_power_mean,0.2008891358710753,0.2008891358710753
Control,regional,parietal_alpha_power_mean,temporal_theta_power_mean,0.46901917199222004,0.46901917199222004
Control,regional,parietal_alpha_power_mean,temporal_alpha_power_mean,0.8558488469019172,0.8558488469019172
Control,regional,parietal_alpha_power_mean,temporal_beta_power_mean,0.6313976104473464,0.6313976104473464
Control,regional,parietal_alpha_power_mean,temporal_theta_beta_ratio,-0.044178938594053904,0.044178938594053904
Control,regional,parietal_alpha_power_mean,occipital_delta_power_mean,0.29158099472075577,0.29158099472075577
Control,regional,parietal_alpha_power_mean,occipital_theta_power_mean,0.4820783550986385,0.4820783550986385
Control,regional,parietal_alpha_power_mean,occipital_alpha_power_mean,0.7729924979160878,0.7729924979160878
Control,regional,parietal_alpha_power_mean,occipital_beta_power_mean,0.3772158933036955,0.3772158933036955
Control,regional,parietal_alpha_power_mean,occipital_theta_beta_ratio,0.13948318977493748,0.13948318977493748
Control,regional,parietal_beta_power_mean,parietal_theta_beta_ratio,-0.3083078632953598,0.3083078632953598
Control,regional,parietal_beta_power_mean,temporal_delta_power_mean,0.19944429008057793,0.19944429008057793
Control,regional,parietal_beta_power_mean,temporal_theta_power_mean,0.383550986385107,0.383550986385107
Control,regional,parietal_beta_power_mean,temporal_alpha_power_mean,0.6015004167824396,0.6015004167824396
Control,regional,parietal_beta_power_mean,temporal_beta_power_mean,0.7182550708530148,0.7182550708530148
Control,regional,parietal_beta_power_mean,temporal_theta_beta_ratio,-0.19877743817727148,0.19877743817727148
Control,regional,parietal_beta_power_mean,occipital_delta_power_mean,0.31308696860238955,0.31308696860238955
Control,regional,parietal_beta_power_mean,occipital_theta_power_mean,0.43262017227007504,0.43262017227007504
Control,regional,parietal_beta_power_mean,occipital_alpha_power_mean,0.7193109196999167,0.7193109196999167
Control,regional,parietal_beta_power_mean,occipital_beta_power_mean,0.6640177827174215,0.6640177827174215
Control,regional,parietal_beta_power_mean,occipital_theta_beta_ratio,-0.10914142817449292,0.10914142817449292
Control,regional,parietal_theta_beta_ratio,temporal_delta_power_mean,0.4360655737704918,0.4360655737704918
Control,regional,parietal_theta_beta_ratio,temporal_theta_power_mean,0.5618227285357044,0.5618227285357044
Control,regional,parietal_theta_beta_ratio,temporal_alpha_power_mean,0.07618782995276466,0.07618782995276466
Control,regional,parietal_theta_beta_ratio,temporal_beta_power_mean,-0.1694915254237288,0.1694915254237288
Control,regional,parietal_theta_beta_ratio,temporal_theta_beta_ratio,0.7553209224784663,0.7553209224784663
Control,regional,parietal_theta_beta_ratio,occipital_delta_power_mean,0.4946929702695193,0.4946929702695193
Control,regional,parietal_theta_beta_ratio,occipital_theta_power_mean,0.48896915809947206,0.48896915809947206
Control,regional,parietal_theta_beta_ratio,occipital_alpha_power_mean,-0.0027785495971103086,0.0027785495971103086
Control,regional,parietal_theta_beta_ratio,occipital_beta_power_mean,-0.17549319255348708,0.17549319255348708
Control,regional,parietal_theta_beta_ratio,occipital_theta_beta_ratio,0.6316754654070575,0.6316754654070575
Control,regional,temporal_delta_power_mean,temporal_theta_power_mean,0.7298694081689359,0.7298694081689359
Control,regional,temporal_delta_power_mean,temporal_alpha_power_mean,0.3387051958877466,0.3387051958877466
Control,regional,temporal_delta_power_mean,temporal_beta_power_mean,0.22845234787440954,0.22845234787440954
Control,regional,temporal_delta_power_mean,temporal_theta_beta_ratio,0.5448180050013893,0.5448180050013893
Control,regional,temporal_delta_power_mean,occipital_delta_power_mean,0.8288969158099472,0.8288969158099472
Control,regional,temporal_delta_power_mean,occipital_theta_power_mean,0.7005834954153931,0.7005834954153931
Control,regional,temporal_delta_power_mean,occipital_alpha_power_mean,0.27046401778271745,0.27046401778271745
Control,regional,temporal_delta_power_mean,occipital_beta_power_mean,0.16710197277021394,0.16710197277021394
Control,regional,temporal_delta_power_mean,occipital_theta_beta_ratio,0.49780494581828283,0.49780494581828283
Control,regional,temporal_theta_power_mean,temporal_alpha_power_mean,0.6351764378994165,0.6351764378994165
Control,regional,temporal_theta_power_mean,temporal_beta_power_mean,0.409169213670464,0.409169213670464
Control,regional,temporal_theta_power_mean,temporal_theta_beta_ratio,0.6361767157543762,0.6361767157543762
Control,regional,temporal_theta_power_mean,occipital_delta_power_mean,0.6645179216449013,0.6645179216449013
Control,regional,temporal_theta_power_mean,occipital_theta_power_mean,0.760100027785496,0.760100027785496
Control,regional,temporal_theta_power_mean,occipital_alpha_power_mean,0.4267852181161434,0.4267852181161434
Control,regional,temporal_theta_power_mean,occipital_beta_power_mean,0.25368157821617116,0.25368157821617116
Control,regional,temporal_theta_power_mean,occipital_theta_beta_ratio,0.482745207001945,0.482745207001945
Control,regional,temporal_alpha_power_mean,temporal_beta_power_mean,0.6225618227285357,0.6225618227285357
Control,regional,temporal_alpha_power_mean,temporal_theta_beta_ratio,0.13626007224228953,0.13626007224228953
Control,regional,temporal_alpha_power_mean,occipital_delta_power_mean,0.30664073353709365,0.30664073353709365
Control,regional,temporal_alpha_power_mean,occipital_theta_power_mean,0.48969158099472077,0.48969158099472077
Control,regional,temporal_alpha_power_mean,occipital_alpha_power_mean,0.6873575993331481,0.6873575993331481
Control,regional,temporal_alpha_power_mean,occipital_beta_power_mean,0.27918866351764376,0.27918866351764376
Control,regional,temporal_alpha_power_mean,occipital_theta_beta_ratio,0.2277854959711031,0.2277854959711031
Control,regional,temporal_beta_power_mean,temporal_theta_beta_ratio,-0.34253959433175885,0.34253959433175885
Control,regional,temporal_beta_power_mean,occipital_delta_power_mean,0.26318421783828844,0.26318421783828844
Control,regional,temporal_beta_power_mean,occipital_theta_power_mean,0.3027507641011392,0.3027507641011392
Control,regional,temporal_beta_power_mean,occipital_alpha_power_mean,0.49341483745484854,0.49341483745484854
Control,regional,temporal_beta_power_mean,occipital_beta_power_mean,0.5087524312308974,0.5087524312308974
Control,regional,temporal_beta_power_mean,occipital_theta_beta_ratio,-0.11086412892470131,0.11086412892470131
Control,regional,temporal_theta_beta_ratio,occipital_delta_power_mean,0.44356765768268963,0.44356765768268963
Control,regional,temporal_theta_beta_ratio,occipital_theta_power_mean,0.5163100861350375,0.5163100861350375
Control,regional,temporal_theta_beta_ratio,occipital_alpha_power_mean,0.0315087524312309,0.0315087524312309
Control,regional,temporal_theta_beta_ratio,occipital_beta_power_mean,-0.22022784106696305,0.22022784106696305
Control,regional,temporal_theta_beta_ratio,occipital_theta_beta_ratio,0.6752431230897471,0.6752431230897471
Control,regional,occipital_delta_power_mean,occipital_theta_power_mean,0.8506251736593499,0.8506251736593499
Control,regional,occipital_delta_power_mean,occipital_alpha_power_mean,0.4850791886635176,0.4850791886635176
Control,regional,occipital_delta_power_mean,occipital_beta_power_mean,0.2910252848013337,0.2910252848013337
Control,regional,occipital_delta_power_mean,occipital_theta_beta_ratio,0.5332036676854682,0.5332036676854682
Control,regional,occipital_theta_power_mean,occipital_alpha_power_mean,0.6818560711308697,0.6818560711308697
Control,regional,occipital_theta_power_mean,occipital_beta_power_mean,0.31503195332036676,0.31503195332036676
Control,regional,occipital_theta_power_mean,occipital_theta_beta_ratio,0.6191164212281189,0.6191164212281189
Control,regional,occipital_alpha_power_mean,occipital_beta_power_mean,0.5511530980828008,0.5511530980828008
Control,regional,occipital_alpha_power_mean,occipital_theta_beta_ratio,0.17721589330369547,0.17721589330369547
Control,regional,occipital_beta_power_mean,occipital_theta_beta_ratio,-0.4774103917754932,0.4774103917754932
Control,channel,Fp1_delta_power,Fp1_theta_power,0.7508752431230897,0.7508752431230897
Control,channel,Fp1_delta_power,Fp1_alpha_power,0.5460405668241178,0.5460405668241178
Control,channel,Fp1_delta_power,Fp1_beta_power,0.4047235343150875,0.4047235343150875
Control,channel,Fp1_delta_power,Fp1_theta_beta_ratio,0.42728535704362325,0.42728535704362325
Control,channel,Fp1_delta_power,Fp2_delta_power,0.7553209224784663,0.7553209224784663
Control,channel,Fp1_delta_power,Fp2_theta_power,0.6097249235898861,0.6097249235898861
Control,channel,Fp1_delta_power,Fp2_alpha_power,0.39849958321756046,0.39849958321756046
Control,channel,Fp1_delta_power,Fp2_beta_power,0.24701305918310643,0.24701305918310643
Control,channel,Fp1_delta_power,Fp2_theta_beta_ratio,0.4087246457349264,0.4087246457349264
Control,channel,Fp1_delta_power,F3_delta_power,0.7576549041400389,0.7576549041400389
Control,channel,Fp1_delta_power,F3_theta_power,0.5921644901361489,0.5921644901361489
Control,channel,Fp1_delta_power,F3_alpha_power,0.33298138371769936,0.33298138371769936
Control,channel,Fp1_delta_power,F3_beta_power,0.35009724923589886,0.35009724923589886
Control,channel,Fp1_delta_power,F3_theta_beta_ratio,0.28530147263128647,0.28530147263128647
Control,channel,Fp1_delta_power,F4_delta_power,0.602167268685746,0.602167268685746
Control,channel,Fp1_delta_power,F4_theta_power,0.5170880800222284,0.5170880800222284
Control,channel,Fp1_delta_power,F4_alpha_power,0.2530147263128647,0.2530147263128647
Control,channel,Fp1_delta_power,F4_beta_power,0.19394276187829954,0.19394276187829954
Control,channel,Fp1_delta_power,F4_theta_beta_ratio,0.2775215337593776,0.2775215337593776
Control,channel,Fp1_delta_power,C3_delta_power,0.6228396776882468,0.6228396776882468
Control,channel,Fp1_delta_power,C3_theta_power,0.5613781606001668,0.5613781606001668
Control,channel,Fp1_delta_power,C3_alpha_power,0.2567935537649347,0.2567935537649347
Control,channel,Fp1_delta_power,C3_beta_power,0.3308141150319533,0.3308141150319533
Control,channel,Fp1_delta_power,C3_theta_beta_ratio,0.31825507085301474,0.31825507085301474
Control,channel,Fp1_delta_power,C4_delta_power,0.5033064740205613,0.5033064740205613
Control,channel,Fp1_delta_power,C4_theta_power,0.387607668796888,0.387607668796888
Control,channel,Fp1_delta_power,C4_alpha_power,0.0747429841622673,0.0747429841622673
Control,channel,Fp1_delta_power,C4_beta_power,0.14326201722700752,0.14326201722700752
Control,channel,Fp1_delta_power,C4_theta_beta_ratio,0.3179216449013615,0.3179216449013615
Control,channel,Fp1_delta_power,P3_delta_power,0.5500416782439567,0.5500416782439567
Control,channel,Fp1_delta_power,P3_theta_power,0.4990275076410114,0.4990275076410114
Control,channel,Fp1_delta_power,P3_alpha_power,0.32120033342595167,0.32120033342595167
Control,channel,Fp1_delta_power,P3_beta_power,0.34103917754931923,0.34103917754931923
Control,channel,Fp1_delta_power,P3_theta_beta_ratio,0.24934704084467907,0.24934704084467907
Control,channel,Fp1_delta_power,P4_delta_power,0.4477354820783551,0.4477354820783551
Control,channel,Fp1_delta_power,P4_theta_power,0.3809947207557655,0.3809947207557655
Control,channel,Fp1_delta_power,P4_alpha_power,0.23467629897193665,0.23467629897193665
Control,channel,Fp1_delta_power,P4_beta_power,0.2650180605723812,0.2650180605723812
Control,channel,Fp1_delta_power,P4_theta_beta_ratio,0.09924979160878021,0.09924979160878021
Control,channel,Fp1_delta_power,O1_delta_power,0.5272575715476521,0.5272575715476521
Control,channel,Fp1_delta_power,O1_theta_power,0.38688524590163936,0.38688524590163936
Control,channel,Fp1_delta_power,O1_alpha_power,0.3973325923867741,0.3973325923867741
Control,channel,Fp1_delta_power,O1_beta_power,0.43923312031119754,0.43923312031119754
Control,channel,Fp1_delta_power,O1_theta_beta_ratio,0.0910252848013337,0.0910252848013337
Control,channel,Fp1_delta_power,O2_delta_power,0.32781328146707417,0.32781328146707417
Control,channel,Fp1_delta_power,O2_theta_power,0.17432620172270075,0.17432620172270075
Control,channel,Fp1_delta_power,O2_alpha_power,0.196499027507641,0.196499027507641
Control,channel,Fp1_delta_power,O2_beta_power,0.31758821894970823,0.31758821894970823
Control,channel,Fp1_delta_power,O2_theta_beta_ratio,-0.04551264240066685,0.04551264240066685
Control,channel,Fp1_delta_power,F7_delta_power,0.6398444012225618,0.6398444012225618
Control,channel,Fp1_delta_power,F7_theta_power,0.5548207835509864,0.5548207835509864
Control,channel,Fp1_delta_power,F7_alpha_power,0.33553764934704083,0.33553764934704083
Control,channel,Fp1_delta_power,F7_beta_power,0.2660183384273409,0.2660183384273409
Control,channel,Fp1_delta_power,F7_theta_beta_ratio,0.3529869408168936,0.3529869408168936
Control,channel,Fp1_delta_power,F8_delta_power,0.5996665740483468,0.5996665740483468
Control,channel,Fp1_delta_power,F8_theta_power,0.49974993053626005,0.49974993053626005
Control,channel,Fp1_delta_power,F8_alpha_power,0.24712420116699083,0.24712420116699083
Control,channel,Fp1_delta_power,F8_beta_power,0.2423450958599611,0.2423450958599611
Control,channel,Fp1_delta_power,F8_theta_beta_ratio,0.31747707696582383,0.31747707696582383
Control,channel,Fp1_delta_power,T7_delta_power,0.39349819394276186,0.39349819394276186
Control,channel,Fp1_delta_power,T7_theta_power,0.42428452347874407,0.42428452347874407
Control,channel,Fp1_delta_power,T7_alpha_power,0.33653792720200054,0.33653792720200054
Control,channel,Fp1_delta_power,T7_beta_power,0.38182828563489857,0.38182828563489857
Control,channel,Fp1_delta_power,T7_theta_beta_ratio,0.18782995276465686,0.18782995276465686
Control,channel,Fp1_delta_power,T8_delta_power,0.32114476243400947,0.32114476243400947
Control,channel,Fp1_delta_power,T8_theta_power,0.33225896082245066,0.33225896082245066
Control,channel,Fp1_delta_power,T8_alpha_power,0.12631286468463462,0.12631286468463462
Control,channel,Fp1_delta_power,T8_beta_power,0.27507641011392053,0.27507641011392053
Control,channel,Fp1_delta_power,T8_theta_beta_ratio,0.01911642122811892,0.01911642122811892
Control,channel,Fp1_delta_power,P7_delta_power,0.4712420116699083,0.4712420116699083
Control,channel,Fp1_delta_power,P7_theta_power,0.3826618505140317,0.3826618505140317
Control,channel,Fp1_delta_power,P7_alpha_power,0.295415393164768,0.295415393164768
Control,channel,Fp1_delta_power,P7_beta_power,0.42128368991386494,0.42128368991386494
Control,channel,Fp1_delta_power,P7_theta_beta_ratio,0.16093359266462906,0.16093359266462906
Control,channel,Fp1_delta_power,P8_delta_power,0.30252848013337036,0.30252848013337036
Control,channel,Fp1_delta_power,P8_theta_power,0.32047791053070296,0.32047791053070296
Control,channel,Fp1_delta_power,P8_alpha_power,0.11047513198110587,0.11047513198110587
Control,channel,Fp1_delta_power,P8_beta_power,0.24890247290914141,0.24890247290914141
Control,channel,Fp1_delta_power,P8_theta_beta_ratio,0.047179772158933035,0.047179772158933035
Control,channel,Fp1_delta_power,Fz_delta_power,0.7465407057515977,0.7465407057515977
Control,channel,Fp1_delta_power,Fz_theta_power,0.5699360933592664,0.5699360933592664
Control,channel,Fp1_delta_power,Fz_alpha_power,0.32564601278132815,0.32564601278132815
Control,channel,Fp1_delta_power,Fz_beta_power,0.2912475687691025,0.2912475687691025
Control,channel,Fp1_delta_power,Fz_theta_beta_ratio,0.24918032786885247,0.24918032786885247
Control,channel,Fp1_delta_power,Cz_delta_power,0.48574604056682413,0.48574604056682413
Control,channel,Fp1_delta_power,Cz_theta_power,0.39994442900805777,0.39994442900805777
Control,channel,Fp1_delta_power,Cz_alpha_power,0.09124756876910253,0.09124756876910253
Control,channel,Fp1_delta_power,Cz_beta_power,0.13320366768546818,0.13320366768546818
Control,channel,Fp1_delta_power,Cz_theta_beta_ratio,0.3215893303695471,0.3215893303695471
Control,channel,Fp1_delta_power,Pz_delta_power,0.5879410947485413,0.5879410947485413
Control,channel,Fp1_delta_power,Pz_theta_power,0.431008613503751,0.431008613503751
Control,channel,Fp1_delta_power,Pz_alpha_power,0.22761878299527646,0.22761878299527646
Control,channel,Fp1_delta_power,Pz_beta_power,0.25579327590997497,0.25579327590997497
Control,channel,Fp1_delta_power,Pz_theta_beta_ratio,0.18833009169213671,0.18833009169213671
Control,channel,Fp1_theta_power,Fp1_alpha_power,0.7774937482634064,0.7774937482634064
Control,channel,Fp1_theta_power,Fp1_beta_power,0.5671019727702139,0.5671019727702139
Control,channel,Fp1_theta_power,Fp1_theta_beta_ratio,0.49830508474576274,0.49830508474576274
Control,channel,Fp1_theta_power,Fp2_delta_power,0.6896915809947207,0.6896915809947207
Control,channel,Fp1_theta_power,Fp2_theta_power,0.777882745207002,0.777882745207002
Control,channel,Fp1_theta_power,Fp2_alpha_power,0.6491803278688525,0.6491803278688525
Control,channel,Fp1_theta_power,Fp2_beta_power,0.4404001111419839,0.4404001111419839
Control,channel,Fp1_theta_power,Fp2_theta_beta_ratio,0.40922478466240625,0.40922478466240625
Control,channel,Fp1_theta_power,F3_delta_power,0.5355376493470408,0.5355376493470408
Control,channel,Fp1_theta_power,F3_theta_power,0.873575993331481,0.873575993331481
Control,channel,Fp1_theta_power,F3_alpha_power,0.600277854959711,0.600277854959711
Control,channel,Fp1_theta_power,F3_beta_power,0.603500972492359,0.603500972492359
Control,channel,Fp1_theta_power,F3_theta_beta_ratio,0.2297860516810225,0.2297860516810225
Control,channel,Fp1_theta_power,F4_delta_power,0.5691580994720756,0.5691580994720756
Control,channel,Fp1_theta_power,F4_theta_power,0.7293136982495138,0.7293136982495138
Control,channel,Fp1_theta_power,F4_alpha_power,0.5682133926090581,0.5682133926090581
Control,channel,Fp1_theta_power,F4_beta_power,0.47718810780772436,0.47718810780772436
Control,channel,Fp1_theta_power,F4_theta_beta_ratio,0.17288135593220338,0.17288135593220338
Control,channel,Fp1_theta_power,C3_delta_power,0.3593220338983051,0.3593220338983051
Control,channel,Fp1_theta_power,C3_theta_power,0.8178382884134482,0.8178382884134482
Control,channel,Fp1_theta_power,C3_alpha_power,0.4914142817449291,0.4914142817449291
Control,channel,Fp1_theta_power,C3_beta_power,0.5603778827452071,0.5603778827452071
Control,channel,Fp1_theta_power,C3_theta_beta_ratio,0.3230341761600445,0.3230341761600445
Control,channel,Fp1_theta_power,C4_delta_power,0.4298416226729647,0.4298416226729647
Control,channel,Fp1_theta_power,C4_theta_power,0.6125590441789386,0.6125590441789386
Control,channel,Fp1_theta_power,C4_alpha_power,0.4124479021950542,0.4124479021950542
Control,channel,Fp1_theta_power,C4_beta_power,0.42934148374548486,0.42934148374548486
Control,channel,Fp1_theta_power,C4_theta_beta_ratio,0.22217282578494027,0.22217282578494027
Control,channel,Fp1_theta_power,P3_delta_power,0.32125590441789387,0.32125590441789387
Control,channel,Fp1_theta_power,P3_theta_power,0.7270352875798833,0.7270352875798833
Control,channel,Fp1_theta_power,P3_alpha_power,0.572770213948319,0.572770213948319
Control,channel,Fp1_theta_power,P3_beta_power,0.5505973881633787,0.5505973881633787
Control,channel,Fp1_theta_power,P3_theta_beta_ratio,0.16382328424562378,0.16382328424562378
Control,channel,Fp1_theta_power,P4_delta_power,0.36810225062517365,0.36810225062517365
Control,channel,Fp1_theta_power,P4_theta_power,0.5992775771047513,0.5992775771047513
Control,channel,Fp1_theta_power,P4_alpha_power,0.5136426785218117,0.5136426785218117
Control,channel,Fp1_theta_power,P4_beta_power,0.5413726035009725,0.5413726035009725
Control,channel,Fp1_theta_power,P4_theta_beta_ratio,0.0031675465407057517,0.0031675465407057517
Control,channel,Fp1_theta_power,O1_delta_power,0.24818005001389276,0.24818005001389276
Control,channel,Fp1_theta_power,O1_theta_power,0.3727146429563768,0.3727146429563768
Control,channel,Fp1_theta_power,O1_alpha_power,0.45607113086968604,0.45607113086968604
Control,channel,Fp1_theta_power,O1_beta_power,0.5472075576549041,0.5472075576549041
Control,channel,Fp1_theta_power,O1_theta_beta_ratio,0.00038899694359544317,0.00038899694359544317
Control,channel,Fp1_theta_power,O2_delta_power,0.20366768546818562,0.20366768546818562
Control,channel,Fp1_theta_power,O2_theta_power,0.19038621839399833,0.19038621839399833
Control,channel,Fp1_theta_power,O2_alpha_power,0.2981383717699361,0.2981383717699361
Control,channel,Fp1_theta_power,O2_beta_power,0.34698527368713533,0.34698527368713533
Control,channel,Fp1_theta_power,O2_theta_beta_ratio,-0.04495693248124479,0.04495693248124479
Control,channel,Fp1_theta_power,F7_delta_power,0.3513198110586274,0.3513198110586274
Control,channel,Fp1_theta_power,F7_theta_power,0.6902472909141428,0.6902472909141428
Control,channel,Fp1_theta_power,F7_alpha_power,0.5883856626840789,0.5883856626840789
Control,channel,Fp1_theta_power,F7_beta_power,0.4440122256182273,0.4440122256182273
Control,channel,Fp1_theta_power,F7_theta_beta_ratio,0.32470130591831065,0.32470130591831065
Control,channel,Fp1_theta_power,F8_delta_power,0.45006946373992773,0.45006946373992773
Control,channel,Fp1_theta_power,F8_theta_power,0.5488191164212282,0.5488191164212282
Control,channel,Fp1_theta_power,F8_alpha_power,0.4501806057238122,0.4501806057238122
Control,channel,Fp1_theta_power,F8_beta_power,0.383550986385107,0.383550986385107
Control,channel,Fp1_theta_power,F8_theta_beta_ratio,0.2891914420672409,0.2891914420672409
Control,channel,Fp1_theta_power,T7_delta_power,0.12986940816893583,0.12986940816893583
Control,channel,Fp1_theta_power,T7_theta_power,0.5517088080022229,0.5517088080022229
Control,channel,Fp1_theta_power,T7_alpha_power,0.4872464573492637,0.4872464573492637
Control,channel,Fp1_theta_power,T7_beta_power,0.5625451514309531,0.5625451514309531
Control,channel,Fp1_theta_power,T7_theta_beta_ratio,0.10363989997221451,0.10363989997221451
Control,channel,Fp1_theta_power,T8_delta_power,0.2699638788552376,0.2699638788552376
Control,channel,Fp1_theta_power,T8_theta_power,0.43450958599611,0.43450958599611
Control,channel,Fp1_theta_power,T8_alpha_power,0.3644345651569881,0.3644345651569881
Control,channel,Fp1_theta_power,T8_beta_power,0.39144206724090025,0.39144206724090025
Control,channel,Fp1_theta_power,T8_theta_beta_ratio,-0.01116976938038344,0.01116976938038344
Control,channel,Fp1_theta_power,P7_delta_power,0.17393720477910532,0.17393720477910532
Control,channel,Fp1_theta_power,P7_theta_power,0.38971936649069183,0.38971936649069183
Control,channel,Fp1_theta_power,P7_alpha_power,0.3412058905251459,0.3412058905251459
Control,channel,Fp1_theta_power,P7_beta_power,0.4397888302306196,0.4397888302306196
Control,channel,Fp1_theta_power,P7_theta_beta_ratio,0.15432064462350653,0.15432064462350653
Control,channel,Fp1_theta_power,P8_delta_power,0.15554320644623507,0.15554320644623507
Control,channel,Fp1_theta_power,P8_theta_power,0.2796888024451236,0.2796888024451236
Control,channel,Fp1_theta_power,P8_alpha_power,0.23550986385106973,0.23550986385106973
Control,channel,Fp1_theta_power,P8_beta_power,0.30130591831064185,0.30130591831064185
Control,channel,Fp1_theta_power,P8_theta_beta_ratio,-0.023395387607668797,0.023395387607668797
Control,channel,Fp1_theta_power,Fz_delta_power,0.45351486524034457,0.45351486524034457
Control,channel,Fp1_theta_power,Fz_theta_power,0.8116699083078633,0.8116699083078633
Control,channel,Fp1_theta_power,Fz_alpha_power,0.5612670186162823,0.5612670186162823
Control,channel,Fp1_theta_power,Fz_beta_power,0.5087524312308974,0.5087524312308974
Control,channel,Fp1_theta_power,Fz_theta_beta_ratio,0.23550986385106973,0.23550986385106973
Control,channel,Fp1_theta_power,Cz_delta_power,0.4204501250347319,0.4204501250347319
Control,channel,Fp1_theta_power,Cz_theta_power,0.5756043345373715,0.5756043345373715
Control,channel,Fp1_theta_power,Cz_alpha_power,0.35454292859127534,0.35454292859127534
Control,channel,Fp1_theta_power,Cz_beta_power,0.41894970825229233,0.41894970825229233
Control,channel,Fp1_theta_power,Cz_theta_beta_ratio,0.14859683245345928,0.14859683245345928
Control,channel,Fp1_theta_power,Pz_delta_power,0.3548763545429286,0.3548763545429286
Control,channel,Fp1_theta_power,Pz_theta_power,0.659572103362045,0.659572103362045
Control,channel,Fp1_theta_power,Pz_alpha_power,0.42534037232564603,0.42534037232564603
Control,channel,Fp1_theta_power,Pz_beta_power,0.48763545429285915,0.48763545429285915
Control,channel,Fp1_theta_power,Pz_theta_beta_ratio,0.13398166157265906,0.13398166157265906
Control,channel,Fp1_alpha_power,Fp1_beta_power,0.6136704640177827,0.6136704640177827
Control,channel,Fp1_alpha_power,Fp1_theta_beta_ratio,0.20333425951653236,0.20333425951653236
Control,channel,Fp1_alpha_power,Fp2_delta_power,0.4777993887190886,0.4777993887190886
Control,channel,Fp1_alpha_power,Fp2_theta_power,0.6923589886079466,0.6923589886079466
Control,channel,Fp1_alpha_power,Fp2_alpha_power,0.7958877465962767,0.7958877465962767
Control,channel,Fp1_alpha_power,Fp2_beta_power,0.4567379827729925,0.4567379827729925
Control,channel,Fp1_alpha_power,Fp2_theta_beta_ratio,0.2594609613781606,0.2594609613781606
Control,channel,Fp1_alpha_power,F3_delta_power,0.4216171158655182,0.4216171158655182
Control,channel,Fp1_alpha_power,F3_theta_power,0.6800222283967768,0.6800222283967768
Control,channel,Fp1_alpha_power,F3_alpha_power,0.8464573492636843,0.8464573492636843
Control,channel,Fp1_alpha_power,F3_beta_power,0.749319255348708,0.749319255348708
Control,channel,Fp1_alpha_power,F3_theta_beta_ratio,-0.11119755487635455,0.11119755487635455
Control,channel,Fp1_alpha_power,F4_delta_power,0.43061961656015557,0.43061961656015557
Control,channel,Fp1_alpha_power,F4_theta_power,0.6919699916643512,0.6919699916643512
Control,channel,Fp1_alpha_power,F4_alpha_power,0.7411503195332036,0.7411503195332036
Control,channel,Fp1_alpha_power,F4_beta_power,0.5973881633787164,0.5973881633787164
Control,channel,Fp1_alpha_power,F4_theta_beta_ratio,-0.01783828841344818,0.01783828841344818
Control,channel,Fp1_alpha_power,C3_delta_power,0.22378438455126423,0.22378438455126423
Control,channel,Fp1_alpha_power,C3_theta_power,0.6198944151153098,0.6198944151153098
Control,channel,Fp1_alpha_power,C3_alpha_power,0.7344818005001389,0.7344818005001389
Control,channel,Fp1_alpha_power,C3_beta_power,0.6974159488746874,0.6974159488746874
Control,channel,Fp1_alpha_power,C3_theta_beta_ratio,-0.007001944984717977,0.007001944984717977
Control,channel,Fp1_alpha_power,C4_delta_power,0.2442345095859961,0.2442345095859961
Control,channel,Fp1_alpha_power,C4_theta_power,0.5798833009169214,0.5798833009169214
Control,channel,Fp1_alpha_power,C4_alpha_power,0.5763823284245624,0.5763823284245624
Control,channel,Fp1_alpha_power,C4_beta_power,0.5359822172825784,0.5359822172825784
Control,channel,Fp1_alpha_power,C4_theta_beta_ratio,0.06346207279799944,0.06346207279799944
Control,channel,Fp1_alpha_power,P3_delta_power,0.19033064740205613,0.19033064740205613
Control,channel,Fp1_alpha_power,P3_theta_power,0.5831619894415115,0.5831619894415115
Control,channel,Fp1_alpha_power,P3_alpha_power,0.8077799388719089,0.8077799388719089
Control,channel,Fp1_alpha_power,P3_beta_power,0.7323145318143929,0.7323145318143929
Control,channel,Fp1_alpha_power,P3_theta_beta_ratio,-0.12592386774103917,0.12592386774103917
Control,channel,Fp1_alpha_power,P4_delta_power,0.1783273131425396,0.1783273131425396
Control,channel,Fp1_alpha_power,P4_theta_power,0.5495415393164768,0.5495415393164768
Control,channel,Fp1_alpha_power,P4_alpha_power,0.6587941094748542,0.6587941094748542
Control,channel,Fp1_alpha_power,P4_beta_power,0.6407891080855793,0.6407891080855793
Control,channel,Fp1_alpha_power,P4_theta_beta_ratio,-0.14170602945262573,0.14170602945262573
Control,channel,Fp1_alpha_power,O1_delta_power,0.15120866907474298,0.15120866907474298
Control,channel,Fp1_alpha_power,O1_theta_power,0.26535148652403445,0.26535148652403445
Control,channel,Fp1_alpha_power,O1_alpha_power,0.6333425951653237,0.6333425951653237
Control,channel,Fp1_alpha_power,O1_beta_power,0.5262572936926924,0.5262572936926924
Control,channel,Fp1_alpha_power,O1_theta_beta_ratio,-0.09780494581828286,0.09780494581828286
Control,channel,Fp1_alpha_power,O2_delta_power,0.08318977493748263,0.08318977493748263
Control,channel,Fp1_alpha_power,O2_theta_power,0.1919422061683801,0.1919422061683801
Control,channel,Fp1_alpha_power,O2_alpha_power,0.4651292025562656,0.4651292025562656
Control,channel,Fp1_alpha_power,O2_beta_power,0.2626840789108086,0.2626840789108086
Control,channel,Fp1_alpha_power,O2_theta_beta_ratio,-0.008057793831619895,0.008057793831619895
Control,channel,Fp1_alpha_power,F7_delta_power,0.37760489024729094,0.37760489024729094
Control,channel,Fp1_alpha_power,F7_theta_power,0.5707140872464573,0.5707140872464573
Control,channel,Fp1_alpha_power,F7_alpha_power,0.7850514031675465,0.7850514031675465
Control,channel,Fp1_alpha_power,F7_beta_power,0.6195054181717143,0.6195054181717143
Control,channel,Fp1_alpha_power,F7_theta_beta_ratio,0.08174492914698528,0.08174492914698528
Control,channel,Fp1_alpha_power,F8_delta_power,0.35615448735759936,0.35615448735759936
Control,channel,Fp1_alpha_power,F8_theta_power,0.5069741594887469,0.5069741594887469
Control,channel,Fp1_alpha_power,F8_alpha_power,0.615893303695471,0.615893303695471
Control,channel,Fp1_alpha_power,F8_beta_power,0.4377882745207002,0.4377882745207002
Control,channel,Fp1_alpha_power,F8_theta_beta_ratio,0.18883023061961657,0.18883023061961657
Control,channel,Fp1_alpha_power,T7_delta_power,0.03934426229508197,0.03934426229508197
Control,channel,Fp1_alpha_power,T7_theta_power,0.34481800500138926,0.34481800500138926
Control,channel,Fp1_alpha_power,T7_alpha_power,0.6946373992775771,0.6946373992775771
Control,channel,Fp1_alpha_power,T7_beta_power,0.6749096971380939,0.6749096971380939
Control,channel,Fp1_alpha_power,T7_theta_beta_ratio,-0.1756599055293137,0.1756599055293137
Control,channel,Fp1_alpha_power,T8_delta_power,0.11191997777160323,0.11191997777160323
Control,channel,Fp1_alpha_power,T8_theta_power,0.3983328702417338,0.3983328702417338
Control,channel,Fp1_alpha_power,T8_alpha_power,0.5567657682689636,0.5567657682689636
Control,channel,Fp1_alpha_power,T8_beta_power,0.39949986107252017,0.39949986107252017
Control,channel,Fp1_alpha_power,T8_theta_beta_ratio,-0.09130313976104473,0.09130313976104473
Control,channel,Fp1_alpha_power,P7_delta_power,0.09530425118088358,0.09530425118088358
Control,channel,Fp1_alpha_power,P7_theta_power,0.21028063350930815,0.21028063350930815
Control,channel,Fp1_alpha_power,P7_alpha_power,0.5365379272020006,0.5365379272020006
Control,channel,Fp1_alpha_power,P7_beta_power,0.48363434287302026,0.48363434287302026
Control,channel,Fp1_alpha_power,P7_theta_beta_ratio,-0.08407891080855794,0.08407891080855794
Control,channel,Fp1_alpha_power,P8_delta_power,0.014670741872742428,0.014670741872742428
Control,channel,Fp1_alpha_power,P8_theta_power,0.2061128091136427,0.2061128091136427
Control,channel,Fp1_alpha_power,P8_alpha_power,0.4423450958599611,0.4423450958599611
Control,channel,Fp1_alpha_power,P8_beta_power,0.2936371214226174,0.2936371214226174
Control,channel,Fp1_alpha_power,P8_theta_beta_ratio,-0.0810225062517366,0.0810225062517366
Control,channel,Fp1_alpha_power,Fz_delta_power,0.27607668796888024,0.27607668796888024
Control,channel,Fp1_alpha_power,Fz_theta_power,0.6559599888858016,0.6559599888858016
Control,channel,Fp1_alpha_power,Fz_alpha_power,0.8473464851347596,0.8473464851347596
Control,channel,Fp1_alpha_power,Fz_beta_power,0.7038066129480411,0.7038066129480411
Control,channel,Fp1_alpha_power,Fz_theta_beta_ratio,-0.07829952764656849,0.07829952764656849
Control,channel,Fp1_alpha_power,Cz_delta_power,0.268463462072798,0.268463462072798
Control,channel,Fp1_alpha_power,Cz_theta_power,0.5464851347596554,0.5464851347596554
Control,channel,Fp1_alpha_power,Cz_alpha_power,0.5611003056404557,0.5611003056404557
Control,channel,Fp1_alpha_power,Cz_beta_power,0.5448180050013893,0.5448180050013893
Control,channel,Fp1_alpha_power,Cz_theta_beta_ratio,0.013614893025840511,0.013614893025840511
Control,channel,Fp1_alpha_power,Pz_delta_power,0.2082245068074465,0.2082245068074465
Control,channel,Fp1_alpha_power,Pz_theta_power,0.5518199499861073,0.5518199499861073
Control,channel,Fp1_alpha_power,Pz_alpha_power,0.7143651014170603,0.7143651014170603
Control,channel,Fp1_alpha_power,Pz_beta_power,0.6874687413170325,0.6874687413170325
Control,channel,Fp1_alpha_power,Pz_theta_beta_ratio,-0.13159210891914422,0.13159210891914422
Control,channel,Fp1_beta_power,Fp1_theta_beta_ratio,-0.3718810780772437,0.3718810780772437
Control,channel,Fp1_beta_power,Fp2_delta_power,0.36621283689913864,0.36621283689913864
Control,channel,Fp1_beta_power,Fp2_theta_power,0.5254237288135594,0.5254237288135594
Control,channel,Fp1_beta_power,Fp2_alpha_power,0.5608224506807447,0.5608224506807447
Control,channel,Fp1_beta_power,Fp2_beta_power,0.7119199777716032,0.7119199777716032
Control,channel,Fp1_beta_power,Fp2_theta_beta_ratio,-0.1405390386218394,0.1405390386218394
Control,channel,Fp1_beta_power,F3_delta_power,0.24073353709363712,0.24073353709363712
Control,channel,Fp1_beta_power,F3_theta_power,0.46618505140316757,0.46618505140316757
Control,channel,Fp1_beta_power,F3_alpha_power,0.43289802722978604,0.43289802722978604
Control,channel,Fp1_beta_power,F3_beta_power,0.7033620450125034,0.7033620450125034
Control,channel,Fp1_beta_power,F3_theta_beta_ratio,-0.3091414281744929,0.3091414281744929
Control,channel,Fp1_beta_power,F4_delta_power,0.2154487357599333,0.2154487357599333
Control,channel,Fp1_beta_power,F4_theta_power,0.4250069463739928,0.4250069463739928
Control,channel,Fp1_beta_power,F4_alpha_power,0.42122811892192275,0.42122811892192275
Control,channel,Fp1_beta_power,F4_beta_power,0.580327868852459,0.580327868852459
Control,channel,Fp1_beta_power,F4_theta_beta_ratio,-0.28846901917199225,0.28846901917199225
Control,channel,Fp1_beta_power,C3_delta_power,0.1594331758821895,0.1594331758821895
Control,channel,Fp1_beta_power,C3_theta_power,0.41761600444567937,0.41761600444567937
Control,channel,Fp1_beta_power,C3_alpha_power,0.376549041400389,0.376549041400389
Control,channel,Fp1_beta_power,C3_beta_power,0.5825507085301472,0.5825507085301472
Control,channel,Fp1_beta_power,C3_theta_beta_ratio,-0.16888024451236455,0.16888024451236455
Control,channel,Fp1_beta_power,C4_delta_power,0.1917199222006113,0.1917199222006113
Control,channel,Fp1_beta_power,C4_theta_power,0.41489302584051124,0.41489302584051124
Control,channel,Fp1_beta_power,C4_alpha_power,0.3947763267574326,0.3947763267574326
Control,channel,Fp1_beta_power,C4_beta_power,0.548763545429286,0.548763545429286
Control,channel,Fp1_beta_power,C4_theta_beta_ratio,-0.17982772992497917,0.17982772992497917
Control,channel,Fp1_beta_power,P3_delta_power,0.12914698527368715,0.12914698527368715
Control,channel,Fp1_beta_power,P3_theta_power,0.43061961656015557,0.43061961656015557
Control,channel,Fp1_beta_power,P3_alpha_power,0.4861350375104196,0.4861350375104196
Control,channel,Fp1_beta_power,P3_beta_power,0.6276743539872187,0.6276743539872187
Control,channel,Fp1_beta_power,P3_theta_beta_ratio,-0.21694915254237288,0.21694915254237288
Control,channel,Fp1_beta_power,P4_delta_power,0.10108363434287303,0.10108363434287303
Control,channel,Fp1_beta_power,P4_theta_power,0.367379827729925,0.367379827729925
Control,channel,Fp1_beta_power,P4_alpha_power,0.42739649902750765,0.42739649902750765
Control,channel,Fp1_beta_power,P4_beta_power,0.6125590441789386,0.6125590441789386
Control,channel,Fp1_beta_power,P4_theta_beta_ratio,-0.275743262017227,0.275743262017227
Control,channel,Fp1_beta_power,O1_delta_power,0.16060016671297583,0.16060016671297583
Control,channel,Fp1_beta_power,O1_theta_power,0.2861350375104196,0.2861350375104196
Control,channel,Fp1_beta_power,O1_alpha_power,0.5575437621561545,0.5575437621561545
Control,channel,Fp1_beta_power,O1_beta_power,0.6575715476521256,0.6575715476521256
Control,channel,Fp1_beta_power,O1_theta_beta_ratio,-0.23212003334259518,0.23212003334259518
Control,channel,Fp1_beta_power,O2_delta_power,0.1280911364267852,0.1280911364267852
Control,channel,Fp1_beta_power,O2_theta_power,0.24795776604612393,0.24795776604612393
Control,channel,Fp1_beta_power,O2_alpha_power,0.42322867463184216,0.42322867463184216
Control,channel,Fp1_beta_power,O2_beta_power,0.4023895526535149,0.4023895526535149
Control,channel,Fp1_beta_power,O2_theta_beta_ratio,-0.04084467907752153,0.04084467907752153
Control,channel,Fp1_beta_power,F7_delta_power,0.31091969991664353,0.31091969991664353
Control,channel,Fp1_beta_power,F7_theta_power,0.5044734648513476,0.5044734648513476
Control,channel,Fp1_beta_power,F7_alpha_power,0.5842178382884134,0.5842178382884134
Control,channel,Fp1_beta_power,F7_beta_power,0.6906918588496804,0.6906918588496804
Control,channel,Fp1_beta_power,F7_theta_beta_ratio,-0.12986940816893583,0.12986940816893583
Control,channel,Fp1_beta_power,F8_delta_power,0.3398721867185329,0.3398721867185329
Control,channel,Fp1_beta_power,F8_theta_power,0.48141150319533205,0.48141150319533205
Control,channel,Fp1_beta_power,F8_alpha_power,0.5380383439844402,0.5380383439844402
Control,channel,Fp1_beta_power,F8_beta_power,0.6724645734926369,0.6724645734926369
Control,channel,Fp1_beta_power,F8_theta_beta_ratio,-0.009224784662406223,0.009224784662406223
Control,channel,Fp1_beta_power,T7_delta_power,0.06479577660461239,0.06479577660461239
Control,channel,Fp1_beta_power,T7_theta_power,0.27163100861350375,0.27163100861350375
Control,channel,Fp1_beta_power,T7_alpha_power,0.38944151153098083,0.38944151153098083
Control,channel,Fp1_beta_power,T7_beta_power,0.5358155043067518,0.5358155043067518
Control,channel,Fp1_beta_power,T7_theta_beta_ratio,-0.1620450125034732,0.1620450125034732
Control,channel,Fp1_beta_power,T8_delta_power,0.1909974993053626,0.1909974993053626
Control,channel,Fp1_beta_power,T8_theta_power,0.308363434287302,0.308363434287302
Control,channel,Fp1_beta_power,T8_alpha_power,0.352820227841067,0.352820227841067
Control,channel,Fp1_beta_power,T8_beta_power,0.48569046957488193,0.48569046957488193
Control,channel,Fp1_beta_power,T8_theta_beta_ratio,-0.11425395943317589,0.11425395943317589
Control,channel,Fp1_beta_power,P7_delta_power,0.1008613503751042,0.1008613503751042
Control,channel,Fp1_beta_power,P7_theta_power,0.17171436510141705,0.17171436510141705
Control,channel,Fp1_beta_power,P7_alpha_power,0.35615448735759936,0.35615448735759936
Control,channel,Fp1_beta_power,P7_beta_power,0.4414559599888858,0.4414559599888858
Control,channel,Fp1_beta_power,P7_theta_beta_ratio,-0.12920255626562935,0.12920255626562935
Control,channel,Fp1_beta_power,P8_delta_power,0.0315087524312309,0.0315087524312309
Control,channel,Fp1_beta_power,P8_theta_power,0.1153098082800778,0.1153098082800778
Control,channel,Fp1_beta_power,P8_alpha_power,0.28163378716310083,0.28163378716310083
Control,channel,Fp1_beta_power,P8_beta_power,0.5029730480689081,0.5029730480689081
Control,channel,Fp1_beta_power,P8_theta_beta_ratio,-0.28958043901083635,0.28958043901083635
Control,channel,Fp1_beta_power,Fz_delta_power,0.20261183662128368,0.20261183662128368
Control,channel,Fp1_beta_power,Fz_theta_power,0.43801055848846904,0.43801055848846904
Control,channel,Fp1_beta_power,Fz_alpha_power,0.4287302028341206,0.4287302028341206
Control,channel,Fp1_beta_power,Fz_beta_power,0.6332314531814393,0.6332314531814393
Control,channel,Fp1_beta_power,Fz_theta_beta_ratio,-0.2740205612670186,0.2740205612670186
Control,channel,Fp1_beta_power,Cz_delta_power,0.14748541261461517,0.14748541261461517
Control,channel,Fp1_beta_power,Cz_theta_power,0.3864962489580439,0.3864962489580439
Control,channel,Fp1_beta_power,Cz_alpha_power,0.32786885245901637,0.32786885245901637
Control,channel,Fp1_beta_power,Cz_beta_power,0.5084745762711864,0.5084745762711864
Control,channel,Fp1_beta_power,Cz_theta_beta_ratio,-0.10564045568213393,0.10564045568213393
Control,channel,Fp1_beta_power,Pz_delta_power,0.14976382328424562,0.14976382328424562
Control,channel,Fp1_beta_power,Pz_theta_power,0.39155320922478465,0.39155320922478465
Control,channel,Fp1_beta_power,Pz_alpha_power,0.37877188107807724,0.37877188107807724
Control,channel,Fp1_beta_power,Pz_beta_power,0.5719366490691858,0.5719366490691858
Control,channel,Fp1_beta_power,Pz_theta_beta_ratio,-0.23923312031119756,0.23923312031119756
Control,channel,Fp1_theta_beta_ratio,Fp2_delta_power,0.3775493192553487,0.3775493192553487
Control,channel,Fp1_theta_beta_ratio,Fp2_theta_power,0.2986940816893582,0.2986940816893582
Control,channel,Fp1_theta_beta_ratio,Fp2_alpha_power,0.10936371214226175,0.10936371214226175
Control,channel,Fp1_theta_beta_ratio,Fp2_beta_power,-0.25262572936926925,0.25262572936926925
Control,channel,Fp1_theta_beta_ratio,Fp2_theta_beta_ratio,0.6399555432064462,0.6399555432064462
Control,channel,Fp1_theta_beta_ratio,F3_delta_power,0.39238677410391776,0.39238677410391776
Control,channel,Fp1_theta_beta_ratio,F3_theta_power,0.4786885245901639,0.4786885245901639
Control,channel,Fp1_theta_beta_ratio,F3_alpha_power,0.2072242289524868,0.2072242289524868
Control,channel,Fp1_theta_beta_ratio,F3_beta_power,-0.10330647402056127,0.10330647402056127
Control,channel,Fp1_theta_beta_ratio,F3_theta_beta_ratio,0.6903584328980272,0.6903584328980272
Control,channel,Fp1_theta_beta_ratio,F4_delta_power,0.4216171158655182,0.4216171158655182
Control,channel,Fp1_theta_beta_ratio,F4_theta_power,0.34559599888858017,0.34559599888858017
Control,channel,Fp1_theta_beta_ratio,F4_alpha_power,0.11903306474020561,0.11903306474020561
Control,channel,Fp1_theta_beta_ratio,F4_beta_power,-0.16354542928591276,0.16354542928591276
Control,channel,Fp1_theta_beta_ratio,F4_theta_beta_ratio,0.6283967768824673,0.6283967768824673
Control,channel,Fp1_theta_beta_ratio,C3_delta_power,0.3198110586273965,0.3198110586273965
Control,channel,Fp1_theta_beta_ratio,C3_theta_power,0.4881911642122812,0.4881911642122812
Control,channel,Fp1_theta_beta_ratio,C3_alpha_power,0.15020839121978327,0.15020839121978327
Control,channel,Fp1_theta_beta_ratio,C3_beta_power,-0.00044456793553764934,0.00044456793553764934
Control,channel,Fp1_theta_beta_ratio,C3_theta_beta_ratio,0.6331203111975549,0.6331203111975549
Control,channel,Fp1_theta_beta_ratio,C4_delta_power,0.33914976382328427,0.33914976382328427
Control,channel,Fp1_theta_beta_ratio,C4_theta_power,0.2260627952208947,0.2260627952208947
Control,channel,Fp1_theta_beta_ratio,C4_alpha_power,-0.04395665462628508,0.04395665462628508
Control,channel,Fp1_theta_beta_ratio,C4_beta_power,-0.1763823284245624,0.1763823284245624
Control,channel,Fp1_theta_beta_ratio,C4_theta_beta_ratio,0.5463184217838288,0.5463184217838288
Control,channel,Fp1_theta_beta_ratio,P3_delta_power,0.31947763267574325,0.31947763267574325
Control,channel,Fp1_theta_beta_ratio,P3_theta_power,0.3867741039177549,0.3867741039177549
Control,channel,Fp1_theta_beta_ratio,P3_alpha_power,0.1054181717143651,0.1054181717143651
Control,channel,Fp1_theta_beta_ratio,P3_beta_power,-0.02739649902750764,0.02739649902750764
Control,channel,Fp1_theta_beta_ratio,P3_theta_beta_ratio,0.46440677966101696,0.46440677966101696
Control,channel,Fp1_theta_beta_ratio,P4_delta_power,0.31514309530425116,0.31514309530425116
Control,channel,Fp1_theta_beta_ratio,P4_theta_power,0.2457904973603779,0.2457904973603779
Control,channel,Fp1_theta_beta_ratio,P4_alpha_power,0.056015559877743815,0.056015559877743815
Control,channel,Fp1_theta_beta_ratio,P4_beta_power,-0.07702139483189775,0.07702139483189775
Control,channel,Fp1_theta_beta_ratio,P4_theta_beta_ratio,0.3582661850514032,0.3582661850514032
Control,channel,Fp1_theta_beta_ratio,O1_delta_power,0.21944984717977215,0.21944984717977215
Control,channel,Fp1_theta_beta_ratio,O1_theta_power,0.21528202278410669,0.21528202278410669
Control,channel,Fp1_theta_beta_ratio,O1_alpha_power,0.0010558488469019172,0.0010558488469019172
Control,channel,Fp1_theta_beta_ratio,O1_beta_power,-0.04901361489302584,0.04901361489302584
Control,channel,Fp1_theta_beta_ratio,O1_theta_beta_ratio,0.34798555154209504,0.34798555154209504
Control,channel,Fp1_theta_beta_ratio,O2_delta_power,0.10819672131147541,0.10819672131147541
Control,channel,Fp1_theta_beta_ratio,O2_theta_power,-0.011781050291747707,0.011781050291747707
Control,channel,Fp1_theta_beta_ratio,O2_alpha_power,-0.14376215615448737,0.14376215615448737
Control,channel,Fp1_theta_beta_ratio,O2_beta_power,-0.08013337038066129,0.08013337038066129
Control,channel,Fp1_theta_beta_ratio,O2_theta_beta_ratio,0.08541261461517088,0.08541261461517088
Control,channel,Fp1_theta_beta_ratio,F7_delta_power,0.10508474576271186,0.10508474576271186
Control,channel,Fp1_theta_beta_ratio,F7_theta_power,0.23384273409280357,0.23384273409280357
Control,channel,Fp1_theta_beta_ratio,F7_alpha_power,0.03045290358432898,0.03045290358432898
Control,channel,Fp1_theta_beta_ratio,F7_beta_power,-0.22383995554320646,0.22383995554320646
Control,channel,Fp1_theta_beta_ratio,F7_theta_beta_ratio,0.5395943317588219,0.5395943317588219
Control,channel,Fp1_theta_beta_ratio,F8_delta_power,0.1964434565156988,0.1964434565156988
Control,channel,Fp1_theta_beta_ratio,F8_theta_power,0.15887746596276744,0.15887746596276744
Control,channel,Fp1_theta_beta_ratio,F8_alpha_power,-0.020505696026674076,0.020505696026674076
Control,channel,Fp1_theta_beta_ratio,F8_beta_power,-0.26090580716865797,0.26090580716865797
Control,channel,Fp1_theta_beta_ratio,F8_theta_beta_ratio,0.45523756599055293,0.45523756599055293
Control,channel,Fp1_theta_beta_ratio,T7_delta_power,0.16021116976938038,0.16021116976938038
Control,channel,Fp1_theta_beta_ratio,T7_theta_power,0.40311197554876355,0.40311197554876355
Control,channel,Fp1_theta_beta_ratio,T7_alpha_power,0.17165879410947485,0.17165879410947485
Control,channel,Fp1_theta_beta_ratio,T7_beta_power,0.06412892470130592,0.06412892470130592
Control,channel,Fp1_theta_beta_ratio,T7_theta_beta_ratio,0.392720200055571,0.392720200055571
Control,channel,Fp1_theta_beta_ratio,T8_delta_power,0.2001667129758266,0.2001667129758266
Control,channel,Fp1_theta_beta_ratio,T8_theta_power,0.23078632953598222,0.23078632953598222
Control,channel,Fp1_theta_beta_ratio,T8_alpha_power,0.03584328980272298,0.03584328980272298
Control,channel,Fp1_theta_beta_ratio,T8_beta_power,-0.08669074742984162,0.08669074742984162
Control,channel,Fp1_theta_beta_ratio,T8_theta_beta_ratio,0.2352320088913587,0.2352320088913587
Control,channel,Fp1_theta_beta_ratio,P7_delta_power,0.18032786885245902,0.18032786885245902
Control,channel,Fp1_theta_beta_ratio,P7_theta_power,0.34176160044456794,0.34176160044456794
Control,channel,Fp1_theta_beta_ratio,P7_alpha_power,0.0630175048624618,0.0630175048624618
Control,channel,Fp1_theta_beta_ratio,P7_beta_power,0.0720755765490414,0.0720755765490414
Control,channel,Fp1_theta_beta_ratio,P7_theta_beta_ratio,0.37893859405390384,0.37893859405390384
Control,channel,Fp1_theta_beta_ratio,P8_delta_power,0.15654348430119477,0.15654348430119477
Control,channel,Fp1_theta_beta_ratio,P8_theta_power,0.2215059738816338,0.2215059738816338
Control,channel,Fp1_theta_beta_ratio,P8_alpha_power,-0.03828841344818005,0.03828841344818005
Control,channel,Fp1_theta_beta_ratio,P8_beta_power,-0.18766323978883023,0.18766323978883023
Control,channel,Fp1_theta_beta_ratio,P8_theta_beta_ratio,0.32353431508752434,0.32353431508752434
Control,channel,Fp1_theta_beta_ratio,Fz_delta_power,0.34487357599333146,0.34487357599333146
Control,channel,Fp1_theta_beta_ratio,Fz_theta_power,0.43384273409280355,0.43384273409280355
Control,channel,Fp1_theta_beta_ratio,Fz_alpha_power,0.14348430119477631,0.14348430119477631
Control,channel,Fp1_theta_beta_ratio,Fz_beta_power,-0.11069741594887468,0.11069741594887468
Control,channel,Fp1_theta_beta_ratio,Fz_theta_beta_ratio,0.6227841066963046,0.6227841066963046
Control,channel,Fp1_theta_beta_ratio,Cz_delta_power,0.3117532647957766,0.3117532647957766
Control,channel,Fp1_theta_beta_ratio,Cz_theta_power,0.22534037232564602,0.22534037232564602
Control,channel,Fp1_theta_beta_ratio,Cz_alpha_power,0.006112809113642679,0.006112809113642679
Control,channel,Fp1_theta_beta_ratio,Cz_beta_power,-0.15237565990552931,0.15237565990552931
Control,channel,Fp1_theta_beta_ratio,Cz_theta_beta_ratio,0.4117254792998055,0.4117254792998055
Control,channel,Fp1_theta_beta_ratio,Pz_delta_power,0.3158655181994999,0.3158655181994999
Control,channel,Fp1_theta_beta_ratio,Pz_theta_power,0.3523756599055293,0.3523756599055293
Control,channel,Fp1_theta_beta_ratio,Pz_alpha_power,0.0468463462072798,0.0468463462072798
Control,channel,Fp1_theta_beta_ratio,Pz_beta_power,-0.1116976938038344,0.1116976938038344
Control,channel,Fp1_theta_beta_ratio,Pz_theta_beta_ratio,0.5066963045290358,0.5066963045290358
Control,channel,Fp2_delta_power,Fp2_theta_power,0.8619060850236177,0.8619060850236177
Control,channel,Fp2_delta_power,Fp2_alpha_power,0.6397888302306196,0.6397888302306196
Control,channel,Fp2_delta_power,Fp2_beta_power,0.43923312031119754,0.43923312031119754
Control,channel,Fp2_delta_power,Fp2_theta_beta_ratio,0.48146707418727425,0.48146707418727425
Control,channel,Fp2_delta_power,F3_delta_power,0.4630175048624618,0.4630175048624618
Control,channel,Fp2_delta_power,F3_theta_power,0.5422617393720478,0.5422617393720478
Control,channel,Fp2_delta_power,F3_alpha_power,0.33720477910530705,0.33720477910530705
Control,channel,Fp2_delta_power,F3_beta_power,0.42411781050291747,0.42411781050291747
Control,channel,Fp2_delta_power,F3_theta_beta_ratio,0.09597110308419005,0.09597110308419005
Control,channel,Fp2_delta_power,F4_delta_power,0.8045568213392609,0.8045568213392609
Control,channel,Fp2_delta_power,F4_theta_power,0.7255904417893859,0.7255904417893859
Control,channel,Fp2_delta_power,F4_alpha_power,0.4809669352597944,0.4809669352597944
Control,channel,Fp2_delta_power,F4_beta_power,0.47602111697693805,0.47602111697693805
Control,channel,Fp2_delta_power,F4_theta_beta_ratio,0.23478744095582108,0.23478744095582108
Control,channel,Fp2_delta_power,C3_delta_power,0.31492081133648236,0.31492081133648236
Control,channel,Fp2_delta_power,C3_theta_power,0.5222561822728535,0.5222561822728535
Control,channel,Fp2_delta_power,C3_alpha_power,0.293803834398444,0.293803834398444
Control,channel,Fp2_delta_power,C3_beta_power,0.3207001944984718,0.3207001944984718
Control,channel,Fp2_delta_power,C3_theta_beta_ratio,0.24112253403723258,0.24112253403723258
Control,channel,Fp2_delta_power,C4_delta_power,0.6405112531258683,0.6405112531258683
Control,channel,Fp2_delta_power,C4_theta_power,0.5663795498749653,0.5663795498749653
Control,channel,Fp2_delta_power,C4_alpha_power,0.29041400388996946,0.29041400388996946
Control,channel,Fp2_delta_power,C4_beta_power,0.38505140316754655,0.38505140316754655
Control,channel,Fp2_delta_power,C4_theta_beta_ratio,0.29185884968046677,0.29185884968046677
Control,channel,Fp2_delta_power,P3_delta_power,0.27063073075854405,0.27063073075854405
Control,channel,Fp2_delta_power,P3_theta_power,0.42100583495415395,0.42100583495415395
Control,channel,Fp2_delta_power,P3_alpha_power,0.3396499027507641,0.3396499027507641
Control,channel,Fp2_delta_power,P3_beta_power,0.39260905807168656,0.39260905807168656
Control,channel,Fp2_delta_power,P3_theta_beta_ratio,-0.0016115587663239788,0.0016115587663239788
Control,channel,Fp2_delta_power,P4_delta_power,0.6509585996110031,0.6509585996110031
Control,channel,Fp2_delta_power,P4_theta_power,0.5370380661294805,0.5370380661294805
Control,channel,Fp2_delta_power,P4_alpha_power,0.37988330091692135,0.37988330091692135
Control,channel,Fp2_delta_power,P4_beta_power,0.39316476799110867,0.39316476799110867
Control,channel,Fp2_delta_power,P4_theta_beta_ratio,0.1611558766323979,0.1611558766323979
Control,channel,Fp2_delta_power,O1_delta_power,0.20894692970269518,0.20894692970269518
Control,channel,Fp2_delta_power,O1_theta_power,0.18238399555432064,0.18238399555432064
Control,channel,Fp2_delta_power,O1_alpha_power,0.301083634342873,0.301083634342873
Control,channel,Fp2_delta_power,O1_beta_power,0.35987774381772714,0.35987774381772714
Control,channel,Fp2_delta_power,O1_theta_beta_ratio,-0.0837454848569047,0.0837454848569047
Control,channel,Fp2_delta_power,O2_delta_power,0.5518199499861073,0.5518199499861073
Control,channel,Fp2_delta_power,O2_theta_power,0.36710197277021395,0.36710197277021395
Control,channel,Fp2_delta_power,O2_alpha_power,0.32903584328980273,0.32903584328980273
Control,channel,Fp2_delta_power,O2_beta_power,0.35987774381772714,0.35987774381772714
Control,channel,Fp2_delta_power,O2_theta_beta_ratio,0.10447346485134759,0.10447346485134759
Control,channel,Fp2_delta_power,F7_delta_power,0.3387607668796888,0.3387607668796888
Control,channel,Fp2_delta_power,F7_theta_power,0.4078910808557933,0.4078910808557933
Control,channel,Fp2_delta_power,F7_alpha_power,0.3196999166435121,0.3196999166435121
Control,channel,Fp2_delta_power,F7_beta_power,0.24923589886079467,0.24923589886079467
Control,channel,Fp2_delta_power,F7_theta_beta_ratio,0.15737704918032788,0.15737704918032788
Control,channel,Fp2_delta_power,F8_delta_power,0.7256460127813281,0.7256460127813281
Control,channel,Fp2_delta_power,F8_theta_power,0.6450680744651291,0.6450680744651291
Control,channel,Fp2_delta_power,F8_alpha_power,0.45729369269241454,0.45729369269241454
Control,channel,Fp2_delta_power,F8_beta_power,0.412670186162823,0.412670186162823
Control,channel,Fp2_delta_power,F8_theta_beta_ratio,0.3273687135315365,0.3273687135315365
Control,channel,Fp2_delta_power,T7_delta_power,0.11119755487635455,0.11119755487635455
Control,channel,Fp2_delta_power,T7_theta_power,0.33114754098360655,0.33114754098360655
Control,channel,Fp2_delta_power,T7_alpha_power,0.30147263128646845,0.30147263128646845
Control,channel,Fp2_delta_power,T7_beta_power,0.35209780494581827,0.35209780494581827
Control,channel,Fp2_delta_power,T7_theta_beta_ratio,0.0333425951653237,0.0333425951653237
Control,channel,Fp2_delta_power,T8_delta_power,0.45273687135315366,0.45273687135315366
Control,channel,Fp2_delta_power,T8_theta_power,0.4429563767713254,0.4429563767713254
Control,channel,Fp2_delta_power,T8_alpha_power,0.2810780772436788,0.2810780772436788
Control,channel,Fp2_delta_power,T8_beta_power,0.41050291747707696,0.41050291747707696
Control,channel,Fp2_delta_power,T8_theta_beta_ratio,0.07357599333148097,0.07357599333148097
Control,channel,Fp2_delta_power,P7_delta_power,0.1630452903584329,0.1630452903584329
Control,channel,Fp2_delta_power,P7_theta_power,0.23000833564879133,0.23000833564879133
Control,channel,Fp2_delta_power,P7_alpha_power,0.18327313142539595,0.18327313142539595
Control,channel,Fp2_delta_power,P7_beta_power,0.23039733259238676,0.23039733259238676
Control,channel,Fp2_delta_power,P7_theta_beta_ratio,0.09580439010836343,0.09580439010836343
Control,channel,Fp2_delta_power,P8_delta_power,0.4991386496248958,0.4991386496248958
Control,channel,Fp2_delta_power,P8_theta_power,0.5233120311197554,0.5233120311197554
Control,channel,Fp2_delta_power,P8_alpha_power,0.3252014448457905,0.3252014448457905
Control,channel,Fp2_delta_power,P8_beta_power,0.3197554876354543,0.3197554876354543
Control,channel,Fp2_delta_power,P8_theta_beta_ratio,0.18610725201444847,0.18610725201444847
Control,channel,Fp2_delta_power,Fz_delta_power,0.45718255070853014,0.45718255070853014
Control,channel,Fp2_delta_power,Fz_theta_power,0.5262572936926924,0.5262572936926924
Control,channel,Fp2_delta_power,Fz_alpha_power,0.2920811336482356,0.2920811336482356
Control,channel,Fp2_delta_power,Fz_beta_power,0.28980272297860515,0.28980272297860515
Control,channel,Fp2_delta_power,Fz_theta_beta_ratio,0.156876910252848,0.156876910252848
Control,channel,Fp2_delta_power,Cz_delta_power,0.6950263962211726,0.6950263962211726
Control,channel,Fp2_delta_power,Cz_theta_power,0.5830508474576271,0.5830508474576271
Control,channel,Fp2_delta_power,Cz_alpha_power,0.3217560433453737,0.3217560433453737
Control,channel,Fp2_delta_power,Cz_beta_power,0.40933592664629065,0.40933592664629065
Control,channel,Fp2_delta_power,Cz_theta_beta_ratio,0.1875520978049458,0.1875520978049458
Control,channel,Fp2_delta_power,Pz_delta_power,0.33109196999166435,0.33109196999166435
Control,channel,Fp2_delta_power,Pz_theta_power,0.3269241455959989,0.3269241455959989
Control,channel,Fp2_delta_power,Pz_alpha_power,0.19799944429008057,0.19799944429008057
Control,channel,Fp2_delta_power,Pz_beta_power,0.2816893581550431,0.2816893581550431
Control,channel,Fp2_delta_power,Pz_theta_beta_ratio,0.04823562100583496,0.04823562100583496
Control,channel,Fp2_theta_power,Fp2_alpha_power,0.8332314531814393,0.8332314531814393
Control,channel,Fp2_theta_power,Fp2_beta_power,0.5777716032231175,0.5777716032231175
Control,channel,Fp2_theta_power,Fp2_theta_beta_ratio,0.48985829397054736,0.48985829397054736
Control,channel,Fp2_theta_power,F3_delta_power,0.3307029730480689,0.3307029730480689
Control,channel,Fp2_theta_power,F3_theta_power,0.6172825784940261,0.6172825784940261
Control,channel,Fp2_theta_power,F3_alpha_power,0.5294248402333982,0.5294248402333982
Control,channel,Fp2_theta_power,F3_beta_power,0.6050569602667407,0.6050569602667407
Control,channel,Fp2_theta_power,F3_theta_beta_ratio,-0.07051958877465962,0.07051958877465962
Control,channel,Fp2_theta_power,F4_delta_power,0.6734092803556544,0.6734092803556544
Control,channel,Fp2_theta_power,F4_theta_power,0.8477354820783551,0.8477354820783551
Control,channel,Fp2_theta_power,F4_alpha_power,0.6848569046957488,0.6848569046957488
Control,channel,Fp2_theta_power,F4_beta_power,0.6721867185329258,0.6721867185329258
Control,channel,Fp2_theta_power,F4_theta_beta_ratio,0.15759933314809668,0.15759933314809668
Control,channel,Fp2_theta_power,C3_delta_power,0.1756599055293137,0.1756599055293137
Control,channel,Fp2_theta_power,C3_theta_power,0.5856071130869686,0.5856071130869686
Control,channel,Fp2_theta_power,C3_alpha_power,0.4501806057238122,0.4501806057238122
Control,channel,Fp2_theta_power,C3_beta_power,0.475743262017227,0.475743262017227
Control,channel,Fp2_theta_power,C3_theta_beta_ratio,0.1306474020561267,0.1306474020561267
Control,channel,Fp2_theta_power,C4_delta_power,0.4786329535982217,0.4786329535982217
Control,channel,Fp2_theta_power,C4_theta_power,0.6856348985829397,0.6856348985829397
Control,channel,Fp2_theta_power,C4_alpha_power,0.4800222283967769,0.4800222283967769
Control,channel,Fp2_theta_power,C4_beta_power,0.5530425118088358,0.5530425118088358
Control,channel,Fp2_theta_power,C4_theta_beta_ratio,0.22133926090580716,0.22133926090580716
Control,channel,Fp2_theta_power,P3_delta_power,0.14893025840511254,0.14893025840511254
Control,channel,Fp2_theta_power,P3_theta_power,0.4963601000277855,0.4963601000277855
Control,channel,Fp2_theta_power,P3_alpha_power,0.5302584051125313,0.5302584051125313
Control,channel,Fp2_theta_power,P3_beta_power,0.592998055015282,0.592998055015282
Control,channel,Fp2_theta_power,P3_theta_beta_ratio,-0.15704362322867463,0.15704362322867463
Control,channel,Fp2_theta_power,P4_delta_power,0.49852736871353154,0.49852736871353154
Control,channel,Fp2_theta_power,P4_theta_power,0.6458460683523201,0.6458460683523201
Control,channel,Fp2_theta_power,P4_alpha_power,0.5410947485412615,0.5410947485412615
Control,channel,Fp2_theta_power,P4_beta_power,0.5611558766323979,0.5611558766323979
Control,channel,Fp2_theta_power,P4_theta_beta_ratio,0.08858016115587664,0.08858016115587664
Control,channel,Fp2_theta_power,O1_delta_power,0.07213114754098361,0.07213114754098361
Control,channel,Fp2_theta_power,O1_theta_power,0.13809391497638232,0.13809391497638232
Control,channel,Fp2_theta_power,O1_alpha_power,0.39244234509585996,0.39244234509585996
Control,channel,Fp2_theta_power,O1_beta_power,0.49341483745484854,0.49341483745484854
Control,channel,Fp2_theta_power,O1_theta_beta_ratio,-0.21961656015559877,0.21961656015559877
Control,channel,Fp2_theta_power,O2_delta_power,0.38605168102250625,0.38605168102250625
Control,channel,Fp2_theta_power,O2_theta_power,0.35120866907474296,0.35120866907474296
Control,channel,Fp2_theta_power,O2_alpha_power,0.4143373159210892,0.4143373159210892
Control,channel,Fp2_theta_power,O2_beta_power,0.36910252848013336,0.36910252848013336
Control,channel,Fp2_theta_power,O2_theta_beta_ratio,0.08268963601000277,0.08268963601000277
Control,channel,Fp2_theta_power,F7_delta_power,0.1838844123367602,0.1838844123367602
Control,channel,Fp2_theta_power,F7_theta_power,0.40839121978327314,0.40839121978327314
Control,channel,Fp2_theta_power,F7_alpha_power,0.48763545429285915,0.48763545429285915
Control,channel,Fp2_theta_power,F7_beta_power,0.4449569324812448,0.4449569324812448
Control,channel,Fp2_theta_power,F7_theta_beta_ratio,-0.013948318977493749,0.013948318977493749
Control,channel,Fp2_theta_power,F8_delta_power,0.6026118366212837,0.6026118366212837
Control,channel,Fp2_theta_power,F8_theta_power,0.7313142539594332,0.7313142539594332
Control,channel,Fp2_theta_power,F8_alpha_power,0.6063350930814115,0.6063350930814115
Control,channel,Fp2_theta_power,F8_beta_power,0.5285912753542651,0.5285912753542651
Control,channel,Fp2_theta_power,F8_theta_beta_ratio,0.34570714087246457,0.34570714087246457
Control,channel,Fp2_theta_power,T7_delta_power,-0.07229786051681023,0.07229786051681023
Control,channel,Fp2_theta_power,T7_theta_power,0.2819672131147541,0.2819672131147541
Control,channel,Fp2_theta_power,T7_alpha_power,0.41116976938038347,0.41116976938038347
Control,channel,Fp2_theta_power,T7_beta_power,0.4891914420672409,0.4891914420672409
Control,channel,Fp2_theta_power,T7_theta_beta_ratio,-0.17227007502083913,0.17227007502083913
Control,channel,Fp2_theta_power,T8_delta_power,0.3440400111141984,0.3440400111141984
Control,channel,Fp2_theta_power,T8_theta_power,0.49836065573770494,0.49836065573770494
Control,channel,Fp2_theta_power,T8_alpha_power,0.432342317310364,0.432342317310364
Control,channel,Fp2_theta_power,T8_beta_power,0.48680188941372604,0.48680188941372604
Control,channel,Fp2_theta_power,T8_theta_beta_ratio,0.03978883023061962,0.03978883023061962
Control,channel,Fp2_theta_power,P7_delta_power,0.02261739372047791,0.02261739372047791
Control,channel,Fp2_theta_power,P7_theta_power,0.16704640177827174,0.16704640177827174
Control,channel,Fp2_theta_power,P7_alpha_power,0.24212281189219229,0.24212281189219229
Control,channel,Fp2_theta_power,P7_beta_power,0.29919422061683804,0.29919422061683804
Control,channel,Fp2_theta_power,P7_theta_beta_ratio,-0.029674909697138093,0.029674909697138093
Control,channel,Fp2_theta_power,P8_delta_power,0.3294248402333982,0.3294248402333982
Control,channel,Fp2_theta_power,P8_theta_power,0.47791053070297307,0.47791053070297307
Control,channel,Fp2_theta_power,P8_alpha_power,0.425062517365935,0.425062517365935
Control,channel,Fp2_theta_power,P8_beta_power,0.36521255904417893,0.36521255904417893
Control,channel,Fp2_theta_power,P8_theta_beta_ratio,0.11875520978049459,0.11875520978049459
Control,channel,Fp2_theta_power,Fz_delta_power,0.2684078910808558,0.2684078910808558
Control,channel,Fp2_theta_power,Fz_theta_power,0.6226173937204779,0.6226173937204779
Control,channel,Fp2_theta_power,Fz_alpha_power,0.4906362878577383,0.4906362878577383
Control,channel,Fp2_theta_power,Fz_beta_power,0.4847457627118644,0.4847457627118644
Control,channel,Fp2_theta_power,Fz_theta_beta_ratio,0.04451236454570714,0.04451236454570714
Control,channel,Fp2_theta_power,Cz_delta_power,0.5209224784662406,0.5209224784662406
Control,channel,Fp2_theta_power,Cz_theta_power,0.6458460683523201,0.6458460683523201
Control,channel,Fp2_theta_power,Cz_alpha_power,0.441789385940539,0.441789385940539
Control,channel,Fp2_theta_power,Cz_beta_power,0.5633787163100862,0.5633787163100862
Control,channel,Fp2_theta_power,Cz_theta_beta_ratio,0.0955265351486524,0.0955265351486524
Control,channel,Fp2_theta_power,Pz_delta_power,0.19260905807168657,0.19260905807168657
Control,channel,Fp2_theta_power,Pz_theta_power,0.3947207557654904,0.3947207557654904
Control,channel,Fp2_theta_power,Pz_alpha_power,0.34798555154209504,0.34798555154209504
Control,channel,Fp2_theta_power,Pz_beta_power,0.4674076132258961,0.4674076132258961
Control,channel,Fp2_theta_power,Pz_theta_beta_ratio,-0.09291469852736871,0.09291469852736871
Control,channel,Fp2_alpha_power,Fp2_beta_power,0.6595165323701028,0.6595165323701028
Control,channel,Fp2_alpha_power,Fp2_theta_beta_ratio,0.2208946929702695,0.2208946929702695
Control,channel,Fp2_alpha_power,F3_delta_power,0.22678521811614338,0.22678521811614338
Control,channel,Fp2_alpha_power,F3_theta_power,0.5782161711586552,0.5782161711586552
Control,channel,Fp2_alpha_power,F3_alpha_power,0.6980272297860517,0.6980272297860517
Control,channel,Fp2_alpha_power,F3_beta_power,0.6819116421228119,0.6819116421228119
Control,channel,Fp2_alpha_power,F3_theta_beta_ratio,-0.17543762156154488,0.17543762156154488
Control,channel,Fp2_alpha_power,F4_delta_power,0.5347596554598499,0.5347596554598499
Control,channel,Fp2_alpha_power,F4_theta_power,0.790830786329536,0.790830786329536
Control,channel,Fp2_alpha_power,F4_alpha_power,0.8825784940261183,0.8825784940261183
Control,channel,Fp2_alpha_power,F4_beta_power,0.7860516810225062,0.7860516810225062
Control,channel,Fp2_alpha_power,F4_theta_beta_ratio,-0.050347318699638786,0.050347318699638786
Control,channel,Fp2_alpha_power,C3_delta_power,0.05457071408724646,0.05457071408724646
Control,channel,Fp2_alpha_power,C3_theta_power,0.5253125868296749,0.5253125868296749
Control,channel,Fp2_alpha_power,C3_alpha_power,0.6300639066407335,0.6300639066407335
Control,channel,Fp2_alpha_power,C3_beta_power,0.5672131147540984,0.5672131147540984
Control,channel,Fp2_alpha_power,C3_theta_beta_ratio,-0.02233953876076688,0.02233953876076688
Control,channel,Fp2_alpha_power,C4_delta_power,0.3464851347596555,0.3464851347596555
Control,channel,Fp2_alpha_power,C4_theta_power,0.6781328146707418,0.6781328146707418
Control,channel,Fp2_alpha_power,C4_alpha_power,0.677910530702973,0.677910530702973
Control,channel,Fp2_alpha_power,C4_beta_power,0.6885801611558766,0.6885801611558766
Control,channel,Fp2_alpha_power,C4_theta_beta_ratio,0.00955821061405946,0.00955821061405946
Control,channel,Fp2_alpha_power,P3_delta_power,0.03339816615726591,0.03339816615726591
Control,channel,Fp2_alpha_power,P3_theta_power,0.4593498193942762,0.4593498193942762
Control,channel,Fp2_alpha_power,P3_alpha_power,0.6614059460961378,0.6614059460961378
Control,channel,Fp2_alpha_power,P3_beta_power,0.6716310086135038,0.6716310086135038
Control,channel,Fp2_alpha_power,P3_theta_beta_ratio,-0.21639344262295082,0.21639344262295082
Control,channel,Fp2_alpha_power,P4_delta_power,0.3614337315921089,0.3614337315921089
Control,channel,Fp2_alpha_power,P4_theta_power,0.6428452347874409,0.6428452347874409
Control,channel,Fp2_alpha_power,P4_alpha_power,0.7380383439844401,0.7380383439844401
Control,channel,Fp2_alpha_power,P4_beta_power,0.6841900527924424,0.6841900527924424
Control,channel,Fp2_alpha_power,P4_theta_beta_ratio,-0.06207279799944429,0.06207279799944429
Control,channel,Fp2_alpha_power,O1_delta_power,-0.01650458460683523,0.01650458460683523
Control,channel,Fp2_alpha_power,O1_theta_power,0.13036954709641568,0.13036954709641568
Control,channel,Fp2_alpha_power,O1_alpha_power,0.5049180327868853,0.5049180327868853
Control,channel,Fp2_alpha_power,O1_beta_power,0.4800222283967769,0.4800222283967769
Control,channel,Fp2_alpha_power,O1_theta_beta_ratio,-0.2405668241178105,0.2405668241178105
Control,channel,Fp2_alpha_power,O2_delta_power,0.3020283412058905,0.3020283412058905
Control,channel,Fp2_alpha_power,O2_theta_power,0.3901083634342873,0.3901083634342873
Control,channel,Fp2_alpha_power,O2_alpha_power,0.6385662684078911,0.6385662684078911
Control,channel,Fp2_alpha_power,O2_beta_power,0.3782161711586552,0.3782161711586552
Control,channel,Fp2_alpha_power,O2_theta_beta_ratio,0.09291469852736871,0.09291469852736871
Control,channel,Fp2_alpha_power,F7_delta_power,0.1927757710475132,0.1927757710475132
Control,channel,Fp2_alpha_power,F7_theta_power,0.40200055570991944,0.40200055570991944
Control,channel,Fp2_alpha_power,F7_alpha_power,0.5874965268130036,0.5874965268130036
Control,channel,Fp2_alpha_power,F7_beta_power,0.5325368157821617,0.5325368157821617
Control,channel,Fp2_alpha_power,F7_theta_beta_ratio,-0.07991108641289248,0.07991108641289248
Control,channel,Fp2_alpha_power,F8_delta_power,0.4737427063073076,0.4737427063073076
Control,channel,Fp2_alpha_power,F8_theta_power,0.614281744929147,0.614281744929147
Control,channel,Fp2_alpha_power,F8_alpha_power,0.7823839955543207,0.7823839955543207
Control,channel,Fp2_alpha_power,F8_beta_power,0.6243956654626285,0.6243956654626285
Control,channel,Fp2_alpha_power,F8_theta_beta_ratio,0.15793275909974994,0.15793275909974994
Control,channel,Fp2_alpha_power,T7_delta_power,-0.16171158655181994,0.16171158655181994
Control,channel,Fp2_alpha_power,T7_theta_power,0.21233676021116976,0.21233676021116976
Control,channel,Fp2_alpha_power,T7_alpha_power,0.5212003334259516,0.5212003334259516
Control,channel,Fp2_alpha_power,T7_beta_power,0.4965268130036121,0.4965268130036121
Control,channel,Fp2_alpha_power,T7_theta_beta_ratio,-0.24134481800500138,0.24134481800500138
Control,channel,Fp2_alpha_power,T8_delta_power,0.19488746874131704,0.19488746874131704
Control,channel,Fp2_alpha_power,T8_theta_power,0.46624062239510977,0.46624062239510977
Control,channel,Fp2_alpha_power,T8_alpha_power,0.6692414559599889,0.6692414559599889
Control,channel,Fp2_alpha_power,T8_beta_power,0.5438177271464296,0.5438177271464296
Control,channel,Fp2_alpha_power,T8_theta_beta_ratio,-0.07396499027507641,0.07396499027507641
Control,channel,Fp2_alpha_power,P7_delta_power,-0.06818560711308697,0.06818560711308697
Control,channel,Fp2_alpha_power,P7_theta_power,0.1009169213670464,0.1009169213670464
Control,channel,Fp2_alpha_power,P7_alpha_power,0.3706029452625729,0.3706029452625729
Control,channel,Fp2_alpha_power,P7_beta_power,0.3199777716032231,0.3199777716032231
Control,channel,Fp2_alpha_power,P7_theta_beta_ratio,-0.1189219227563212,0.1189219227563212
Control,channel,Fp2_alpha_power,P8_delta_power,0.21778271742150598,0.21778271742150598
Control,channel,Fp2_alpha_power,P8_theta_power,0.40216726868574604,0.40216726868574604
Control,channel,Fp2_alpha_power,P8_alpha_power,0.6060016671297582,0.6060016671297582
Control,channel,Fp2_alpha_power,P8_beta_power,0.42011669908307864,0.42011669908307864
Control,channel,Fp2_alpha_power,P8_theta_beta_ratio,-0.004445679355376493,0.004445679355376493
Control,channel,Fp2_alpha_power,Fz_delta_power,0.13898305084745763,0.13898305084745763
Control,channel,Fp2_alpha_power,Fz_theta_power,0.5769936093359267,0.5769936093359267
Control,channel,Fp2_alpha_power,Fz_alpha_power,0.672242289524868,0.672242289524868
Control,channel,Fp2_alpha_power,Fz_beta_power,0.5934426229508196,0.5934426229508196
Control,channel,Fp2_alpha_power,Fz_theta_beta_ratio,-0.10302861906085023,0.10302861906085023
Control,channel,Fp2_alpha_power,Cz_delta_power,0.42089469297026955,0.42089469297026955
Control,channel,Fp2_alpha_power,Cz_theta_power,0.6467907752153376,0.6467907752153376
Control,channel,Fp2_alpha_power,Cz_alpha_power,0.688691303139761,0.688691303139761
Control,channel,Fp2_alpha_power,Cz_beta_power,0.7049736037788275,0.7049736037788275
Control,channel,Fp2_alpha_power,Cz_theta_beta_ratio,-0.043845512642400664,0.043845512642400664
Control,channel,Fp2_alpha_power,Pz_delta_power,0.09852736871353154,0.09852736871353154
Control,channel,Fp2_alpha_power,Pz_theta_power,0.38605168102250625,0.38605168102250625
Control,channel,Fp2_alpha_power,Pz_alpha_power,0.540150041678244,0.540150041678244
Control,channel,Fp2_alpha_power,Pz_beta_power,0.600277854959711,0.600277854959711
Control,channel,Fp2_alpha_power,Pz_theta_beta_ratio,-0.22061683801055848,0.22061683801055848
Control,channel,Fp2_beta_power,Fp2_theta_beta_ratio,-0.33620450125034734,0.33620450125034734
Control,channel,Fp2_beta_power,F3_delta_power,0.14109474854126147,0.14109474854126147
Control,channel,Fp2_beta_power,F3_theta_power,0.4183939983328702,0.4183939983328702
Control,channel,Fp2_beta_power,F3_alpha_power,0.35215337593776047,0.35215337593776047
Control,channel,Fp2_beta_power,F3_beta_power,0.6086690747429842,0.6086690747429842
Control,channel,Fp2_beta_power,F3_theta_beta_ratio,-0.2883578771881078,0.2883578771881078
Control,channel,Fp2_beta_power,F4_delta_power,0.3114754098360656,0.3114754098360656
Control,channel,Fp2_beta_power,F4_theta_power,0.4821894970825229,0.4821894970825229
Control,channel,Fp2_beta_power,F4_alpha_power,0.5483745484856904,0.5483745484856904
Control,channel,Fp2_beta_power,F4_beta_power,0.7675465407057516,0.7675465407057516
Control,channel,Fp2_beta_power,F4_theta_beta_ratio,-0.33525979438732983,0.33525979438732983
Control,channel,Fp2_beta_power,C3_delta_power,0.030397332592386774,0.030397332592386774
Control,channel,Fp2_beta_power,C3_theta_power,0.3772158933036955,0.3772158933036955
Control,channel,Fp2_beta_power,C3_alpha_power,0.3444290080577938,0.3444290080577938
Control,channel,Fp2_beta_power,C3_beta_power,0.567379827729925,0.567379827729925
Control,channel,Fp2_beta_power,C3_theta_beta_ratio,-0.18894137260350097,0.18894137260350097
Control,channel,Fp2_beta_power,C4_delta_power,0.2107252014448458,0.2107252014448458
Control,channel,Fp2_beta_power,C4_theta_power,0.40400111141983885,0.40400111141983885
Control,channel,Fp2_beta_power,C4_alpha_power,0.39127535426507365,0.39127535426507365
Control,channel,Fp2_beta_power,C4_beta_power,0.6352320088913587,0.6352320088913587
Control,channel,Fp2_beta_power,C4_theta_beta_ratio,-0.25579327590997497,0.25579327590997497
Control,channel,Fp2_beta_power,P3_delta_power,0.07235343150875242,0.07235343150875242
Control,channel,Fp2_beta_power,P3_theta_power,0.412948041122534,0.412948041122534
Control,channel,Fp2_beta_power,P3_alpha_power,0.4213948318977494,0.4213948318977494
Control,channel,Fp2_beta_power,P3_beta_power,0.6061128091136426,0.6061128091136426
Control,channel,Fp2_beta_power,P3_theta_beta_ratio,-0.24473464851347596,0.24473464851347596
Control,channel,Fp2_beta_power,P4_delta_power,0.28118921922756324,0.28118921922756324
Control,channel,Fp2_beta_power,P4_theta_power,0.4671853292581273,0.4671853292581273
Control,channel,Fp2_beta_power,P4_alpha_power,0.5076410113920533,0.5076410113920533
Control,channel,Fp2_beta_power,P4_beta_power,0.6629063628785774,0.6629063628785774
Control,channel,Fp2_beta_power,P4_theta_beta_ratio,-0.2181717143651014,0.2181717143651014
Control,channel,Fp2_beta_power,O1_delta_power,-0.013225896082245068,0.013225896082245068
Control,channel,Fp2_beta_power,O1_theta_power,0.18705195887746595,0.18705195887746595
Control,channel,Fp2_beta_power,O1_alpha_power,0.39655459849958324,0.39655459849958324
Control,channel,Fp2_beta_power,O1_beta_power,0.5310363989997221,0.5310363989997221
Control,channel,Fp2_beta_power,O1_theta_beta_ratio,-0.29713809391497636,0.29713809391497636
Control,channel,Fp2_beta_power,O2_delta_power,0.2729647124201167,0.2729647124201167
Control,channel,Fp2_beta_power,O2_theta_power,0.31280911364267855,0.31280911364267855
Control,channel,Fp2_beta_power,O2_alpha_power,0.493525979438733,0.493525979438733
Control,channel,Fp2_beta_power,O2_beta_power,0.5049180327868853,0.5049180327868853
Control,channel,Fp2_beta_power,O2_theta_beta_ratio,-0.06257293692692414,0.06257293692692414
Control,channel,Fp2_beta_power,F7_delta_power,0.13820505696026675,0.13820505696026675
Control,channel,Fp2_beta_power,F7_theta_power,0.3643789941650458,0.3643789941650458
Control,channel,Fp2_beta_power,F7_alpha_power,0.45918310641844956,0.45918310641844956
Control,channel,Fp2_beta_power,F7_beta_power,0.6336204501250348,0.6336204501250348
Control,channel,Fp2_beta_power,F7_theta_beta_ratio,-0.24173381494859683,0.24173381494859683
Control,channel,Fp2_beta_power,F8_delta_power,0.3487079744373437,0.3487079744373437
Control,channel,Fp2_beta_power,F8_theta_power,0.4736871353153654,0.4736871353153654
Control,channel,Fp2_beta_power,F8_alpha_power,0.5720477910530702,0.5720477910530702
Control,channel,Fp2_beta_power,F8_beta_power,0.8182272853570436,0.8182272853570436
Control,channel,Fp2_beta_power,F8_theta_beta_ratio,-0.16387885523756598,0.16387885523756598
Control,channel,Fp2_beta_power,T7_delta_power,-0.09563767713253682,0.09563767713253682
Control,channel,Fp2_beta_power,T7_theta_power,0.18877465962767434,0.18877465962767434
Control,channel,Fp2_beta_power,T7_alpha_power,0.29180327868852457,0.29180327868852457
Control,channel,Fp2_beta_power,T7_beta_power,0.40400111141983885,0.40400111141983885
Control,channel,Fp2_beta_power,T7_theta_beta_ratio,-0.1731592108919144,0.1731592108919144
Control,channel,Fp2_beta_power,T8_delta_power,0.1349819394276188,0.1349819394276188
Control,channel,Fp2_beta_power,T8_theta_power,0.25562656293414837,0.25562656293414837
Control,channel,Fp2_beta_power,T8_alpha_power,0.3423728813559322,0.3423728813559322
Control,channel,Fp2_beta_power,T8_beta_power,0.666574048346763,0.666574048346763
Control,channel,Fp2_beta_power,T8_theta_beta_ratio,-0.3294804112253404,0.3294804112253404
Control,channel,Fp2_beta_power,P7_delta_power,-0.07063073075854404,0.07063073075854404
Control,channel,Fp2_beta_power,P7_theta_power,0.11025284801333704,0.11025284801333704
Control,channel,Fp2_beta_power,P7_alpha_power,0.20316754654070576,0.20316754654070576
Control,channel,Fp2_beta_power,P7_beta_power,0.28335648791330925,0.28335648791330925
Control,channel,Fp2_beta_power,P7_theta_beta_ratio,-0.13992775771047514,0.13992775771047514
Control,channel,Fp2_beta_power,P8_delta_power,0.1125312586829675,0.1125312586829675
Control,channel,Fp2_beta_power,P8_theta_power,0.18627396499027507,0.18627396499027507
Control,channel,Fp2_beta_power,P8_alpha_power,0.32670186162823006,0.32670186162823006
Control,channel,Fp2_beta_power,P8_beta_power,0.5476521255904417,0.5476521255904417
Control,channel,Fp2_beta_power,P8_theta_beta_ratio,-0.2956376771325368,0.2956376771325368
Control,channel,Fp2_beta_power,Fz_delta_power,0.11797721589330369,0.11797721589330369
Control,channel,Fp2_beta_power,Fz_theta_power,0.3759377604890247,0.3759377604890247
Control,channel,Fp2_beta_power,Fz_alpha_power,0.3305362600722423,0.3305362600722423
Control,channel,Fp2_beta_power,Fz_beta_power,0.5351486524034454,0.5351486524034454
Control,channel,Fp2_beta_power,Fz_theta_beta_ratio,-0.2880244512364546,0.2880244512364546
Control,channel,Fp2_beta_power,Cz_delta_power,0.2533481522645179,0.2533481522645179
Control,channel,Fp2_beta_power,Cz_theta_power,0.421561544873576,0.421561544873576
Control,channel,Fp2_beta_power,Cz_alpha_power,0.4247290914142817,0.4247290914142817
Control,channel,Fp2_beta_power,Cz_beta_power,0.6670741872742428,0.6670741872742428
Control,channel,Fp2_beta_power,Cz_theta_beta_ratio,-0.24106696304529035,0.24106696304529035
Control,channel,Fp2_beta_power,Pz_delta_power,0.08546818560711308,0.08546818560711308
Control,channel,Fp2_beta_power,Pz_theta_power,0.3179216449013615,0.3179216449013615
Control,channel,Fp2_beta_power,Pz_alpha_power,0.33114754098360655,0.33114754098360655
Control,channel,Fp2_beta_power,Pz_beta_power,0.5343706585162545,0.5343706585162545
Control,channel,Fp2_beta_power,Pz_theta_beta_ratio,-0.24473464851347596,0.24473464851347596
Control,channel,Fp2_theta_beta_ratio,F3_delta_power,0.21750486246179496,0.21750486246179496
Control,channel,Fp2_theta_beta_ratio,F3_theta_power,0.2712975826618505,0.2712975826618505
Control,channel,Fp2_theta_beta_ratio,F3_alpha_power,0.16626840789108085,0.16626840789108085
Control,channel,Fp2_theta_beta_ratio,F3_beta_power,-0.022395109752709086,0.022395109752709086
Control,channel,Fp2_theta_beta_ratio,F3_theta_beta_ratio,0.32025562656293416,0.32025562656293416
Control,channel,Fp2_theta_beta_ratio,F4_delta_power,0.4163378716310086,0.4163378716310086
Control,channel,Fp2_theta_beta_ratio,F4_theta_power,0.4596276743539872,0.4596276743539872
Control,channel,Fp2_theta_beta_ratio,F4_alpha_power,0.17999444290080577,0.17999444290080577
Control,channel,Fp2_theta_beta_ratio,F4_beta_power,-0.0784106696304529,0.0784106696304529
Control,channel,Fp2_theta_beta_ratio,F4_theta_beta_ratio,0.648513475965546,0.648513475965546
Control,channel,Fp2_theta_beta_ratio,C3_delta_power,0.131536537927202,0.131536537927202
Control,channel,Fp2_theta_beta_ratio,C3_theta_power,0.2656293414837455,0.2656293414837455
Control,channel,Fp2_theta_beta_ratio,C3_alpha_power,0.13570436232286745,0.13570436232286745
Control,channel,Fp2_theta_beta_ratio,C3_beta_power,-0.08674631842178383,0.08674631842178383
Control,channel,Fp2_theta_beta_ratio,C3_theta_beta_ratio,0.409169213670464,0.409169213670464
Control,channel,Fp2_theta_beta_ratio,C4_delta_power,0.3060294526257294,0.3060294526257294
Control,channel,Fp2_theta_beta_ratio,C4_theta_power,0.3389830508474576,0.3389830508474576
Control,channel,Fp2_theta_beta_ratio,C4_alpha_power,0.09313698249513754,0.09313698249513754
Control,channel,Fp2_theta_beta_ratio,C4_beta_power,-0.09041400388996944,0.09041400388996944
Control,channel,Fp2_theta_beta_ratio,C4_theta_beta_ratio,0.6176160044456793,0.6176160044456793
Control,channel,Fp2_theta_beta_ratio,P3_delta_power,0.06207279799944429,0.06207279799944429
Control,channel,Fp2_theta_beta_ratio,P3_theta_power,0.14159488746874133,0.14159488746874133
Control,channel,Fp2_theta_beta_ratio,P3_alpha_power,0.12775771047513199,0.12775771047513199
Control,channel,Fp2_theta_beta_ratio,P3_beta_power,0.02128368991386496,0.02128368991386496
Control,channel,Fp2_theta_beta_ratio,P3_theta_beta_ratio,0.12181161433731592,0.12181161433731592
Control,channel,Fp2_theta_beta_ratio,P4_delta_power,0.24901361489302584,0.24901361489302584
Control,channel,Fp2_theta_beta_ratio,P4_theta_power,0.2744095582106141,0.2744095582106141
Control,channel,Fp2_theta_beta_ratio,P4_alpha_power,0.05801611558766324,0.05801611558766324
Control,channel,Fp2_theta_beta_ratio,P4_beta_power,-0.08613503751041957,0.08613503751041957
Control,channel,Fp2_theta_beta_ratio,P4_theta_beta_ratio,0.44740205612670186,0.44740205612670186
Control,channel,Fp2_theta_beta_ratio,O1_delta_power,0.05290358432898027,0.05290358432898027
Control,channel,Fp2_theta_beta_ratio,O1_theta_power,-0.0540705751597666,0.0540705751597666
Control,channel,Fp2_theta_beta_ratio,O1_alpha_power,0.01756043345373715,0.01756043345373715
Control,channel,Fp2_theta_beta_ratio,O1_beta_power,0.03895526535148652,0.03895526535148652
Control,channel,Fp2_theta_beta_ratio,O1_theta_beta_ratio,0.04151153098082801,0.04151153098082801
Control,channel,Fp2_theta_beta_ratio,O2_delta_power,0.11119755487635455,0.11119755487635455
Control,channel,Fp2_theta_beta_ratio,O2_theta_power,0.06351764378994165,0.06351764378994165
Control,channel,Fp2_theta_beta_ratio,O2_alpha_power,-0.07257571547652125,0.07257571547652125
Control,channel,Fp2_theta_beta_ratio,O2_beta_power,-0.11836621283689913,0.11836621283689913
Control,channel,Fp2_theta_beta_ratio,O2_theta_beta_ratio,0.20100027785495972,0.20100027785495972
Control,channel,Fp2_theta_beta_ratio,F7_delta_power,0.010280633509308142,0.010280633509308142
Control,channel,Fp2_theta_beta_ratio,F7_theta_power,0.052236732425673796,0.052236732425673796
Control,channel,Fp2_theta_beta_ratio,F7_alpha_power,-0.01728257849402612,0.01728257849402612
Control,channel,Fp2_theta_beta_ratio,F7_beta_power,-0.19299805501528203,0.19299805501528203
Control,channel,Fp2_theta_beta_ratio,F7_theta_beta_ratio,0.25151430953042514,0.25151430953042514
Control,channel,Fp2_theta_beta_ratio,F8_delta_power,0.3136426785218116,0.3136426785218116
Control,channel,Fp2_theta_beta_ratio,F8_theta_power,0.3166990830786329,0.3166990830786329
Control,channel,Fp2_theta_beta_ratio,F8_alpha_power,0.086524034454015,0.086524034454015
Control,channel,Fp2_theta_beta_ratio,F8_beta_power,-0.22328424562378438,0.22328424562378438
Control,channel,Fp2_theta_beta_ratio,F8_theta_beta_ratio,0.6740761322589608,0.6740761322589608
Control,channel,Fp2_theta_beta_ratio,T7_delta_power,-0.048680188941372604,0.048680188941372604
Control,channel,Fp2_theta_beta_ratio,T7_theta_power,0.1016949152542373,0.1016949152542373
Control,channel,Fp2_theta_beta_ratio,T7_alpha_power,0.11041956098916365,0.11041956098916365
Control,channel,Fp2_theta_beta_ratio,T7_beta_power,0.05657126979716588,0.05657126979716588
Control,channel,Fp2_theta_beta_ratio,T7_theta_beta_ratio,0.020116699083078633,0.020116699083078633
Control,channel,Fp2_theta_beta_ratio,T8_delta_power,0.2486246179494304,0.2486246179494304
Control,channel,Fp2_theta_beta_ratio,T8_theta_power,0.3009169213670464,0.3009169213670464
Control,channel,Fp2_theta_beta_ratio,T8_alpha_power,0.08869130313976105,0.08869130313976105
Control,channel,Fp2_theta_beta_ratio,T8_beta_power,-0.1928313420394554,0.1928313420394554
Control,channel,Fp2_theta_beta_ratio,T8_theta_beta_ratio,0.4747429841622673,0.4747429841622673
Control,channel,Fp2_theta_beta_ratio,P7_delta_power,0.01072520144484579,0.01072520144484579
Control,channel,Fp2_theta_beta_ratio,P7_theta_power,0.028063350930814114,0.028063350930814114
Control,channel,Fp2_theta_beta_ratio,P7_alpha_power,-0.02439566546262851,0.02439566546262851
Control,channel,Fp2_theta_beta_ratio,P7_beta_power,0.03728813559322034,0.03728813559322034
Control,channel,Fp2_theta_beta_ratio,P7_theta_beta_ratio,0.09980550152820228,0.09980550152820228
Control,channel,Fp2_theta_beta_ratio,P8_delta_power,0.20461239233120312,0.20461239233120312
Control,channel,Fp2_theta_beta_ratio,P8_theta_power,0.30875243123089746,0.30875243123089746
Control,channel,Fp2_theta_beta_ratio,P8_alpha_power,0.09613781606001667,0.09613781606001667
Control,channel,Fp2_theta_beta_ratio,P8_beta_power,-0.19210891914420672,0.19210891914420672
Control,channel,Fp2_theta_beta_ratio,P8_theta_beta_ratio,0.4964712420116699,0.4964712420116699
Control,channel,Fp2_theta_beta_ratio,Fz_delta_power,0.14737427063073075,0.14737427063073075
Control,channel,Fp2_theta_beta_ratio,Fz_theta_power,0.29424840233398164,0.29424840233398164
Control,channel,Fp2_theta_beta_ratio,Fz_alpha_power,0.1387607668796888,0.1387607668796888
Control,channel,Fp2_theta_beta_ratio,Fz_beta_power,-0.048291191997777164,0.048291191997777164
Control,channel,Fp2_theta_beta_ratio,Fz_theta_beta_ratio,0.40527924423450956,0.40527924423450956
Control,channel,Fp2_theta_beta_ratio,Cz_delta_power,0.30658516254515145,0.30658516254515145
Control,channel,Fp2_theta_beta_ratio,Cz_theta_power,0.27624340094470684,0.27624340094470684
Control,channel,Fp2_theta_beta_ratio,Cz_alpha_power,0.017893859405390386,0.017893859405390386
Control,channel,Fp2_theta_beta_ratio,Cz_beta_power,-0.1000277854959711,0.1000277854959711
Control,channel,Fp2_theta_beta_ratio,Cz_theta_beta_ratio,0.4747985551542095,0.4747985551542095
Control,channel,Fp2_theta_beta_ratio,Pz_delta_power,0.09541539316476799,0.09541539316476799
Control,channel,Fp2_theta_beta_ratio,Pz_theta_power,0.09485968324534592,0.09485968324534592
Control,channel,Fp2_theta_beta_ratio,Pz_alpha_power,0.001944984717977216,0.001944984717977216
Control,channel,Fp2_theta_beta_ratio,Pz_beta_power,-0.0720200055570992,0.0720200055570992
Control,channel,Fp2_theta_beta_ratio,Pz_theta_beta_ratio,0.20772436787996665,0.20772436787996665
Control,channel,F3_delta_power,F3_theta_power,0.6162267296471242,0.6162267296471242
Control,channel,F3_delta_power,F3_alpha_power,0.3888302306196166,0.3888302306196166
Control,channel,F3_delta_power,F3_beta_power,0.25690469574881913,0.25690469574881913
Control,channel,F3_delta_power,F3_theta_beta_ratio,0.43200889135871073,0.43200889135871073
Control,channel,F3_delta_power,F4_delta_power,0.5924423450958599,0.5924423450958599
Control,channel,F3_delta_power,F4_theta_power,0.4180050013892748,0.4180050013892748
Control,channel,F3_delta_power,F4_alpha_power,0.19677688246735203,0.19677688246735203
Control,channel,F3_delta_power,F4_beta_power,0.05040288969158099,0.05040288969158099
Control,channel,F3_delta_power,F4_theta_beta_ratio,0.36504584606835233,0.36504584606835233
Control,channel,F3_delta_power,C3_delta_power,0.87707696582384,0.87707696582384
Control,channel,F3_delta_power,C3_theta_power,0.562267296471242,0.562267296471242
Control,channel,F3_delta_power,C3_alpha_power,0.2819116421228119,0.2819116421228119
Control,channel,F3_delta_power,C3_beta_power,0.29958321756043343,0.29958321756043343
Control,channel,F3_delta_power,C3_theta_beta_ratio,0.3687691025284801,0.3687691025284801
Control,channel,F3_delta_power,C4_delta_power,0.5817171436510141,0.5817171436510141
Control,channel,F3_delta_power,C4_theta_power,0.2676854681856071,0.2676854681856071
Control,channel,F3_delta_power,C4_alpha_power,-0.011614337315921089,0.011614337315921089
Control,channel,F3_delta_power,C4_beta_power,0.006001667129758266,0.006001667129758266
Control,channel,F3_delta_power,C4_theta_beta_ratio,0.35443178660739094,0.35443178660739094
Control,channel,F3_delta_power,P3_delta_power,0.8118366212836899,0.8118366212836899
Control,channel,F3_delta_power,P3_theta_power,0.5697693803834398,0.5697693803834398
Control,channel,F3_delta_power,P3_alpha_power,0.3413170325090303,0.3413170325090303
Control,channel,F3_delta_power,P3_beta_power,0.24929146985273687,0.24929146985273687
Control,channel,F3_delta_power,P3_theta_beta_ratio,0.4155043067518755,0.4155043067518755
Control,channel,F3_delta_power,P4_delta_power,0.5109196999166435,0.5109196999166435
Control,channel,F3_delta_power,P4_theta_power,0.38310641844956933,0.38310641844956933
Control,channel,F3_delta_power,P4_alpha_power,0.23439844401222562,0.23439844401222562
Control,channel,F3_delta_power,P4_beta_power,0.15265351486524034,0.15265351486524034
Control,channel,F3_delta_power,P4_theta_beta_ratio,0.23984440122256181,0.23984440122256181
Control,channel,F3_delta_power,O1_delta_power,0.7937204779105307,0.7937204779105307
Control,channel,F3_delta_power,O1_theta_power,0.6909697138093915,0.6909697138093915
Control,channel,F3_delta_power,O1_alpha_power,0.48457904973603777,0.48457904973603777
Control,channel,F3_delta_power,O1_beta_power,0.30575159766601834,0.30575159766601834
Control,channel,F3_delta_power,O1_theta_beta_ratio,0.41672686857460406,0.41672686857460406
Control,channel,F3_delta_power,O2_delta_power,0.42017227007502084,0.42017227007502084
Control,channel,F3_delta_power,O2_theta_power,0.33192553487079746,0.33192553487079746
Control,channel,F3_delta_power,O2_alpha_power,0.21689358155043068,0.21689358155043068
Control,channel,F3_delta_power,O2_beta_power,0.19433175882189496,0.19433175882189496
Control,channel,F3_delta_power,O2_theta_beta_ratio,0.15115309808280078,0.15115309808280078
Control,channel,F3_delta_power,F7_delta_power,0.8268407891080856,0.8268407891080856
Control,channel,F3_delta_power,F7_theta_power,0.6555154209502639,0.6555154209502639
Control,channel,F3_delta_power,F7_alpha_power,0.4089469297026952,0.4089469297026952
Control,channel,F3_delta_power,F7_beta_power,0.32653514865240346,0.32653514865240346
Control,channel,F3_delta_power,F7_theta_beta_ratio,0.44340094470686303,0.44340094470686303
Control,channel,F3_delta_power,F8_delta_power,0.5529869408168936,0.5529869408168936
Control,channel,F3_delta_power,F8_theta_power,0.47402056126701864,0.47402056126701864
Control,channel,F3_delta_power,F8_alpha_power,0.3061405946096138,0.3061405946096138
Control,channel,F3_delta_power,F8_beta_power,0.257404834676299,0.257404834676299
Control,channel,F3_delta_power,F8_theta_beta_ratio,0.2602945262572937,0.2602945262572937
Control,channel,F3_delta_power,T7_delta_power,0.705418171714365,0.705418171714365
Control,channel,F3_delta_power,T7_theta_power,0.6974715198666296,0.6974715198666296
Control,channel,F3_delta_power,T7_alpha_power,0.5459849958321756,0.5459849958321756
Control,channel,F3_delta_power,T7_beta_power,0.3505973881633787,0.3505973881633787
Control,channel,F3_delta_power,T7_theta_beta_ratio,0.46335093081411505,0.46335093081411505
Control,channel,F3_delta_power,T8_delta_power,0.40522367324256736,0.40522367324256736
Control,channel,F3_delta_power,T8_theta_power,0.3603223117532648,0.3603223117532648
Control,channel,F3_delta_power,T8_alpha_power,0.16732425673798276,0.16732425673798276
Control,channel,F3_delta_power,T8_beta_power,0.21744929146985273,0.21744929146985273
Control,channel,F3_delta_power,T8_theta_beta_ratio,0.08357877188107808,0.08357877188107808
Control,channel,F3_delta_power,P7_delta_power,0.7364267852181161,0.7364267852181161
Control,channel,F3_delta_power,P7_theta_power,0.6581828285634899,0.6581828285634899
Control,channel,F3_delta_power,P7_alpha_power,0.5143095304251181,0.5143095304251181
Control,channel,F3_delta_power,P7_beta_power,0.49974993053626005,0.49974993053626005
Control,channel,F3_delta_power,P7_theta_beta_ratio,0.3506529591553209,0.3506529591553209
Control,channel,F3_delta_power,P8_delta_power,0.4226173937204779,0.4226173937204779
Control,channel,F3_delta_power,P8_theta_power,0.4335093081411503,0.4335093081411503
Control,channel,F3_delta_power,P8_alpha_power,0.20566824117810503,0.20566824117810503
Control,channel,F3_delta_power,P8_beta_power,0.270352875798833,0.270352875798833
Control,channel,F3_delta_power,P8_theta_beta_ratio,0.09974993053626008,0.09974993053626008
Control,channel,F3_delta_power,Fz_delta_power,0.8980272297860517,0.8980272297860517
Control,channel,F3_delta_power,Fz_theta_power,0.5702695193109197,0.5702695193109197
Control,channel,F3_delta_power,Fz_alpha_power,0.37449291469852736,0.37449291469852736
Control,channel,F3_delta_power,Fz_beta_power,0.25707140872464573,0.25707140872464573
Control,channel,F3_delta_power,Fz_theta_beta_ratio,0.29680466796332317,0.29680466796332317
Control,channel,F3_delta_power,Cz_delta_power,0.5564879133092526,0.5564879133092526
Control,channel,F3_delta_power,Cz_theta_power,0.3614893025840511,0.3614893025840511
Control,channel,F3_delta_power,Cz_alpha_power,0.12031119755487635,0.12031119755487635
Control,channel,F3_delta_power,Cz_beta_power,0.07368713531536537,0.07368713531536537
Control,channel,F3_delta_power,Cz_theta_beta_ratio,0.33859405390386216,0.33859405390386216
Control,channel,F3_delta_power,Pz_delta_power,0.851736593498194,0.851736593498194
Control,channel,F3_delta_power,Pz_theta_power,0.5874965268130036,0.5874965268130036
Control,channel,F3_delta_power,Pz_alpha_power,0.3107529869408169,0.3107529869408169
Control,channel,F3_delta_power,Pz_beta_power,0.17971658794109474,0.17971658794109474
Control,channel,F3_delta_power,Pz_theta_beta_ratio,0.3719922200611281,0.3719922200611281
Control,channel,F3_theta_power,F3_alpha_power,0.6750764101139205,0.6750764101139205
Control,channel,F3_theta_power,F3_beta_power,0.604056682411781,0.604056682411781
Control,channel,F3_theta_power,F3_theta_beta_ratio,0.37254792998055014,0.37254792998055014
Control,channel,F3_theta_power,F4_delta_power,0.6128368991386496,0.6128368991386496
Control,channel,F3_theta_power,F4_theta_power,0.7560433453737149,0.7560433453737149
Control,channel,F3_theta_power,F4_alpha_power,0.5933870519588774,0.5933870519588774
Control,channel,F3_theta_power,F4_beta_power,0.45262572936926926,0.45262572936926926
Control,channel,F3_theta_power,F4_theta_beta_ratio,0.25251458738538485,0.25251458738538485
Control,channel,F3_theta_power,C3_delta_power,0.46235065295915534,0.46235065295915534
Control,channel,F3_theta_power,C3_theta_power,0.9400388996943595,0.9400388996943595
Control,channel,F3_theta_power,C3_alpha_power,0.5517643789941651,0.5517643789941651
Control,channel,F3_theta_power,C3_beta_power,0.5962767435398721,0.5962767435398721
Control,channel,F3_theta_power,C3_theta_beta_ratio,0.44195609891636567,0.44195609891636567
Control,channel,F3_theta_power,C4_delta_power,0.538816337871631,0.538816337871631
Control,channel,F3_theta_power,C4_theta_power,0.6740205612670186,0.6740205612670186
Control,channel,F3_theta_power,C4_alpha_power,0.4261183662128369,0.4261183662128369
Control,channel,F3_theta_power,C4_beta_power,0.4098360655737705,0.4098360655737705
Control,channel,F3_theta_power,C4_theta_beta_ratio,0.3081411503195332,0.3081411503195332
Control,channel,F3_theta_power,P3_delta_power,0.4683523200889136,0.4683523200889136
Control,channel,F3_theta_power,P3_theta_power,0.8836899138649625,0.8836899138649625
Control,channel,F3_theta_power,P3_alpha_power,0.6363989997221451,0.6363989997221451
Control,channel,F3_theta_power,P3_beta_power,0.563323145318144,0.563323145318144
Control,channel,F3_theta_power,P3_theta_beta_ratio,0.2956376771325368,0.2956376771325368
Control,channel,F3_theta_power,P4_delta_power,0.45829397054737425,0.45829397054737425
Control,channel,F3_theta_power,P4_theta_power,0.7219227563212003,0.7219227563212003
Control,channel,F3_theta_power,P4_alpha_power,0.5577660461239233,0.5577660461239233
Control,channel,F3_theta_power,P4_beta_power,0.4956376771325368,0.4956376771325368
Control,channel,F3_theta_power,P4_theta_beta_ratio,0.16265629341483745,0.16265629341483745
Control,channel,F3_theta_power,O1_delta_power,0.36054459572103364,0.36054459572103364
Control,channel,F3_theta_power,O1_theta_power,0.5580439010836343,0.5580439010836343
Control,channel,F3_theta_power,O1_alpha_power,0.5051403167546541,0.5051403167546541
Control,channel,F3_theta_power,O1_beta_power,0.4785218116143373,0.4785218116143373
Control,channel,F3_theta_power,O1_theta_beta_ratio,0.2,0.2
Control,channel,F3_theta_power,O2_delta_power,0.3273687135315365,0.3273687135315365
Control,channel,F3_theta_power,O2_theta_power,0.3486524034454015,0.3486524034454015
Control,channel,F3_theta_power,O2_alpha_power,0.38816337871631007,0.38816337871631007
Control,channel,F3_theta_power,O2_beta_power,0.3284801333703807,0.3284801333703807
Control,channel,F3_theta_power,O2_theta_beta_ratio,0.0928035565434843,0.0928035565434843
Control,channel,F3_theta_power,F7_delta_power,0.39672131147540984,0.39672131147540984
Control,channel,F3_theta_power,F7_theta_power,0.7299805501528203,0.7299805501528203
Control,channel,F3_theta_power,F7_alpha_power,0.6107252014448458,0.6107252014448458
Control,channel,F3_theta_power,F7_beta_power,0.46162823006390663,0.46162823006390663
Control,channel,F3_theta_power,F7_theta_beta_ratio,0.36054459572103364,0.36054459572103364
Control,channel,F3_theta_power,F8_delta_power,0.41917199222006113,0.41917199222006113
Control,channel,F3_theta_power,F8_theta_power,0.5461517088080022,0.5461517088080022
Control,channel,F3_theta_power,F8_alpha_power,0.5178105029174771,0.5178105029174771
Control,channel,F3_theta_power,F8_beta_power,0.4407335370936371,0.4407335370936371
Control,channel,F3_theta_power,F8_theta_beta_ratio,0.21011392053348152,0.21011392053348152
Control,channel,F3_theta_power,T7_delta_power,0.29674909697138097,0.29674909697138097
Control,channel,F3_theta_power,T7_theta_power,0.7518755209780494,0.7518755209780494
Control,channel,F3_theta_power,T7_alpha_power,0.5987774381772715,0.5987774381772715
Control,channel,F3_theta_power,T7_beta_power,0.5198110586273965,0.5198110586273965
Control,channel,F3_theta_power,T7_theta_beta_ratio,0.30747429841622675,0.30747429841622675
Control,channel,F3_theta_power,T8_delta_power,0.36704640177827175,0.36704640177827175
Control,channel,F3_theta_power,T8_theta_power,0.5753264795776605,0.5753264795776605
Control,channel,F3_theta_power,T8_alpha_power,0.44829119199777717,0.44829119199777717
Control,channel,F3_theta_power,T8_beta_power,0.41589330369547095,0.41589330369547095
Control,channel,F3_theta_power,T8_theta_beta_ratio,0.08091136426785218,0.08091136426785218
Control,channel,F3_theta_power,P7_delta_power,0.26451792164490134,0.26451792164490134
Control,channel,F3_theta_power,P7_theta_power,0.5644345651569881,0.5644345651569881
Control,channel,F3_theta_power,P7_alpha_power,0.43556543484301197,0.43556543484301197
Control,channel,F3_theta_power,P7_beta_power,0.4181717143651014,0.4181717143651014
Control,channel,F3_theta_power,P7_theta_beta_ratio,0.3206446235065296,0.3206446235065296
Control,channel,F3_theta_power,P8_delta_power,0.2606279522089469,0.2606279522089469
Control,channel,F3_theta_power,P8_theta_power,0.3955543206446235,0.3955543206446235
Control,channel,F3_theta_power,P8_alpha_power,0.32370102806335094,0.32370102806335094
Control,channel,F3_theta_power,P8_beta_power,0.3308141150319533,0.3308141150319533
Control,channel,F3_theta_power,P8_theta_beta_ratio,0.05212559044178939,0.05212559044178939
Control,channel,F3_theta_power,Fz_delta_power,0.5313142539594332,0.5313142539594332
Control,channel,F3_theta_power,Fz_theta_power,0.9295359822172826,0.9295359822172826
Control,channel,F3_theta_power,Fz_alpha_power,0.6522367324256738,0.6522367324256738
Control,channel,F3_theta_power,Fz_beta_power,0.5691580994720756,0.5691580994720756
Control,channel,F3_theta_power,Fz_theta_beta_ratio,0.293525979438733,0.293525979438733
Control,channel,F3_theta_power,Cz_delta_power,0.5386496248958044,0.5386496248958044
Control,channel,F3_theta_power,Cz_theta_power,0.709974993053626,0.709974993053626
Control,channel,F3_theta_power,Cz_alpha_power,0.4831897749374826,0.4831897749374826
Control,channel,F3_theta_power,Cz_beta_power,0.4728535704362323,0.4728535704362323
Control,channel,F3_theta_power,Cz_theta_beta_ratio,0.20200055570991943,0.20200055570991943
Control,channel,F3_theta_power,Pz_delta_power,0.4944706863017505,0.4944706863017505
Control,channel,F3_theta_power,Pz_theta_power,0.8350097249235899,0.8350097249235899
Control,channel,F3_theta_power,Pz_alpha_power,0.514809669352598,0.514809669352598
Control,channel,F3_theta_power,Pz_beta_power,0.5019171992220061,0.5019171992220061
Control,channel,F3_theta_power,Pz_theta_beta_ratio,0.2763545429285913,0.2763545429285913
Control,channel,F3_alpha_power,F3_beta_power,0.7650458460683524,0.7650458460683524
Control,channel,F3_alpha_power,F3_theta_beta_ratio,-0.10775215337593776,0.10775215337593776
Control,channel,F3_alpha_power,F4_delta_power,0.45618227285357044,0.45618227285357044
Control,channel,F3_alpha_power,F4_theta_power,0.652848013337038,0.652848013337038
Control,channel,F3_alpha_power,F4_alpha_power,0.7969435954431786,0.7969435954431786
Control,channel,F3_alpha_power,F4_beta_power,0.6033898305084746,0.6033898305084746
Control,channel,F3_alpha_power,F4_theta_beta_ratio,-0.019672131147540985,0.019672131147540985
Control,channel,F3_alpha_power,C3_delta_power,0.25551542095026397,0.25551542095026397
Control,channel,F3_alpha_power,C3_theta_power,0.6112253403723257,0.6112253403723257
Control,channel,F3_alpha_power,C3_alpha_power,0.9001944984717977,0.9001944984717977
Control,channel,F3_alpha_power,C3_beta_power,0.7382050569602667,0.7382050569602667
Control,channel,F3_alpha_power,C3_theta_beta_ratio,-0.026729647124201165,0.026729647124201165
Control,channel,F3_alpha_power,C4_delta_power,0.34476243400944706,0.34476243400944706
Control,channel,F3_alpha_power,C4_theta_power,0.5823839955543206,0.5823839955543206
Control,channel,F3_alpha_power,C4_alpha_power,0.65012503473187,0.65012503473187
Control,channel,F3_alpha_power,C4_beta_power,0.5883856626840789,0.5883856626840789
Control,channel,F3_alpha_power,C4_theta_beta_ratio,0.04523478744095582,0.04523478744095582
Control,channel,F3_alpha_power,P3_delta_power,0.24734648513475965,0.24734648513475965
Control,channel,F3_alpha_power,P3_theta_power,0.6033342595165324,0.6033342595165324
Control,channel,F3_alpha_power,P3_alpha_power,0.8813559322033898,0.8813559322033898
Control,channel,F3_alpha_power,P3_beta_power,0.7413726035009724,0.7413726035009724
Control,channel,F3_alpha_power,P3_theta_beta_ratio,-0.15382050569602668,0.15382050569602668
Control,channel,F3_alpha_power,P4_delta_power,0.23745484856904694,0.23745484856904694
Control,channel,F3_alpha_power,P4_theta_power,0.5489302584051126,0.5489302584051126
Control,channel,F3_alpha_power,P4_alpha_power,0.7444290080577939,0.7444290080577939
Control,channel,F3_alpha_power,P4_beta_power,0.6388996943595443,0.6388996943595443
Control,channel,F3_alpha_power,P4_theta_beta_ratio,-0.12781328146707419,0.12781328146707419
Control,channel,F3_alpha_power,O1_delta_power,0.10597388163378717,0.10597388163378717
Control,channel,F3_alpha_power,O1_theta_power,0.290025006946374,0.290025006946374
Control,channel,F3_alpha_power,O1_alpha_power,0.6627396499027508,0.6627396499027508
Control,channel,F3_alpha_power,O1_beta_power,0.441789385940539,0.441789385940539
Control,channel,F3_alpha_power,O1_theta_beta_ratio,-0.0342873020283412,0.0342873020283412
Control,channel,F3_alpha_power,O2_delta_power,0.17188107807724368,0.17188107807724368
Control,channel,F3_alpha_power,O2_theta_power,0.31480966935259797,0.31480966935259797
Control,channel,F3_alpha_power,O2_alpha_power,0.5824395665462628,0.5824395665462628
Control,channel,F3_alpha_power,O2_beta_power,0.30119477632675745,0.30119477632675745
Control,channel,F3_alpha_power,O2_theta_beta_ratio,0.06096137816060017,0.06096137816060017
Control,channel,F3_alpha_power,F7_delta_power,0.32998055015282024,0.32998055015282024
Control,channel,F3_alpha_power,F7_theta_power,0.4694081689358155,0.4694081689358155
Control,channel,F3_alpha_power,F7_alpha_power,0.7848291191997777,0.7848291191997777
Control,channel,F3_alpha_power,F7_beta_power,0.5808280077799389,0.5808280077799389
Control,channel,F3_alpha_power,F7_theta_beta_ratio,0.02867463184217838,0.02867463184217838
Control,channel,F3_alpha_power,F8_delta_power,0.30147263128646845,0.30147263128646845
Control,channel,F3_alpha_power,F8_theta_power,0.4027785495971103,0.4027785495971103
Control,channel,F3_alpha_power,F8_alpha_power,0.6113920533481523,0.6113920533481523
Control,channel,F3_alpha_power,F8_beta_power,0.39677688246735204,0.39677688246735204
Control,channel,F3_alpha_power,F8_theta_beta_ratio,0.09124756876910253,0.09124756876910253
Control,channel,F3_alpha_power,T7_delta_power,0.16965823839955543,0.16965823839955543
Control,channel,F3_alpha_power,T7_theta_power,0.42283967768824676,0.42283967768824676
Control,channel,F3_alpha_power,T7_alpha_power,0.8431786607390942,0.8431786607390942
Control,channel,F3_alpha_power,T7_beta_power,0.6795776604612392,0.6795776604612392
Control,channel,F3_alpha_power,T7_theta_beta_ratio,-0.10152820227841067,0.10152820227841067
Control,channel,F3_alpha_power,T8_delta_power,0.1488191164212281,0.1488191164212281
Control,channel,F3_alpha_power,T8_theta_power,0.39333148096693527,0.39333148096693527
Control,channel,F3_alpha_power,T8_alpha_power,0.6621283689913865,0.6621283689913865
Control,channel,F3_alpha_power,T8_beta_power,0.4233398166157266,0.4233398166157266
Control,channel,F3_alpha_power,T8_theta_beta_ratio,-0.10858571825507085,0.10858571825507085
Control,channel,F3_alpha_power,P7_delta_power,0.10163934426229508,0.10163934426229508
Control,channel,F3_alpha_power,P7_theta_power,0.24667963323145317,0.24667963323145317
Control,channel,F3_alpha_power,P7_alpha_power,0.612670186162823,0.612670186162823
Control,channel,F3_alpha_power,P7_beta_power,0.4861906085023618,0.4861906085023618
Control,channel,F3_alpha_power,P7_theta_beta_ratio,-0.08002222839677688,0.08002222839677688
Control,channel,F3_alpha_power,P8_delta_power,0.09697138093914977,0.09697138093914977
Control,channel,F3_alpha_power,P8_theta_power,0.23384273409280357,0.23384273409280357
Control,channel,F3_alpha_power,P8_alpha_power,0.5832731314253959,0.5832731314253959
Control,channel,F3_alpha_power,P8_beta_power,0.30691858849680465,0.30691858849680465
Control,channel,F3_alpha_power,P8_theta_beta_ratio,-0.05084745762711865,0.05084745762711865
Control,channel,F3_alpha_power,Fz_delta_power,0.24551264240066686,0.24551264240066686
Control,channel,F3_alpha_power,Fz_theta_power,0.6306751875520978,0.6306751875520978
Control,channel,F3_alpha_power,Fz_alpha_power,0.9367046401778272,0.9367046401778272
Control,channel,F3_alpha_power,Fz_beta_power,0.767379827729925,0.767379827729925
Control,channel,F3_alpha_power,Fz_theta_beta_ratio,-0.1674353987218672,0.1674353987218672
Control,channel,F3_alpha_power,Cz_delta_power,0.36254515143095306,0.36254515143095306
Control,channel,F3_alpha_power,Cz_theta_power,0.5433731592108919,0.5433731592108919
Control,channel,F3_alpha_power,Cz_alpha_power,0.6834676298971937,0.6834676298971937
Control,channel,F3_alpha_power,Cz_beta_power,0.6092803556543485,0.6092803556543485
Control,channel,F3_alpha_power,Cz_theta_beta_ratio,-0.10152820227841067,0.10152820227841067
Control,channel,F3_alpha_power,Pz_delta_power,0.2134481800500139,0.2134481800500139
Control,channel,F3_alpha_power,Pz_theta_power,0.5137538205056961,0.5137538205056961
Control,channel,F3_alpha_power,Pz_alpha_power,0.8274520700194499,0.8274520700194499
Control,channel,F3_alpha_power,Pz_beta_power,0.7119755487635454,0.7119755487635454
Control,channel,F3_alpha_power,Pz_theta_beta_ratio,-0.1910530702973048,0.1910530702973048
Control,channel,F3_beta_power,F3_theta_beta_ratio,-0.4423450958599611,0.4423450958599611
Control,channel,F3_beta_power,F4_delta_power,0.4023895526535149,0.4023895526535149
Control,channel,F3_beta_power,F4_theta_power,0.5861072520144485,0.5861072520144485
Control,channel,F3_beta_power,F4_alpha_power,0.7016949152542373,0.7016949152542373
Control,channel,F3_beta_power,F4_beta_power,0.8281744929146986,0.8281744929146986
Control,channel,F3_beta_power,F4_theta_beta_ratio,-0.3567101972770214,0.3567101972770214
Control,channel,F3_beta_power,C3_delta_power,0.17238121700472353,0.17238121700472353
Control,channel,F3_beta_power,C3_theta_power,0.5070853014726313,0.5070853014726313
Control,channel,F3_beta_power,C3_alpha_power,0.6794665184773548,0.6794665184773548
Control,channel,F3_beta_power,C3_beta_power,0.8600722422895248,0.8600722422895248
Control,channel,F3_beta_power,C3_theta_beta_ratio,-0.28696860238955263,0.28696860238955263
Control,channel,F3_beta_power,C4_delta_power,0.2981383717699361,0.2981383717699361
Control,channel,F3_beta_power,C4_theta_power,0.5223117532647957,0.5223117532647957
Control,channel,F3_beta_power,C4_alpha_power,0.5708252292303417,0.5708252292303417
Control,channel,F3_beta_power,C4_beta_power,0.73475965545985,0.73475965545985
Control,channel,F3_beta_power,C4_theta_beta_ratio,-0.22211725479299804,0.22211725479299804
Control,channel,F3_beta_power,P3_delta_power,0.11197554876354543,0.11197554876354543
Control,channel,F3_beta_power,P3_theta_power,0.4874687413170325,0.4874687413170325
Control,channel,F3_beta_power,P3_alpha_power,0.7368157821617116,0.7368157821617116
Control,channel,F3_beta_power,P3_beta_power,0.796776882467352,0.796776882467352
Control,channel,F3_beta_power,P3_theta_beta_ratio,-0.33209224784662406,0.33209224784662406
Control,channel,F3_beta_power,P4_delta_power,0.22211725479299804,0.22211725479299804
Control,channel,F3_beta_power,P4_theta_power,0.4809669352597944,0.4809669352597944
Control,channel,F3_beta_power,P4_alpha_power,0.6502917477076966,0.6502917477076966
Control,channel,F3_beta_power,P4_beta_power,0.7288135593220338,0.7288135593220338
Control,channel,F3_beta_power,P4_theta_beta_ratio,-0.31086412892470133,0.31086412892470133
Control,channel,F3_beta_power,O1_delta_power,0.055793275909974994,0.055793275909974994
Control,channel,F3_beta_power,O1_theta_power,0.20966935259794386,0.20966935259794386
Control,channel,F3_beta_power,O1_alpha_power,0.5917199222006113,0.5917199222006113
Control,channel,F3_beta_power,O1_beta_power,0.5520422339538761,0.5520422339538761
Control,channel,F3_beta_power,O1_theta_beta_ratio,-0.21116976938038343,0.21116976938038343
Control,channel,F3_beta_power,O2_delta_power,0.24078910808557932,0.24078910808557932
Control,channel,F3_beta_power,O2_theta_power,0.35354265073631563,0.35354265073631563
Control,channel,F3_beta_power,O2_alpha_power,0.6410113920533481,0.6410113920533481
Control,channel,F3_beta_power,O2_beta_power,0.4306751875520978,0.4306751875520978
Control,channel,F3_beta_power,O2_theta_beta_ratio,-0.030841900527924425,0.030841900527924425
Control,channel,F3_beta_power,F7_delta_power,0.24617949430397332,0.24617949430397332
Control,channel,F3_beta_power,F7_theta_power,0.4672409002500695,0.4672409002500695
Control,channel,F3_beta_power,F7_alpha_power,0.7381494859683245,0.7381494859683245
Control,channel,F3_beta_power,F7_beta_power,0.7519866629619338,0.7519866629619338
Control,channel,F3_beta_power,F7_theta_beta_ratio,-0.18193942761878298,0.18193942761878298
Control,channel,F3_beta_power,F8_delta_power,0.3062517365934982,0.3062517365934982
Control,channel,F3_beta_power,F8_theta_power,0.4540705751597666,0.4540705751597666
Control,channel,F3_beta_power,F8_alpha_power,0.6055570991942206,0.6055570991942206
Control,channel,F3_beta_power,F8_beta_power,0.667129758266185,0.667129758266185
Control,channel,F3_beta_power,F8_theta_beta_ratio,-0.12992497916087803,0.12992497916087803
Control,channel,F3_beta_power,T7_delta_power,0.0810225062517366,0.0810225062517366
Control,channel,F3_beta_power,T7_theta_power,0.3190330647402056,0.3190330647402056
Control,channel,F3_beta_power,T7_alpha_power,0.6454570714087247,0.6454570714087247
Control,channel,F3_beta_power,T7_beta_power,0.7929424840233398,0.7929424840233398
Control,channel,F3_beta_power,T7_theta_beta_ratio,-0.2986940816893582,0.2986940816893582
Control,channel,F3_beta_power,T8_delta_power,0.1387607668796888,0.1387607668796888
Control,channel,F3_beta_power,T8_theta_power,0.2828007779938872,0.2828007779938872
Control,channel,F3_beta_power,T8_alpha_power,0.5113086968602389,0.5113086968602389
Control,channel,F3_beta_power,T8_beta_power,0.6072242289524868,0.6072242289524868
Control,channel,F3_beta_power,T8_theta_beta_ratio,-0.3000277854959711,0.3000277854959711
Control,channel,F3_beta_power,P7_delta_power,0.048346762989719363,0.048346762989719363
Control,channel,F3_beta_power,P7_theta_power,0.17160322311753265,0.17160322311753265
Control,channel,F3_beta_power,P7_alpha_power,0.4894137260350097,0.4894137260350097
Control,channel,F3_beta_power,P7_beta_power,0.48985829397054736,0.48985829397054736
Control,channel,F3_beta_power,P7_theta_beta_ratio,-0.19344262295081968,0.19344262295081968
Control,channel,F3_beta_power,P8_delta_power,0.08130036121144762,0.08130036121144762
Control,channel,F3_beta_power,P8_theta_power,0.14476243400944708,0.14476243400944708
Control,channel,F3_beta_power,P8_alpha_power,0.47946651847735483,0.47946651847735483
Control,channel,F3_beta_power,P8_beta_power,0.47691025284801336,0.47691025284801336
Control,channel,F3_beta_power,P8_theta_beta_ratio,-0.25779383161989444,0.25779383161989444
Control,channel,F3_beta_power,Fz_delta_power,0.21133648235621005,0.21133648235621005
Control,channel,F3_beta_power,Fz_theta_power,0.5511530980828008,0.5511530980828008
Control,channel,F3_beta_power,Fz_alpha_power,0.7580994720755766,0.7580994720755766
Control,channel,F3_beta_power,Fz_beta_power,0.9178105029174771,0.9178105029174771
Control,channel,F3_beta_power,Fz_theta_beta_ratio,-0.41694915254237286,0.41694915254237286
Control,channel,F3_beta_power,Cz_delta_power,0.32931369824951373,0.32931369824951373
Control,channel,F3_beta_power,Cz_theta_power,0.5098638510697416,0.5098638510697416
Control,channel,F3_beta_power,Cz_alpha_power,0.5877188107807725,0.5877188107807725
Control,channel,F3_beta_power,Cz_beta_power,0.7593220338983051,0.7593220338983051
Control,channel,F3_beta_power,Cz_theta_beta_ratio,-0.28524590163934427,0.28524590163934427
Control,channel,F3_beta_power,Pz_delta_power,0.1107529869408169,0.1107529869408169
Control,channel,F3_beta_power,Pz_theta_power,0.4278966379549875,0.4278966379549875
Control,channel,F3_beta_power,Pz_alpha_power,0.6961378160600167,0.6961378160600167
Control,channel,F3_beta_power,Pz_beta_power,0.8191719922200611,0.8191719922200611
Control,channel,F3_beta_power,Pz_theta_beta_ratio,-0.4025006946373993,0.4025006946373993
Control,channel,F3_theta_beta_ratio,F4_delta_power,0.20150041678243957,0.20150041678243957
Control,channel,F3_theta_beta_ratio,F4_theta_power,0.06057238121700472,0.06057238121700472
Control,channel,F3_theta_beta_ratio,F4_alpha_power,-0.22383995554320646,0.22383995554320646
Control,channel,F3_theta_beta_ratio,F4_beta_power,-0.5034731869963879,0.5034731869963879
Control,channel,F3_theta_beta_ratio,F4_theta_beta_ratio,0.7225340372325646,0.7225340372325646
Control,channel,F3_theta_beta_ratio,C3_delta_power,0.3961656015559878,0.3961656015559878
Control,channel,F3_theta_beta_ratio,C3_theta_power,0.4135037510419561,0.4135037510419561
Control,channel,F3_theta_beta_ratio,C3_alpha_power,-0.1901083634342873,0.1901083634342873
Control,channel,F3_theta_beta_ratio,C3_beta_power,-0.32547929980550155,0.32547929980550155
Control,channel,F3_theta_beta_ratio,C3_theta_beta_ratio,0.8776882467352042,0.8776882467352042
Control,channel,F3_theta_beta_ratio,C4_delta_power,0.27913309252570156,0.27913309252570156
Control,channel,F3_theta_beta_ratio,C4_theta_power,0.04262295081967213,0.04262295081967213
Control,channel,F3_theta_beta_ratio,C4_alpha_power,-0.29624895804390106,0.29624895804390106
Control,channel,F3_theta_beta_ratio,C4_beta_power,-0.4596276743539872,0.4596276743539872
Control,channel,F3_theta_beta_ratio,C4_theta_beta_ratio,0.6242289524868019,0.6242289524868019
Control,channel,F3_theta_beta_ratio,P3_delta_power,0.4640733537093637,0.4640733537093637
Control,channel,F3_theta_beta_ratio,P3_theta_power,0.3719922200611281,0.3719922200611281
Control,channel,F3_theta_beta_ratio,P3_alpha_power,-0.1821617115865518,0.1821617115865518
Control,channel,F3_theta_beta_ratio,P3_beta_power,-0.30986385106974157,0.30986385106974157
Control,channel,F3_theta_beta_ratio,P3_theta_beta_ratio,0.8009447068630176,0.8009447068630176
Control,channel,F3_theta_beta_ratio,P4_delta_power,0.20461239233120312,0.20461239233120312
Control,channel,F3_theta_beta_ratio,P4_theta_power,0.1090302861906085,0.1090302861906085
Control,channel,F3_theta_beta_ratio,P4_alpha_power,-0.21028063350930815,0.21028063350930815
Control,channel,F3_theta_beta_ratio,P4_beta_power,-0.34465129202556266,0.34465129202556266
Control,channel,F3_theta_beta_ratio,P4_theta_beta_ratio,0.5322589608224507,0.5322589608224507
Control,channel,F3_theta_beta_ratio,O1_delta_power,0.41694915254237286,0.41694915254237286
Control,channel,F3_theta_beta_ratio,O1_theta_power,0.3921089191442067,0.3921089191442067
Control,channel,F3_theta_beta_ratio,O1_alpha_power,-0.10525145873853849,0.10525145873853849
Control,channel,F3_theta_beta_ratio,O1_beta_power,-0.1522089469297027,0.1522089469297027
Control,channel,F3_theta_beta_ratio,O1_theta_beta_ratio,0.5713253681578216,0.5713253681578216
Control,channel,F3_theta_beta_ratio,O2_delta_power,0.0820227841066963,0.0820227841066963
Control,channel,F3_theta_beta_ratio,O2_theta_power,-0.051681022506251735,0.051681022506251735
Control,channel,F3_theta_beta_ratio,O2_alpha_power,-0.308085579327591,0.308085579327591
Control,channel,F3_theta_beta_ratio,O2_beta_power,-0.15865518199499862,0.15865518199499862
Control,channel,F3_theta_beta_ratio,O2_theta_beta_ratio,0.17899416504584606,0.17899416504584606
Control,channel,F3_theta_beta_ratio,F7_delta_power,0.24228952486801889,0.24228952486801889
Control,channel,F3_theta_beta_ratio,F7_theta_power,0.2659071964434565,0.2659071964434565
Control,channel,F3_theta_beta_ratio,F7_alpha_power,-0.13737149208113364,0.13737149208113364
Control,channel,F3_theta_beta_ratio,F7_beta_power,-0.32042233953876076,0.32042233953876076
Control,channel,F3_theta_beta_ratio,F7_theta_beta_ratio,0.6675743262017227,0.6675743262017227
Control,channel,F3_theta_beta_ratio,F8_delta_power,0.07857738260627953,0.07857738260627953
Control,channel,F3_theta_beta_ratio,F8_theta_power,-0.0006112809113642679,0.0006112809113642679
Control,channel,F3_theta_beta_ratio,F8_alpha_power,-0.16060016671297583,0.16060016671297583
Control,channel,F3_theta_beta_ratio,F8_beta_power,-0.3061405946096138,0.3061405946096138
Control,channel,F3_theta_beta_ratio,F8_theta_beta_ratio,0.3558766323978883,0.3558766323978883
Control,channel,F3_theta_beta_ratio,T7_delta_power,0.3314253959433176,0.3314253959433176
Control,channel,F3_theta_beta_ratio,T7_theta_power,0.46635176437899417,0.46635176437899417
Control,channel,F3_theta_beta_ratio,T7_alpha_power,-0.049958321756043346,0.049958321756043346
Control,channel,F3_theta_beta_ratio,T7_beta_power,-0.3181439288691303,0.3181439288691303
Control,channel,F3_theta_beta_ratio,T7_theta_beta_ratio,0.7578771881078077,0.7578771881078077
Control,channel,F3_theta_beta_ratio,T8_delta_power,0.24201166990830786,0.24201166990830786
Control,channel,F3_theta_beta_ratio,T8_theta_power,0.24384551264240067,0.24384551264240067
Control,channel,F3_theta_beta_ratio,T8_alpha_power,-0.12675743262017228,0.12675743262017228
Control,channel,F3_theta_beta_ratio,T8_beta_power,-0.23901083634342873,0.23901083634342873
Control,channel,F3_theta_beta_ratio,T8_theta_beta_ratio,0.42328424562378436,0.42328424562378436
Control,channel,F3_theta_beta_ratio,P7_delta_power,0.3584328980272298,0.3584328980272298
Control,channel,F3_theta_beta_ratio,P7_theta_power,0.4798555154209503,0.4798555154209503
Control,channel,F3_theta_beta_ratio,P7_alpha_power,-0.017004723534315088,0.017004723534315088
Control,channel,F3_theta_beta_ratio,P7_beta_power,-0.0874131703250903,0.0874131703250903
Control,channel,F3_theta_beta_ratio,P7_theta_beta_ratio,0.6729091414281745,0.6729091414281745
Control,channel,F3_theta_beta_ratio,P8_delta_power,0.1891080855793276,0.1891080855793276
Control,channel,F3_theta_beta_ratio,P8_theta_power,0.2090580716865796,0.2090580716865796
Control,channel,F3_theta_beta_ratio,P8_alpha_power,-0.20878021672686858,0.20878021672686858
Control,channel,F3_theta_beta_ratio,P8_beta_power,-0.21428174492914698,0.21428174492914698
Control,channel,F3_theta_beta_ratio,P8_theta_beta_ratio,0.35537649347040845,0.35537649347040845
Control,channel,F3_theta_beta_ratio,Fz_delta_power,0.4099472075576549,0.4099472075576549
Control,channel,F3_theta_beta_ratio,Fz_theta_power,0.34270630730758544,0.34270630730758544
Control,channel,F3_theta_beta_ratio,Fz_alpha_power,-0.15298694081689357,0.15298694081689357
Control,channel,F3_theta_beta_ratio,Fz_beta_power,-0.4130036121144762,0.4130036121144762
Control,channel,F3_theta_beta_ratio,Fz_theta_beta_ratio,0.8696304529035843,0.8696304529035843
Control,channel,F3_theta_beta_ratio,Cz_delta_power,0.18616282300639067,0.18616282300639067
Control,channel,F3_theta_beta_ratio,Cz_theta_power,0.09158099472075576,0.09158099472075576
Control,channel,F3_theta_beta_ratio,Cz_alpha_power,-0.21528202278410669,0.21528202278410669
Control,channel,F3_theta_beta_ratio,Cz_beta_power,-0.42039455404278964,0.42039455404278964
Control,channel,F3_theta_beta_ratio,Cz_theta_beta_ratio,0.6033898305084746,0.6033898305084746
Control,channel,F3_theta_beta_ratio,Pz_delta_power,0.4958043901083634,0.4958043901083634
Control,channel,F3_theta_beta_ratio,Pz_theta_power,0.38799666574048347,0.38799666574048347
Control,channel,F3_theta_beta_ratio,Pz_alpha_power,-0.24445679355376493,0.24445679355376493
Control,channel,F3_theta_beta_ratio,Pz_beta_power,-0.4171714365101417,0.4171714365101417
Control,channel,F3_theta_beta_ratio,Pz_theta_beta_ratio,0.8364545707140872,0.8364545707140872
Control,channel,F4_delta_power,F4_theta_power,0.7437621561544874,0.7437621561544874
Control,channel,F4_delta_power,F4_alpha_power,0.46540705751597666,0.46540705751597666
Control,channel,F4_delta_power,F4_beta_power,0.3952208946929703,0.3952208946929703
Control,channel,F4_delta_power,F4_theta_beta_ratio,0.3350930814115032,0.3350930814115032
Control,channel,F4_delta_power,C3_delta_power,0.49308141150319534,0.49308141150319534
Control,channel,F4_delta_power,C3_theta_power,0.5912197832731314,0.5912197832731314
Control,channel,F4_delta_power,C3_alpha_power,0.385440400111142,0.385440400111142
Control,channel,F4_delta_power,C3_beta_power,0.35648791330925256,0.35648791330925256
Control,channel,F4_delta_power,C3_theta_beta_ratio,0.2988052236732426,0.2988052236732426
Control,channel,F4_delta_power,C4_delta_power,0.8588496804667963,0.8588496804667963
Control,channel,F4_delta_power,C4_theta_power,0.5832175604334537,0.5832175604334537
Control,channel,F4_delta_power,C4_alpha_power,0.2858571825507085,0.2858571825507085
Control,channel,F4_delta_power,C4_beta_power,0.3395943317588219,0.3395943317588219
Control,channel,F4_delta_power,C4_theta_beta_ratio,0.3940539038621839,0.3940539038621839
Control,channel,F4_delta_power,P3_delta_power,0.4471242011669908,0.4471242011669908
Control,channel,F4_delta_power,P3_theta_power,0.5269797165879411,0.5269797165879411
Control,channel,F4_delta_power,P3_alpha_power,0.42400666851903307,0.42400666851903307
Control,channel,F4_delta_power,P3_beta_power,0.3379827729924979,0.3379827729924979
Control,channel,F4_delta_power,P3_theta_beta_ratio,0.16637954987496525,0.16637954987496525
Control,channel,F4_delta_power,P4_delta_power,0.8062239510975271,0.8062239510975271
Control,channel,F4_delta_power,P4_theta_power,0.6125034731869964,0.6125034731869964
Control,channel,F4_delta_power,P4_alpha_power,0.4530702973048069,0.4530702973048069
Control,channel,F4_delta_power,P4_beta_power,0.36521255904417893,0.36521255904417893
Control,channel,F4_delta_power,P4_theta_beta_ratio,0.3050847457627119,0.3050847457627119
Control,channel,F4_delta_power,O1_delta_power,0.33420394554042787,0.33420394554042787
Control,channel,F4_delta_power,O1_theta_power,0.36804667963323145,0.36804667963323145
Control,channel,F4_delta_power,O1_alpha_power,0.33559322033898303,0.33559322033898303
Control,channel,F4_delta_power,O1_beta_power,0.18710752986940818,0.18710752986940818
Control,channel,F4_delta_power,O1_theta_beta_ratio,0.23478744095582108,0.23478744095582108
Control,channel,F4_delta_power,O2_delta_power,0.7298138371769937,0.7298138371769937
Control,channel,F4_delta_power,O2_theta_power,0.5768268963601,0.5768268963601
Control,channel,F4_delta_power,O2_alpha_power,0.39994442900805777,0.39994442900805777
Control,channel,F4_delta_power,O2_beta_power,0.2846901917199222,0.2846901917199222
Control,channel,F4_delta_power,O2_theta_beta_ratio,0.3145318143928869,0.3145318143928869
Control,channel,F4_delta_power,F7_delta_power,0.4361767157543762,0.4361767157543762
Control,channel,F4_delta_power,F7_theta_power,0.4851347596554598,0.4851347596554598
Control,channel,F4_delta_power,F7_alpha_power,0.40489024729091416,0.40489024729091416
Control,channel,F4_delta_power,F7_beta_power,0.28146707418727424,0.28146707418727424
Control,channel,F4_delta_power,F7_theta_beta_ratio,0.22322867463184218,0.22322867463184218
Control,channel,F4_delta_power,F8_delta_power,0.8182272853570436,0.8182272853570436
Control,channel,F4_delta_power,F8_theta_power,0.6750764101139205,0.6750764101139205
Control,channel,F4_delta_power,F8_alpha_power,0.5372603500972493,0.5372603500972493
Control,channel,F4_delta_power,F8_beta_power,0.4026674076132259,0.4026674076132259
Control,channel,F4_delta_power,F8_theta_beta_ratio,0.3772158933036955,0.3772158933036955
Control,channel,F4_delta_power,T7_delta_power,0.3253681578216171,0.3253681578216171
Control,channel,F4_delta_power,T7_theta_power,0.5300361211447624,0.5300361211447624
Control,channel,F4_delta_power,T7_alpha_power,0.45257015837732706,0.45257015837732706
Control,channel,F4_delta_power,T7_beta_power,0.33648235621005834,0.33648235621005834
Control,channel,F4_delta_power,T7_theta_beta_ratio,0.2394554042789664,0.2394554042789664
Control,channel,F4_delta_power,T8_delta_power,0.6759099749930536,0.6759099749930536
Control,channel,F4_delta_power,T8_theta_power,0.6240066685190331,0.6240066685190331
Control,channel,F4_delta_power,T8_alpha_power,0.39888858016115586,0.39888858016115586
Control,channel,F4_delta_power,T8_beta_power,0.39344262295081966,0.39344262295081966
Control,channel,F4_delta_power,T8_theta_beta_ratio,0.2494581828285635,0.2494581828285635
Control,channel,F4_delta_power,P7_delta_power,0.2979716587941095,0.2979716587941095
Control,channel,F4_delta_power,P7_theta_power,0.39316476799110867,0.39316476799110867
Control,channel,F4_delta_power,P7_alpha_power,0.339094192831342,0.339094192831342
Control,channel,F4_delta_power,P7_beta_power,0.3414837454848569,0.3414837454848569
Control,channel,F4_delta_power,P7_theta_beta_ratio,0.1927757710475132,0.1927757710475132
Control,channel,F4_delta_power,P8_delta_power,0.7176437899416505,0.7176437899416505
Control,channel,F4_delta_power,P8_theta_power,0.6860238955265352,0.6860238955265352
Control,channel,F4_delta_power,P8_alpha_power,0.44551264240066685,0.44551264240066685
Control,channel,F4_delta_power,P8_beta_power,0.3378160600166713,0.3378160600166713
Control,channel,F4_delta_power,P8_theta_beta_ratio,0.3179772158933037,0.3179772158933037
Control,channel,F4_delta_power,Fz_delta_power,0.5578216171158655,0.5578216171158655
Control,channel,F4_delta_power,Fz_theta_power,0.5821061405946096,0.5821061405946096
Control,channel,F4_delta_power,Fz_alpha_power,0.38721867185329256,0.38721867185329256
Control,channel,F4_delta_power,Fz_beta_power,0.3466518477354821,0.3466518477354821
Control,channel,F4_delta_power,Fz_theta_beta_ratio,0.1712142261739372,0.1712142261739372
Control,channel,F4_delta_power,Cz_delta_power,0.9263128646846346,0.9263128646846346
Control,channel,F4_delta_power,Cz_theta_power,0.6556265629341483,0.6556265629341483
Control,channel,F4_delta_power,Cz_alpha_power,0.38599611003056405,0.38599611003056405
Control,channel,F4_delta_power,Cz_beta_power,0.39799944429008055,0.39799944429008055
Control,channel,F4_delta_power,Cz_theta_beta_ratio,0.2529591553209225,0.2529591553209225
Control,channel,F4_delta_power,Pz_delta_power,0.490025006946374,0.490025006946374
Control,channel,F4_delta_power,Pz_theta_power,0.46974159488746875,0.46974159488746875
Control,channel,F4_delta_power,Pz_alpha_power,0.3124756876910253,0.3124756876910253
Control,channel,F4_delta_power,Pz_beta_power,0.29597110308419006,0.29597110308419006
Control,channel,F4_delta_power,Pz_theta_beta_ratio,0.17527090858571825,0.17527090858571825
Control,channel,F4_theta_power,F4_alpha_power,0.7891636565712697,0.7891636565712697
Control,channel,F4_theta_power,F4_beta_power,0.6382884134481801,0.6382884134481801
Control,channel,F4_theta_power,F4_theta_beta_ratio,0.2990830786329536,0.2990830786329536
Control,channel,F4_theta_power,C3_delta_power,0.25062517365934983,0.25062517365934983
Control,channel,F4_theta_power,C3_theta_power,0.7384829119199777,0.7384829119199777
Control,channel,F4_theta_power,C3_alpha_power,0.6008891358710753,0.6008891358710753
Control,channel,F4_theta_power,C3_beta_power,0.5411503195332037,0.5411503195332037
Control,channel,F4_theta_power,C3_theta_beta_ratio,0.23306474020561266,0.23306474020561266
Control,channel,F4_theta_power,C4_delta_power,0.5570436232286746,0.5570436232286746
Control,channel,F4_theta_power,C4_theta_power,0.8666296193387052,0.8666296193387052
Control,channel,F4_theta_power,C4_alpha_power,0.6000555709919422,0.6000555709919422
Control,channel,F4_theta_power,C4_beta_power,0.5548763545429286,0.5548763545429286
Control,channel,F4_theta_power,C4_theta_beta_ratio,0.3993331480966935,0.3993331480966935
Control,channel,F4_theta_power,P3_delta_power,0.22267296471242012,0.22267296471242012
Control,channel,F4_theta_power,P3_theta_power,0.634231731036399,0.634231731036399
Control,channel,F4_theta_power,P3_alpha_power,0.6510141706029453,0.6510141706029453
Control,channel,F4_theta_power,P3_beta_power,0.6162267296471242,0.6162267296471242
Control,channel,F4_theta_power,P3_theta_beta_ratio,-0.033676021116976936,0.033676021116976936
Control,channel,F4_theta_power,P4_delta_power,0.5645457071408725,0.5645457071408725
Control,channel,F4_theta_power,P4_theta_power,0.8392886913031398,0.8392886913031398
Control,channel,F4_theta_power,P4_alpha_power,0.6579049736037789,0.6579049736037789
Control,channel,F4_theta_power,P4_beta_power,0.5629897193664907,0.5629897193664907
Control,channel,F4_theta_power,P4_theta_beta_ratio,0.25468185607113086,0.25468185607113086
Control,channel,F4_theta_power,O1_delta_power,0.108085579327591,0.108085579327591
Control,channel,F4_theta_power,O1_theta_power,0.24134481800500138,0.24134481800500138
Control,channel,F4_theta_power,O1_alpha_power,0.4267852181161434,0.4267852181161434
Control,channel,F4_theta_power,O1_beta_power,0.4043345373714921,0.4043345373714921
Control,channel,F4_theta_power,O1_theta_beta_ratio,-0.05262572936926924,0.05262572936926924
Control,channel,F4_theta_power,O2_delta_power,0.42395109752709087,0.42395109752709087
Control,channel,F4_theta_power,O2_theta_power,0.47957766046123923,0.47957766046123923
Control,channel,F4_theta_power,O2_alpha_power,0.4617949430397333,0.4617949430397333
Control,channel,F4_theta_power,O2_beta_power,0.3079744373437066,0.3079744373437066
Control,channel,F4_theta_power,O2_theta_beta_ratio,0.24023339816615727,0.24023339816615727
Control,channel,F4_theta_power,F7_delta_power,0.23434287302028342,0.23434287302028342
Control,channel,F4_theta_power,F7_theta_power,0.4863017504862462,0.4863017504862462
Control,channel,F4_theta_power,F7_alpha_power,0.535871075298694,0.535871075298694
Control,channel,F4_theta_power,F7_beta_power,0.4036676854681856,0.4036676854681856
Control,channel,F4_theta_power,F7_theta_beta_ratio,0.06273964990275076,0.06273964990275076
Control,channel,F4_theta_power,F8_delta_power,0.5940539038621839,0.5940539038621839
Control,channel,F4_theta_power,F8_theta_power,0.7554320644623507,0.7554320644623507
Control,channel,F4_theta_power,F8_alpha_power,0.6712975826618505,0.6712975826618505
Control,channel,F4_theta_power,F8_beta_power,0.4906362878577383,0.4906362878577383
Control,channel,F4_theta_power,F8_theta_beta_ratio,0.4107252014448458,0.4107252014448458
Control,channel,F4_theta_power,T7_delta_power,0.05846068352320089,0.05846068352320089
Control,channel,F4_theta_power,T7_theta_power,0.4641844956932481,0.4641844956932481
Control,channel,F4_theta_power,T7_alpha_power,0.5585996110030564,0.5585996110030564
Control,channel,F4_theta_power,T7_beta_power,0.47524312308974714,0.47524312308974714
Control,channel,F4_theta_power,T7_theta_beta_ratio,-0.014448457904973604,0.014448457904973604
Control,channel,F4_theta_power,T8_delta_power,0.3712142261739372,0.3712142261739372
Control,channel,F4_theta_power,T8_theta_power,0.6672964712420116,0.6672964712420116
Control,channel,F4_theta_power,T8_alpha_power,0.5734370658516255,0.5734370658516255
Control,channel,F4_theta_power,T8_beta_power,0.43934426229508194,0.43934426229508194
Control,channel,F4_theta_power,T8_theta_beta_ratio,0.18949708252292302,0.18949708252292302
Control,channel,F4_theta_power,P7_delta_power,0.027063073075854403,0.027063073075854403
Control,channel,F4_theta_power,P7_theta_power,0.25179216449013614,0.25179216449013614
Control,channel,F4_theta_power,P7_alpha_power,0.28507918866351767,0.28507918866351767
Control,channel,F4_theta_power,P7_beta_power,0.32258960822450683,0.32258960822450683
Control,channel,F4_theta_power,P7_theta_beta_ratio,0.02873020283412059,0.02873020283412059
Control,channel,F4_theta_power,P8_delta_power,0.35093081411503196,0.35093081411503196
Control,channel,F4_theta_power,P8_theta_power,0.5772158933036955,0.5772158933036955
Control,channel,F4_theta_power,P8_alpha_power,0.46273964990275074,0.46273964990275074
Control,channel,F4_theta_power,P8_beta_power,0.29158099472075577,0.29158099472075577
Control,channel,F4_theta_power,P8_theta_beta_ratio,0.2648513475965546,0.2648513475965546
Control,channel,F4_theta_power,Fz_delta_power,0.3101972770213948,0.3101972770213948
Control,channel,F4_theta_power,Fz_theta_power,0.7227563212003334,0.7227563212003334
Control,channel,F4_theta_power,Fz_alpha_power,0.6305084745762712,0.6305084745762712
Control,channel,F4_theta_power,Fz_beta_power,0.5325368157821617,0.5325368157821617
Control,channel,F4_theta_power,Fz_theta_beta_ratio,0.07507641011392054,0.07507641011392054
Control,channel,F4_theta_power,Cz_delta_power,0.6382884134481801,0.6382884134481801
Control,channel,F4_theta_power,Cz_theta_power,0.8561822728535704,0.8561822728535704
Control,channel,F4_theta_power,Cz_alpha_power,0.5952764656849124,0.5952764656849124
Control,channel,F4_theta_power,Cz_beta_power,0.5967213114754099,0.5967213114754099
Control,channel,F4_theta_power,Cz_theta_beta_ratio,0.24567935537649346,0.24567935537649346
Control,channel,F4_theta_power,Pz_delta_power,0.2783550986385107,0.2783550986385107
Control,channel,F4_theta_power,Pz_theta_power,0.5841622672964712,0.5841622672964712
Control,channel,F4_theta_power,Pz_alpha_power,0.4809113642678522,0.4809113642678522
Control,channel,F4_theta_power,Pz_beta_power,0.5118088357877189,0.5118088357877189
Control,channel,F4_theta_power,Pz_theta_beta_ratio,0.029230341761600446,0.029230341761600446
Control,channel,F4_alpha_power,F4_beta_power,0.8286190608502362,0.8286190608502362
Control,channel,F4_alpha_power,F4_theta_beta_ratio,-0.11303139761044735,0.11303139761044735
Control,channel,F4_alpha_power,C3_delta_power,0.01044734648513476,0.01044734648513476
Control,channel,F4_alpha_power,C3_theta_power,0.537982772992498,0.537982772992498
Control,channel,F4_alpha_power,C3_alpha_power,0.7932759099749931,0.7932759099749931
Control,channel,F4_alpha_power,C3_beta_power,0.6465684912475688,0.6465684912475688
Control,channel,F4_alpha_power,C3_theta_beta_ratio,-0.0820227841066963,0.0820227841066963
Control,channel,F4_alpha_power,C4_delta_power,0.2732425673798277,0.2732425673798277
Control,channel,F4_alpha_power,C4_theta_power,0.707529869408169,0.707529869408169
Control,channel,F4_alpha_power,C4_alpha_power,0.8336760211169769,0.8336760211169769
Control,channel,F4_alpha_power,C4_beta_power,0.7685468185607113,0.7685468185607113
Control,channel,F4_alpha_power,C4_theta_beta_ratio,-0.03728813559322034,0.03728813559322034
Control,channel,F4_alpha_power,P3_delta_power,-0.034787440955821064,0.034787440955821064
Control,channel,F4_alpha_power,P3_theta_power,0.4593498193942762,0.4593498193942762
Control,channel,F4_alpha_power,P3_alpha_power,0.7729924979160878,0.7729924979160878
Control,channel,F4_alpha_power,P3_beta_power,0.6988052236732426,0.6988052236732426
Control,channel,F4_alpha_power,P3_theta_beta_ratio,-0.2902472909141428,0.2902472909141428
Control,channel,F4_alpha_power,P4_delta_power,0.29141428174492917,0.29141428174492917
Control,channel,F4_alpha_power,P4_theta_power,0.6789663795498749,0.6789663795498749
Control,channel,F4_alpha_power,P4_alpha_power,0.8559599888858016,0.8559599888858016
Control,channel,F4_alpha_power,P4_beta_power,0.720200055570992,0.720200055570992
Control,channel,F4_alpha_power,P4_theta_beta_ratio,-0.08424562378438455,0.08424562378438455
Control,channel,F4_alpha_power,O1_delta_power,-0.13537093637121422,0.13537093637121422
Control,channel,F4_alpha_power,O1_theta_power,0.04201166990830786,0.04201166990830786
Control,channel,F4_alpha_power,O1_alpha_power,0.4756321200333426,0.4756321200333426
Control,channel,F4_alpha_power,O1_beta_power,0.4134481800500139,0.4134481800500139
Control,channel,F4_alpha_power,O1_theta_beta_ratio,-0.2691858849680467,0.2691858849680467
Control,channel,F4_alpha_power,O2_delta_power,0.1821617115865518,0.1821617115865518
Control,channel,F4_alpha_power,O2_theta_power,0.3380383439844401,0.3380383439844401
Control,channel,F4_alpha_power,O2_alpha_power,0.6516810225062517,0.6516810225062517
Control,channel,F4_alpha_power,O2_beta_power,0.3665462628507919,0.3665462628507919
Control,channel,F4_alpha_power,O2_theta_beta_ratio,0.0477910530702973,0.0477910530702973
Control,channel,F4_alpha_power,F7_delta_power,0.1340928035565435,0.1340928035565435
Control,channel,F4_alpha_power,F7_theta_power,0.347707696582384,0.347707696582384
Control,channel,F4_alpha_power,F7_alpha_power,0.5623784384551265,0.5623784384551265
Control,channel,F4_alpha_power,F7_beta_power,0.4725757154765213,0.4725757154765213
Control,channel,F4_alpha_power,F7_theta_beta_ratio,-0.10508474576271186,0.10508474576271186
Control,channel,F4_alpha_power,F8_delta_power,0.3548763545429286,0.3548763545429286
Control,channel,F4_alpha_power,F8_theta_power,0.5178660739094193,0.5178660739094193
Control,channel,F4_alpha_power,F8_alpha_power,0.7130313976104473,0.7130313976104473
Control,channel,F4_alpha_power,F8_beta_power,0.5494859683245346,0.5494859683245346
Control,channel,F4_alpha_power,F8_theta_beta_ratio,0.10030564045568213,0.10030564045568213
Control,channel,F4_alpha_power,T7_delta_power,-0.15065295915532093,0.15065295915532093
Control,channel,F4_alpha_power,T7_theta_power,0.20783550986385108,0.20783550986385108
Control,channel,F4_alpha_power,T7_alpha_power,0.5918310641844957,0.5918310641844957
Control,channel,F4_alpha_power,T7_beta_power,0.5471519866629619,0.5471519866629619
Control,channel,F4_alpha_power,T7_theta_beta_ratio,-0.2805223673242567,0.2805223673242567
Control,channel,F4_alpha_power,T8_delta_power,0.08196721311475409,0.08196721311475409
Control,channel,F4_alpha_power,T8_theta_power,0.40611280911364267,0.40611280911364267
Control,channel,F4_alpha_power,T8_alpha_power,0.7333148096693526,0.7333148096693526
Control,channel,F4_alpha_power,T8_beta_power,0.549319255348708,0.549319255348708
Control,channel,F4_alpha_power,T8_theta_beta_ratio,-0.1540427896637955,0.1540427896637955
Control,channel,F4_alpha_power,P7_delta_power,-0.1873853848291192,0.1873853848291192
Control,channel,F4_alpha_power,P7_theta_power,-0.002278410669630453,0.002278410669630453
Control,channel,F4_alpha_power,P7_alpha_power,0.3101417060294526,0.3101417060294526
Control,channel,F4_alpha_power,P7_beta_power,0.30691858849680465,0.30691858849680465
Control,channel,F4_alpha_power,P7_theta_beta_ratio,-0.24228952486801889,0.24228952486801889
Control,channel,F4_alpha_power,P8_delta_power,0.08763545429285913,0.08763545429285913
Control,channel,F4_alpha_power,P8_theta_power,0.2966379549874965,0.2966379549874965
Control,channel,F4_alpha_power,P8_alpha_power,0.6091692136704641,0.6091692136704641
Control,channel,F4_alpha_power,P8_beta_power,0.3639899972214504,0.3639899972214504
Control,channel,F4_alpha_power,P8_theta_beta_ratio,-0.03267574326201723,0.03267574326201723
Control,channel,F4_alpha_power,Fz_delta_power,0.057904973603778824,0.057904973603778824
Control,channel,F4_alpha_power,Fz_theta_power,0.5317588218949708,0.5317588218949708
Control,channel,F4_alpha_power,Fz_alpha_power,0.7794387329813837,0.7794387329813837
Control,channel,F4_alpha_power,Fz_beta_power,0.6417338149485968,0.6417338149485968
Control,channel,F4_alpha_power,Fz_theta_beta_ratio,-0.22389552653514866,0.22389552653514866
Control,channel,F4_alpha_power,Cz_delta_power,0.3823284245623784,0.3823284245623784
Control,channel,F4_alpha_power,Cz_theta_power,0.6584051125312587,0.6584051125312587
Control,channel,F4_alpha_power,Cz_alpha_power,0.7931091969991665,0.7931091969991665
Control,channel,F4_alpha_power,Cz_beta_power,0.7825507085301473,0.7825507085301473
Control,channel,F4_alpha_power,Cz_theta_beta_ratio,-0.15815504306751876,0.15815504306751876
Control,channel,F4_alpha_power,Pz_delta_power,0.013337038066129481,0.013337038066129481
Control,channel,F4_alpha_power,Pz_theta_power,0.3641011392053348,0.3641011392053348
Control,channel,F4_alpha_power,Pz_alpha_power,0.6712975826618505,0.6712975826618505
Control,channel,F4_alpha_power,Pz_beta_power,0.6566824117810502,0.6566824117810502
Control,channel,F4_alpha_power,Pz_theta_beta_ratio,-0.31819949986107254,0.31819949986107254
Control,channel,F4_beta_power,F4_theta_beta_ratio,-0.44190052792442347,0.44190052792442347
Control,channel,F4_beta_power,C3_delta_power,-0.05979438732981384,0.05979438732981384
Control,channel,F4_beta_power,C3_theta_power,0.39160878021672685,0.39160878021672685
Control,channel,F4_beta_power,C3_alpha_power,0.6189497082522923,0.6189497082522923
Control,channel,F4_beta_power,C3_beta_power,0.7201444845790498,0.7201444845790498
Control,channel,F4_beta_power,C3_theta_beta_ratio,-0.30336204501250347,0.30336204501250347
Control,channel,F4_beta_power,C4_delta_power,0.23984440122256181,0.23984440122256181
Control,channel,F4_beta_power,C4_theta_power,0.5679911086412892,0.5679911086412892
Control,channel,F4_beta_power,C4_alpha_power,0.6853014726312865,0.6853014726312865
Control,channel,F4_beta_power,C4_beta_power,0.8689636010002778,0.8689636010002778
Control,channel,F4_beta_power,C4_theta_beta_ratio,-0.2928035565434843,0.2928035565434843
Control,channel,F4_beta_power,P3_delta_power,-0.12136704640177827,0.12136704640177827
Control,channel,F4_beta_power,P3_theta_power,0.3313142539594332,0.3313142539594332
Control,channel,F4_beta_power,P3_alpha_power,0.6301750486246179,0.6301750486246179
Control,channel,F4_beta_power,P3_beta_power,0.7128091136426785,0.7128091136426785
Control,channel,F4_beta_power,P3_theta_beta_ratio,-0.42767435398721865,0.42767435398721865
Control,channel,F4_beta_power,P4_delta_power,0.24756876910252848,0.24756876910252848
Control,channel,F4_beta_power,P4_theta_power,0.5206446235065296,0.5206446235065296
Control,channel,F4_beta_power,P4_alpha_power,0.7200889135871076,0.7200889135871076
Control,channel,F4_beta_power,P4_beta_power,0.7803834398444012,0.7803834398444012
Control,channel,F4_beta_power,P4_theta_beta_ratio,-0.30325090302861907,0.30325090302861907
Control,channel,F4_beta_power,O1_delta_power,-0.20383439844401222,0.20383439844401222
Control,channel,F4_beta_power,O1_theta_power,-0.03389830508474576,0.03389830508474576
Control,channel,F4_beta_power,O1_alpha_power,0.3984440122256182,0.3984440122256182
Control,channel,F4_beta_power,O1_beta_power,0.45190330647402055,0.45190330647402055
Control,channel,F4_beta_power,O1_theta_beta_ratio,-0.39066407335370934,0.39066407335370934
Control,channel,F4_beta_power,O2_delta_power,0.2325646012781328,0.2325646012781328
Control,channel,F4_beta_power,O2_theta_power,0.329369269241456,0.329369269241456
Control,channel,F4_beta_power,O2_alpha_power,0.6480689080300084,0.6480689080300084
Control,channel,F4_beta_power,O2_beta_power,0.5064184495693248,0.5064184495693248
Control,channel,F4_beta_power,O2_theta_beta_ratio,-0.07718810780772437,0.07718810780772437
Control,channel,F4_beta_power,F7_delta_power,0.05890525145873854,0.05890525145873854
Control,channel,F4_beta_power,F7_theta_power,0.3158655181994999,0.3158655181994999
Control,channel,F4_beta_power,F7_alpha_power,0.5452070019449847,0.5452070019449847
Control,channel,F4_beta_power,F7_beta_power,0.6232842456237844,0.6232842456237844
Control,channel,F4_beta_power,F7_theta_beta_ratio,-0.2858571825507085,0.2858571825507085
Control,channel,F4_beta_power,F8_delta_power,0.3423728813559322,0.3423728813559322
Control,channel,F4_beta_power,F8_theta_power,0.4729091414281745,0.4729091414281745
Control,channel,F4_beta_power,F8_alpha_power,0.6298416226729647,0.6298416226729647
Control,channel,F4_beta_power,F8_beta_power,0.7389830508474576,0.7389830508474576
Control,channel,F4_beta_power,F8_theta_beta_ratio,-0.13664906918588496,0.13664906918588496
Control,channel,F4_beta_power,T7_delta_power,-0.20100027785495972,0.20100027785495972
Control,channel,F4_beta_power,T7_theta_power,0.09341483745484856,0.09341483745484856
Control,channel,F4_beta_power,T7_alpha_power,0.4353431508752431,0.4353431508752431
Control,channel,F4_beta_power,T7_beta_power,0.5882189497082523,0.5882189497082523
Control,channel,F4_beta_power,T7_theta_beta_ratio,-0.4233398166157266,0.4233398166157266
Control,channel,F4_beta_power,T8_delta_power,0.05957210336204501,0.05957210336204501
Control,channel,F4_beta_power,T8_theta_power,0.2432898027229786,0.2432898027229786
Control,channel,F4_beta_power,T8_alpha_power,0.549597110308419,0.549597110308419
Control,channel,F4_beta_power,T8_beta_power,0.6844123367602112,0.6844123367602112
Control,channel,F4_beta_power,T8_theta_beta_ratio,-0.374659627674354,0.374659627674354
Control,channel,F4_beta_power,P7_delta_power,-0.22572936926924145,0.22572936926924145
Control,channel,F4_beta_power,P7_theta_power,-0.06512920255626563,0.06512920255626563
Control,channel,F4_beta_power,P7_alpha_power,0.2405112531258683,0.2405112531258683
Control,channel,F4_beta_power,P7_beta_power,0.29141428174492917,0.29141428174492917
Control,channel,F4_beta_power,P7_theta_beta_ratio,-0.33309252570158376,0.33309252570158376
Control,channel,F4_beta_power,P8_delta_power,0.08196721311475409,0.08196721311475409
Control,channel,F4_beta_power,P8_theta_power,0.16782439566546262,0.16782439566546262
Control,channel,F4_beta_power,P8_alpha_power,0.48791330925257015,0.48791330925257015
Control,channel,F4_beta_power,P8_beta_power,0.5347040844679077,0.5347040844679077
Control,channel,F4_beta_power,P8_theta_beta_ratio,-0.26012781328146706,0.26012781328146706
Control,channel,F4_beta_power,Fz_delta_power,-0.0018894137260350096,0.0018894137260350096
Control,channel,F4_beta_power,Fz_theta_power,0.4100027785495971,0.4100027785495971
Control,channel,F4_beta_power,Fz_alpha_power,0.5952764656849124,0.5952764656849124
Control,channel,F4_beta_power,Fz_beta_power,0.7370936371214226,0.7370936371214226
Control,channel,F4_beta_power,Fz_theta_beta_ratio,-0.4593498193942762,0.4593498193942762
Control,channel,F4_beta_power,Cz_delta_power,0.33281467074187276,0.33281467074187276
Control,channel,F4_beta_power,Cz_theta_power,0.5362600722422896,0.5362600722422896
Control,channel,F4_beta_power,Cz_alpha_power,0.6574604056682412,0.6574604056682412
Control,channel,F4_beta_power,Cz_beta_power,0.8774659627674354,0.8774659627674354
Control,channel,F4_beta_power,Cz_theta_beta_ratio,-0.3738816337871631,0.3738816337871631
Control,channel,F4_beta_power,Pz_delta_power,-0.08574604056682411,0.08574604056682411
Control,channel,F4_beta_power,Pz_theta_power,0.23378716310086134,0.23378716310086134
Control,channel,F4_beta_power,Pz_alpha_power,0.5240344540150041,0.5240344540150041
Control,channel,F4_beta_power,Pz_beta_power,0.7099194220616838,0.7099194220616838
Control,channel,F4_beta_power,Pz_theta_beta_ratio,-0.4851347596554598,0.4851347596554598
Control,channel,F4_theta_beta_ratio,C3_delta_power,0.34265073631564325,0.34265073631564325
Control,channel,F4_theta_beta_ratio,C3_theta_power,0.3017504862461795,0.3017504862461795
Control,channel,F4_theta_beta_ratio,C3_alpha_power,-0.10930814115031953,0.10930814115031953
Control,channel,F4_theta_beta_ratio,C3_beta_power,-0.2989719366490692,0.2989719366490692
Control,channel,F4_theta_beta_ratio,C3_theta_beta_ratio,0.6965823839955543,0.6965823839955543
Control,channel,F4_theta_beta_ratio,C4_delta_power,0.3234787440955821,0.3234787440955821
Control,channel,F4_theta_beta_ratio,C4_theta_power,0.22295081967213115,0.22295081967213115
Control,channel,F4_theta_beta_ratio,C4_alpha_power,-0.20505696026674075,0.20505696026674075
Control,channel,F4_theta_beta_ratio,C4_beta_power,-0.4217282578494026,0.4217282578494026
Control,channel,F4_theta_beta_ratio,C4_theta_beta_ratio,0.8796332314531814,0.8796332314531814
Control,channel,F4_theta_beta_ratio,P3_delta_power,0.3926646290636288,0.3926646290636288
Control,channel,F4_theta_beta_ratio,P3_theta_power,0.26740761322589607,0.26740761322589607
Control,channel,F4_theta_beta_ratio,P3_alpha_power,-0.061794943039733256,0.061794943039733256
Control,channel,F4_theta_beta_ratio,P3_beta_power,-0.17360377882745207,0.17360377882745207
Control,channel,F4_theta_beta_ratio,P3_theta_beta_ratio,0.4787996665740483,0.4787996665740483
Control,channel,F4_theta_beta_ratio,P4_delta_power,0.31819949986107254,0.31819949986107254
Control,channel,F4_theta_beta_ratio,P4_theta_power,0.2425118088357877,0.2425118088357877
Control,channel,F4_theta_beta_ratio,P4_alpha_power,-0.14437343706585162,0.14437343706585162
Control,channel,F4_theta_beta_ratio,P4_beta_power,-0.338816337871631,0.338816337871631
Control,channel,F4_theta_beta_ratio,P4_theta_beta_ratio,0.7229786051681022,0.7229786051681022
Control,channel,F4_theta_beta_ratio,O1_delta_power,0.35115309808280076,0.35115309808280076
Control,channel,F4_theta_beta_ratio,O1_theta_power,0.26712975826618507,0.26712975826618507
Control,channel,F4_theta_beta_ratio,O1_alpha_power,-0.009836065573770493,0.009836065573770493
Control,channel,F4_theta_beta_ratio,O1_beta_power,-0.15537649347040844,0.15537649347040844
Control,channel,F4_theta_beta_ratio,O1_theta_beta_ratio,0.44962489580439013,0.44962489580439013
Control,channel,F4_theta_beta_ratio,O2_delta_power,0.1938316198944151,0.1938316198944151
Control,channel,F4_theta_beta_ratio,O2_theta_power,0.13642678521811613,0.13642678521811613
Control,channel,F4_theta_beta_ratio,O2_alpha_power,-0.2523478744095582,0.2523478744095582
Control,channel,F4_theta_beta_ratio,O2_beta_power,-0.29508196721311475,0.29508196721311475
Control,channel,F4_theta_beta_ratio,O2_theta_beta_ratio,0.4457904973603779,0.4457904973603779
Control,channel,F4_theta_beta_ratio,F7_delta_power,0.15243123089747151,0.15243123089747151
Control,channel,F4_theta_beta_ratio,F7_theta_power,0.08946929702695193,0.08946929702695193
Control,channel,F4_theta_beta_ratio,F7_alpha_power,-0.11425395943317589,0.11425395943317589
Control,channel,F4_theta_beta_ratio,F7_beta_power,-0.32047791053070296,0.32047791053070296
Control,channel,F4_theta_beta_ratio,F7_theta_beta_ratio,0.4101139205334815,0.4101139205334815
Control,channel,F4_theta_beta_ratio,F8_delta_power,0.1990552931369825,0.1990552931369825
Control,channel,F4_theta_beta_ratio,F8_theta_power,0.2197277021394832,0.2197277021394832
Control,channel,F4_theta_beta_ratio,F8_alpha_power,-0.04362322867463184,0.04362322867463184
Control,channel,F4_theta_beta_ratio,F8_beta_power,-0.33409280355654347,0.33409280355654347
Control,channel,F4_theta_beta_ratio,F8_theta_beta_ratio,0.6814115031953321,0.6814115031953321
Control,channel,F4_theta_beta_ratio,T7_delta_power,0.2680188941372604,0.2680188941372604
Control,channel,F4_theta_beta_ratio,T7_theta_power,0.33281467074187276,0.33281467074187276
Control,channel,F4_theta_beta_ratio,T7_alpha_power,0.04945818282856349,0.04945818282856349
Control,channel,F4_theta_beta_ratio,T7_beta_power,-0.24840233398166156,0.24840233398166156
Control,channel,F4_theta_beta_ratio,T7_theta_beta_ratio,0.5162545151430953,0.5162545151430953
Control,channel,F4_theta_beta_ratio,T8_delta_power,0.33837176993609336,0.33837176993609336
Control,channel,F4_theta_beta_ratio,T8_theta_power,0.3963878855237566,0.3963878855237566
Control,channel,F4_theta_beta_ratio,T8_alpha_power,-0.019505418171714365,0.019505418171714365
Control,channel,F4_theta_beta_ratio,T8_beta_power,-0.30791886635176435,0.30791886635176435
Control,channel,F4_theta_beta_ratio,T8_theta_beta_ratio,0.7131425395943317,0.7131425395943317
Control,channel,F4_theta_beta_ratio,P7_delta_power,0.26540705751597665,0.26540705751597665
Control,channel,F4_theta_beta_ratio,P7_theta_power,0.298916365657127,0.298916365657127
Control,channel,F4_theta_beta_ratio,P7_alpha_power,-0.0675187552097805,0.0675187552097805
Control,channel,F4_theta_beta_ratio,P7_beta_power,-0.10441789385940539,0.10441789385940539
Control,channel,F4_theta_beta_ratio,P7_theta_beta_ratio,0.4905807168657961,0.4905807168657961
Control,channel,F4_theta_beta_ratio,P8_delta_power,0.3008613503751042,0.3008613503751042
Control,channel,F4_theta_beta_ratio,P8_theta_power,0.4478466240622395,0.4478466240622395
Control,channel,F4_theta_beta_ratio,P8_alpha_power,-0.023395387607668797,0.023395387607668797
Control,channel,F4_theta_beta_ratio,P8_beta_power,-0.27507641011392053,0.27507641011392053
Control,channel,F4_theta_beta_ratio,P8_theta_beta_ratio,0.6476243400944707,0.6476243400944707
Control,channel,F4_theta_beta_ratio,Fz_delta_power,0.3230341761600445,0.3230341761600445
Control,channel,F4_theta_beta_ratio,Fz_theta_power,0.28024451236454573,0.28024451236454573
Control,channel,F4_theta_beta_ratio,Fz_alpha_power,-0.049791608780216726,0.049791608780216726
Control,channel,F4_theta_beta_ratio,Fz_beta_power,-0.3157543762156155,0.3157543762156155
Control,channel,F4_theta_beta_ratio,Fz_theta_beta_ratio,0.7017504862461795,0.7017504862461795
Control,channel,F4_theta_beta_ratio,Cz_delta_power,0.2974715198666296,0.2974715198666296
Control,channel,F4_theta_beta_ratio,Cz_theta_power,0.26007224228952486,0.26007224228952486
Control,channel,F4_theta_beta_ratio,Cz_alpha_power,-0.1340372325646013,0.1340372325646013
Control,channel,F4_theta_beta_ratio,Cz_beta_power,-0.3441511530980828,0.3441511530980828
Control,channel,F4_theta_beta_ratio,Cz_theta_beta_ratio,0.7642122811892192,0.7642122811892192
Control,channel,F4_theta_beta_ratio,Pz_delta_power,0.4124479021950542,0.4124479021950542
Control,channel,F4_theta_beta_ratio,Pz_theta_power,0.2534037232564601,0.2534037232564601
Control,channel,F4_theta_beta_ratio,Pz_alpha_power,-0.17143651014170602,0.17143651014170602
Control,channel,F4_theta_beta_ratio,Pz_beta_power,-0.32592386774103915,0.32592386774103915
Control,channel,F4_theta_beta_ratio,Pz_theta_beta_ratio,0.6208946929702696,0.6208946929702696
Control,channel,C3_delta_power,C3_theta_power,0.502139483189775,0.502139483189775
Control,channel,C3_delta_power,C3_alpha_power,0.16860238955265353,0.16860238955265353
Control,channel,C3_delta_power,C3_beta_power,0.27346485134759657,0.27346485134759657
Control,channel,C3_delta_power,C3_theta_beta_ratio,0.33287024173381496,0.33287024173381496
Control,channel,C3_delta_power,C4_delta_power,0.5580439010836343,0.5580439010836343
Control,channel,C3_delta_power,C4_theta_power,0.1387607668796888,0.1387607668796888
Control,channel,C3_delta_power,C4_alpha_power,-0.20672409002500694,0.20672409002500694
Control,channel,C3_delta_power,C4_beta_power,-0.08407891080855794,0.08407891080855794
Control,channel,C3_delta_power,C4_theta_beta_ratio,0.3271464295637677,0.3271464295637677
Control,channel,C3_delta_power,P3_delta_power,0.8939149763823284,0.8939149763823284
Control,channel,C3_delta_power,P3_theta_power,0.535871075298694,0.535871075298694
Control,channel,C3_delta_power,P3_alpha_power,0.23434287302028342,0.23434287302028342
Control,channel,C3_delta_power,P3_beta_power,0.20689080300083357,0.20689080300083357
Control,channel,C3_delta_power,P3_theta_beta_ratio,0.4458460683523201,0.4458460683523201
Control,channel,C3_delta_power,P4_delta_power,0.48046679633231454,0.48046679633231454
Control,channel,C3_delta_power,P4_theta_power,0.27696582383995555,0.27696582383995555
Control,channel,C3_delta_power,P4_alpha_power,0.09786051681022506,0.09786051681022506
Control,channel,C3_delta_power,P4_beta_power,0.07635454292859127,0.07635454292859127
Control,channel,C3_delta_power,P4_theta_beta_ratio,0.23011947763267573,0.23011947763267573
Control,channel,C3_delta_power,O1_delta_power,0.896248958043901,0.896248958043901
Control,channel,C3_delta_power,O1_theta_power,0.7308141150319534,0.7308141150319534
Control,channel,C3_delta_power,O1_alpha_power,0.4237843845512642,0.4237843845512642
Control,channel,C3_delta_power,O1_beta_power,0.2360655737704918,0.2360655737704918
Control,channel,C3_delta_power,O1_theta_beta_ratio,0.520477910530703,0.520477910530703
Control,channel,C3_delta_power,O2_delta_power,0.45634898582939704,0.45634898582939704
Control,channel,C3_delta_power,O2_theta_power,0.39033064740205614,0.39033064740205614
Control,channel,C3_delta_power,O2_alpha_power,0.1863851069741595,0.1863851069741595
Control,channel,C3_delta_power,O2_beta_power,0.22006112809113643,0.22006112809113643
Control,channel,C3_delta_power,O2_theta_beta_ratio,0.16921367046401778,0.16921367046401778
Control,channel,C3_delta_power,F7_delta_power,0.7773270352875798,0.7773270352875798
Control,channel,C3_delta_power,F7_theta_power,0.5848291191997778,0.5848291191997778
Control,channel,C3_delta_power,F7_alpha_power,0.32647957766046126,0.32647957766046126
Control,channel,C3_delta_power,F7_beta_power,0.27263128646846346,0.27263128646846346
Control,channel,C3_delta_power,F7_theta_beta_ratio,0.40505696026674076,0.40505696026674076
Control,channel,C3_delta_power,F8_delta_power,0.46540705751597666,0.46540705751597666
Control,channel,C3_delta_power,F8_theta_power,0.38049458182828566,0.38049458182828566
Control,channel,C3_delta_power,F8_alpha_power,0.1828841344818005,0.1828841344818005
Control,channel,C3_delta_power,F8_beta_power,0.21583773270352877,0.21583773270352877
Control,channel,C3_delta_power,F8_theta_beta_ratio,0.18032786885245902,0.18032786885245902
Control,channel,C3_delta_power,T7_delta_power,0.7887190886357321,0.7887190886357321
Control,channel,C3_delta_power,T7_theta_power,0.6805223673242567,0.6805223673242567
Control,channel,C3_delta_power,T7_alpha_power,0.4607390941928313,0.4607390941928313
Control,channel,C3_delta_power,T7_beta_power,0.3089191442067241,0.3089191442067241
Control,channel,C3_delta_power,T7_theta_beta_ratio,0.4890803000833565,0.4890803000833565
Control,channel,C3_delta_power,T8_delta_power,0.46429563767713256,0.46429563767713256
Control,channel,C3_delta_power,T8_theta_power,0.31514309530425116,0.31514309530425116
Control,channel,C3_delta_power,T8_alpha_power,0.06646290636287858,0.06646290636287858
Control,channel,C3_delta_power,T8_beta_power,0.1478744095582106,0.1478744095582106
Control,channel,C3_delta_power,T8_theta_beta_ratio,0.13198110586273964,0.13198110586273964
Control,channel,C3_delta_power,P7_delta_power,0.8826340650180605,0.8826340650180605
Control,channel,C3_delta_power,P7_theta_power,0.7686023895526535,0.7686023895526535
Control,channel,C3_delta_power,P7_alpha_power,0.5606557377049181,0.5606557377049181
Control,channel,C3_delta_power,P7_beta_power,0.4882467352042234,0.4882467352042234
Control,channel,C3_delta_power,P7_theta_beta_ratio,0.44662406223951095,0.44662406223951095
Control,channel,C3_delta_power,P8_delta_power,0.47602111697693805,0.47602111697693805
Control,channel,C3_delta_power,P8_theta_power,0.42667407613225894,0.42667407613225894
Control,channel,C3_delta_power,P8_alpha_power,0.20850236176715756,0.20850236176715756
Control,channel,C3_delta_power,P8_beta_power,0.29591553209224786,0.29591553209224786
Control,channel,C3_delta_power,P8_theta_beta_ratio,0.09736037788274521,0.09736037788274521
Control,channel,C3_delta_power,Fz_delta_power,0.9006390664073354,0.9006390664073354
Control,channel,C3_delta_power,Fz_theta_power,0.4620727979994443,0.4620727979994443
Control,channel,C3_delta_power,Fz_alpha_power,0.23284245623784386,0.23284245623784386
Control,channel,C3_delta_power,Fz_beta_power,0.23228674631842178,0.23228674631842178
Control,channel,C3_delta_power,Fz_theta_beta_ratio,0.2430675187552098,0.2430675187552098
Control,channel,C3_delta_power,Cz_delta_power,0.5092525701583773,0.5092525701583773
Control,channel,C3_delta_power,Cz_theta_power,0.24729091414281745,0.24729091414281745
Control,channel,C3_delta_power,Cz_alpha_power,-0.01433731592108919,0.01433731592108919
Control,channel,C3_delta_power,Cz_beta_power,0.007224228952486802,0.007224228952486802
Control,channel,C3_delta_power,Cz_theta_beta_ratio,0.2863573214781884,0.2863573214781884
Control,channel,C3_delta_power,Pz_delta_power,0.9090858571825507,0.9090858571825507
Control,channel,C3_delta_power,Pz_theta_power,0.5414281744929147,0.5414281744929147
Control,channel,C3_delta_power,Pz_alpha_power,0.20889135871075298,0.20889135871075298
Control,channel,C3_delta_power,Pz_beta_power,0.16093359266462906,0.16093359266462906
Control,channel,C3_delta_power,Pz_theta_beta_ratio,0.34904140038899695,0.34904140038899695
Control,channel,C3_theta_power,C3_alpha_power,0.5409280355654349,0.5409280355654349
Control,channel,C3_theta_power,C3_beta_power,0.5968324534592943,0.5968324534592943
Control,channel,C3_theta_power,C3_theta_beta_ratio,0.5012503473186997,0.5012503473186997
Control,channel,C3_theta_power,C4_delta_power,0.5577660461239233,0.5577660461239233
Control,channel,C3_theta_power,C4_theta_power,0.6979716587941095,0.6979716587941095
Control,channel,C3_theta_power,C4_alpha_power,0.36804667963323145,0.36804667963323145
Control,channel,C3_theta_power,C4_beta_power,0.3821617115865518,0.3821617115865518
Control,channel,C3_theta_power,C4_theta_beta_ratio,0.3801055848846902,0.3801055848846902
Control,channel,C3_theta_power,P3_delta_power,0.4965823839955543,0.4965823839955543
Control,channel,C3_theta_power,P3_theta_power,0.9061405946096138,0.9061405946096138
Control,channel,C3_theta_power,P3_alpha_power,0.587329813837177,0.587329813837177
Control,channel,C3_theta_power,P3_beta_power,0.567935537649347,0.567935537649347
Control,channel,C3_theta_power,P3_theta_beta_ratio,0.32142261739372047,0.32142261739372047
Control,channel,C3_theta_power,P4_delta_power,0.4906362878577383,0.4906362878577383
Control,channel,C3_theta_power,P4_theta_power,0.7427063073075855,0.7427063073075855
Control,channel,C3_theta_power,P4_alpha_power,0.5181439288691303,0.5181439288691303
Control,channel,C3_theta_power,P4_beta_power,0.4711308696860239,0.4711308696860239
Control,channel,C3_theta_power,P4_theta_beta_ratio,0.22167268685746042,0.22167268685746042
Control,channel,C3_theta_power,O1_delta_power,0.38505140316754655,0.38505140316754655
Control,channel,C3_theta_power,O1_theta_power,0.559544317866074,0.559544317866074
Control,channel,C3_theta_power,O1_alpha_power,0.46796332314531813,0.46796332314531813
Control,channel,C3_theta_power,O1_beta_power,0.4245623784384551,0.4245623784384551
Control,channel,C3_theta_power,O1_theta_beta_ratio,0.24818005001389276,0.24818005001389276
Control,channel,C3_theta_power,O2_delta_power,0.3370380661294804,0.3370380661294804
Control,channel,C3_theta_power,O2_theta_power,0.3451514309530425,0.3451514309530425
Control,channel,C3_theta_power,O2_alpha_power,0.30597388163378714,0.30597388163378714
Control,channel,C3_theta_power,O2_beta_power,0.28324534592942485,0.28324534592942485
Control,channel,C3_theta_power,O2_theta_beta_ratio,0.14009447068630176,0.14009447068630176
Control,channel,C3_theta_power,F7_delta_power,0.36293414837454846,0.36293414837454846
Control,channel,C3_theta_power,F7_theta_power,0.7024173381494859,0.7024173381494859
Control,channel,C3_theta_power,F7_alpha_power,0.5525423728813559,0.5525423728813559
Control,channel,C3_theta_power,F7_beta_power,0.38077243678799666,0.38077243678799666
Control,channel,C3_theta_power,F7_theta_beta_ratio,0.3857738260627952,0.3857738260627952
Control,channel,C3_theta_power,F8_delta_power,0.39038621839399834,0.39038621839399834
Control,channel,C3_theta_power,F8_theta_power,0.5252570158377327,0.5252570158377327
Control,channel,C3_theta_power,F8_alpha_power,0.4556265629341484,0.4556265629341484
Control,channel,C3_theta_power,F8_beta_power,0.3739927757710475,0.3739927757710475
Control,channel,C3_theta_power,F8_theta_beta_ratio,0.21672686857460405,0.21672686857460405
Control,channel,C3_theta_power,T7_delta_power,0.3114754098360656,0.3114754098360656
Control,channel,C3_theta_power,T7_theta_power,0.7414281744929146,0.7414281744929146
Control,channel,C3_theta_power,T7_alpha_power,0.5471519866629619,0.5471519866629619
Control,channel,C3_theta_power,T7_beta_power,0.4810780772436788,0.4810780772436788
Control,channel,C3_theta_power,T7_theta_beta_ratio,0.3413726035009725,0.3413726035009725
Control,channel,C3_theta_power,T8_delta_power,0.40928035565434845,0.40928035565434845
Control,channel,C3_theta_power,T8_theta_power,0.6195054181717143,0.6195054181717143
Control,channel,C3_theta_power,T8_alpha_power,0.4261739372047791,0.4261739372047791
Control,channel,C3_theta_power,T8_beta_power,0.4026674076132259,0.4026674076132259
Control,channel,C3_theta_power,T8_theta_beta_ratio,0.14592942484023338,0.14592942484023338
Control,channel,C3_theta_power,P7_delta_power,0.3062517365934982,0.3062517365934982
Control,channel,C3_theta_power,P7_theta_power,0.608891358710753,0.608891358710753
Control,channel,C3_theta_power,P7_alpha_power,0.4081689358155043,0.4081689358155043
Control,channel,C3_theta_power,P7_beta_power,0.3345929424840233,0.3345929424840233
Control,channel,C3_theta_power,P7_theta_beta_ratio,0.40094470686301753,0.40094470686301753
Control,channel,C3_theta_power,P8_delta_power,0.29719366490691856,0.29719366490691856
Control,channel,C3_theta_power,P8_theta_power,0.446901917199222,0.446901917199222
Control,channel,C3_theta_power,P8_alpha_power,0.3144762434009447,0.3144762434009447
Control,channel,C3_theta_power,P8_beta_power,0.29585996110030566,0.29585996110030566
Control,channel,C3_theta_power,P8_theta_beta_ratio,0.1307029730480689,0.1307029730480689
Control,channel,C3_theta_power,Fz_delta_power,0.5030286190608503,0.5030286190608503
Control,channel,C3_theta_power,Fz_theta_power,0.8923034176160044,0.8923034176160044
Control,channel,C3_theta_power,Fz_alpha_power,0.5966657404834677,0.5966657404834677
Control,channel,C3_theta_power,Fz_beta_power,0.5122534037232565,0.5122534037232565
Control,channel,C3_theta_power,Fz_theta_beta_ratio,0.3125312586829675,0.3125312586829675
Control,channel,C3_theta_power,Cz_delta_power,0.540705751597666,0.540705751597666
Control,channel,C3_theta_power,Cz_theta_power,0.7252014448457905,0.7252014448457905
Control,channel,C3_theta_power,Cz_alpha_power,0.43289802722978604,0.43289802722978604
Control,channel,C3_theta_power,Cz_beta_power,0.44723534315087526,0.44723534315087526
Control,channel,C3_theta_power,Cz_theta_beta_ratio,0.2243400944706863,0.2243400944706863
Control,channel,C3_theta_power,Pz_delta_power,0.5339260905807168,0.5339260905807168
Control,channel,C3_theta_power,Pz_theta_power,0.859572103362045,0.859572103362045
Control,channel,C3_theta_power,Pz_alpha_power,0.470352875798833,0.470352875798833
Control,channel,C3_theta_power,Pz_beta_power,0.47196443456515697,0.47196443456515697
Control,channel,C3_theta_power,Pz_theta_beta_ratio,0.33831619894415116,0.33831619894415116
Control,channel,C3_alpha_power,C3_beta_power,0.7631564323423173,0.7631564323423173
Control,channel,C3_alpha_power,C3_theta_beta_ratio,-0.1387607668796888,0.1387607668796888
Control,channel,C3_alpha_power,C4_delta_power,0.29180327868852457,0.29180327868852457
Control,channel,C3_alpha_power,C4_theta_power,0.5640455682133926,0.5640455682133926
Control,channel,C3_alpha_power,C4_alpha_power,0.7085301472631287,0.7085301472631287
Control,channel,C3_alpha_power,C4_beta_power,0.6240066685190331,0.6240066685190331
Control,channel,C3_alpha_power,C4_theta_beta_ratio,-0.020116699083078633,0.020116699083078633
Control,channel,C3_alpha_power,P3_delta_power,0.1198110586273965,0.1198110586273965
Control,channel,C3_alpha_power,P3_theta_power,0.48341205890525146,0.48341205890525146
Control,channel,C3_alpha_power,P3_alpha_power,0.8317310363989997,0.8317310363989997
Control,channel,C3_alpha_power,P3_beta_power,0.720477910530703,0.720477910530703
Control,channel,C3_alpha_power,P3_theta_beta_ratio,-0.2702973048068908,0.2702973048068908
Control,channel,C3_alpha_power,P4_delta_power,0.19133092525701584,0.19133092525701584
Control,channel,C3_alpha_power,P4_theta_power,0.5120311197554877,0.5120311197554877
Control,channel,C3_alpha_power,P4_alpha_power,0.7807724367879967,0.7807724367879967
Control,channel,C3_alpha_power,P4_beta_power,0.6360655737704918,0.6360655737704918
Control,channel,C3_alpha_power,P4_theta_beta_ratio,-0.1542095026396221,0.1542095026396221
Control,channel,C3_alpha_power,O1_delta_power,-0.015893303695470963,0.015893303695470963
Control,channel,C3_alpha_power,O1_theta_power,0.17771603223117532,0.17771603223117532
Control,channel,C3_alpha_power,O1_alpha_power,0.5987218671853293,0.5987218671853293
Control,channel,C3_alpha_power,O1_beta_power,0.4135593220338983,0.4135593220338983
Control,channel,C3_alpha_power,O1_theta_beta_ratio,-0.13370380661294803,0.13370380661294803
Control,channel,C3_alpha_power,O2_delta_power,0.10764101139205334,0.10764101139205334
Control,channel,C3_alpha_power,O2_theta_power,0.2943039733259239,0.2943039733259239
Control,channel,C3_alpha_power,O2_alpha_power,0.5764934704084468,0.5764934704084468
Control,channel,C3_alpha_power,O2_beta_power,0.2936371214226174,0.2936371214226174
Control,channel,C3_alpha_power,O2_theta_beta_ratio,0.04945818282856349,0.04945818282856349
Control,channel,C3_alpha_power,F7_delta_power,0.22934148374548485,0.22934148374548485
Control,channel,C3_alpha_power,F7_theta_power,0.33653792720200054,0.33653792720200054
Control,channel,C3_alpha_power,F7_alpha_power,0.6061128091136426,0.6061128091136426
Control,channel,C3_alpha_power,F7_beta_power,0.4313976104473465,0.4313976104473465
Control,channel,C3_alpha_power,F7_theta_beta_ratio,-0.01772714642956377,0.01772714642956377
Control,channel,C3_alpha_power,F8_delta_power,0.2575159766601834,0.2575159766601834
Control,channel,C3_alpha_power,F8_theta_power,0.31925534870797445,0.31925534870797445
Control,channel,C3_alpha_power,F8_alpha_power,0.5574881911642123,0.5574881911642123
Control,channel,C3_alpha_power,F8_beta_power,0.3623784384551264,0.3623784384551264
Control,channel,C3_alpha_power,F8_theta_beta_ratio,0.05423728813559322,0.05423728813559322
Control,channel,C3_alpha_power,T7_delta_power,0.09774937482634065,0.09774937482634065
Control,channel,C3_alpha_power,T7_theta_power,0.3071408724645735,0.3071408724645735
Control,channel,C3_alpha_power,T7_alpha_power,0.7804390108363435,0.7804390108363435
Control,channel,C3_alpha_power,T7_beta_power,0.6597388163378717,0.6597388163378717
Control,channel,C3_alpha_power,T7_theta_beta_ratio,-0.21194776326757434,0.21194776326757434
Control,channel,C3_alpha_power,T8_delta_power,0.0685190330647402,0.0685190330647402
Control,channel,C3_alpha_power,T8_theta_power,0.31819949986107254,0.31819949986107254
Control,channel,C3_alpha_power,T8_alpha_power,0.639622117254793,0.639622117254793
Control,channel,C3_alpha_power,T8_beta_power,0.44845790497360377,0.44845790497360377
Control,channel,C3_alpha_power,T8_theta_beta_ratio,-0.16915809947207558,0.16915809947207558
Control,channel,C3_alpha_power,P7_delta_power,-0.03284245623784385,0.03284245623784385
Control,channel,C3_alpha_power,P7_theta_power,0.10425118088357878,0.10425118088357878
Control,channel,C3_alpha_power,P7_alpha_power,0.4817449291469853,0.4817449291469853
Control,channel,C3_alpha_power,P7_beta_power,0.3693803834398444,0.3693803834398444
Control,channel,C3_alpha_power,P7_theta_beta_ratio,-0.1828841344818005,0.1828841344818005
Control,channel,C3_alpha_power,P8_delta_power,0.0126146151708808,0.0126146151708808
Control,channel,C3_alpha_power,P8_theta_power,0.13009169213670463,0.13009169213670463
Control,channel,C3_alpha_power,P8_alpha_power,0.49863851069741594,0.49863851069741594
Control,channel,C3_alpha_power,P8_beta_power,0.2514587385384829,0.2514587385384829
Control,channel,C3_alpha_power,P8_theta_beta_ratio,-0.06251736593498194,0.06251736593498194
Control,channel,C3_alpha_power,Fz_delta_power,0.1459849958321756,0.1459849958321756
Control,channel,C3_alpha_power,Fz_theta_power,0.5033064740205613,0.5033064740205613
Control,channel,C3_alpha_power,Fz_alpha_power,0.8724090025006946,0.8724090025006946
Control,channel,C3_alpha_power,Fz_beta_power,0.7305918310641845,0.7305918310641845
Control,channel,C3_alpha_power,Fz_theta_beta_ratio,-0.2864684634620728,0.2864684634620728
Control,channel,C3_alpha_power,Cz_delta_power,0.3232564601278133,0.3232564601278133
Control,channel,C3_alpha_power,Cz_theta_power,0.5105862739649902,0.5105862739649902
Control,channel,C3_alpha_power,Cz_alpha_power,0.7197554876354543,0.7197554876354543
Control,channel,C3_alpha_power,Cz_beta_power,0.6165045846068352,0.6165045846068352
Control,channel,C3_alpha_power,Cz_theta_beta_ratio,-0.1494859683245346,0.1494859683245346
Control,channel,C3_alpha_power,Pz_delta_power,0.0881911642122812,0.0881911642122812
Control,channel,C3_alpha_power,Pz_theta_power,0.39021950541817174,0.39021950541817174
Control,channel,C3_alpha_power,Pz_alpha_power,0.8391775493192554,0.8391775493192554
Control,channel,C3_alpha_power,Pz_beta_power,0.6829674909697138,0.6829674909697138
Control,channel,C3_alpha_power,Pz_theta_beta_ratio,-0.2863573214781884,0.2863573214781884
Control,channel,C3_beta_power,C3_theta_beta_ratio,-0.3061405946096138,0.3061405946096138
Control,channel,C3_beta_power,C4_delta_power,0.3018060572381217,0.3018060572381217
Control,channel,C3_beta_power,C4_theta_power,0.5139205334815227,0.5139205334815227
Control,channel,C3_beta_power,C4_alpha_power,0.5196443456515699,0.5196443456515699
Control,channel,C3_beta_power,C4_beta_power,0.7163656571269797,0.7163656571269797
Control,channel,C3_beta_power,C4_theta_beta_ratio,-0.2053348152264518,0.2053348152264518
Control,channel,C3_beta_power,P3_delta_power,0.1774381772714643,0.1774381772714643
Control,channel,C3_beta_power,P3_theta_power,0.5503751041956099,0.5503751041956099
Control,channel,C3_beta_power,P3_alpha_power,0.7428174492914699,0.7428174492914699
Control,channel,C3_beta_power,P3_beta_power,0.817504862461795,0.817504862461795
Control,channel,C3_beta_power,P3_theta_beta_ratio,-0.2836343428730203,0.2836343428730203
Control,channel,C3_beta_power,P4_delta_power,0.21478188385662683,0.21478188385662683
Control,channel,C3_beta_power,P4_theta_power,0.5199777716032231,0.5199777716032231
Control,channel,C3_beta_power,P4_alpha_power,0.656348985829397,0.656348985829397
Control,channel,C3_beta_power,P4_beta_power,0.7457071408724646,0.7457071408724646
Control,channel,C3_beta_power,P4_theta_beta_ratio,-0.30469574881911643,0.30469574881911643
Control,channel,C3_beta_power,O1_delta_power,0.13809391497638232,0.13809391497638232
Control,channel,C3_beta_power,O1_theta_power,0.29391497638232844,0.29391497638232844
Control,channel,C3_beta_power,O1_alpha_power,0.5658794109474854,0.5658794109474854
Control,channel,C3_beta_power,O1_beta_power,0.5136426785218117,0.5136426785218117
Control,channel,C3_beta_power,O1_theta_beta_ratio,-0.1080300083356488,0.1080300083356488
Control,channel,C3_beta_power,O2_delta_power,0.18366212836899137,0.18366212836899137
Control,channel,C3_beta_power,O2_theta_power,0.3146429563767713,0.3146429563767713
Control,channel,C3_beta_power,O2_alpha_power,0.5652125590441789,0.5652125590441789
Control,channel,C3_beta_power,O2_beta_power,0.4609613781606002,0.4609613781606002
Control,channel,C3_beta_power,O2_theta_beta_ratio,-0.08946929702695193,0.08946929702695193
Control,channel,C3_beta_power,F7_delta_power,0.2562378438455126,0.2562378438455126
Control,channel,C3_beta_power,F7_theta_power,0.46901917199222004,0.46901917199222004
Control,channel,C3_beta_power,F7_alpha_power,0.6702973048068908,0.6702973048068908
Control,channel,C3_beta_power,F7_beta_power,0.6280633509308141,0.6280633509308141
Control,channel,C3_beta_power,F7_theta_beta_ratio,-0.07724367879966658,0.07724367879966658
Control,channel,C3_beta_power,F8_delta_power,0.24401222561822727,0.24401222561822727
Control,channel,C3_beta_power,F8_theta_power,0.35976660183384274,0.35976660183384274
Control,channel,C3_beta_power,F8_alpha_power,0.5283689913864963,0.5283689913864963
Control,channel,C3_beta_power,F8_beta_power,0.5987218671853293,0.5987218671853293
Control,channel,C3_beta_power,F8_theta_beta_ratio,-0.16760211169769382,0.16760211169769382
Control,channel,C3_beta_power,T7_delta_power,0.1702139483189775,0.1702139483189775
Control,channel,C3_beta_power,T7_theta_power,0.3909419283134204,0.3909419283134204
Control,channel,C3_beta_power,T7_alpha_power,0.6936926924145596,0.6936926924145596
Control,channel,C3_beta_power,T7_beta_power,0.8280077799388719,0.8280077799388719
Control,channel,C3_beta_power,T7_theta_beta_ratio,-0.2404001111419839,0.2404001111419839
Control,channel,C3_beta_power,T8_delta_power,0.13670464017782719,0.13670464017782719
Control,channel,C3_beta_power,T8_theta_power,0.2928035565434843,0.2928035565434843
Control,channel,C3_beta_power,T8_alpha_power,0.5036398999722145,0.5036398999722145
Control,channel,C3_beta_power,T8_beta_power,0.6346207279799945,0.6346207279799945
Control,channel,C3_beta_power,T8_theta_beta_ratio,-0.33403723256460127,0.33403723256460127
Control,channel,C3_beta_power,P7_delta_power,0.1197554876354543,0.1197554876354543
Control,channel,C3_beta_power,P7_theta_power,0.2618505140316755,0.2618505140316755
Control,channel,C3_beta_power,P7_alpha_power,0.5250347318699639,0.5250347318699639
Control,channel,C3_beta_power,P7_beta_power,0.41155876632397886,0.41155876632397886
Control,channel,C3_beta_power,P7_theta_beta_ratio,-0.08435676576826896,0.08435676576826896
Control,channel,C3_beta_power,P8_delta_power,0.03734370658516255,0.03734370658516255
Control,channel,C3_beta_power,P8_theta_power,0.09613781606001667,0.09613781606001667
Control,channel,C3_beta_power,P8_alpha_power,0.4017782717421506,0.4017782717421506
Control,channel,C3_beta_power,P8_beta_power,0.4287302028341206,0.4287302028341206
Control,channel,C3_beta_power,P8_theta_beta_ratio,-0.24445679355376493,0.24445679355376493
Control,channel,C3_beta_power,Fz_delta_power,0.2675743262017227,0.2675743262017227
Control,channel,C3_beta_power,Fz_theta_power,0.5333703806612948,0.5333703806612948
Control,channel,C3_beta_power,Fz_alpha_power,0.7534870797443735,0.7534870797443735
Control,channel,C3_beta_power,Fz_beta_power,0.8877465962767436,0.8877465962767436
Control,channel,C3_beta_power,Fz_theta_beta_ratio,-0.4247290914142817,0.4247290914142817
Control,channel,C3_beta_power,Cz_delta_power,0.30491803278688523,0.30491803278688523
Control,channel,C3_beta_power,Cz_theta_power,0.48991386496248956,0.48991386496248956
Control,channel,C3_beta_power,Cz_alpha_power,0.5696582383995554,0.5696582383995554
Control,channel,C3_beta_power,Cz_beta_power,0.7268130036121144,0.7268130036121144
Control,channel,C3_beta_power,Cz_theta_beta_ratio,-0.2755765490414004,0.2755765490414004
Control,channel,C3_beta_power,Pz_delta_power,0.17871631008613503,0.17871631008613503
Control,channel,C3_beta_power,Pz_theta_power,0.49613781606001667,0.49613781606001667
Control,channel,C3_beta_power,Pz_alpha_power,0.7004167824395665,0.7004167824395665
Control,channel,C3_beta_power,Pz_beta_power,0.8219505418171714,0.8219505418171714
Control,channel,C3_beta_power,Pz_theta_beta_ratio,-0.32131147540983607,0.32131147540983607
Control,channel,C3_theta_beta_ratio,C4_delta_power,0.34993053626007226,0.34993053626007226
Control,channel,C3_theta_beta_ratio,C4_theta_power,0.23378716310086134,0.23378716310086134
Control,channel,C3_theta_beta_ratio,C4_alpha_power,-0.16693525979438734,0.16693525979438734
Control,channel,C3_theta_beta_ratio,C4_beta_power,-0.29608224506807446,0.29608224506807446
Control,channel,C3_theta_beta_ratio,C4_theta_beta_ratio,0.6826340650180606,0.6826340650180606
Control,channel,C3_theta_beta_ratio,P3_delta_power,0.4332870241733815,0.4332870241733815
Control,channel,C3_theta_beta_ratio,P3_theta_power,0.4585162545151431,0.4585162545151431
Control,channel,C3_theta_beta_ratio,P3_alpha_power,-0.07952208946929702,0.07952208946929702
Control,channel,C3_theta_beta_ratio,P3_beta_power,-0.15254237288135594,0.15254237288135594
Control,channel,C3_theta_beta_ratio,P3_theta_beta_ratio,0.7245901639344262,0.7245901639344262
Control,channel,C3_theta_beta_ratio,P4_delta_power,0.26146151708808,0.26146151708808
Control,channel,C3_theta_beta_ratio,P4_theta_power,0.23023061961656016,0.23023061961656016
Control,channel,C3_theta_beta_ratio,P4_alpha_power,-0.12331203111975549,0.12331203111975549
Control,channel,C3_theta_beta_ratio,P4_beta_power,-0.22911919977771603,0.22911919977771603
Control,channel,C3_theta_beta_ratio,P4_theta_beta_ratio,0.5432620172270075,0.5432620172270075
Control,channel,C3_theta_beta_ratio,O1_delta_power,0.3452625729369269,0.3452625729369269
Control,channel,C3_theta_beta_ratio,O1_theta_power,0.36371214226173937,0.36371214226173937
Control,channel,C3_theta_beta_ratio,O1_alpha_power,-0.01405946096137816,0.01405946096137816
Control,channel,C3_theta_beta_ratio,O1_beta_power,-0.07040844679077521,0.07040844679077521
Control,channel,C3_theta_beta_ratio,O1_theta_beta_ratio,0.5058071686579605,0.5058071686579605
Control,channel,C3_theta_beta_ratio,O2_delta_power,0.14259516532370103,0.14259516532370103
Control,channel,C3_theta_beta_ratio,O2_theta_power,0.048680188941372604,0.048680188941372604
Control,channel,C3_theta_beta_ratio,O2_alpha_power,-0.22017227007502083,0.22017227007502083
Control,channel,C3_theta_beta_ratio,O2_beta_power,-0.12364545707140873,0.12364545707140873
Control,channel,C3_theta_beta_ratio,O2_theta_beta_ratio,0.26323978883023064,0.26323978883023064
Control,channel,C3_theta_beta_ratio,F7_delta_power,0.19399833287024174,0.19399833287024174
Control,channel,C3_theta_beta_ratio,F7_theta_power,0.29297026951931093,0.29297026951931093
Control,channel,C3_theta_beta_ratio,F7_alpha_power,-0.050736315643234234,0.050736315643234234
Control,channel,C3_theta_beta_ratio,F7_beta_power,-0.20872464573492636,0.20872464573492636
Control,channel,C3_theta_beta_ratio,F7_theta_beta_ratio,0.5545429285912754,0.5545429285912754
Control,channel,C3_theta_beta_ratio,F8_delta_power,0.1747707696582384,0.1747707696582384
Control,channel,C3_theta_beta_ratio,F8_theta_power,0.15359822172825785,0.15359822172825785
Control,channel,C3_theta_beta_ratio,F8_alpha_power,-0.05957210336204501,0.05957210336204501
Control,channel,C3_theta_beta_ratio,F8_beta_power,-0.20955821061405946,0.20955821061405946
Control,channel,C3_theta_beta_ratio,F8_theta_beta_ratio,0.4194498471797722,0.4194498471797722
Control,channel,C3_theta_beta_ratio,T7_delta_power,0.27268685746040566,0.27268685746040566
Control,channel,C3_theta_beta_ratio,T7_theta_power,0.46651847735482077,0.46651847735482077
Control,channel,C3_theta_beta_ratio,T7_alpha_power,-0.037788274520700195,0.037788274520700195
Control,channel,C3_theta_beta_ratio,T7_beta_power,-0.2763545429285913,0.2763545429285913
Control,channel,C3_theta_beta_ratio,T7_theta_beta_ratio,0.7159766601833842,0.7159766601833842
Control,channel,C3_theta_beta_ratio,T8_delta_power,0.3126979716587941,0.3126979716587941
Control,channel,C3_theta_beta_ratio,T8_theta_power,0.3567101972770214,0.3567101972770214
Control,channel,C3_theta_beta_ratio,T8_alpha_power,-0.06496248958043901,0.06496248958043901
Control,channel,C3_theta_beta_ratio,T8_beta_power,-0.20500138927479855,0.20500138927479855
Control,channel,C3_theta_beta_ratio,T8_theta_beta_ratio,0.523701028063351,0.523701028063351
Control,channel,C3_theta_beta_ratio,P7_delta_power,0.2614059460961378,0.2614059460961378
Control,channel,C3_theta_beta_ratio,P7_theta_power,0.43289802722978604,0.43289802722978604
Control,channel,C3_theta_beta_ratio,P7_alpha_power,-0.05457071408724646,0.05457071408724646
Control,channel,C3_theta_beta_ratio,P7_beta_power,-0.04001111419838844,0.04001111419838844
Control,channel,C3_theta_beta_ratio,P7_theta_beta_ratio,0.5914976382328424,0.5914976382328424
Control,channel,C3_theta_beta_ratio,P8_delta_power,0.24617949430397332,0.24617949430397332
Control,channel,C3_theta_beta_ratio,P8_theta_power,0.3444290080577938,0.3444290080577938
Control,channel,C3_theta_beta_ratio,P8_alpha_power,-0.08963601000277854,0.08963601000277854
Control,channel,C3_theta_beta_ratio,P8_beta_power,-0.11753264795776605,0.11753264795776605
Control,channel,C3_theta_beta_ratio,P8_theta_beta_ratio,0.37677132536815783,0.37677132536815783
Control,channel,C3_theta_beta_ratio,Fz_delta_power,0.33292581272575716,0.33292581272575716
Control,channel,C3_theta_beta_ratio,Fz_theta_power,0.4288969158099472,0.4288969158099472
Control,channel,C3_theta_beta_ratio,Fz_alpha_power,-0.08007779938871909,0.08007779938871909
Control,channel,C3_theta_beta_ratio,Fz_beta_power,-0.3083078632953598,0.3083078632953598
Control,channel,C3_theta_beta_ratio,Fz_theta_beta_ratio,0.8305640455682134,0.8305640455682134
Control,channel,C3_theta_beta_ratio,Cz_delta_power,0.27385384829119197,0.27385384829119197
Control,channel,C3_theta_beta_ratio,Cz_theta_power,0.2800222283967769,0.2800222283967769
Control,channel,C3_theta_beta_ratio,Cz_alpha_power,-0.10691858849680466,0.10691858849680466
Control,channel,C3_theta_beta_ratio,Cz_beta_power,-0.24223395387607669,0.24223395387607669
Control,channel,C3_theta_beta_ratio,Cz_theta_beta_ratio,0.5696026674076132,0.5696026674076132
Control,channel,C3_theta_beta_ratio,Pz_delta_power,0.4351764378994165,0.4351764378994165
Control,channel,C3_theta_beta_ratio,Pz_theta_power,0.45079188663517644,0.45079188663517644
Control,channel,C3_theta_beta_ratio,Pz_alpha_power,-0.19066407335370936,0.19066407335370936
Control,channel,C3_theta_beta_ratio,Pz_beta_power,-0.3039733259238677,0.3039733259238677
Control,channel,C3_theta_beta_ratio,Pz_theta_beta_ratio,0.7908863573214782,0.7908863573214782
Control,channel,C4_delta_power,C4_theta_power,0.5753264795776605,0.5753264795776605
Control,channel,C4_delta_power,C4_alpha_power,0.22745207001944984,0.22745207001944984
Control,channel,C4_delta_power,C4_beta_power,0.33014726312864684,0.33014726312864684
Control,channel,C4_delta_power,C4_theta_beta_ratio,0.3820505696026674,0.3820505696026674
Control,channel,C4_delta_power,P3_delta_power,0.5391497638232843,0.5391497638232843
Control,channel,C4_delta_power,P3_theta_power,0.4979160878021673,0.4979160878021673
Control,channel,C4_delta_power,P3_alpha_power,0.27796610169491526,0.27796610169491526
Control,channel,C4_delta_power,P3_beta_power,0.2782995276465685,0.2782995276465685
Control,channel,C4_delta_power,P3_theta_beta_ratio,0.2362322867463184,0.2362322867463184
Control,channel,C4_delta_power,P4_delta_power,0.7649902750764102,0.7649902750764102
Control,channel,C4_delta_power,P4_theta_power,0.5096971380939149,0.5096971380939149
Control,channel,C4_delta_power,P4_alpha_power,0.2794665184773548,0.2794665184773548
Control,channel,C4_delta_power,P4_beta_power,0.2713531536537927,0.2713531536537927
Control,channel,C4_delta_power,P4_theta_beta_ratio,0.3155876632397888,0.3155876632397888
Control,channel,C4_delta_power,O1_delta_power,0.4660739094192831,0.4660739094192831
Control,channel,C4_delta_power,O1_theta_power,0.5063628785773826,0.5063628785773826
Control,channel,C4_delta_power,O1_alpha_power,0.31219783273131424,0.31219783273131424
Control,channel,C4_delta_power,O1_beta_power,0.1973325923867741,0.1973325923867741
Control,channel,C4_delta_power,O1_theta_beta_ratio,0.32136704640177827,0.32136704640177827
Control,channel,C4_delta_power,O2_delta_power,0.7464851347596555,0.7464851347596555
Control,channel,C4_delta_power,O2_theta_power,0.6091136426785219,0.6091136426785219
Control,channel,C4_delta_power,O2_alpha_power,0.34459572103362046,0.34459572103362046
Control,channel,C4_delta_power,O2_beta_power,0.302695193109197,0.302695193109197
Control,channel,C4_delta_power,O2_theta_beta_ratio,0.31514309530425116,0.31514309530425116
Control,channel,C4_delta_power,F7_delta_power,0.45379272020005557,0.45379272020005557
Control,channel,C4_delta_power,F7_theta_power,0.41939427618782993,0.41939427618782993
Control,channel,C4_delta_power,F7_alpha_power,0.30247290914142816,0.30247290914142816
Control,channel,C4_delta_power,F7_beta_power,0.21411503195332038,0.21411503195332038
Control,channel,C4_delta_power,F7_theta_beta_ratio,0.24001111419838844,0.24001111419838844
Control,channel,C4_delta_power,F8_delta_power,0.6761322589608224,0.6761322589608224
Control,channel,C4_delta_power,F8_theta_power,0.508641289247013,0.508641289247013
Control,channel,C4_delta_power,F8_alpha_power,0.41116976938038347,0.41116976938038347
Control,channel,C4_delta_power,F8_beta_power,0.33926090580716867,0.33926090580716867
Control,channel,C4_delta_power,F8_theta_beta_ratio,0.24373437065851625,0.24373437065851625
Control,channel,C4_delta_power,T7_delta_power,0.5123645457071409,0.5123645457071409
Control,channel,C4_delta_power,T7_theta_power,0.6009447068630175,0.6009447068630175
Control,channel,C4_delta_power,T7_alpha_power,0.3940539038621839,0.3940539038621839
Control,channel,C4_delta_power,T7_beta_power,0.3053070297304807,0.3053070297304807
Control,channel,C4_delta_power,T7_theta_beta_ratio,0.3423728813559322,0.3423728813559322
Control,channel,C4_delta_power,T8_delta_power,0.7807168657960545,0.7807168657960545
Control,channel,C4_delta_power,T8_theta_power,0.6730202834120589,0.6730202834120589
Control,channel,C4_delta_power,T8_alpha_power,0.3804390108363434,0.3804390108363434
Control,channel,C4_delta_power,T8_beta_power,0.4460127813281467,0.4460127813281467
Control,channel,C4_delta_power,T8_theta_beta_ratio,0.29419283134203944,0.29419283134203944
Control,channel,C4_delta_power,P7_delta_power,0.42117254792998055,0.42117254792998055
Control,channel,C4_delta_power,P7_theta_power,0.5270352875798833,0.5270352875798833
Control,channel,C4_delta_power,P7_alpha_power,0.3404834676298972,0.3404834676298972
Control,channel,C4_delta_power,P7_beta_power,0.33564879133092523,0.33564879133092523
Control,channel,C4_delta_power,P7_theta_beta_ratio,0.2864684634620728,0.2864684634620728
Control,channel,C4_delta_power,P8_delta_power,0.7631008613503751,0.7631008613503751
Control,channel,C4_delta_power,P8_theta_power,0.728313420394554,0.728313420394554
Control,channel,C4_delta_power,P8_alpha_power,0.42022784106696304,0.42022784106696304
Control,channel,C4_delta_power,P8_beta_power,0.35637677132536816,0.35637677132536816
Control,channel,C4_delta_power,P8_theta_beta_ratio,0.32986940816893584,0.32986940816893584
Control,channel,C4_delta_power,Fz_delta_power,0.5963323145318143,0.5963323145318143
Control,channel,C4_delta_power,Fz_theta_power,0.5486524034454014,0.5486524034454014
Control,channel,C4_delta_power,Fz_alpha_power,0.29419283134203944,0.29419283134203944
Control,channel,C4_delta_power,Fz_beta_power,0.3114754098360656,0.3114754098360656
Control,channel,C4_delta_power,Fz_theta_beta_ratio,0.20777993887190888,0.20777993887190888
Control,channel,C4_delta_power,Cz_delta_power,0.902973048068908,0.902973048068908
Control,channel,C4_delta_power,Cz_theta_power,0.6016671297582662,0.6016671297582662
Control,channel,C4_delta_power,Cz_alpha_power,0.3050847457627119,0.3050847457627119
Control,channel,C4_delta_power,Cz_beta_power,0.3332592386774104,0.3332592386774104
Control,channel,C4_delta_power,Cz_theta_beta_ratio,0.25062517365934983,0.25062517365934983
Control,channel,C4_delta_power,Pz_delta_power,0.5580994720755765,0.5580994720755765
Control,channel,C4_delta_power,Pz_theta_power,0.4861906085023618,0.4861906085023618
Control,channel,C4_delta_power,Pz_alpha_power,0.21372603500972492,0.21372603500972492
Control,channel,C4_delta_power,Pz_beta_power,0.21028063350930815,0.21028063350930815
Control,channel,C4_delta_power,Pz_theta_beta_ratio,0.27618782995276464,0.27618782995276464
Control,channel,C4_theta_power,C4_alpha_power,0.718588496804668,0.718588496804668
Control,channel,C4_theta_power,C4_beta_power,0.6806335093081411,0.6806335093081411
Control,channel,C4_theta_power,C4_theta_beta_ratio,0.3772158933036955,0.3772158933036955
Control,channel,C4_theta_power,P3_delta_power,0.11675465407057516,0.11675465407057516
Control,channel,C4_theta_power,P3_theta_power,0.5782161711586552,0.5782161711586552
Control,channel,C4_theta_power,P3_alpha_power,0.5745484856904696,0.5745484856904696
Control,channel,C4_theta_power,P3_beta_power,0.5857182550708531,0.5857182550708531
Control,channel,C4_theta_power,P3_theta_beta_ratio,-0.05351486524034454,0.05351486524034454
Control,channel,C4_theta_power,P4_delta_power,0.45518199499861073,0.45518199499861073
Control,channel,C4_theta_power,P4_theta_power,0.8060572381217005,0.8060572381217005
Control,channel,C4_theta_power,P4_alpha_power,0.6215059738816338,0.6215059738816338
Control,channel,C4_theta_power,P4_beta_power,0.5640455682133926,0.5640455682133926
Control,channel,C4_theta_power,P4_theta_beta_ratio,0.1973881633787163,0.1973881633787163
Control,channel,C4_theta_power,O1_delta_power,0.03073075854404001,0.03073075854404001
Control,channel,C4_theta_power,O1_theta_power,0.20944706863017504,0.20944706863017504
Control,channel,C4_theta_power,O1_alpha_power,0.347707696582384,0.347707696582384
Control,channel,C4_theta_power,O1_beta_power,0.3230341761600445,0.3230341761600445
Control,channel,C4_theta_power,O1_theta_beta_ratio,-0.024340094470686302,0.024340094470686302
Control,channel,C4_theta_power,O2_delta_power,0.3160322311753265,0.3160322311753265
Control,channel,C4_theta_power,O2_theta_power,0.45390386218393997,0.45390386218393997
Control,channel,C4_theta_power,O2_alpha_power,0.44334537371492083,0.44334537371492083
Control,channel,C4_theta_power,O2_beta_power,0.2523478744095582,0.2523478744095582
Control,channel,C4_theta_power,O2_theta_beta_ratio,0.24995832175604335,0.24995832175604335
Control,channel,C4_theta_power,F7_delta_power,0.13164767991108642,0.13164767991108642
Control,channel,C4_theta_power,F7_theta_power,0.36988052236732427,0.36988052236732427
Control,channel,C4_theta_power,F7_alpha_power,0.41483745484856904,0.41483745484856904
Control,channel,C4_theta_power,F7_beta_power,0.2947485412614615,0.2947485412614615
Control,channel,C4_theta_power,F7_theta_beta_ratio,0.03773270352875799,0.03773270352875799
Control,channel,C4_theta_power,F8_delta_power,0.4471242011669908,0.4471242011669908
Control,channel,C4_theta_power,F8_theta_power,0.605946096137816,0.605946096137816
Control,channel,C4_theta_power,F8_alpha_power,0.5788830230619617,0.5788830230619617
Control,channel,C4_theta_power,F8_beta_power,0.41789385940539037,0.41789385940539037
Control,channel,C4_theta_power,F8_theta_beta_ratio,0.2997499305362601,0.2997499305362601
Control,channel,C4_theta_power,T7_delta_power,0.11114198388441233,0.11114198388441233
Control,channel,C4_theta_power,T7_theta_power,0.43206446235065293,0.43206446235065293
Control,channel,C4_theta_power,T7_alpha_power,0.4791886635176438,0.4791886635176438
Control,channel,C4_theta_power,T7_beta_power,0.41761600444567937,0.41761600444567937
Control,channel,C4_theta_power,T7_theta_beta_ratio,0.011614337315921089,0.011614337315921089
Control,channel,C4_theta_power,T8_delta_power,0.35004167824395666,0.35004167824395666
Control,channel,C4_theta_power,T8_theta_power,0.7258682967490969,0.7258682967490969
Control,channel,C4_theta_power,T8_alpha_power,0.6659627674353987,0.6659627674353987
Control,channel,C4_theta_power,T8_beta_power,0.5050291747707697,0.5050291747707697
Control,channel,C4_theta_power,T8_theta_beta_ratio,0.23706585162545152,0.23706585162545152
Control,channel,C4_theta_power,P7_delta_power,-0.08380105584884691,0.08380105584884691
Control,channel,C4_theta_power,P7_theta_power,0.16637954987496525,0.16637954987496525
Control,channel,C4_theta_power,P7_alpha_power,0.17682689636010002,0.17682689636010002
Control,channel,C4_theta_power,P7_beta_power,0.22311753264795778,0.22311753264795778
Control,channel,C4_theta_power,P7_theta_beta_ratio,-0.013281467074187274,0.013281467074187274
Control,channel,C4_theta_power,P8_delta_power,0.2675743262017227,0.2675743262017227
Control,channel,C4_theta_power,P8_theta_power,0.548263406501806,0.548263406501806
Control,channel,C4_theta_power,P8_alpha_power,0.4504584606835232,0.4504584606835232
Control,channel,C4_theta_power,P8_beta_power,0.2081689358155043,0.2081689358155043
Control,channel,C4_theta_power,P8_theta_beta_ratio,0.3042511808835788,0.3042511808835788
Control,channel,C4_theta_power,Fz_delta_power,0.2081689358155043,0.2081689358155043
Control,channel,C4_theta_power,Fz_theta_power,0.648513475965546,0.648513475965546
Control,channel,C4_theta_power,Fz_alpha_power,0.5826062795220894,0.5826062795220894
Control,channel,C4_theta_power,Fz_beta_power,0.4910808557932759,0.4910808557932759
Control,channel,C4_theta_power,Fz_theta_beta_ratio,0.04918032786885246,0.04918032786885246
Control,channel,C4_theta_power,Cz_delta_power,0.563878855237566,0.563878855237566
Control,channel,C4_theta_power,Cz_theta_power,0.9085857182550708,0.9085857182550708
Control,channel,C4_theta_power,Cz_alpha_power,0.6263406501806057,0.6263406501806057
Control,channel,C4_theta_power,Cz_beta_power,0.6318977493748263,0.6318977493748263
Control,channel,C4_theta_power,Cz_theta_beta_ratio,0.24340094470686302,0.24340094470686302
Control,channel,C4_theta_power,Pz_delta_power,0.1648235621005835,0.1648235621005835
Control,channel,C4_theta_power,Pz_theta_power,0.5432620172270075,0.5432620172270075
Control,channel,C4_theta_power,Pz_alpha_power,0.4351764378994165,0.4351764378994165
Control,channel,C4_theta_power,Pz_beta_power,0.4799666574048347,0.4799666574048347
Control,channel,C4_theta_power,Pz_theta_beta_ratio,0.025562656293414837,0.025562656293414837
Control,channel,C4_alpha_power,C4_beta_power,0.807279799944429,0.807279799944429
Control,channel,C4_alpha_power,C4_theta_beta_ratio,-0.11486524034454015,0.11486524034454015
Control,channel,C4_alpha_power,P3_delta_power,-0.2603500972492359,0.2603500972492359
Control,channel,C4_alpha_power,P3_theta_power,0.25918310641844955,0.25918310641844955
Control,channel,C4_alpha_power,P3_alpha_power,0.644178938594054,0.644178938594054
Control,channel,C4_alpha_power,P3_beta_power,0.5430953042511809,0.5430953042511809
Control,channel,C4_alpha_power,P3_theta_beta_ratio,-0.3741039177549319,0.3741039177549319
Control,channel,C4_alpha_power,P4_delta_power,0.133425951653237,0.133425951653237
Control,channel,C4_alpha_power,P4_theta_power,0.513475965545985,0.513475965545985
Control,channel,C4_alpha_power,P4_alpha_power,0.7926090580716866,0.7926090580716866
Control,channel,C4_alpha_power,P4_beta_power,0.6433453737149208,0.6433453737149208
Control,channel,C4_alpha_power,P4_theta_beta_ratio,-0.18077243678799668,0.18077243678799668
Control,channel,C4_alpha_power,O1_delta_power,-0.31519866629619336,0.31519866629619336
Control,channel,C4_alpha_power,O1_theta_power,-0.10025006946373993,0.10025006946373993
Control,channel,C4_alpha_power,O1_alpha_power,0.31819949986107254,0.31819949986107254
Control,channel,C4_alpha_power,O1_beta_power,0.29602667407613226,0.29602667407613226
Control,channel,C4_alpha_power,O1_theta_beta_ratio,-0.31225340372325644,0.31225340372325644
Control,channel,C4_alpha_power,O2_delta_power,0.012225618227285358,0.012225618227285358
Control,channel,C4_alpha_power,O2_theta_power,0.212392331203112,0.212392331203112
Control,channel,C4_alpha_power,O2_alpha_power,0.5338149485968324,0.5338149485968324
Control,channel,C4_alpha_power,O2_beta_power,0.24012225618227284,0.24012225618227284
Control,channel,C4_alpha_power,O2_theta_beta_ratio,0.031397610447346486,0.031397610447346486
Control,channel,C4_alpha_power,F7_delta_power,-0.051514309530425115,0.051514309530425115
Control,channel,C4_alpha_power,F7_theta_power,0.1577660461239233,0.1577660461239233
Control,channel,C4_alpha_power,F7_alpha_power,0.3886079466518477,0.3886079466518477
Control,channel,C4_alpha_power,F7_beta_power,0.32292303417616003,0.32292303417616003
Control,channel,C4_alpha_power,F7_theta_beta_ratio,-0.19838844123367602,0.19838844123367602
Control,channel,C4_alpha_power,F8_delta_power,0.20577938316198943,0.20577938316198943
Control,channel,C4_alpha_power,F8_theta_power,0.3163100861350375,0.3163100861350375
Control,channel,C4_alpha_power,F8_alpha_power,0.5303695470964157,0.5303695470964157
Control,channel,C4_alpha_power,F8_beta_power,0.3693803834398444,0.3693803834398444
Control,channel,C4_alpha_power,F8_theta_beta_ratio,0.02622950819672131,0.02622950819672131
Control,channel,C4_alpha_power,T7_delta_power,-0.20200055570991943,0.20200055570991943
Control,channel,C4_alpha_power,T7_theta_power,0.07457627118644068,0.07457627118644068
Control,channel,C4_alpha_power,T7_alpha_power,0.4577938316198944,0.4577938316198944
Control,channel,C4_alpha_power,T7_beta_power,0.4659071964434565,0.4659071964434565
Control,channel,C4_alpha_power,T7_theta_beta_ratio,-0.3526535148652403,0.3526535148652403
Control,channel,C4_alpha_power,T8_delta_power,0.04579049736037788,0.04579049736037788
Control,channel,C4_alpha_power,T8_theta_power,0.40933592664629065,0.40933592664629065
Control,channel,C4_alpha_power,T8_alpha_power,0.7909419283134204,0.7909419283134204
Control,channel,C4_alpha_power,T8_beta_power,0.5559322033898305,0.5559322033898305
Control,channel,C4_alpha_power,T8_theta_beta_ratio,-0.08796888024451237,0.08796888024451237
Control,channel,C4_alpha_power,P7_delta_power,-0.3632120033342595,0.3632120033342595
Control,channel,C4_alpha_power,P7_theta_power,-0.18594053903862184,0.18594053903862184
Control,channel,C4_alpha_power,P7_alpha_power,0.15370936371214225,0.15370936371214225
Control,channel,C4_alpha_power,P7_beta_power,0.12903584328980272,0.12903584328980272
Control,channel,C4_alpha_power,P7_theta_beta_ratio,-0.3367602111697694,0.3367602111697694
Control,channel,C4_alpha_power,P8_delta_power,-0.016060016671297583,0.016060016671297583
Control,channel,C4_alpha_power,P8_theta_power,0.16393442622950818,0.16393442622950818
Control,channel,C4_alpha_power,P8_alpha_power,0.4893025840511253,0.4893025840511253
Control,channel,C4_alpha_power,P8_beta_power,0.21961656015559877,0.21961656015559877
Control,channel,C4_alpha_power,P8_theta_beta_ratio,-0.012447902195054181,0.012447902195054181
Control,channel,C4_alpha_power,Fz_delta_power,-0.13098082800777994,0.13098082800777994
Control,channel,C4_alpha_power,Fz_theta_power,0.37877188107807724,0.37877188107807724
Control,channel,C4_alpha_power,Fz_alpha_power,0.6602945262572937,0.6602945262572937
Control,channel,C4_alpha_power,Fz_beta_power,0.5434843011947763,0.5434843011947763
Control,channel,C4_alpha_power,Fz_theta_beta_ratio,-0.2933592664629064,0.2933592664629064
Control,channel,C4_alpha_power,Cz_delta_power,0.24529035843289804,0.24529035843289804
Control,channel,C4_alpha_power,Cz_theta_power,0.5837732703528759,0.5837732703528759
Control,channel,C4_alpha_power,Cz_alpha_power,0.7575993331480967,0.7575993331480967
Control,channel,C4_alpha_power,Cz_beta_power,0.7045290358432899,0.7045290358432899
Control,channel,C4_alpha_power,Cz_theta_beta_ratio,-0.1701028063350931,0.1701028063350931
Control,channel,C4_alpha_power,Pz_delta_power,-0.19488746874131704,0.19488746874131704
Control,channel,C4_alpha_power,Pz_theta_power,0.2214504028896916,0.2214504028896916
Control,channel,C4_alpha_power,Pz_alpha_power,0.5972214504028897,0.5972214504028897
Control,channel,C4_alpha_power,Pz_beta_power,0.5444290080577938,0.5444290080577938
Control,channel,C4_alpha_power,Pz_theta_beta_ratio,-0.3694359544317866,0.3694359544317866
Control,channel,C4_beta_power,C4_theta_beta_ratio,-0.3244234509585996,0.3244234509585996
Control,channel,C4_beta_power,P3_delta_power,-0.1611558766323979,0.1611558766323979
Control,channel,C4_beta_power,P3_theta_power,0.30864128924701306,0.30864128924701306
Control,channel,C4_beta_power,P3_alpha_power,0.5799388719088636,0.5799388719088636
Control,channel,C4_beta_power,P3_beta_power,0.6722978605168102,0.6722978605168102
Control,channel,C4_beta_power,P3_theta_beta_ratio,-0.42100583495415395,0.42100583495415395
Control,channel,C4_beta_power,P4_delta_power,0.2063350930814115,0.2063350930814115
Control,channel,C4_beta_power,P4_theta_power,0.5190886357321478,0.5190886357321478
Control,channel,C4_beta_power,P4_alpha_power,0.7268130036121144,0.7268130036121144
Control,channel,C4_beta_power,P4_beta_power,0.848791330925257,0.848791330925257
Control,channel,C4_beta_power,P4_theta_beta_ratio,-0.3759933314809669,0.3759933314809669
Control,channel,C4_beta_power,O1_delta_power,-0.22039455404278965,0.22039455404278965
Control,channel,C4_beta_power,O1_theta_power,-0.03206446235065296,0.03206446235065296
Control,channel,C4_beta_power,O1_alpha_power,0.32470130591831065,0.32470130591831065
Control,channel,C4_beta_power,O1_beta_power,0.3941650458460684,0.3941650458460684
Control,channel,C4_beta_power,O1_theta_beta_ratio,-0.3568213392609058,0.3568213392609058
Control,channel,C4_beta_power,O2_delta_power,0.13892747985551543,0.13892747985551543
Control,channel,C4_beta_power,O2_theta_power,0.283023061961656,0.283023061961656
Control,channel,C4_beta_power,O2_alpha_power,0.5954987496526813,0.5954987496526813
Control,channel,C4_beta_power,O2_beta_power,0.5332036676854682,0.5332036676854682
Control,channel,C4_beta_power,O2_theta_beta_ratio,-0.1440400111141984,0.1440400111141984
Control,channel,C4_beta_power,F7_delta_power,0.016615726590719644,0.016615726590719644
Control,channel,C4_beta_power,F7_theta_power,0.2440677966101695,0.2440677966101695
Control,channel,C4_beta_power,F7_alpha_power,0.4669630452903584,0.4669630452903584
Control,channel,C4_beta_power,F7_beta_power,0.5097527090858572,0.5097527090858572
Control,channel,C4_beta_power,F7_theta_beta_ratio,-0.27340928035565437,0.27340928035565437
Control,channel,C4_beta_power,F8_delta_power,0.28330091692136705,0.28330091692136705
Control,channel,C4_beta_power,F8_theta_power,0.35437621561544874,0.35437621561544874
Control,channel,C4_beta_power,F8_alpha_power,0.5520978049458183,0.5520978049458183
Control,channel,C4_beta_power,F8_beta_power,0.6196721311475409,0.6196721311475409
Control,channel,C4_beta_power,F8_theta_beta_ratio,-0.1513753820505696,0.1513753820505696
Control,channel,C4_beta_power,T7_delta_power,-0.11875520978049459,0.11875520978049459
Control,channel,C4_beta_power,T7_theta_power,0.11280911364267852,0.11280911364267852
Control,channel,C4_beta_power,T7_alpha_power,0.416449013614893,0.416449013614893
Control,channel,C4_beta_power,T7_beta_power,0.6128368991386496,0.6128368991386496
Control,channel,C4_beta_power,T7_theta_beta_ratio,-0.40772436787996663,0.40772436787996663
Control,channel,C4_beta_power,T8_delta_power,0.138816337871631,0.138816337871631
Control,channel,C4_beta_power,T8_theta_power,0.33942761878299527,0.33942761878299527
Control,channel,C4_beta_power,T8_alpha_power,0.6666851903306474,0.6666851903306474
Control,channel,C4_beta_power,T8_beta_power,0.7678243956654627,0.7678243956654627
Control,channel,C4_beta_power,T8_theta_beta_ratio,-0.3091969991664351,0.3091969991664351
Control,channel,C4_beta_power,P7_delta_power,-0.25696026674076133,0.25696026674076133
Control,channel,C4_beta_power,P7_theta_power,-0.10497360377882745,0.10497360377882745
Control,channel,C4_beta_power,P7_alpha_power,0.19133092525701584,0.19133092525701584
Control,channel,C4_beta_power,P7_beta_power,0.24395665462628507,0.24395665462628507
Control,channel,C4_beta_power,P7_theta_beta_ratio,-0.3523756599055293,0.3523756599055293
Control,channel,C4_beta_power,P8_delta_power,0.07157543762156154,0.07157543762156154
Control,channel,C4_beta_power,P8_theta_power,0.17504862461794943,0.17504862461794943
Control,channel,C4_beta_power,P8_alpha_power,0.48435676576826897,0.48435676576826897
Control,channel,C4_beta_power,P8_beta_power,0.48046679633231454,0.48046679633231454
Control,channel,C4_beta_power,P8_theta_beta_ratio,-0.21033620450125035,0.21033620450125035
Control,channel,C4_beta_power,Fz_delta_power,-0.0432898027229786,0.0432898027229786
Control,channel,C4_beta_power,Fz_theta_power,0.3450958599611003,0.3450958599611003
Control,channel,C4_beta_power,Fz_alpha_power,0.5637121422617394,0.5637121422617394
Control,channel,C4_beta_power,Fz_beta_power,0.6640733537093637,0.6640733537093637
Control,channel,C4_beta_power,Fz_theta_beta_ratio,-0.46863017504862464,0.46863017504862464
Control,channel,C4_beta_power,Cz_delta_power,0.32025562656293416,0.32025562656293416
Control,channel,C4_beta_power,Cz_theta_power,0.5459849958321756,0.5459849958321756
Control,channel,C4_beta_power,Cz_alpha_power,0.6799666574048346,0.6799666574048346
Control,channel,C4_beta_power,Cz_beta_power,0.8810780772436788,0.8810780772436788
Control,channel,C4_beta_power,Cz_theta_beta_ratio,-0.39233120311197556,0.39233120311197556
Control,channel,C4_beta_power,Pz_delta_power,-0.12781328146707419,0.12781328146707419
Control,channel,C4_beta_power,Pz_theta_power,0.22911919977771603,0.22911919977771603
Control,channel,C4_beta_power,Pz_alpha_power,0.49863851069741594,0.49863851069741594
Control,channel,C4_beta_power,Pz_beta_power,0.6984717977215893,0.6984717977215893
Control,channel,C4_beta_power,Pz_theta_beta_ratio,-0.4890803000833565,0.4890803000833565
Control,channel,C4_theta_beta_ratio,P3_delta_power,0.3901639344262295,0.3901639344262295
Control,channel,C4_theta_beta_ratio,P3_theta_power,0.35726590719644347,0.35726590719644347
Control,channel,C4_theta_beta_ratio,P3_alpha_power,0.05118088357877188,0.05118088357877188
Control,channel,C4_theta_beta_ratio,P3_beta_power,-0.0649069185884968,0.0649069185884968
Control,channel,C4_theta_beta_ratio,P3_theta_beta_ratio,0.4682411781050292,0.4682411781050292
Control,channel,C4_theta_beta_ratio,P4_delta_power,0.41900527924423453,0.41900527924423453
Control,channel,C4_theta_beta_ratio,P4_theta_power,0.37304806890803,0.37304806890803
Control,channel,C4_theta_beta_ratio,P4_alpha_power,-0.07246457349263684,0.07246457349263684
Control,channel,C4_theta_beta_ratio,P4_beta_power,-0.2986940816893582,0.2986940816893582
Control,channel,C4_theta_beta_ratio,P4_theta_beta_ratio,0.8257849402611837,0.8257849402611837
Control,channel,C4_theta_beta_ratio,O1_delta_power,0.3187552097804946,0.3187552097804946
Control,channel,C4_theta_beta_ratio,O1_theta_power,0.29063628785773826,0.29063628785773826
Control,channel,C4_theta_beta_ratio,O1_alpha_power,0.05607113086968602,0.05607113086968602
Control,channel,C4_theta_beta_ratio,O1_beta_power,-0.15181994998610726,0.15181994998610726
Control,channel,C4_theta_beta_ratio,O1_theta_beta_ratio,0.49535982217282576,0.49535982217282576
Control,channel,C4_theta_beta_ratio,O2_delta_power,0.32898027229786053,0.32898027229786053
Control,channel,C4_theta_beta_ratio,O2_theta_power,0.2741872742428452,0.2741872742428452
Control,channel,C4_theta_beta_ratio,O2_alpha_power,-0.15226451792164492,0.15226451792164492
Control,channel,C4_theta_beta_ratio,O2_beta_power,-0.3199222006112809,0.3199222006112809
Control,channel,C4_theta_beta_ratio,O2_theta_beta_ratio,0.605668241178105,0.605668241178105
Control,channel,C4_theta_beta_ratio,F7_delta_power,0.1611003056404557,0.1611003056404557
Control,channel,C4_theta_beta_ratio,F7_theta_power,0.13914976382328426,0.13914976382328426
Control,channel,C4_theta_beta_ratio,F7_alpha_power,-0.03284245623784385,0.03284245623784385
Control,channel,C4_theta_beta_ratio,F7_beta_power,-0.2666296193387052,0.2666296193387052
Control,channel,C4_theta_beta_ratio,F7_theta_beta_ratio,0.4226173937204779,0.4226173937204779
Control,channel,C4_theta_beta_ratio,F8_delta_power,0.2784662406223951,0.2784662406223951
Control,channel,C4_theta_beta_ratio,F8_theta_power,0.3038621839399833,0.3038621839399833
Control,channel,C4_theta_beta_ratio,F8_alpha_power,0.0405112531258683,0.0405112531258683
Control,channel,C4_theta_beta_ratio,F8_beta_power,-0.22383995554320646,0.22383995554320646
Control,channel,C4_theta_beta_ratio,F8_theta_beta_ratio,0.654181717143651,0.654181717143651
Control,channel,C4_theta_beta_ratio,T7_delta_power,0.3039733259238677,0.3039733259238677
Control,channel,C4_theta_beta_ratio,T7_theta_power,0.3917199222006113,0.3917199222006113
Control,channel,C4_theta_beta_ratio,T7_alpha_power,0.11819949986107252,0.11819949986107252
Control,channel,C4_theta_beta_ratio,T7_beta_power,-0.21411503195332038,0.21411503195332038
Control,channel,C4_theta_beta_ratio,T7_theta_beta_ratio,0.5367046401778272,0.5367046401778272
Control,channel,C4_theta_beta_ratio,T8_delta_power,0.31475409836065577,0.31475409836065577
Control,channel,C4_theta_beta_ratio,T8_theta_power,0.45384829119199777,0.45384829119199777
Control,channel,C4_theta_beta_ratio,T8_alpha_power,0.013392609058071686,0.013392609058071686
Control,channel,C4_theta_beta_ratio,T8_beta_power,-0.29413726035009724,0.29413726035009724
Control,channel,C4_theta_beta_ratio,T8_theta_beta_ratio,0.7302584051125313,0.7302584051125313
Control,channel,C4_theta_beta_ratio,P7_delta_power,0.22500694637399277,0.22500694637399277
Control,channel,C4_theta_beta_ratio,P7_theta_power,0.3253125868296749,0.3253125868296749
Control,channel,C4_theta_beta_ratio,P7_alpha_power,-0.007946651847735482,0.007946651847735482
Control,channel,C4_theta_beta_ratio,P7_beta_power,-0.07346485134759656,0.07346485134759656
Control,channel,C4_theta_beta_ratio,P7_theta_beta_ratio,0.4818560711308697,0.4818560711308697
Control,channel,C4_theta_beta_ratio,P8_delta_power,0.33820505696026676,0.33820505696026676
Control,channel,C4_theta_beta_ratio,P8_theta_power,0.5255348707974438,0.5255348707974438
Control,channel,C4_theta_beta_ratio,P8_alpha_power,0.045012503473187,0.045012503473187
Control,channel,C4_theta_beta_ratio,P8_beta_power,-0.297304806890803,0.297304806890803
Control,channel,C4_theta_beta_ratio,P8_theta_beta_ratio,0.7469852736871353,0.7469852736871353
Control,channel,C4_theta_beta_ratio,Fz_delta_power,0.34231731036399,0.34231731036399
Control,channel,C4_theta_beta_ratio,Fz_theta_power,0.3550986385106974,0.3550986385106974
Control,channel,C4_theta_beta_ratio,Fz_alpha_power,0.05779383161989442,0.05779383161989442
Control,channel,C4_theta_beta_ratio,Fz_beta_power,-0.17871631008613503,0.17871631008613503
Control,channel,C4_theta_beta_ratio,Fz_theta_beta_ratio,0.6375104195609892,0.6375104195609892
Control,channel,C4_theta_beta_ratio,Cz_delta_power,0.40377882745207,0.40377882745207
Control,channel,C4_theta_beta_ratio,Cz_theta_power,0.43189774937482633,0.43189774937482633
Control,channel,C4_theta_beta_ratio,Cz_alpha_power,-0.029341483745484856,0.029341483745484856
Control,channel,C4_theta_beta_ratio,Cz_beta_power,-0.2170602945262573,0.2170602945262573
Control,channel,C4_theta_beta_ratio,Cz_theta_beta_ratio,0.8090025006946374,0.8090025006946374
Control,channel,C4_theta_beta_ratio,Pz_delta_power,0.3887190886357321,0.3887190886357321
Control,channel,C4_theta_beta_ratio,Pz_theta_power,0.322089469297027,0.322089469297027
Control,channel,C4_theta_beta_ratio,Pz_alpha_power,-0.07057515976660184,0.07057515976660184
Control,channel,C4_theta_beta_ratio,Pz_beta_power,-0.24529035843289804,0.24529035843289804
Control,channel,C4_theta_beta_ratio,Pz_theta_beta_ratio,0.6394554042789664,0.6394554042789664
Control,channel,P3_delta_power,P3_theta_power,0.6352320088913587,0.6352320088913587
Control,channel,P3_delta_power,P3_alpha_power,0.23089747151986664,0.23089747151986664
Control,channel,P3_delta_power,P3_beta_power,0.24078910808557932,0.24078910808557932
Control,channel,P3_delta_power,P3_theta_beta_ratio,0.460905807168658,0.460905807168658
Control,channel,P3_delta_power,P4_delta_power,0.5208669074742984,0.5208669074742984
Control,channel,P3_delta_power,P4_theta_power,0.2889691580994721,0.2889691580994721
Control,channel,P3_delta_power,P4_alpha_power,0.05079188663517644,0.05079188663517644
Control,channel,P3_delta_power,P4_beta_power,0.05323701028063351,0.05323701028063351
Control,channel,P3_delta_power,P4_theta_beta_ratio,0.2986385106974159,0.2986385106974159
Control,channel,P3_delta_power,O1_delta_power,0.8783550986385107,0.8783550986385107
Control,channel,P3_delta_power,O1_theta_power,0.7961656015559878,0.7961656015559878
Control,channel,P3_delta_power,O1_alpha_power,0.46362878577382605,0.46362878577382605
Control,channel,P3_delta_power,O1_beta_power,0.3036398999722145,0.3036398999722145
Control,channel,P3_delta_power,O1_theta_beta_ratio,0.48052236732425674,0.48052236732425674
Control,channel,P3_delta_power,O2_delta_power,0.49613781606001667,0.49613781606001667
Control,channel,P3_delta_power,O2_theta_power,0.353098082800778,0.353098082800778
Control,channel,P3_delta_power,O2_alpha_power,0.10363989997221451,0.10363989997221451
Control,channel,P3_delta_power,O2_beta_power,0.2567379827729925,0.2567379827729925
Control,channel,P3_delta_power,O2_theta_beta_ratio,0.13487079744373437,0.13487079744373437
Control,channel,P3_delta_power,F7_delta_power,0.7112531258682967,0.7112531258682967
Control,channel,P3_delta_power,F7_theta_power,0.5450402889691581,0.5450402889691581
Control,channel,P3_delta_power,F7_alpha_power,0.32659071964434566,0.32659071964434566
Control,channel,P3_delta_power,F7_beta_power,0.21133648235621005,0.21133648235621005
Control,channel,P3_delta_power,F7_theta_beta_ratio,0.42133926090580714,0.42133926090580714
Control,channel,P3_delta_power,F8_delta_power,0.4397888302306196,0.4397888302306196
Control,channel,P3_delta_power,F8_theta_power,0.3567101972770214,0.3567101972770214
Control,channel,P3_delta_power,F8_alpha_power,0.16976938038343983,0.16976938038343983
Control,channel,P3_delta_power,F8_beta_power,0.17332592386774104,0.17332592386774104
Control,channel,P3_delta_power,F8_theta_beta_ratio,0.19055293136982496,0.19055293136982496
Control,channel,P3_delta_power,T7_delta_power,0.8092247846624062,0.8092247846624062
Control,channel,P3_delta_power,T7_theta_power,0.7335370936371214,0.7335370936371214
Control,channel,P3_delta_power,T7_alpha_power,0.4360655737704918,0.4360655737704918
Control,channel,P3_delta_power,T7_beta_power,0.21728257849402613,0.21728257849402613
Control,channel,P3_delta_power,T7_theta_beta_ratio,0.5804390108363434,0.5804390108363434
Control,channel,P3_delta_power,T8_delta_power,0.510252848013337,0.510252848013337
Control,channel,P3_delta_power,T8_theta_power,0.33664906918588494,0.33664906918588494
Control,channel,P3_delta_power,T8_alpha_power,-0.0028341205890525145,0.0028341205890525145
Control,channel,P3_delta_power,T8_beta_power,0.07741039177549319,0.07741039177549319
Control,channel,P3_delta_power,T8_theta_beta_ratio,0.18027229786051682,0.18027229786051682
Control,channel,P3_delta_power,P7_delta_power,0.8641844956932482,0.8641844956932482
Control,channel,P3_delta_power,P7_theta_power,0.8117810502917477,0.8117810502917477
Control,channel,P3_delta_power,P7_alpha_power,0.48707974437343704,0.48707974437343704
Control,channel,P3_delta_power,P7_beta_power,0.42089469297026955,0.42089469297026955
Control,channel,P3_delta_power,P7_theta_beta_ratio,0.5315921089191442,0.5315921089191442
Control,channel,P3_delta_power,P8_delta_power,0.4884690191719922,0.4884690191719922
Control,channel,P3_delta_power,P8_theta_power,0.45384829119199777,0.45384829119199777
Control,channel,P3_delta_power,P8_alpha_power,0.1280911364267852,0.1280911364267852
Control,channel,P3_delta_power,P8_beta_power,0.21094748541261463,0.21094748541261463
Control,channel,P3_delta_power,P8_theta_beta_ratio,0.14548485690469576,0.14548485690469576
Control,channel,P3_delta_power,Fz_delta_power,0.8293970547374271,0.8293970547374271
Control,channel,P3_delta_power,Fz_theta_power,0.5016949152542373,0.5016949152542373
Control,channel,P3_delta_power,Fz_alpha_power,0.22195054181717144,0.22195054181717144
Control,channel,P3_delta_power,Fz_beta_power,0.17126979716587942,0.17126979716587942
Control,channel,P3_delta_power,Fz_theta_beta_ratio,0.3540427896637955,0.3540427896637955
Control,channel,P3_delta_power,Cz_delta_power,0.47429841622672964,0.47429841622672964
Control,channel,P3_delta_power,Cz_theta_power,0.25068074465129203,0.25068074465129203
Control,channel,P3_delta_power,Cz_alpha_power,0.019449847179772158,0.019449847179772158
Control,channel,P3_delta_power,Cz_beta_power,-0.012503473186996388,0.012503473186996388
Control,channel,P3_delta_power,Cz_theta_beta_ratio,0.24567935537649346,0.24567935537649346
Control,channel,P3_delta_power,Pz_delta_power,0.9046957488191164,0.9046957488191164
Control,channel,P3_delta_power,Pz_theta_power,0.6003889969435955,0.6003889969435955
Control,channel,P3_delta_power,Pz_alpha_power,0.21583773270352877,0.21583773270352877
Control,channel,P3_delta_power,Pz_beta_power,0.1450958599611003,0.1450958599611003
Control,channel,P3_delta_power,Pz_theta_beta_ratio,0.43056404556821337,0.43056404556821337
Control,channel,P3_theta_power,P3_alpha_power,0.633175882189497,0.633175882189497
Control,channel,P3_theta_power,P3_beta_power,0.6161155876632398,0.6161155876632398
Control,channel,P3_theta_power,P3_theta_beta_ratio,0.3434287302028341,0.3434287302028341
Control,channel,P3_theta_power,P4_delta_power,0.5194776326757433,0.5194776326757433
Control,channel,P3_theta_power,P4_theta_power,0.743651014170603,0.743651014170603
Control,channel,P3_theta_power,P4_alpha_power,0.48780216726868575,0.48780216726868575
Control,channel,P3_theta_power,P4_beta_power,0.48063350930814114,0.48063350930814114
Control,channel,P3_theta_power,P4_theta_beta_ratio,0.23762156154487357,0.23762156154487357
Control,channel,P3_theta_power,O1_delta_power,0.4774659627674354,0.4774659627674354
Control,channel,P3_theta_power,O1_theta_power,0.7057515976660184,0.7057515976660184
Control,channel,P3_theta_power,O1_alpha_power,0.5713253681578216,0.5713253681578216
Control,channel,P3_theta_power,O1_beta_power,0.49591553209224787,0.49591553209224787
Control,channel,P3_theta_power,O1_theta_beta_ratio,0.2934704084467908,0.2934704084467908
Control,channel,P3_theta_power,O2_delta_power,0.4027229786051681,0.4027229786051681
Control,channel,P3_theta_power,O2_theta_power,0.4070575159766602,0.4070575159766602
Control,channel,P3_theta_power,O2_alpha_power,0.3389830508474576,0.3389830508474576
Control,channel,P3_theta_power,O2_beta_power,0.35359822172825783,0.35359822172825783
Control,channel,P3_theta_power,O2_theta_beta_ratio,0.13853848291191997,0.13853848291191997
Control,channel,P3_theta_power,F7_delta_power,0.3983328702417338,0.3983328702417338
Control,channel,P3_theta_power,F7_theta_power,0.7088635732147819,0.7088635732147819
Control,channel,P3_theta_power,F7_alpha_power,0.6091136426785219,0.6091136426785219
Control,channel,P3_theta_power,F7_beta_power,0.423728813559322,0.423728813559322
Control,channel,P3_theta_power,F7_theta_beta_ratio,0.37254792998055014,0.37254792998055014
Control,channel,P3_theta_power,F8_delta_power,0.3917754931925535,0.3917754931925535
Control,channel,P3_theta_power,F8_theta_power,0.5055293136982495,0.5055293136982495
Control,channel,P3_theta_power,F8_alpha_power,0.46023895526535147,0.46023895526535147
Control,channel,P3_theta_power,F8_beta_power,0.4098916365657127,0.4098916365657127
Control,channel,P3_theta_power,F8_theta_beta_ratio,0.20394554042789664,0.20394554042789664
Control,channel,P3_theta_power,T7_delta_power,0.40194498471797724,0.40194498471797724
Control,channel,P3_theta_power,T7_theta_power,0.8085579327590997,0.8085579327590997
Control,channel,P3_theta_power,T7_alpha_power,0.5922756321200333,0.5922756321200333
Control,channel,P3_theta_power,T7_beta_power,0.4587941094748541,0.4587941094748541
Control,channel,P3_theta_power,T7_theta_beta_ratio,0.4055570991942206,0.4055570991942206
Control,channel,P3_theta_power,T8_delta_power,0.4243400944706863,0.4243400944706863
Control,channel,P3_theta_power,T8_theta_power,0.5808835787718811,0.5808835787718811
Control,channel,P3_theta_power,T8_alpha_power,0.35209780494581827,0.35209780494581827
Control,channel,P3_theta_power,T8_beta_power,0.32909141428174493,0.32909141428174493
Control,channel,P3_theta_power,T8_theta_beta_ratio,0.15465407057515976,0.15465407057515976
Control,channel,P3_theta_power,P7_delta_power,0.39327590997499307,0.39327590997499307
Control,channel,P3_theta_power,P7_theta_power,0.7077521533759378,0.7077521533759378
Control,channel,P3_theta_power,P7_alpha_power,0.49524868018894136,0.49524868018894136
Control,channel,P3_theta_power,P7_beta_power,0.4119477632675743,0.4119477632675743
Control,channel,P3_theta_power,P7_theta_beta_ratio,0.4343428730202834,0.4343428730202834
Control,channel,P3_theta_power,P8_delta_power,0.2981383717699361,0.2981383717699361
Control,channel,P3_theta_power,P8_theta_power,0.45284801333703806,0.45284801333703806
Control,channel,P3_theta_power,P8_alpha_power,0.3125312586829675,0.3125312586829675
Control,channel,P3_theta_power,P8_beta_power,0.30213948318977496,0.30213948318977496
Control,channel,P3_theta_power,P8_theta_beta_ratio,0.11858849680466796,0.11858849680466796
Control,channel,P3_theta_power,Fz_delta_power,0.5290358432898027,0.5290358432898027
Control,channel,P3_theta_power,Fz_theta_power,0.8509030286190609,0.8509030286190609
Control,channel,P3_theta_power,Fz_alpha_power,0.5819949986107252,0.5819949986107252
Control,channel,P3_theta_power,Fz_beta_power,0.506474020561267,0.506474020561267
Control,channel,P3_theta_power,Fz_theta_beta_ratio,0.2870241733814949,0.2870241733814949
Control,channel,P3_theta_power,Cz_delta_power,0.49424840233398165,0.49424840233398165
Control,channel,P3_theta_power,Cz_theta_power,0.6551819949986107,0.6551819949986107
Control,channel,P3_theta_power,Cz_alpha_power,0.42550708530147263,0.42550708530147263
Control,channel,P3_theta_power,Cz_beta_power,0.4268407891080856,0.4268407891080856
Control,channel,P3_theta_power,Cz_theta_beta_ratio,0.16265629341483745,0.16265629341483745
Control,channel,P3_theta_power,Pz_delta_power,0.5770491803278689,0.5770491803278689
Control,channel,P3_theta_power,Pz_theta_power,0.8814670741872742,0.8814670741872742
Control,channel,P3_theta_power,Pz_alpha_power,0.49513753820505696,0.49513753820505696
Control,channel,P3_theta_power,Pz_beta_power,0.5015282022784107,0.5015282022784107
Control,channel,P3_theta_power,Pz_theta_beta_ratio,0.3272020005557099,0.3272020005557099
Control,channel,P3_alpha_power,P3_beta_power,0.8249513753820505,0.8249513753820505
Control,channel,P3_alpha_power,P3_theta_beta_ratio,-0.26740761322589607,0.26740761322589607
Control,channel,P3_alpha_power,P4_delta_power,0.23973325923867742,0.23973325923867742
Control,channel,P3_alpha_power,P4_theta_power,0.5898860794665185,0.5898860794665185
Control,channel,P3_alpha_power,P4_alpha_power,0.7617671575437621,0.7617671575437621
Control,channel,P3_alpha_power,P4_beta_power,0.664962489580439,0.664962489580439
Control,channel,P3_alpha_power,P4_theta_beta_ratio,-0.09663795498749653,0.09663795498749653
Control,channel,P3_alpha_power,O1_delta_power,0.11269797165879411,0.11269797165879411
Control,channel,P3_alpha_power,O1_theta_power,0.2919699916643512,0.2919699916643512
Control,channel,P3_alpha_power,O1_alpha_power,0.711864406779661,0.711864406779661
Control,channel,P3_alpha_power,O1_beta_power,0.5335926646290636,0.5335926646290636
Control,channel,P3_alpha_power,O1_theta_beta_ratio,-0.09813837176993609,0.09813837176993609
Control,channel,P3_alpha_power,O2_delta_power,0.20878021672686858,0.20878021672686858
Control,channel,P3_alpha_power,O2_theta_power,0.33714920811336485,0.33714920811336485
Control,channel,P3_alpha_power,O2_alpha_power,0.6117810502917477,0.6117810502917477
Control,channel,P3_alpha_power,O2_beta_power,0.358488469019172,0.358488469019172
Control,channel,P3_alpha_power,O2_theta_beta_ratio,0.042678521811614335,0.042678521811614335
Control,channel,P3_alpha_power,F7_delta_power,0.32270075020839123,0.32270075020839123
Control,channel,P3_alpha_power,F7_theta_power,0.5025284801333704,0.5025284801333704
Control,channel,P3_alpha_power,F7_alpha_power,0.756321200333426,0.756321200333426
Control,channel,P3_alpha_power,F7_beta_power,0.56549041400389,0.56549041400389
Control,channel,P3_alpha_power,F7_theta_beta_ratio,0.03495415393164768,0.03495415393164768
Control,channel,P3_alpha_power,F8_delta_power,0.31475409836065577,0.31475409836065577
Control,channel,P3_alpha_power,F8_theta_power,0.44729091414281746,0.44729091414281746
Control,channel,P3_alpha_power,F8_alpha_power,0.5956098916365657,0.5956098916365657
Control,channel,P3_alpha_power,F8_beta_power,0.43389830508474575,0.43389830508474575
Control,channel,P3_alpha_power,F8_theta_beta_ratio,0.1494859683245346,0.1494859683245346
Control,channel,P3_alpha_power,T7_delta_power,0.1459849958321756,0.1459849958321756
Control,channel,P3_alpha_power,T7_theta_power,0.3890525145873854,0.3890525145873854
Control,channel,P3_alpha_power,T7_alpha_power,0.8133370380661294,0.8133370380661294
Control,channel,P3_alpha_power,T7_beta_power,0.6444012225618228,0.6444012225618228
Control,channel,P3_alpha_power,T7_theta_beta_ratio,-0.14548485690469576,0.14548485690469576
Control,channel,P3_alpha_power,T8_delta_power,0.14103917754931924,0.14103917754931924
Control,channel,P3_alpha_power,T8_theta_power,0.3917754931925535,0.3917754931925535
Control,channel,P3_alpha_power,T8_alpha_power,0.5984995832175605,0.5984995832175605
Control,channel,P3_alpha_power,T8_beta_power,0.3686579605445957,0.3686579605445957
Control,channel,P3_alpha_power,T8_theta_beta_ratio,-0.07040844679077521,0.07040844679077521
Control,channel,P3_alpha_power,P7_delta_power,0.08613503751041957,0.08613503751041957
Control,channel,P3_alpha_power,P7_theta_power,0.22272853570436232,0.22272853570436232
Control,channel,P3_alpha_power,P7_alpha_power,0.5981661572659072,0.5981661572659072
Control,channel,P3_alpha_power,P7_beta_power,0.450402889691581,0.450402889691581
Control,channel,P3_alpha_power,P7_theta_beta_ratio,-0.08874687413170325,0.08874687413170325
Control,channel,P3_alpha_power,P8_delta_power,0.10769658238399556,0.10769658238399556
Control,channel,P3_alpha_power,P8_theta_power,0.24479021950541818,0.24479021950541818
Control,channel,P3_alpha_power,P8_alpha_power,0.5573214781883856,0.5573214781883856
Control,channel,P3_alpha_power,P8_beta_power,0.3931091969991664,0.3931091969991664
Control,channel,P3_alpha_power,P8_theta_beta_ratio,-0.08507918866351764,0.08507918866351764
Control,channel,P3_alpha_power,Fz_delta_power,0.24395665462628507,0.24395665462628507
Control,channel,P3_alpha_power,Fz_theta_power,0.6191719922200611,0.6191719922200611
Control,channel,P3_alpha_power,Fz_alpha_power,0.9001389274798555,0.9001389274798555
Control,channel,P3_alpha_power,Fz_beta_power,0.7923312031119756,0.7923312031119756
Control,channel,P3_alpha_power,Fz_theta_beta_ratio,-0.2223951097527091,0.2223951097527091
Control,channel,P3_alpha_power,Cz_delta_power,0.3402611836621284,0.3402611836621284
Control,channel,P3_alpha_power,Cz_theta_power,0.5922756321200333,0.5922756321200333
Control,channel,P3_alpha_power,Cz_alpha_power,0.6848569046957488,0.6848569046957488
Control,channel,P3_alpha_power,Cz_beta_power,0.6572381217004724,0.6572381217004724
Control,channel,P3_alpha_power,Cz_theta_beta_ratio,-0.10591831064184495,0.10591831064184495
Control,channel,P3_alpha_power,Pz_delta_power,0.1972214504028897,0.1972214504028897
Control,channel,P3_alpha_power,Pz_theta_power,0.5289802722978605,0.5289802722978605
Control,channel,P3_alpha_power,Pz_alpha_power,0.8254515143095305,0.8254515143095305
Control,channel,P3_alpha_power,Pz_beta_power,0.7203111975548764,0.7203111975548764
Control,channel,P3_alpha_power,Pz_theta_beta_ratio,-0.19349819394276188,0.19349819394276188
Control,channel,P3_beta_power,P3_theta_beta_ratio,-0.41789385940539037,0.41789385940539037
Control,channel,P3_beta_power,P4_delta_power,0.2670186162823006,0.2670186162823006
Control,channel,P3_beta_power,P4_theta_power,0.5923867741039177,0.5923867741039177
Control,channel,P3_beta_power,P4_alpha_power,0.6602945262572937,0.6602945262572937
Control,channel,P3_beta_power,P4_beta_power,0.7684356765768269,0.7684356765768269
Control,channel,P3_beta_power,P4_theta_beta_ratio,-0.20305640455682133,0.20305640455682133
Control,channel,P3_beta_power,O1_delta_power,0.13164767991108642,0.13164767991108642
Control,channel,P3_beta_power,O1_theta_power,0.30480689080300083,0.30480689080300083
Control,channel,P3_beta_power,O1_alpha_power,0.6843011947763268,0.6843011947763268
Control,channel,P3_beta_power,O1_beta_power,0.7005279244234509,0.7005279244234509
Control,channel,P3_beta_power,O1_theta_beta_ratio,-0.2561267018616282,0.2561267018616282
Control,channel,P3_beta_power,O2_delta_power,0.21217004723534316,0.21217004723534316
Control,channel,P3_beta_power,O2_theta_power,0.3270352875798833,0.3270352875798833
Control,channel,P3_beta_power,O2_alpha_power,0.5756599055293137,0.5756599055293137
Control,channel,P3_beta_power,O2_beta_power,0.4755209780494582,0.4755209780494582
Control,channel,P3_beta_power,O2_theta_beta_ratio,-0.05812725757154765,0.05812725757154765
Control,channel,P3_beta_power,F7_delta_power,0.22139483189774936,0.22139483189774936
Control,channel,P3_beta_power,F7_theta_power,0.43384273409280355,0.43384273409280355
Control,channel,P3_beta_power,F7_alpha_power,0.6796332314531814,0.6796332314531814
Control,channel,P3_beta_power,F7_beta_power,0.6158377327035287,0.6158377327035287
Control,channel,P3_beta_power,F7_theta_beta_ratio,-0.1349819394276188,0.1349819394276188
Control,channel,P3_beta_power,F8_delta_power,0.26107252014448457,0.26107252014448457
Control,channel,P3_beta_power,F8_theta_power,0.4439566546262851,0.4439566546262851
Control,channel,P3_beta_power,F8_alpha_power,0.5904417893859405,0.5904417893859405
Control,channel,P3_beta_power,F8_beta_power,0.5743262017227008,0.5743262017227008
Control,channel,P3_beta_power,F8_theta_beta_ratio,-0.025340372325646014,0.025340372325646014
Control,channel,P3_beta_power,T7_delta_power,0.12581272575715477,0.12581272575715477
Control,channel,P3_beta_power,T7_theta_power,0.3506529591553209,0.3506529591553209
Control,channel,P3_beta_power,T7_alpha_power,0.6445679355376494,0.6445679355376494
Control,channel,P3_beta_power,T7_beta_power,0.7406501806057239,0.7406501806057239
Control,channel,P3_beta_power,T7_theta_beta_ratio,-0.24301194776326757,0.24301194776326757
Control,channel,P3_beta_power,T8_delta_power,0.1863851069741595,0.1863851069741595
Control,channel,P3_beta_power,T8_theta_power,0.3941650458460684,0.3941650458460684
Control,channel,P3_beta_power,T8_alpha_power,0.5171992220061128,0.5171992220061128
Control,channel,P3_beta_power,T8_beta_power,0.5186996387885524,0.5186996387885524
Control,channel,P3_beta_power,T8_theta_beta_ratio,-0.160377882745207,0.160377882745207
Control,channel,P3_beta_power,P7_delta_power,0.11069741594887468,0.11069741594887468
Control,channel,P3_beta_power,P7_theta_power,0.24895804390108364,0.24895804390108364
Control,channel,P3_beta_power,P7_alpha_power,0.45184773548207835,0.45184773548207835
Control,channel,P3_beta_power,P7_beta_power,0.42189497082522925,0.42189497082522925
Control,channel,P3_beta_power,P7_theta_beta_ratio,-0.09235898860794665,0.09235898860794665
Control,channel,P3_beta_power,P8_delta_power,0.09013614893025841,0.09013614893025841
Control,channel,P3_beta_power,P8_theta_power,0.2564601278132815,0.2564601278132815
Control,channel,P3_beta_power,P8_alpha_power,0.46901917199222004,0.46901917199222004
Control,channel,P3_beta_power,P8_beta_power,0.4315643234231731,0.4315643234231731
Control,channel,P3_beta_power,P8_theta_beta_ratio,-0.11897749374826341,0.11897749374826341
Control,channel,P3_beta_power,Fz_delta_power,0.18582939705473742,0.18582939705473742
Control,channel,P3_beta_power,Fz_theta_power,0.5661016949152542,0.5661016949152542
Control,channel,P3_beta_power,Fz_alpha_power,0.7564879133092526,0.7564879133092526
Control,channel,P3_beta_power,Fz_beta_power,0.8489580439010836,0.8489580439010836
Control,channel,P3_beta_power,Fz_theta_beta_ratio,-0.3413726035009725,0.3413726035009725
Control,channel,P3_beta_power,Cz_delta_power,0.26968602389552654,0.26968602389552654
Control,channel,P3_beta_power,Cz_theta_power,0.5860516810225063,0.5860516810225063
Control,channel,P3_beta_power,Cz_alpha_power,0.6499583217560434,0.6499583217560434
Control,channel,P3_beta_power,Cz_beta_power,0.7584328980272298,0.7584328980272298
Control,channel,P3_beta_power,Cz_theta_beta_ratio,-0.22556265629341485,0.22556265629341485
Control,channel,P3_beta_power,Pz_delta_power,0.1982217282578494,0.1982217282578494
Control,channel,P3_beta_power,Pz_theta_power,0.5387607668796888,0.5387607668796888
Control,channel,P3_beta_power,Pz_alpha_power,0.7119755487635454,0.7119755487635454
Control,channel,P3_beta_power,Pz_beta_power,0.8080022228396777,0.8080022228396777
Control,channel,P3_beta_power,Pz_theta_beta_ratio,-0.27891080855793277,0.27891080855793277
Control,channel,P3_theta_beta_ratio,P4_delta_power,0.15637677132536815,0.15637677132536815
Control,channel,P3_theta_beta_ratio,P4_theta_power,0.05295915532092248,0.05295915532092248
Control,channel,P3_theta_beta_ratio,P4_alpha_power,-0.24117810502917478,0.24117810502917478
Control,channel,P3_theta_beta_ratio,P4_beta_power,-0.3101972770213948,0.3101972770213948
Control,channel,P3_theta_beta_ratio,P4_theta_beta_ratio,0.42306196165601556,0.42306196165601556
Control,channel,P3_theta_beta_ratio,O1_delta_power,0.4672964712420117,0.4672964712420117
Control,channel,P3_theta_beta_ratio,O1_theta_power,0.4405112531258683,0.4405112531258683
Control,channel,P3_theta_beta_ratio,O1_alpha_power,-0.11814392886913032,0.11814392886913032
Control,channel,P3_theta_beta_ratio,O1_beta_power,-0.23084190052792442,0.23084190052792442
Control,channel,P3_theta_beta_ratio,O1_theta_beta_ratio,0.6858571825507085,0.6858571825507085
Control,channel,P3_theta_beta_ratio,O2_delta_power,0.13387051958877466,0.13387051958877466
Control,channel,P3_theta_beta_ratio,O2_theta_power,0.07424284523478744,0.07424284523478744
Control,channel,P3_theta_beta_ratio,O2_alpha_power,-0.19977771603223118,0.19977771603223118
Control,channel,P3_theta_beta_ratio,O2_beta_power,-0.11219783273131426,0.11219783273131426
Control,channel,P3_theta_beta_ratio,O2_theta_beta_ratio,0.23645457071408724,0.23645457071408724
Control,channel,P3_theta_beta_ratio,F7_delta_power,0.3124201166990831,0.3124201166990831
Control,channel,P3_theta_beta_ratio,F7_theta_power,0.29941650458460684,0.29941650458460684
Control,channel,P3_theta_beta_ratio,F7_alpha_power,-0.086524034454015,0.086524034454015
Control,channel,P3_theta_beta_ratio,F7_beta_power,-0.1902195054181717,0.1902195054181717
Control,channel,P3_theta_beta_ratio,F7_theta_beta_ratio,0.6009447068630175,0.6009447068630175
Control,channel,P3_theta_beta_ratio,F8_delta_power,0.10519588774659627,0.10519588774659627
Control,channel,P3_theta_beta_ratio,F8_theta_power,0.0067240900250069464,0.0067240900250069464
Control,channel,P3_theta_beta_ratio,F8_alpha_power,-0.16143373159210891,0.16143373159210891
Control,channel,P3_theta_beta_ratio,F8_beta_power,-0.180050013892748,0.180050013892748
Control,channel,P3_theta_beta_ratio,F8_theta_beta_ratio,0.216171158655182,0.216171158655182
Control,channel,P3_theta_beta_ratio,T7_delta_power,0.35532092247846625,0.35532092247846625
Control,channel,P3_theta_beta_ratio,T7_theta_power,0.45090302861906084,0.45090302861906084
Control,channel,P3_theta_beta_ratio,T7_alpha_power,-0.07818838566268407,0.07818838566268407
Control,channel,P3_theta_beta_ratio,T7_beta_power,-0.32031119755487636,0.32031119755487636
Control,channel,P3_theta_beta_ratio,T7_theta_beta_ratio,0.7389830508474576,0.7389830508474576
Control,channel,P3_theta_beta_ratio,T8_delta_power,0.22767435398721866,0.22767435398721866
Control,channel,P3_theta_beta_ratio,T8_theta_power,0.19333148096693525,0.19333148096693525
Control,channel,P3_theta_beta_ratio,T8_alpha_power,-0.16226729647124202,0.16226729647124202
Control,channel,P3_theta_beta_ratio,T8_beta_power,-0.19222006112809115,0.19222006112809115
Control,channel,P3_theta_beta_ratio,T8_theta_beta_ratio,0.32903584328980273,0.32903584328980273
Control,channel,P3_theta_beta_ratio,P7_delta_power,0.40194498471797724,0.40194498471797724
Control,channel,P3_theta_beta_ratio,P7_theta_power,0.5156432342317311,0.5156432342317311
Control,channel,P3_theta_beta_ratio,P7_alpha_power,0.07546540705751598,0.07546540705751598
Control,channel,P3_theta_beta_ratio,P7_beta_power,0.05734926368435676,0.05734926368435676
Control,channel,P3_theta_beta_ratio,P7_theta_beta_ratio,0.5912197832731314,0.5912197832731314
Control,channel,P3_theta_beta_ratio,P8_delta_power,0.1288135593220339,0.1288135593220339
Control,channel,P3_theta_beta_ratio,P8_theta_power,0.13814948596832455,0.13814948596832455
Control,channel,P3_theta_beta_ratio,P8_alpha_power,-0.19483189774937482,0.19483189774937482
Control,channel,P3_theta_beta_ratio,P8_beta_power,-0.1476521255904418,0.1476521255904418
Control,channel,P3_theta_beta_ratio,P8_theta_beta_ratio,0.23817727146429563,0.23817727146429563
Control,channel,P3_theta_beta_ratio,Fz_delta_power,0.4489580439010836,0.4489580439010836
Control,channel,P3_theta_beta_ratio,Fz_theta_power,0.26318421783828844,0.26318421783828844
Control,channel,P3_theta_beta_ratio,Fz_alpha_power,-0.191108641289247,0.191108641289247
Control,channel,P3_theta_beta_ratio,Fz_beta_power,-0.3728257849402612,0.3728257849402612
Control,channel,P3_theta_beta_ratio,Fz_theta_beta_ratio,0.7643789941650458,0.7643789941650458
Control,channel,P3_theta_beta_ratio,Cz_delta_power,0.17810502917477078,0.17810502917477078
Control,channel,P3_theta_beta_ratio,Cz_theta_power,0.021672686857460405,0.021672686857460405
Control,channel,P3_theta_beta_ratio,Cz_alpha_power,-0.2964712420116699,0.2964712420116699
Control,channel,P3_theta_beta_ratio,Cz_beta_power,-0.41583773270352875,0.41583773270352875
Control,channel,P3_theta_beta_ratio,Cz_theta_beta_ratio,0.5395387607668797,0.5395387607668797
Control,channel,P3_theta_beta_ratio,Pz_delta_power,0.4999166435120867,0.4999166435120867
Control,channel,P3_theta_beta_ratio,Pz_theta_power,0.3230341761600445,0.3230341761600445
Control,channel,P3_theta_beta_ratio,Pz_alpha_power,-0.29680466796332317,0.29680466796332317
Control,channel,P3_theta_beta_ratio,Pz_beta_power,-0.3525423728813559,0.3525423728813559
Control,channel,P3_theta_beta_ratio,Pz_theta_beta_ratio,0.7209224784662406,0.7209224784662406
Control,channel,P4_delta_power,P4_theta_power,0.6638510697415949,0.6638510697415949
Control,channel,P4_delta_power,P4_alpha_power,0.3758821894970825,0.3758821894970825
Control,channel,P4_delta_power,P4_beta_power,0.2617949430397333,0.2617949430397333
Control,channel,P4_delta_power,P4_theta_beta_ratio,0.46985273687135315,0.46985273687135315
Control,channel,P4_delta_power,O1_delta_power,0.4088357877188108,0.4088357877188108
Control,channel,P4_delta_power,O1_theta_power,0.47513198110586274,0.47513198110586274
Control,channel,P4_delta_power,O1_alpha_power,0.3323145318143929,0.3323145318143929
Control,channel,P4_delta_power,O1_beta_power,0.19055293136982496,0.19055293136982496
Control,channel,P4_delta_power,O1_theta_beta_ratio,0.23745484856904694,0.23745484856904694
Control,channel,P4_delta_power,O2_delta_power,0.8782439566546263,0.8782439566546263
Control,channel,P4_delta_power,O2_theta_power,0.6578494026118367,0.6578494026118367
Control,channel,P4_delta_power,O2_alpha_power,0.30669630452903585,0.30669630452903585
Control,channel,P4_delta_power,O2_beta_power,0.21111419838844123,0.21111419838844123
Control,channel,P4_delta_power,O2_theta_beta_ratio,0.408891358710753,0.408891358710753
Control,channel,P4_delta_power,F7_delta_power,0.2901917199222006,0.2901917199222006
Control,channel,P4_delta_power,F7_theta_power,0.34098360655737703,0.34098360655737703
Control,channel,P4_delta_power,F7_alpha_power,0.23628785773826064,0.23628785773826064
Control,channel,P4_delta_power,F7_beta_power,0.1882745207001945,0.1882745207001945
Control,channel,P4_delta_power,F7_theta_beta_ratio,0.11881078077243679,0.11881078077243679
Control,channel,P4_delta_power,F8_delta_power,0.6562378438455126,0.6562378438455126
Control,channel,P4_delta_power,F8_theta_power,0.5068074465129202,0.5068074465129202
Control,channel,P4_delta_power,F8_alpha_power,0.3731036398999722,0.3731036398999722
Control,channel,P4_delta_power,F8_beta_power,0.3188107807724368,0.3188107807724368
Control,channel,P4_delta_power,F8_theta_beta_ratio,0.22028341205890525,0.22028341205890525
Control,channel,P4_delta_power,T7_delta_power,0.3360933592664629,0.3360933592664629
Control,channel,P4_delta_power,T7_theta_power,0.5140872464573493,0.5140872464573493
Control,channel,P4_delta_power,T7_alpha_power,0.3100305640455682,0.3100305640455682
Control,channel,P4_delta_power,T7_beta_power,0.24873575993331482,0.24873575993331482
Control,channel,P4_delta_power,T7_theta_beta_ratio,0.27157543762156156,0.27157543762156156
Control,channel,P4_delta_power,T8_delta_power,0.6182272853570436,0.6182272853570436
Control,channel,P4_delta_power,T8_theta_power,0.5409280355654349,0.5409280355654349
Control,channel,P4_delta_power,T8_alpha_power,0.29708252292303416,0.29708252292303416
Control,channel,P4_delta_power,T8_beta_power,0.3464851347596555,0.3464851347596555
Control,channel,P4_delta_power,T8_theta_beta_ratio,0.23745484856904694,0.23745484856904694
Control,channel,P4_delta_power,P7_delta_power,0.4003334259516532,0.4003334259516532
Control,channel,P4_delta_power,P7_theta_power,0.5092525701583773,0.5092525701583773
Control,channel,P4_delta_power,P7_alpha_power,0.27374270630730757,0.27374270630730757
Control,channel,P4_delta_power,P7_beta_power,0.13920533481522646,0.13920533481522646
Control,channel,P4_delta_power,P7_theta_beta_ratio,0.36593498193942764,0.36593498193942764
Control,channel,P4_delta_power,P8_delta_power,0.8098360655737705,0.8098360655737705
Control,channel,P4_delta_power,P8_theta_power,0.8028896915809948,0.8028896915809948
Control,channel,P4_delta_power,P8_alpha_power,0.4398444012225618,0.4398444012225618
Control,channel,P4_delta_power,P8_beta_power,0.24084467907752152,0.24084467907752152
Control,channel,P4_delta_power,P8_theta_beta_ratio,0.45718255070853014,0.45718255070853014
Control,channel,P4_delta_power,Fz_delta_power,0.5131425395943318,0.5131425395943318
Control,channel,P4_delta_power,Fz_theta_power,0.48157821617115865,0.48157821617115865
Control,channel,P4_delta_power,Fz_alpha_power,0.21105862739649903,0.21105862739649903
Control,channel,P4_delta_power,Fz_beta_power,0.22628507918866353,0.22628507918866353
Control,channel,P4_delta_power,Fz_theta_beta_ratio,0.11936649069185885,0.11936649069185885
Control,channel,P4_delta_power,Cz_delta_power,0.8380105584884691,0.8380105584884691
Control,channel,P4_delta_power,Cz_theta_power,0.5499861072520145,0.5499861072520145
Control,channel,P4_delta_power,Cz_alpha_power,0.31742150597388163,0.31742150597388163
Control,channel,P4_delta_power,Cz_beta_power,0.3241455959988886,0.3241455959988886
Control,channel,P4_delta_power,Cz_theta_beta_ratio,0.19427618782995276,0.19427618782995276
Control,channel,P4_delta_power,Pz_delta_power,0.5585996110030564,0.5585996110030564
Control,channel,P4_delta_power,Pz_theta_power,0.45101417060294524,0.45101417060294524
Control,channel,P4_delta_power,Pz_alpha_power,0.21683801055848848,0.21683801055848848
Control,channel,P4_delta_power,Pz_beta_power,0.20044456793553764,0.20044456793553764
Control,channel,P4_delta_power,Pz_theta_beta_ratio,0.21150319533203668,0.21150319533203668
Control,channel,P4_theta_power,P4_alpha_power,0.6848013337038066,0.6848013337038066
Control,channel,P4_theta_power,P4_beta_power,0.5746040566824118,0.5746040566824118
Control,channel,P4_theta_power,P4_theta_beta_ratio,0.37343706585162545,0.37343706585162545
Control,channel,P4_theta_power,O1_delta_power,0.1918310641844957,0.1918310641844957
Control,channel,P4_theta_power,O1_theta_power,0.3989997221450403,0.3989997221450403
Control,channel,P4_theta_power,O1_alpha_power,0.43200889135871073,0.43200889135871073
Control,channel,P4_theta_power,O1_beta_power,0.4008335648791331,0.4008335648791331
Control,channel,P4_theta_power,O1_theta_beta_ratio,0.044178938594053904,0.044178938594053904
Control,channel,P4_theta_power,O2_delta_power,0.4947485412614615,0.4947485412614615
Control,channel,P4_theta_power,O2_theta_power,0.6017227007502084,0.6017227007502084
Control,channel,P4_theta_power,O2_alpha_power,0.50402889691581,0.50402889691581
Control,channel,P4_theta_power,O2_beta_power,0.3398166157265907,0.3398166157265907
Control,channel,P4_theta_power,O2_theta_beta_ratio,0.27607668796888024,0.27607668796888024
Control,channel,P4_theta_power,F7_delta_power,0.16760211169769382,0.16760211169769382
Control,channel,P4_theta_power,F7_theta_power,0.47101972770213946,0.47101972770213946
Control,channel,P4_theta_power,F7_alpha_power,0.46029452625729367,0.46029452625729367
Control,channel,P4_theta_power,F7_beta_power,0.37154765212559043,0.37154765212559043
Control,channel,P4_theta_power,F7_theta_beta_ratio,0.06329535982217283,0.06329535982217283
Control,channel,P4_theta_power,F8_delta_power,0.4205056960266741,0.4205056960266741
Control,channel,P4_theta_power,F8_theta_power,0.5812725757154765,0.5812725757154765
Control,channel,P4_theta_power,F8_alpha_power,0.5697693803834398,0.5697693803834398
Control,channel,P4_theta_power,F8_beta_power,0.4840233398166157,0.4840233398166157
Control,channel,P4_theta_power,F8_theta_beta_ratio,0.21844956932481244,0.21844956932481244
Control,channel,P4_theta_power,T7_delta_power,0.12470130591831065,0.12470130591831065
Control,channel,P4_theta_power,T7_theta_power,0.535593220338983,0.535593220338983
Control,channel,P4_theta_power,T7_alpha_power,0.4767991108641289,0.4767991108641289
Control,channel,P4_theta_power,T7_beta_power,0.4341205890525146,0.4341205890525146
Control,channel,P4_theta_power,T7_theta_beta_ratio,0.0846901917199222,0.0846901917199222
Control,channel,P4_theta_power,T8_delta_power,0.33531536537927203,0.33531536537927203
Control,channel,P4_theta_power,T8_theta_power,0.6432898027229786,0.6432898027229786
Control,channel,P4_theta_power,T8_alpha_power,0.5133092525701584,0.5133092525701584
Control,channel,P4_theta_power,T8_beta_power,0.44634620727979996,0.44634620727979996
Control,channel,P4_theta_power,T8_theta_beta_ratio,0.15643234231731037,0.15643234231731037
Control,channel,P4_theta_power,P7_delta_power,0.09041400388996944,0.09041400388996944
Control,channel,P4_theta_power,P7_theta_power,0.3819949986107252,0.3819949986107252
Control,channel,P4_theta_power,P7_alpha_power,0.27702139483189775,0.27702139483189775
Control,channel,P4_theta_power,P7_beta_power,0.2441789385940539,0.2441789385940539
Control,channel,P4_theta_power,P7_theta_beta_ratio,0.1811058627396499,0.1811058627396499
Control,channel,P4_theta_power,P8_delta_power,0.3801611558766324,0.3801611558766324
Control,channel,P4_theta_power,P8_theta_power,0.6405668241178105,0.6405668241178105
Control,channel,P4_theta_power,P8_alpha_power,0.5287579883300917,0.5287579883300917
Control,channel,P4_theta_power,P8_beta_power,0.2540705751597666,0.2540705751597666
Control,channel,P4_theta_power,P8_theta_beta_ratio,0.340150041678244,0.340150041678244
Control,channel,P4_theta_power,Fz_delta_power,0.31942206168380105,0.31942206168380105
Control,channel,P4_theta_power,Fz_theta_power,0.7064740205612671,0.7064740205612671
Control,channel,P4_theta_power,Fz_alpha_power,0.567657682689636,0.567657682689636
Control,channel,P4_theta_power,Fz_beta_power,0.48880244512364546,0.48880244512364546
Control,channel,P4_theta_power,Fz_theta_beta_ratio,0.04395665462628508,0.04395665462628508
Control,channel,P4_theta_power,Cz_delta_power,0.599722145040289,0.599722145040289
Control,channel,P4_theta_power,Cz_theta_power,0.8341205890525146,0.8341205890525146
Control,channel,P4_theta_power,Cz_alpha_power,0.619949986107252,0.619949986107252
Control,channel,P4_theta_power,Cz_beta_power,0.6156154487357599,0.6156154487357599
Control,channel,P4_theta_power,Cz_theta_beta_ratio,0.1647679911086413,0.1647679911086413
Control,channel,P4_theta_power,Pz_delta_power,0.34187274242845234,0.34187274242845234
Control,channel,P4_theta_power,Pz_theta_power,0.679244234509586,0.679244234509586
Control,channel,P4_theta_power,Pz_alpha_power,0.47196443456515697,0.47196443456515697
Control,channel,P4_theta_power,Pz_beta_power,0.5096415671019727,0.5096415671019727
Control,channel,P4_theta_power,Pz_theta_beta_ratio,0.09213670464017783,0.09213670464017783
Control,channel,P4_alpha_power,P4_beta_power,0.7879966657404834,0.7879966657404834
Control,channel,P4_alpha_power,P4_theta_beta_ratio,-0.11336482356210058,0.11336482356210058
Control,channel,P4_alpha_power,O1_delta_power,-0.0666851903306474,0.0666851903306474
Control,channel,P4_alpha_power,O1_theta_power,0.13175882189497082,0.13175882189497082
Control,channel,P4_alpha_power,O1_alpha_power,0.5371492081133649,0.5371492081133649
Control,channel,P4_alpha_power,O1_beta_power,0.41994998610725204,0.41994998610725204
Control,channel,P4_alpha_power,O1_theta_beta_ratio,-0.20878021672686858,0.20878021672686858
Control,channel,P4_alpha_power,O2_delta_power,0.21694915254237288,0.21694915254237288
Control,channel,P4_alpha_power,O2_theta_power,0.3810502917477077,0.3810502917477077
Control,channel,P4_alpha_power,O2_alpha_power,0.6794109474854126,0.6794109474854126
Control,channel,P4_alpha_power,O2_beta_power,0.3703250903028619,0.3703250903028619
Control,channel,P4_alpha_power,O2_theta_beta_ratio,0.0775771047513198,0.0775771047513198
Control,channel,P4_alpha_power,F7_delta_power,0.1441511530980828,0.1441511530980828
Control,channel,P4_alpha_power,F7_theta_power,0.36732425673798275,0.36732425673798275
Control,channel,P4_alpha_power,F7_alpha_power,0.5325923867741039,0.5325923867741039
Control,channel,P4_alpha_power,F7_beta_power,0.46540705751597666,0.46540705751597666
Control,channel,P4_alpha_power,F7_theta_beta_ratio,-0.10441789385940539,0.10441789385940539
Control,channel,P4_alpha_power,F8_delta_power,0.2998610725201445,0.2998610725201445
Control,channel,P4_alpha_power,F8_theta_power,0.37126979716587943,0.37126979716587943
Control,channel,P4_alpha_power,F8_alpha_power,0.5718255070853014,0.5718255070853014
Control,channel,P4_alpha_power,F8_beta_power,0.45807168657960545,0.45807168657960545
Control,channel,P4_alpha_power,F8_theta_beta_ratio,0.028452347874409558,0.028452347874409558
Control,channel,P4_alpha_power,T7_delta_power,-0.03434287302028341,0.03434287302028341
Control,channel,P4_alpha_power,T7_theta_power,0.28863573214781885,0.28863573214781885
Control,channel,P4_alpha_power,T7_alpha_power,0.6203389830508474,0.6203389830508474
Control,channel,P4_alpha_power,T7_beta_power,0.6027785495971103,0.6027785495971103
Control,channel,P4_alpha_power,T7_theta_beta_ratio,-0.2162823006390664,0.2162823006390664
Control,channel,P4_alpha_power,T8_delta_power,0.10236176715754376,0.10236176715754376
Control,channel,P4_alpha_power,T8_theta_power,0.3658238399555432,0.3658238399555432
Control,channel,P4_alpha_power,T8_alpha_power,0.7520978049458182,0.7520978049458182
Control,channel,P4_alpha_power,T8_beta_power,0.5878855237565991,0.5878855237565991
Control,channel,P4_alpha_power,T8_theta_beta_ratio,-0.18305084745762712,0.18305084745762712
Control,channel,P4_alpha_power,P7_delta_power,-0.08280077799388719,0.08280077799388719
Control,channel,P4_alpha_power,P7_theta_power,0.06201722700750208,0.06201722700750208
Control,channel,P4_alpha_power,P7_alpha_power,0.3581550430675188,0.3581550430675188
Control,channel,P4_alpha_power,P7_beta_power,0.25384829119199775,0.25384829119199775
Control,channel,P4_alpha_power,P7_theta_beta_ratio,-0.1414837454848569,0.1414837454848569
Control,channel,P4_alpha_power,P8_delta_power,0.1180883578771881,0.1180883578771881
Control,channel,P4_alpha_power,P8_theta_power,0.2512920255626563,0.2512920255626563
Control,channel,P4_alpha_power,P8_alpha_power,0.6157821617115865,0.6157821617115865
Control,channel,P4_alpha_power,P8_beta_power,0.34103917754931923,0.34103917754931923
Control,channel,P4_alpha_power,P8_theta_beta_ratio,-0.021839399833287025,0.021839399833287025
Control,channel,P4_alpha_power,Fz_delta_power,0.12986940816893583,0.12986940816893583
Control,channel,P4_alpha_power,Fz_theta_power,0.5040844679077522,0.5040844679077522
Control,channel,P4_alpha_power,Fz_alpha_power,0.7342039455404279,0.7342039455404279
Control,channel,P4_alpha_power,Fz_beta_power,0.6427896637954987,0.6427896637954987
Control,channel,P4_alpha_power,Fz_theta_beta_ratio,-0.28663517643789943,0.28663517643789943
Control,channel,P4_alpha_power,Cz_delta_power,0.3656571269797166,0.3656571269797166
Control,channel,P4_alpha_power,Cz_theta_power,0.5848291191997778,0.5848291191997778
Control,channel,P4_alpha_power,Cz_alpha_power,0.8117254792998055,0.8117254792998055
Control,channel,P4_alpha_power,Cz_beta_power,0.7500972492358988,0.7500972492358988
Control,channel,P4_alpha_power,Cz_theta_beta_ratio,-0.19266462906362877,0.19266462906362877
Control,channel,P4_alpha_power,Pz_delta_power,0.10636287857738261,0.10636287857738261
Control,channel,P4_alpha_power,Pz_theta_power,0.3855515420950264,0.3855515420950264
Control,channel,P4_alpha_power,Pz_alpha_power,0.7478188385662684,0.7478188385662684
Control,channel,P4_alpha_power,Pz_beta_power,0.6993609335926646,0.6993609335926646
Control,channel,P4_alpha_power,Pz_theta_beta_ratio,-0.3197554876354543,0.3197554876354543
Control,channel,P4_beta_power,P4_theta_beta_ratio,-0.44529035843289805,0.44529035843289805
Control,channel,P4_beta_power,O1_delta_power,-0.048513475965545984,0.048513475965545984
Control,channel,P4_beta_power,O1_theta_power,0.13325923867741038,0.13325923867741038
Control,channel,P4_beta_power,O1_alpha_power,0.4900805779383162,0.4900805779383162
Control,channel,P4_beta_power,O1_beta_power,0.5942761878299527,0.5942761878299527
Control,channel,P4_beta_power,O1_theta_beta_ratio,-0.3630452903584329,0.3630452903584329
Control,channel,P4_beta_power,O2_delta_power,0.13859405390386217,0.13859405390386217
Control,channel,P4_beta_power,O2_theta_power,0.2586273964990275,0.2586273964990275
Control,channel,P4_beta_power,O2_alpha_power,0.5879966657404835,0.5879966657404835
Control,channel,P4_beta_power,O2_beta_power,0.657126979716588,0.657126979716588
Control,channel,P4_beta_power,O2_theta_beta_ratio,-0.24117810502917478,0.24117810502917478
Control,channel,P4_beta_power,F7_delta_power,0.16899138649624895,0.16899138649624895
Control,channel,P4_beta_power,F7_theta_power,0.44562378438455125,0.44562378438455125
Control,channel,P4_beta_power,F7_alpha_power,0.6301750486246179,0.6301750486246179
Control,channel,P4_beta_power,F7_beta_power,0.6154487357599333,0.6154487357599333
Control,channel,P4_beta_power,F7_theta_beta_ratio,-0.13298138371769935,0.13298138371769935
Control,channel,P4_beta_power,F8_delta_power,0.30880800222283966,0.30880800222283966
Control,channel,P4_beta_power,F8_theta_power,0.38955265351486523,0.38955265351486523
Control,channel,P4_beta_power,F8_alpha_power,0.5321478188385663,0.5321478188385663
Control,channel,P4_beta_power,F8_beta_power,0.5888302306196166,0.5888302306196166
Control,channel,P4_beta_power,F8_theta_beta_ratio,-0.04278966379549875,0.04278966379549875
Control,channel,P4_beta_power,T7_delta_power,-0.049791608780216726,0.049791608780216726
Control,channel,P4_beta_power,T7_theta_power,0.24701305918310643,0.24701305918310643
Control,channel,P4_beta_power,T7_alpha_power,0.4971380939149764,0.4971380939149764
Control,channel,P4_beta_power,T7_beta_power,0.6744095582106141,0.6744095582106141
Control,channel,P4_beta_power,T7_theta_beta_ratio,-0.30747429841622675,0.30747429841622675
Control,channel,P4_beta_power,T8_delta_power,0.16510141706029452,0.16510141706029452
Control,channel,P4_beta_power,T8_theta_power,0.32136704640177827,0.32136704640177827
Control,channel,P4_beta_power,T8_alpha_power,0.5730480689080301,0.5730480689080301
Control,channel,P4_beta_power,T8_beta_power,0.6865796054459572,0.6865796054459572
Control,channel,P4_beta_power,T8_theta_beta_ratio,-0.3179772158933037,0.3179772158933037
Control,channel,P4_beta_power,P7_delta_power,-0.046957488191164215,0.046957488191164215
Control,channel,P4_beta_power,P7_theta_power,0.08318977493748263,0.08318977493748263
Control,channel,P4_beta_power,P7_alpha_power,0.32781328146707417,0.32781328146707417
Control,channel,P4_beta_power,P7_beta_power,0.37221450402889694,0.37221450402889694
Control,channel,P4_beta_power,P7_theta_beta_ratio,-0.22861906085023617,0.22861906085023617
Control,channel,P4_beta_power,P8_delta_power,0.045457071408724646,0.045457071408724646
Control,channel,P4_beta_power,P8_theta_power,0.14181717143651015,0.14181717143651015
Control,channel,P4_beta_power,P8_alpha_power,0.4184495693248124,0.4184495693248124
Control,channel,P4_beta_power,P8_beta_power,0.5179772158933037,0.5179772158933037
Control,channel,P4_beta_power,P8_theta_beta_ratio,-0.2542928591275354,0.2542928591275354
Control,channel,P4_beta_power,Fz_delta_power,0.07013059183106418,0.07013059183106418
Control,channel,P4_beta_power,Fz_theta_power,0.4364545707140872,0.4364545707140872
Control,channel,P4_beta_power,Fz_alpha_power,0.5943873298138371,0.5943873298138371
Control,channel,P4_beta_power,Fz_beta_power,0.6876910252848013,0.6876910252848013
Control,channel,P4_beta_power,Fz_theta_beta_ratio,-0.38160600166712977,0.38160600166712977
Control,channel,P4_beta_power,Cz_delta_power,0.24706863017504863,0.24706863017504863
Control,channel,P4_beta_power,Cz_theta_power,0.5035843289802723,0.5035843289802723
Control,channel,P4_beta_power,Cz_alpha_power,0.6550152820227841,0.6550152820227841
Control,channel,P4_beta_power,Cz_beta_power,0.8058349541539317,0.8058349541539317
Control,channel,P4_beta_power,Cz_theta_beta_ratio,-0.3560989163656571,0.3560989163656571
Control,channel,P4_beta_power,Pz_delta_power,0.09235898860794665,0.09235898860794665
Control,channel,P4_beta_power,Pz_theta_power,0.3918866351764379,0.3918866351764379
Control,channel,P4_beta_power,Pz_alpha_power,0.5634342873020284,0.5634342873020284
Control,channel,P4_beta_power,Pz_beta_power,0.7963323145318144,0.7963323145318144
Control,channel,P4_beta_power,Pz_theta_beta_ratio,-0.4311197554876355,0.4311197554876355
Control,channel,P4_theta_beta_ratio,O1_delta_power,0.2785773826062795,0.2785773826062795
Control,channel,P4_theta_beta_ratio,O1_theta_power,0.28507918866351767,0.28507918866351767
Control,channel,P4_theta_beta_ratio,O1_alpha_power,-0.032731314253959434,0.032731314253959434
Control,channel,P4_theta_beta_ratio,O1_beta_power,-0.21505973881633786,0.21505973881633786
Control,channel,P4_theta_beta_ratio,O1_theta_beta_ratio,0.47313142539594333,0.47313142539594333
Control,channel,P4_theta_beta_ratio,O2_delta_power,0.4430119477632676,0.4430119477632676
Control,channel,P4_theta_beta_ratio,O2_theta_power,0.38399555432064464,0.38399555432064464
Control,channel,P4_theta_beta_ratio,O2_alpha_power,-0.08980272297860517,0.08980272297860517
Control,channel,P4_theta_beta_ratio,O2_beta_power,-0.3286468463462073,0.3286468463462073
Control,channel,P4_theta_beta_ratio,O2_theta_beta_ratio,0.6604056682411781,0.6604056682411781
Control,channel,P4_theta_beta_ratio,F7_delta_power,0.009724923589886079,0.009724923589886079
Control,channel,P4_theta_beta_ratio,F7_theta_power,-0.021950541817171435,0.021950541817171435
Control,channel,P4_theta_beta_ratio,F7_alpha_power,-0.21828285634898584,0.21828285634898584
Control,channel,P4_theta_beta_ratio,F7_beta_power,-0.31097527090858573,0.31097527090858573
Control,channel,P4_theta_beta_ratio,F7_theta_beta_ratio,0.25268130036121145,0.25268130036121145
Control,channel,P4_theta_beta_ratio,F8_delta_power,0.160377882745207,0.160377882745207
Control,channel,P4_theta_beta_ratio,F8_theta_power,0.18938594053903862,0.18938594053903862
Control,channel,P4_theta_beta_ratio,F8_alpha_power,0.02261739372047791,0.02261739372047791
Control,channel,P4_theta_beta_ratio,F8_beta_power,-0.14981939427618782,0.14981939427618782
Control,channel,P4_theta_beta_ratio,F8_theta_beta_ratio,0.4002222839677688,0.4002222839677688
Control,channel,P4_theta_beta_ratio,T7_delta_power,0.19205334815226452,0.19205334815226452
Control,channel,P4_theta_beta_ratio,T7_theta_power,0.2774103917754932,0.2774103917754932
Control,channel,P4_theta_beta_ratio,T7_alpha_power,-0.03906640733537094,0.03906640733537094
Control,channel,P4_theta_beta_ratio,T7_beta_power,-0.28752431230897474,0.28752431230897474
Control,channel,P4_theta_beta_ratio,T7_theta_beta_ratio,0.46018338427340927,0.46018338427340927
Control,channel,P4_theta_beta_ratio,T8_delta_power,0.27385384829119197,0.27385384829119197
Control,channel,P4_theta_beta_ratio,T8_theta_power,0.3632675743262017,0.3632675743262017
Control,channel,P4_theta_beta_ratio,T8_alpha_power,-0.04012225618227285,0.04012225618227285
Control,channel,P4_theta_beta_ratio,T8_beta_power,-0.2829674909697138,0.2829674909697138
Control,channel,P4_theta_beta_ratio,T8_theta_beta_ratio,0.6497916087802167,0.6497916087802167
Control,channel,P4_theta_beta_ratio,P7_delta_power,0.18238399555432064,0.18238399555432064
Control,channel,P4_theta_beta_ratio,P7_theta_power,0.3164212281189219,0.3164212281189219
Control,channel,P4_theta_beta_ratio,P7_alpha_power,-0.08152264517921645,0.08152264517921645
Control,channel,P4_theta_beta_ratio,P7_beta_power,-0.17766046123923313,0.17766046123923313
Control,channel,P4_theta_beta_ratio,P7_theta_beta_ratio,0.5225896082245068,0.5225896082245068
Control,channel,P4_theta_beta_ratio,P8_delta_power,0.4250069463739928,0.4250069463739928
Control,channel,P4_theta_beta_ratio,P8_theta_power,0.5731592108919145,0.5731592108919145
Control,channel,P4_theta_beta_ratio,P8_alpha_power,0.14270630730758543,0.14270630730758543
Control,channel,P4_theta_beta_ratio,P8_beta_power,-0.26612948041122536,0.26612948041122536
Control,channel,P4_theta_beta_ratio,P8_theta_beta_ratio,0.7499305362600722,0.7499305362600722
Control,channel,P4_theta_beta_ratio,Fz_delta_power,0.2646290636287858,0.2646290636287858
Control,channel,P4_theta_beta_ratio,Fz_theta_power,0.22739649902750764,0.22739649902750764
Control,channel,P4_theta_beta_ratio,Fz_alpha_power,-0.07329813837176993,0.07329813837176993
Control,channel,P4_theta_beta_ratio,Fz_beta_power,-0.2532925812725757,0.2532925812725757
Control,channel,P4_theta_beta_ratio,Fz_theta_beta_ratio,0.5267574326201723,0.5267574326201723
Control,channel,P4_theta_beta_ratio,Cz_delta_power,0.3953320366768547,0.3953320366768547
Control,channel,P4_theta_beta_ratio,Cz_theta_power,0.29058071686579606,0.29058071686579606
Control,channel,P4_theta_beta_ratio,Cz_alpha_power,-0.06662961933870519,0.06662961933870519
Control,channel,P4_theta_beta_ratio,Cz_beta_power,-0.2315087524312309,0.2315087524312309
Control,channel,P4_theta_beta_ratio,Cz_theta_beta_ratio,0.648235621005835,0.648235621005835
Control,channel,P4_theta_beta_ratio,Pz_delta_power,0.3170325090302862,0.3170325090302862
Control,channel,P4_theta_beta_ratio,Pz_theta_power,0.2207835509863851,0.2207835509863851
Control,channel,P4_theta_beta_ratio,Pz_alpha_power,-0.12675743262017228,0.12675743262017228
Control,channel,P4_theta_beta_ratio,Pz_beta_power,-0.3359266462906363,0.3359266462906363
Control,channel,P4_theta_beta_ratio,Pz_theta_beta_ratio,0.5918866351764379,0.5918866351764379
Control,channel,O1_delta_power,O1_theta_power,0.8290636287857738,0.8290636287857738
Control,channel,O1_delta_power,O1_alpha_power,0.43989997221450405,0.43989997221450405
Control,channel,O1_delta_power,O1_beta_power,0.2510141706029453,0.2510141706029453
Control,channel,O1_delta_power,O1_theta_beta_ratio,0.5827174215059738,0.5827174215059738
Control,channel,O1_delta_power,O2_delta_power,0.4501806057238122,0.4501806057238122
Control,channel,O1_delta_power,O2_theta_power,0.38716310086135036,0.38716310086135036
Control,channel,O1_delta_power,O2_alpha_power,0.11781050291747708,0.11781050291747708
Control,channel,O1_delta_power,O2_beta_power,0.13587107529869408,0.13587107529869408
Control,channel,O1_delta_power,O2_theta_beta_ratio,0.20850236176715756,0.20850236176715756
Control,channel,O1_delta_power,F7_delta_power,0.7210336204501251,0.7210336204501251
Control,channel,O1_delta_power,F7_theta_power,0.49758266185051403,0.49758266185051403
Control,channel,O1_delta_power,F7_alpha_power,0.2441789385940539,0.2441789385940539
Control,channel,O1_delta_power,F7_beta_power,0.22856348985829397,0.22856348985829397
Control,channel,O1_delta_power,F7_theta_beta_ratio,0.36499027507641013,0.36499027507641013
Control,channel,O1_delta_power,F8_delta_power,0.37549319255348707,0.37549319255348707
Control,channel,O1_delta_power,F8_theta_power,0.32475687691025285,0.32475687691025285
Control,channel,O1_delta_power,F8_alpha_power,0.15459849958321756,0.15459849958321756
Control,channel,O1_delta_power,F8_beta_power,0.17160322311753265,0.17160322311753265
Control,channel,O1_delta_power,F8_theta_beta_ratio,0.1403723256460128,0.1403723256460128
Control,channel,O1_delta_power,T7_delta_power,0.7856071130869686,0.7856071130869686
Control,channel,O1_delta_power,T7_theta_power,0.6624617949430397,0.6624617949430397
Control,channel,O1_delta_power,T7_alpha_power,0.35437621561544874,0.35437621561544874
Control,channel,O1_delta_power,T7_beta_power,0.19088635732147818,0.19088635732147818
Control,channel,O1_delta_power,T7_theta_beta_ratio,0.5409836065573771,0.5409836065573771
Control,channel,O1_delta_power,T8_delta_power,0.46990830786329535,0.46990830786329535
Control,channel,O1_delta_power,T8_theta_power,0.3155876632397888,0.3155876632397888
Control,channel,O1_delta_power,T8_alpha_power,-0.009391497638232842,0.009391497638232842
Control,channel,O1_delta_power,T8_beta_power,0.027729924979160877,0.027729924979160877
Control,channel,O1_delta_power,T8_theta_beta_ratio,0.23639899972214504,0.23639899972214504
Control,channel,O1_delta_power,P7_delta_power,0.9186996387885524,0.9186996387885524
Control,channel,O1_delta_power,P7_theta_power,0.8233953876076688,0.8233953876076688
Control,channel,O1_delta_power,P7_alpha_power,0.5577660461239233,0.5577660461239233
Control,channel,O1_delta_power,P7_beta_power,0.43061961656015557,0.43061961656015557
Control,channel,O1_delta_power,P7_theta_beta_ratio,0.5344818005001389,0.5344818005001389
Control,channel,O1_delta_power,P8_delta_power,0.4378438455126424,0.4378438455126424
Control,channel,O1_delta_power,P8_theta_power,0.4470130591831064,0.4470130591831064
Control,channel,O1_delta_power,P8_alpha_power,0.14548485690469576,0.14548485690469576
Control,channel,O1_delta_power,P8_beta_power,0.22895248680188943,0.22895248680188943
Control,channel,O1_delta_power,P8_theta_beta_ratio,0.12297860516810225,0.12297860516810225
Control,channel,O1_delta_power,Fz_delta_power,0.8511808835787719,0.8511808835787719
Control,channel,O1_delta_power,Fz_theta_power,0.419672131147541,0.419672131147541
Control,channel,O1_delta_power,Fz_alpha_power,0.1494859683245346,0.1494859683245346
Control,channel,O1_delta_power,Fz_beta_power,0.14087246457349265,0.14087246457349265
Control,channel,O1_delta_power,Fz_theta_beta_ratio,0.30786329535982215,0.30786329535982215
Control,channel,O1_delta_power,Cz_delta_power,0.37527090858571827,0.37527090858571827
Control,channel,O1_delta_power,Cz_theta_power,0.17360377882745207,0.17360377882745207
Control,channel,O1_delta_power,Cz_alpha_power,-0.0801889413726035,0.0801889413726035
Control,channel,O1_delta_power,Cz_beta_power,-0.11564323423173103,0.11564323423173103
Control,channel,O1_delta_power,Cz_theta_beta_ratio,0.34292859127535424,0.34292859127535424
Control,channel,O1_delta_power,Pz_delta_power,0.8839677688246735,0.8839677688246735
Control,channel,O1_delta_power,Pz_theta_power,0.531258682967491,0.531258682967491
Control,channel,O1_delta_power,Pz_alpha_power,0.11025284801333704,0.11025284801333704
Control,channel,O1_delta_power,Pz_beta_power,0.07240900250069464,0.07240900250069464
Control,channel,O1_delta_power,Pz_theta_beta_ratio,0.42739649902750765,0.42739649902750765
Control,channel,O1_theta_power,O1_alpha_power,0.6347318699638789,0.6347318699638789
Control,channel,O1_theta_power,O1_beta_power,0.36904695748819116,0.36904695748819116
Control,channel,O1_theta_power,O1_theta_beta_ratio,0.6073353709363712,0.6073353709363712
Control,channel,O1_theta_power,O2_delta_power,0.49763823284245623,0.49763823284245623
Control,channel,O1_theta_power,O2_theta_power,0.5609891636565713,0.5609891636565713
Control,channel,O1_theta_power,O2_alpha_power,0.300805779383162,0.300805779383162
Control,channel,O1_theta_power,O2_beta_power,0.19799944429008057,0.19799944429008057
Control,channel,O1_theta_power,O2_theta_beta_ratio,0.2925812725757155,0.2925812725757155
Control,channel,O1_theta_power,F7_delta_power,0.5812725757154765,0.5812725757154765
Control,channel,O1_theta_power,F7_theta_power,0.6008891358710753,0.6008891358710753
Control,channel,O1_theta_power,F7_alpha_power,0.4185051403167547,0.4185051403167547
Control,channel,O1_theta_power,F7_beta_power,0.31836621283689914,0.31836621283689914
Control,channel,O1_theta_power,F7_theta_beta_ratio,0.401889413726035,0.401889413726035
Control,channel,O1_theta_power,F8_delta_power,0.3282022784106696,0.3282022784106696
Control,channel,O1_theta_power,F8_theta_power,0.34287302028341204,0.34287302028341204
Control,channel,O1_theta_power,F8_alpha_power,0.329369269241456,0.329369269241456
Control,channel,O1_theta_power,F8_beta_power,0.29941650458460684,0.29941650458460684
Control,channel,O1_theta_power,F8_theta_beta_ratio,0.08891358710752988,0.08891358710752988
Control,channel,O1_theta_power,T7_delta_power,0.6777993887190886,0.6777993887190886
Control,channel,O1_theta_power,T7_theta_power,0.8190608502361767,0.8190608502361767
Control,channel,O1_theta_power,T7_alpha_power,0.5094748541261461,0.5094748541261461
Control,channel,O1_theta_power,T7_beta_power,0.2836343428730203,0.2836343428730203
Control,channel,O1_theta_power,T7_theta_beta_ratio,0.6043345373714921,0.6043345373714921
Control,channel,O1_theta_power,T8_delta_power,0.47507641011392054,0.47507641011392054
Control,channel,O1_theta_power,T8_theta_power,0.42206168380105585,0.42206168380105585
Control,channel,O1_theta_power,T8_alpha_power,0.12764656849124756,0.12764656849124756
Control,channel,O1_theta_power,T8_beta_power,0.11936649069185885,0.11936649069185885
Control,channel,O1_theta_power,T8_theta_beta_ratio,0.24434565156988053,0.24434565156988053
Control,channel,O1_theta_power,P7_delta_power,0.6897471519866629,0.6897471519866629
Control,channel,O1_theta_power,P7_theta_power,0.8905807168657961,0.8905807168657961
Control,channel,O1_theta_power,P7_alpha_power,0.6321756043345373,0.6321756043345373
Control,channel,O1_theta_power,P7_beta_power,0.4621839399833287,0.4621839399833287
Control,channel,O1_theta_power,P7_theta_beta_ratio,0.5592664629063628,0.5592664629063628
Control,channel,O1_theta_power,P8_delta_power,0.40216726868574604,0.40216726868574604
Control,channel,O1_theta_power,P8_theta_power,0.49863851069741594,0.49863851069741594
Control,channel,O1_theta_power,P8_alpha_power,0.2711864406779661,0.2711864406779661
Control,channel,O1_theta_power,P8_beta_power,0.29424840233398164,0.29424840233398164
Control,channel,O1_theta_power,P8_theta_beta_ratio,0.1225340372325646,0.1225340372325646
Control,channel,O1_theta_power,Fz_delta_power,0.6921367046401778,0.6921367046401778
Control,channel,O1_theta_power,Fz_theta_power,0.5705473742706307,0.5705473742706307
Control,channel,O1_theta_power,Fz_alpha_power,0.2839121978327313,0.2839121978327313
Control,channel,O1_theta_power,Fz_beta_power,0.2820783550986385,0.2820783550986385
Control,channel,O1_theta_power,Fz_theta_beta_ratio,0.30580716865796054,0.30580716865796054
Control,channel,O1_theta_power,Cz_delta_power,0.41761600444567937,0.41761600444567937
Control,channel,O1_theta_power,Cz_theta_power,0.3763823284245624,0.3763823284245624
Control,channel,O1_theta_power,Cz_alpha_power,0.18399555432064463,0.18399555432064463
Control,channel,O1_theta_power,Cz_beta_power,0.10664073353709363,0.10664073353709363
Control,channel,O1_theta_power,Cz_theta_beta_ratio,0.2616282300639066,0.2616282300639066
Control,channel,O1_theta_power,Pz_delta_power,0.7512086690747429,0.7512086690747429
Control,channel,O1_theta_power,Pz_theta_power,0.741261461517088,0.741261461517088
Control,channel,O1_theta_power,Pz_alpha_power,0.2986385106974159,0.2986385106974159
Control,channel,O1_theta_power,Pz_beta_power,0.23478744095582108,0.23478744095582108
Control,channel,O1_theta_power,Pz_theta_beta_ratio,0.46346207279799945,0.46346207279799945
Control,channel,O1_alpha_power,O1_beta_power,0.6775771047513198,0.6775771047513198
Control,channel,O1_alpha_power,O1_theta_beta_ratio,0.04573492636843568,0.04573492636843568
Control,channel,O1_alpha_power,O2_delta_power,0.33014726312864684,0.33014726312864684
Control,channel,O1_alpha_power,O2_theta_power,0.47440955821061404,0.47440955821061404
Control,channel,O1_alpha_power,O2_alpha_power,0.567657682689636,0.567657682689636
Control,channel,O1_alpha_power,O2_beta_power,0.2817449291469853,0.2817449291469853
Control,channel,O1_alpha_power,O2_theta_beta_ratio,0.17271464295637678,0.17271464295637678
Control,channel,O1_alpha_power,F7_delta_power,0.4681300361211448,0.4681300361211448
Control,channel,O1_alpha_power,F7_theta_power,0.48885801611558766,0.48885801611558766
Control,channel,O1_alpha_power,F7_alpha_power,0.6251180883578772,0.6251180883578772
Control,channel,O1_alpha_power,F7_beta_power,0.5550986385106974,0.5550986385106974
Control,channel,O1_alpha_power,F7_theta_beta_ratio,0.06279522089469297,0.06279522089469297
Control,channel,O1_alpha_power,F8_delta_power,0.33664906918588494,0.33664906918588494
Control,channel,O1_alpha_power,F8_theta_power,0.3973881633787163,0.3973881633787163
Control,channel,O1_alpha_power,F8_alpha_power,0.5126424006668518,0.5126424006668518
Control,channel,O1_alpha_power,F8_beta_power,0.41478188385662684,0.41478188385662684
Control,channel,O1_alpha_power,F8_theta_beta_ratio,0.11819949986107252,0.11819949986107252
Control,channel,O1_alpha_power,T7_delta_power,0.28652403445401503,0.28652403445401503
Control,channel,O1_alpha_power,T7_theta_power,0.4450680744651292,0.4450680744651292
Control,channel,O1_alpha_power,T7_alpha_power,0.7442622950819672,0.7442622950819672
Control,channel,O1_alpha_power,T7_beta_power,0.5546540705751598,0.5546540705751598
Control,channel,O1_alpha_power,T7_theta_beta_ratio,0.037065851625451514,0.037065851625451514
Control,channel,O1_alpha_power,T8_delta_power,0.27240900250069466,0.27240900250069466
Control,channel,O1_alpha_power,T8_theta_power,0.34470686301750486,0.34470686301750486
Control,channel,O1_alpha_power,T8_alpha_power,0.4514587385384829,0.4514587385384829
Control,channel,O1_alpha_power,T8_beta_power,0.24540150041678244,0.24540150041678244
Control,channel,O1_alpha_power,T8_theta_beta_ratio,0.05640455682133926,0.05640455682133926
Control,channel,O1_alpha_power,P7_delta_power,0.3324256737982773,0.3324256737982773
Control,channel,O1_alpha_power,P7_theta_power,0.4439010836343429,0.4439010836343429
Control,channel,O1_alpha_power,P7_alpha_power,0.7044734648513475,0.7044734648513475
Control,channel,O1_alpha_power,P7_beta_power,0.5061405946096138,0.5061405946096138
Control,channel,O1_alpha_power,P7_theta_beta_ratio,0.06796332314531814,0.06796332314531814
Control,channel,O1_alpha_power,P8_delta_power,0.19772158933036954,0.19772158933036954
Control,channel,O1_alpha_power,P8_theta_power,0.34609613781606,0.34609613781606
Control,channel,O1_alpha_power,P8_alpha_power,0.5757154765212559,0.5757154765212559
Control,channel,O1_alpha_power,P8_beta_power,0.4353987218671853,0.4353987218671853
Control,channel,O1_alpha_power,P8_theta_beta_ratio,-0.0603500972492359,0.0603500972492359
Control,channel,O1_alpha_power,Fz_delta_power,0.4001111419838844,0.4001111419838844
Control,channel,O1_alpha_power,Fz_theta_power,0.5060294526257294,0.5060294526257294
Control,channel,O1_alpha_power,Fz_alpha_power,0.6451236454570715,0.6451236454570715
Control,channel,O1_alpha_power,Fz_beta_power,0.6470130591831064,0.6470130591831064
Control,channel,O1_alpha_power,Fz_theta_beta_ratio,-0.13998332870241734,0.13998332870241734
Control,channel,O1_alpha_power,Cz_delta_power,0.2810780772436788,0.2810780772436788
Control,channel,O1_alpha_power,Cz_theta_power,0.43901083634342875,0.43901083634342875
Control,channel,O1_alpha_power,Cz_alpha_power,0.49780494581828283,0.49780494581828283
Control,channel,O1_alpha_power,Cz_beta_power,0.4281744929146985,0.4281744929146985
Control,channel,O1_alpha_power,Cz_theta_beta_ratio,0.010502917477076965,0.010502917477076965
Control,channel,O1_alpha_power,Pz_delta_power,0.4205612670186163,0.4205612670186163
Control,channel,O1_alpha_power,Pz_theta_power,0.4900805779383162,0.4900805779383162
Control,channel,O1_alpha_power,Pz_alpha_power,0.6716310086135038,0.6716310086135038
Control,channel,O1_alpha_power,Pz_beta_power,0.59622117254793,0.59622117254793
Control,channel,O1_alpha_power,Pz_theta_beta_ratio,-0.097304806890803,0.097304806890803
Control,channel,O1_beta_power,O1_theta_beta_ratio,-0.4393998332870242,0.4393998332870242
Control,channel,O1_beta_power,O2_delta_power,0.14348430119477631,0.14348430119477631
Control,channel,O1_beta_power,O2_theta_power,0.21678243956654628,0.21678243956654628
Control,channel,O1_beta_power,O2_alpha_power,0.43384273409280355,0.43384273409280355
Control,channel,O1_beta_power,O2_beta_power,0.6074465129202556,0.6074465129202556
Control,channel,O1_beta_power,O2_theta_beta_ratio,-0.24840233398166156,0.24840233398166156
Control,channel,O1_beta_power,F7_delta_power,0.3135871075298694,0.3135871075298694
Control,channel,O1_beta_power,F7_theta_power,0.49491525423728816,0.49491525423728816
Control,channel,O1_beta_power,F7_alpha_power,0.4954709641567102,0.4954709641567102
Control,channel,O1_beta_power,F7_beta_power,0.5761044734648514,0.5761044734648514
Control,channel,O1_beta_power,F7_theta_beta_ratio,-0.01900527924423451,0.01900527924423451
Control,channel,O1_beta_power,F8_delta_power,0.28313420394554045,0.28313420394554045
Control,channel,O1_beta_power,F8_theta_power,0.4250069463739928,0.4250069463739928
Control,channel,O1_beta_power,F8_alpha_power,0.46524034454015006,0.46524034454015006
Control,channel,O1_beta_power,F8_beta_power,0.5133092525701584,0.5133092525701584
Control,channel,O1_beta_power,F8_theta_beta_ratio,0.059516532370102807,0.059516532370102807
Control,channel,O1_beta_power,T7_delta_power,0.07691025284801334,0.07691025284801334
Control,channel,O1_beta_power,T7_theta_power,0.27185329258127255,0.27185329258127255
Control,channel,O1_beta_power,T7_alpha_power,0.4185051403167547,0.4185051403167547
Control,channel,O1_beta_power,T7_beta_power,0.5773826062795221,0.5773826062795221
Control,channel,O1_beta_power,T7_theta_beta_ratio,-0.20511253125868298,0.20511253125868298
Control,channel,O1_beta_power,T8_delta_power,0.2361767157543762,0.2361767157543762
Control,channel,O1_beta_power,T8_theta_power,0.2782439566546263,0.2782439566546263
Control,channel,O1_beta_power,T8_alpha_power,0.2595165323701028,0.2595165323701028
Control,channel,O1_beta_power,T8_beta_power,0.4108363434287302,0.4108363434287302
Control,channel,O1_beta_power,T8_theta_beta_ratio,-0.167379827729925,0.167379827729925
Control,channel,O1_beta_power,P7_delta_power,0.19966657404834676,0.19966657404834676
Control,channel,O1_beta_power,P7_theta_power,0.2983606557377049,0.2983606557377049
Control,channel,O1_beta_power,P7_alpha_power,0.3704918032786885,0.3704918032786885
Control,channel,O1_beta_power,P7_beta_power,0.4331758821894971,0.4331758821894971
Control,channel,O1_beta_power,P7_theta_beta_ratio,-0.039844401222561825,0.039844401222561825
Control,channel,O1_beta_power,P8_delta_power,0.08035565434843012,0.08035565434843012
Control,channel,O1_beta_power,P8_theta_power,0.15926646290636287,0.15926646290636287
Control,channel,O1_beta_power,P8_alpha_power,0.24662406223951097,0.24662406223951097
Control,channel,O1_beta_power,P8_beta_power,0.4758544040011114,0.4758544040011114
Control,channel,O1_beta_power,P8_theta_beta_ratio,-0.2561822728535704,0.2561822728535704
Control,channel,O1_beta_power,Fz_delta_power,0.2800222283967769,0.2800222283967769
Control,channel,O1_beta_power,Fz_theta_power,0.5093637121422617,0.5093637121422617
Control,channel,O1_beta_power,Fz_alpha_power,0.43823284245623784,0.43823284245623784
Control,channel,O1_beta_power,Fz_beta_power,0.5691580994720756,0.5691580994720756
Control,channel,O1_beta_power,Fz_theta_beta_ratio,-0.15643234231731037,0.15643234231731037
Control,channel,O1_beta_power,Cz_delta_power,0.106196165601556,0.106196165601556
Control,channel,O1_beta_power,Cz_theta_power,0.29952764656849123,0.29952764656849123
Control,channel,O1_beta_power,Cz_alpha_power,0.30964156710197277,0.30964156710197277
Control,channel,O1_beta_power,Cz_beta_power,0.38516254515143095,0.38516254515143095
Control,channel,O1_beta_power,Cz_theta_beta_ratio,-0.12236732425673798,0.12236732425673798
Control,channel,O1_beta_power,Pz_delta_power,0.29319255348707973,0.29319255348707973
Control,channel,O1_beta_power,Pz_theta_power,0.4119477632675743,0.4119477632675743
Control,channel,O1_beta_power,Pz_alpha_power,0.4206724090025007,0.4206724090025007
Control,channel,O1_beta_power,Pz_beta_power,0.5522645179216449,0.5522645179216449
Control,channel,O1_beta_power,Pz_theta_beta_ratio,-0.21844956932481244,0.21844956932481244
Control,channel,O1_theta_beta_ratio,O2_delta_power,0.29069185884968046,0.29069185884968046
Control,channel,O1_theta_beta_ratio,O2_theta_power,0.32686857460405666,0.32686857460405666
Control,channel,O1_theta_beta_ratio,O2_alpha_power,-0.06118366212836899,0.06118366212836899
Control,channel,O1_theta_beta_ratio,O2_beta_power,-0.3252014448457905,0.3252014448457905
Control,channel,O1_theta_beta_ratio,O2_theta_beta_ratio,0.5276465684912476,0.5276465684912476
Control,channel,O1_theta_beta_ratio,F7_delta_power,0.313475965545985,0.313475965545985
Control,channel,O1_theta_beta_ratio,F7_theta_power,0.21928313420394555,0.21928313420394555
Control,channel,O1_theta_beta_ratio,F7_alpha_power,0.028063350930814114,0.028063350930814114
Control,channel,O1_theta_beta_ratio,F7_beta_power,-0.12120033342595166,0.12120033342595166
Control,channel,O1_theta_beta_ratio,F7_theta_beta_ratio,0.4567935537649347,0.4567935537649347
Control,channel,O1_theta_beta_ratio,F8_delta_power,0.12481244790219505,0.12481244790219505
Control,channel,O1_theta_beta_ratio,F8_theta_power,0.030230619616560154,0.030230619616560154
Control,channel,O1_theta_beta_ratio,F8_alpha_power,-0.04373437065851626,0.04373437065851626
Control,channel,O1_theta_beta_ratio,F8_beta_power,-0.1532092247846624,0.1532092247846624
Control,channel,O1_theta_beta_ratio,F8_theta_beta_ratio,0.15193109196999166,0.15193109196999166
Control,channel,O1_theta_beta_ratio,T7_delta_power,0.5614893025840512,0.5614893025840512
Control,channel,O1_theta_beta_ratio,T7_theta_power,0.5467629897193665,0.5467629897193665
Control,channel,O1_theta_beta_ratio,T7_alpha_power,0.15821061405946096,0.15821061405946096
Control,channel,O1_theta_beta_ratio,T7_beta_power,-0.17732703528757987,0.17732703528757987
Control,channel,O1_theta_beta_ratio,T7_theta_beta_ratio,0.7583217560433454,0.7583217560433454
Control,channel,O1_theta_beta_ratio,T8_delta_power,0.2846901917199222,0.2846901917199222
Control,channel,O1_theta_beta_ratio,T8_theta_power,0.23073075854404002,0.23073075854404002
Control,channel,O1_theta_beta_ratio,T8_alpha_power,-0.059738816337871634,0.059738816337871634
Control,channel,O1_theta_beta_ratio,T8_beta_power,-0.22584051125312588,0.22584051125312588
Control,channel,O1_theta_beta_ratio,T8_theta_beta_ratio,0.44740205612670186,0.44740205612670186
Control,channel,O1_theta_beta_ratio,P7_delta_power,0.479244234509586,0.479244234509586
Control,channel,O1_theta_beta_ratio,P7_theta_power,0.581939427618783,0.581939427618783
Control,channel,O1_theta_beta_ratio,P7_alpha_power,0.3106974159488747,0.3106974159488747
Control,channel,O1_theta_beta_ratio,P7_beta_power,0.12675743262017228,0.12675743262017228
Control,channel,O1_theta_beta_ratio,P7_theta_beta_ratio,0.5862739649902751,0.5862739649902751
Control,channel,O1_theta_beta_ratio,P8_delta_power,0.27340928035565437,0.27340928035565437
Control,channel,O1_theta_beta_ratio,P8_theta_power,0.3074187274242845,0.3074187274242845
Control,channel,O1_theta_beta_ratio,P8_alpha_power,0.04345651569880522,0.04345651569880522
Control,channel,O1_theta_beta_ratio,P8_beta_power,-0.126146151708808,0.126146151708808
Control,channel,O1_theta_beta_ratio,P8_theta_beta_ratio,0.35337593776048903,0.35337593776048903
Control,channel,O1_theta_beta_ratio,Fz_delta_power,0.4514031675465407,0.4514031675465407
Control,channel,O1_theta_beta_ratio,Fz_theta_power,0.17971658794109474,0.17971658794109474
Control,channel,O1_theta_beta_ratio,Fz_alpha_power,-0.03506529591553209,0.03506529591553209
Control,channel,O1_theta_beta_ratio,Fz_beta_power,-0.1657126979716588,0.1657126979716588
Control,channel,O1_theta_beta_ratio,Fz_theta_beta_ratio,0.49324812447902194,0.49324812447902194
Control,channel,O1_theta_beta_ratio,Cz_delta_power,0.3018616282300639,0.3018616282300639
Control,channel,O1_theta_beta_ratio,Cz_theta_power,0.12936926924145595,0.12936926924145595
Control,channel,O1_theta_beta_ratio,Cz_alpha_power,-0.11464295637677133,0.11464295637677133
Control,channel,O1_theta_beta_ratio,Cz_beta_power,-0.25190330647402054,0.25190330647402054
Control,channel,O1_theta_beta_ratio,Cz_theta_beta_ratio,0.47174215059738817,0.47174215059738817
Control,channel,O1_theta_beta_ratio,Pz_delta_power,0.4585162545151431,0.4585162545151431
Control,channel,O1_theta_beta_ratio,Pz_theta_power,0.37527090858571827,0.37527090858571827
Control,channel,O1_theta_beta_ratio,Pz_alpha_power,-0.05529313698249514,0.05529313698249514
Control,channel,O1_theta_beta_ratio,Pz_beta_power,-0.22200611280911364,0.22200611280911364
Control,channel,O1_theta_beta_ratio,Pz_theta_beta_ratio,0.6727979994442901,0.6727979994442901
Control,channel,O2_delta_power,O2_theta_power,0.785718255070853,0.785718255070853
Control,channel,O2_delta_power,O2_alpha_power,0.43895526535148655,0.43895526535148655
Control,channel,O2_delta_power,O2_beta_power,0.2467352042233954,0.2467352042233954
Control,channel,O2_delta_power,O2_theta_beta_ratio,0.4784662406223951,0.4784662406223951
Control,channel,O2_delta_power,F7_delta_power,0.33937204779105307,0.33937204779105307
Control,channel,O2_delta_power,F7_theta_power,0.28230063906640734,0.28230063906640734
Control,channel,O2_delta_power,F7_alpha_power,0.2315087524312309,0.2315087524312309
Control,channel,O2_delta_power,F7_beta_power,0.19510975270908587,0.19510975270908587
Control,channel,O2_delta_power,F7_theta_beta_ratio,0.07974437343706585,0.07974437343706585
Control,channel,O2_delta_power,F8_delta_power,0.6131703250903029,0.6131703250903029
Control,channel,O2_delta_power,F8_theta_power,0.4494581828285635,0.4494581828285635
Control,channel,O2_delta_power,F8_alpha_power,0.37671575437621563,0.37671575437621563
Control,channel,O2_delta_power,F8_beta_power,0.3684912475687691,0.3684912475687691
Control,channel,O2_delta_power,F8_theta_beta_ratio,0.1062517365934982,0.1062517365934982
Control,channel,O2_delta_power,T7_delta_power,0.3819949986107252,0.3819949986107252
Control,channel,O2_delta_power,T7_theta_power,0.4404556821339261,0.4404556821339261
Control,channel,O2_delta_power,T7_alpha_power,0.26851903306474023,0.26851903306474023
Control,channel,O2_delta_power,T7_beta_power,0.1405390386218394,0.1405390386218394
Control,channel,O2_delta_power,T7_theta_beta_ratio,0.26112809113642677,0.26112809113642677
Control,channel,O2_delta_power,T8_delta_power,0.6033898305084746,0.6033898305084746
Control,channel,O2_delta_power,T8_theta_power,0.4531814392886913,0.4531814392886913
Control,channel,O2_delta_power,T8_alpha_power,0.19238677410391775,0.19238677410391775
Control,channel,O2_delta_power,T8_beta_power,0.24667963323145317,0.24667963323145317
Control,channel,O2_delta_power,T8_theta_beta_ratio,0.23006390664073353,0.23006390664073353
Control,channel,O2_delta_power,P7_delta_power,0.45095859961100304,0.45095859961100304
Control,channel,O2_delta_power,P7_theta_power,0.5362600722422896,0.5362600722422896
Control,channel,O2_delta_power,P7_alpha_power,0.36182272853570435,0.36182272853570435
Control,channel,O2_delta_power,P7_beta_power,0.1919422061683801,0.1919422061683801
Control,channel,O2_delta_power,P7_theta_beta_ratio,0.36615726590719644,0.36615726590719644
Control,channel,O2_delta_power,P8_delta_power,0.851736593498194,0.851736593498194
Control,channel,O2_delta_power,P8_theta_power,0.7788274520700195,0.7788274520700195
Control,channel,O2_delta_power,P8_alpha_power,0.4783550986385107,0.4783550986385107
Control,channel,O2_delta_power,P8_beta_power,0.3344818005001389,0.3344818005001389
Control,channel,O2_delta_power,P8_theta_beta_ratio,0.3642122811892192,0.3642122811892192
Control,channel,O2_delta_power,Fz_delta_power,0.5019727702139484,0.5019727702139484
Control,channel,O2_delta_power,Fz_theta_power,0.3937204779105307,0.3937204779105307
Control,channel,O2_delta_power,Fz_alpha_power,0.171158655181995,0.171158655181995
Control,channel,O2_delta_power,Fz_beta_power,0.2640733537093637,0.2640733537093637
Control,channel,O2_delta_power,Fz_theta_beta_ratio,0.04162267296471242,0.04162267296471242
Control,channel,O2_delta_power,Cz_delta_power,0.830452903584329,0.830452903584329
Control,channel,O2_delta_power,Cz_theta_power,0.4766323978883023,0.4766323978883023
Control,channel,O2_delta_power,Cz_alpha_power,0.2711308696860239,0.2711308696860239
Control,channel,O2_delta_power,Cz_beta_power,0.3030286190608502,0.3030286190608502
Control,channel,O2_delta_power,Cz_theta_beta_ratio,0.1531536537927202,0.1531536537927202
Control,channel,O2_delta_power,Pz_delta_power,0.5225340372325646,0.5225340372325646
Control,channel,O2_delta_power,Pz_theta_power,0.36348985829397057,0.36348985829397057
Control,channel,O2_delta_power,Pz_alpha_power,0.17099194220616837,0.17099194220616837
Control,channel,O2_delta_power,Pz_beta_power,0.16510141706029452,0.16510141706029452
Control,channel,O2_delta_power,Pz_theta_beta_ratio,0.18227285357043624,0.18227285357043624
Control,channel,O2_theta_power,O2_alpha_power,0.7145318143928869,0.7145318143928869
Control,channel,O2_theta_power,O2_beta_power,0.2657404834676299,0.2657404834676299
Control,channel,O2_theta_power,O2_theta_beta_ratio,0.5853848291191998,0.5853848291191998
Control,channel,O2_theta_power,F7_delta_power,0.2764656849124757,0.2764656849124757
Control,channel,O2_theta_power,F7_theta_power,0.291914420672409,0.291914420672409
Control,channel,O2_theta_power,F7_alpha_power,0.30019449847179774,0.30019449847179774
Control,channel,O2_theta_power,F7_beta_power,0.33631564323423174,0.33631564323423174
Control,channel,O2_theta_power,F7_theta_beta_ratio,-0.03989997221450403,0.03989997221450403
Control,channel,O2_theta_power,F8_delta_power,0.47429841622672964,0.47429841622672964
Control,channel,O2_theta_power,F8_theta_power,0.477632675743262,0.477632675743262
Control,channel,O2_theta_power,F8_alpha_power,0.540705751597666,0.540705751597666
Control,channel,O2_theta_power,F8_beta_power,0.47190886357321477,0.47190886357321477
Control,channel,O2_theta_power,F8_theta_beta_ratio,0.10491803278688525,0.10491803278688525
Control,channel,O2_theta_power,T7_delta_power,0.3349819394276188,0.3349819394276188
Control,channel,O2_theta_power,T7_theta_power,0.4459016393442623,0.4459016393442623
Control,channel,O2_theta_power,T7_alpha_power,0.3794943039733259,0.3794943039733259
Control,channel,O2_theta_power,T7_beta_power,0.2243956654626285,0.2243956654626285
Control,channel,O2_theta_power,T7_theta_beta_ratio,0.19405390386218394,0.19405390386218394
Control,channel,O2_theta_power,T8_delta_power,0.4978605168102251,0.4978605168102251
Control,channel,O2_theta_power,T8_theta_power,0.5271464295637677,0.5271464295637677
Control,channel,O2_theta_power,T8_alpha_power,0.36615726590719644,0.36615726590719644
Control,channel,O2_theta_power,T8_beta_power,0.27590997499305364,0.27590997499305364
Control,channel,O2_theta_power,T8_theta_beta_ratio,0.26963045290358434,0.26963045290358434
Control,channel,O2_theta_power,P7_delta_power,0.266851903306474,0.266851903306474
Control,channel,O2_theta_power,P7_theta_power,0.45395943317588217,0.45395943317588217
Control,channel,O2_theta_power,P7_alpha_power,0.40933592664629065,0.40933592664629065
Control,channel,O2_theta_power,P7_beta_power,0.33637121422617394,0.33637121422617394
Control,channel,O2_theta_power,P7_theta_beta_ratio,0.1763823284245624,0.1763823284245624
Control,channel,O2_theta_power,P8_delta_power,0.5883856626840789,0.5883856626840789
Control,channel,O2_theta_power,P8_theta_power,0.7229786051681022,0.7229786051681022
Control,channel,O2_theta_power,P8_alpha_power,0.6677410391775493,0.6677410391775493
Control,channel,O2_theta_power,P8_beta_power,0.42395109752709087,0.42395109752709087
Control,channel,O2_theta_power,P8_theta_beta_ratio,0.2629619338705196,0.2629619338705196
Control,channel,O2_theta_power,Fz_delta_power,0.4173937204779105,0.4173937204779105
Control,channel,O2_theta_power,Fz_theta_power,0.40227841066963044,0.40227841066963044
Control,channel,O2_theta_power,Fz_alpha_power,0.3153098082800778,0.3153098082800778
Control,channel,O2_theta_power,Fz_beta_power,0.38794109474854127,0.38794109474854127
Control,channel,O2_theta_power,Fz_theta_beta_ratio,-0.04123367602111698,0.04123367602111698
Control,channel,O2_theta_power,Cz_delta_power,0.676021116976938,0.676021116976938
Control,channel,O2_theta_power,Cz_theta_power,0.5991108641289247,0.5991108641289247
Control,channel,O2_theta_power,Cz_alpha_power,0.45529313698249513,0.45529313698249513
Control,channel,O2_theta_power,Cz_beta_power,0.4055570991942206,0.4055570991942206
Control,channel,O2_theta_power,Cz_theta_beta_ratio,0.1964434565156988,0.1964434565156988
Control,channel,O2_theta_power,Pz_delta_power,0.39961100305640457,0.39961100305640457
Control,channel,O2_theta_power,Pz_theta_power,0.40583495415393167,0.40583495415393167
Control,channel,O2_theta_power,Pz_alpha_power,0.3209780494581828,0.3209780494581828
Control,channel,O2_theta_power,Pz_beta_power,0.27163100861350375,0.27163100861350375
Control,channel,O2_theta_power,Pz_theta_beta_ratio,0.10886357321478188,0.10886357321478188
Control,channel,O2_alpha_power,O2_beta_power,0.5321478188385663,0.5321478188385663
Control,channel,O2_alpha_power,O2_theta_beta_ratio,0.15548763545429287,0.15548763545429287
Control,channel,O2_alpha_power,F7_delta_power,0.2922478466240622,0.2922478466240622
Control,channel,O2_alpha_power,F7_theta_power,0.30953042511808837,0.30953042511808837
Control,channel,O2_alpha_power,F7_alpha_power,0.4427340928035565,0.4427340928035565
Control,channel,O2_alpha_power,F7_beta_power,0.5160878021672687,0.5160878021672687
Control,channel,O2_alpha_power,F7_theta_beta_ratio,-0.1370380661294804,0.1370380661294804
Control,channel,O2_alpha_power,F8_delta_power,0.3253681578216171,0.3253681578216171
Control,channel,O2_alpha_power,F8_theta_power,0.37015837732703527,0.37015837732703527
Control,channel,O2_alpha_power,F8_alpha_power,0.6220616838010559,0.6220616838010559
Control,channel,O2_alpha_power,F8_beta_power,0.6096693525979439,0.6096693525979439
Control,channel,O2_alpha_power,F8_theta_beta_ratio,-0.12770213948318979,0.12770213948318979
Control,channel,O2_alpha_power,T7_delta_power,0.09163656571269797,0.09163656571269797
Control,channel,O2_alpha_power,T7_theta_power,0.20750208391219782,0.20750208391219782
Control,channel,O2_alpha_power,T7_alpha_power,0.478966379549875,0.478966379549875
Control,channel,O2_alpha_power,T7_beta_power,0.43061961656015557,0.43061961656015557
Control,channel,O2_alpha_power,T7_theta_beta_ratio,-0.15737704918032788,0.15737704918032788
Control,channel,O2_alpha_power,T8_delta_power,0.1540983606557377,0.1540983606557377
Control,channel,O2_alpha_power,T8_theta_power,0.293803834398444,0.293803834398444
Control,channel,O2_alpha_power,T8_alpha_power,0.5145873853848291,0.5145873853848291
Control,channel,O2_alpha_power,T8_beta_power,0.4808002222839678,0.4808002222839678
Control,channel,O2_alpha_power,T8_theta_beta_ratio,-0.17966101694915254,0.17966101694915254
Control,channel,O2_alpha_power,P7_delta_power,0.061739372047791057,0.061739372047791057
Control,channel,O2_alpha_power,P7_theta_power,0.17171436510141705,0.17171436510141705
Control,channel,O2_alpha_power,P7_alpha_power,0.4661294804112253,0.4661294804112253
Control,channel,O2_alpha_power,P7_beta_power,0.4172825784940261,0.4172825784940261
Control,channel,O2_alpha_power,P7_theta_beta_ratio,-0.1386496248958044,0.1386496248958044
Control,channel,O2_alpha_power,P8_delta_power,0.22828563489858295,0.22828563489858295
Control,channel,O2_alpha_power,P8_theta_power,0.33014726312864684,0.33014726312864684
Control,channel,O2_alpha_power,P8_alpha_power,0.7370380661294804,0.7370380661294804
Control,channel,O2_alpha_power,P8_beta_power,0.6097804945818283,0.6097804945818283
Control,channel,O2_alpha_power,P8_theta_beta_ratio,-0.16993609335926646,0.16993609335926646
Control,channel,O2_alpha_power,Fz_delta_power,0.27168657960544595,0.27168657960544595
Control,channel,O2_alpha_power,Fz_theta_power,0.3794943039733259,0.3794943039733259
Control,channel,O2_alpha_power,Fz_alpha_power,0.5723812170047236,0.5723812170047236
Control,channel,O2_alpha_power,Fz_beta_power,0.6454015004167825,0.6454015004167825
Control,channel,O2_alpha_power,Fz_theta_beta_ratio,-0.3090858571825507,0.3090858571825507
Control,channel,O2_alpha_power,Cz_delta_power,0.41472631286468464,0.41472631286468464
Control,channel,O2_alpha_power,Cz_theta_power,0.531258682967491,0.531258682967491
Control,channel,O2_alpha_power,Cz_alpha_power,0.6906362878577382,0.6906362878577382
Control,channel,O2_alpha_power,Cz_beta_power,0.6867463184217838,0.6867463184217838
Control,channel,O2_alpha_power,Cz_theta_beta_ratio,-0.1387051958877466,0.1387051958877466
Control,channel,O2_alpha_power,Pz_delta_power,0.17288135593220338,0.17288135593220338
Control,channel,O2_alpha_power,Pz_theta_power,0.29691580994720757,0.29691580994720757
Control,channel,O2_alpha_power,Pz_alpha_power,0.5826618505140316,0.5826618505140316
Control,channel,O2_alpha_power,Pz_beta_power,0.5928869130313976,0.5928869130313976
Control,channel,O2_alpha_power,Pz_theta_beta_ratio,-0.27902195054181717,0.27902195054181717
Control,channel,O2_beta_power,O2_theta_beta_ratio,-0.5193664906918588,0.5193664906918588
Control,channel,O2_beta_power,F7_delta_power,0.2828563489858294,0.2828563489858294
Control,channel,O2_beta_power,F7_theta_power,0.3863295359822173,0.3863295359822173
Control,channel,O2_beta_power,F7_alpha_power,0.37015837732703527,0.37015837732703527
Control,channel,O2_beta_power,F7_beta_power,0.41372603500972494,0.41372603500972494
Control,channel,O2_beta_power,F7_theta_beta_ratio,0.0005001389274798555,0.0005001389274798555
Control,channel,O2_beta_power,F8_delta_power,0.32925812725757153,0.32925812725757153
Control,channel,O2_beta_power,F8_theta_power,0.26612948041122536,0.26612948041122536
Control,channel,O2_beta_power,F8_alpha_power,0.3074187274242845,0.3074187274242845
Control,channel,O2_beta_power,F8_beta_power,0.5136982495137539,0.5136982495137539
Control,channel,O2_beta_power,F8_theta_beta_ratio,-0.12775771047513199,0.12775771047513199
Control,channel,O2_beta_power,T7_delta_power,0.1126424006668519,0.1126424006668519
Control,channel,O2_beta_power,T7_theta_power,0.18771881078077243,0.18771881078077243
Control,channel,O2_beta_power,T7_alpha_power,0.21833842734092804,0.21833842734092804
Control,channel,O2_beta_power,T7_beta_power,0.40227841066963044,0.40227841066963044
Control,channel,O2_beta_power,T7_theta_beta_ratio,-0.17060294526257294,0.17060294526257294
Control,channel,O2_beta_power,T8_delta_power,0.21828285634898584,0.21828285634898584
Control,channel,O2_beta_power,T8_theta_power,0.11681022506251737,0.11681022506251737
Control,channel,O2_beta_power,T8_alpha_power,0.13637121422617393,0.13637121422617393
Control,channel,O2_beta_power,T8_beta_power,0.521311475409836,0.521311475409836
Control,channel,O2_beta_power,T8_theta_beta_ratio,-0.411058627396499,0.411058627396499
Control,channel,O2_beta_power,P7_delta_power,0.16065573770491803,0.16065573770491803
Control,channel,O2_beta_power,P7_theta_power,0.20828007779938873,0.20828007779938873
Control,channel,O2_beta_power,P7_alpha_power,0.20672409002500694,0.20672409002500694
Control,channel,O2_beta_power,P7_beta_power,0.2953042511808836,0.2953042511808836
Control,channel,O2_beta_power,P7_theta_beta_ratio,-0.035898860794665186,0.035898860794665186
Control,channel,O2_beta_power,P8_delta_power,0.1604334537371492,0.1604334537371492
Control,channel,O2_beta_power,P8_theta_power,0.0955821061405946,0.0955821061405946
Control,channel,O2_beta_power,P8_alpha_power,0.21328146707418727,0.21328146707418727
Control,channel,O2_beta_power,P8_beta_power,0.6229508196721312,0.6229508196721312
Control,channel,O2_beta_power,P8_theta_beta_ratio,-0.3908863573214782,0.3908863573214782
Control,channel,O2_beta_power,Fz_delta_power,0.2829119199777716,0.2829119199777716
Control,channel,O2_beta_power,Fz_theta_power,0.31214226173937204,0.31214226173937204
Control,channel,O2_beta_power,Fz_alpha_power,0.2362322867463184,0.2362322867463184
Control,channel,O2_beta_power,Fz_beta_power,0.39694359544317864,0.39694359544317864
Control,channel,O2_beta_power,Fz_theta_beta_ratio,-0.18594053903862184,0.18594053903862184
Control,channel,O2_beta_power,Cz_delta_power,0.24745762711864408,0.24745762711864408
Control,channel,O2_beta_power,Cz_theta_power,0.25056960266740763,0.25056960266740763
Control,channel,O2_beta_power,Cz_alpha_power,0.3369824951375382,0.3369824951375382
Control,channel,O2_beta_power,Cz_beta_power,0.5290358432898027,0.5290358432898027
Control,channel,O2_beta_power,Cz_theta_beta_ratio,-0.380050013892748,0.380050013892748
Control,channel,O2_beta_power,Pz_delta_power,0.23495415393164767,0.23495415393164767
Control,channel,O2_beta_power,Pz_theta_power,0.2828563489858294,0.2828563489858294
Control,channel,O2_beta_power,Pz_alpha_power,0.2251736593498194,0.2251736593498194
Control,channel,O2_beta_power,Pz_beta_power,0.513475965545985,0.513475965545985
Control,channel,O2_beta_power,Pz_theta_beta_ratio,-0.2574604056682412,0.2574604056682412
Control,channel,O2_theta_beta_ratio,F7_delta_power,0.04895804390108363,0.04895804390108363
Control,channel,O2_theta_beta_ratio,F7_theta_power,0.002000555709919422,0.002000555709919422
Control,channel,O2_theta_beta_ratio,F7_alpha_power,0.01667129758266185,0.01667129758266185
Control,channel,O2_theta_beta_ratio,F7_beta_power,-0.01989441511530981,0.01989441511530981
Control,channel,O2_theta_beta_ratio,F7_theta_beta_ratio,0.02928591275354265,0.02928591275354265
Control,channel,O2_theta_beta_ratio,F8_delta_power,0.21689358155043068,0.21689358155043068
Control,channel,O2_theta_beta_ratio,F8_theta_power,0.24656849124756877,0.24656849124756877
Control,channel,O2_theta_beta_ratio,F8_alpha_power,0.2414003889969436,0.2414003889969436
Control,channel,O2_theta_beta_ratio,F8_beta_power,0.023173103639899974,0.023173103639899974
Control,channel,O2_theta_beta_ratio,F8_theta_beta_ratio,0.2838566268407891,0.2838566268407891
Control,channel,O2_theta_beta_ratio,T7_delta_power,0.19611003056404558,0.19611003056404558
Control,channel,O2_theta_beta_ratio,T7_theta_power,0.2520700194498472,0.2520700194498472
Control,channel,O2_theta_beta_ratio,T7_alpha_power,0.17788274520700195,0.17788274520700195
Control,channel,O2_theta_beta_ratio,T7_beta_power,-0.13203667685468184,0.13203667685468184
Control,channel,O2_theta_beta_ratio,T7_theta_beta_ratio,0.3403167546540706,0.3403167546540706
Control,channel,O2_theta_beta_ratio,T8_delta_power,0.28157821617115864,0.28157821617115864
Control,channel,O2_theta_beta_ratio,T8_theta_power,0.3884968046679633,0.3884968046679633
Control,channel,O2_theta_beta_ratio,T8_alpha_power,0.2187829952764657,0.2187829952764657
Control,channel,O2_theta_beta_ratio,T8_beta_power,-0.13186996387885525,0.13186996387885525
Control,channel,O2_theta_beta_ratio,T8_theta_beta_ratio,0.6240066685190331,0.6240066685190331
Control,channel,O2_theta_beta_ratio,P7_delta_power,0.11942206168380105,0.11942206168380105
Control,channel,O2_theta_beta_ratio,P7_theta_power,0.23645457071408724,0.23645457071408724
Control,channel,O2_theta_beta_ratio,P7_alpha_power,0.1557654904140039,0.1557654904140039
Control,channel,O2_theta_beta_ratio,P7_beta_power,0.019060850236176714,0.019060850236176714
Control,channel,O2_theta_beta_ratio,P7_theta_beta_ratio,0.2871908863573215,0.2871908863573215
Control,channel,O2_theta_beta_ratio,P8_delta_power,0.3918310641844957,0.3918310641844957
Control,channel,O2_theta_beta_ratio,P8_theta_power,0.5257571547652126,0.5257571547652126
Control,channel,O2_theta_beta_ratio,P8_alpha_power,0.34576271186440677,0.34576271186440677
Control,channel,O2_theta_beta_ratio,P8_beta_power,-0.15971103084190053,0.15971103084190053
Control,channel,O2_theta_beta_ratio,P8_theta_beta_ratio,0.6348430119477633,0.6348430119477633
Control,channel,O2_theta_beta_ratio,Fz_delta_power,0.13314809669352598,0.13314809669352598
Control,channel,O2_theta_beta_ratio,Fz_theta_power,0.15615448735759932,0.15615448735759932
Control,channel,O2_theta_beta_ratio,Fz_alpha_power,0.10525145873853849,0.10525145873853849
Control,channel,O2_theta_beta_ratio,Fz_beta_power,0.011669908307863295,0.011669908307863295
Control,channel,O2_theta_beta_ratio,Fz_theta_beta_ratio,0.1881633787163101,0.1881633787163101
Control,channel,O2_theta_beta_ratio,Cz_delta_power,0.3909974993053626,0.3909974993053626
Control,channel,O2_theta_beta_ratio,Cz_theta_power,0.3465407057515977,0.3465407057515977
Control,channel,O2_theta_beta_ratio,Cz_alpha_power,0.12631286468463462,0.12631286468463462
Control,channel,O2_theta_beta_ratio,Cz_beta_power,-0.03578771881078077,0.03578771881078077
Control,channel,O2_theta_beta_ratio,Cz_theta_beta_ratio,0.5389830508474577,0.5389830508474577
Control,channel,O2_theta_beta_ratio,Pz_delta_power,0.17227007502083913,0.17227007502083913
Control,channel,O2_theta_beta_ratio,Pz_theta_power,0.11286468463462072,0.11286468463462072
Control,channel,O2_theta_beta_ratio,Pz_alpha_power,0.06985273687135315,0.06985273687135315
Control,channel,O2_theta_beta_ratio,Pz_beta_power,-0.16454570714087247,0.16454570714087247
Control,channel,O2_theta_beta_ratio,Pz_theta_beta_ratio,0.31925534870797445,0.31925534870797445
Control,channel,F7_delta_power,F7_theta_power,0.7217560433453737,0.7217560433453737
Control,channel,F7_delta_power,F7_alpha_power,0.48324534592942486,0.48324534592942486
Control,channel,F7_delta_power,F7_beta_power,0.374937482634065,0.374937482634065
Control,channel,F7_delta_power,F7_theta_beta_ratio,0.5065295915532092,0.5065295915532092
Control,channel,F7_delta_power,F8_delta_power,0.5272575715476521,0.5272575715476521
Control,channel,F7_delta_power,F8_theta_power,0.4162267296471242,0.4162267296471242
Control,channel,F7_delta_power,F8_alpha_power,0.33109196999166435,0.33109196999166435
Control,channel,F7_delta_power,F8_beta_power,0.3006946373992776,0.3006946373992776
Control,channel,F7_delta_power,F8_theta_beta_ratio,0.19127535426507364,0.19127535426507364
Control,channel,F7_delta_power,T7_delta_power,0.6206724090025006,0.6206724090025006
Control,channel,F7_delta_power,T7_theta_power,0.48335648791330926,0.48335648791330926
Control,channel,F7_delta_power,T7_alpha_power,0.43362045012503475,0.43362045012503475
Control,channel,F7_delta_power,T7_beta_power,0.29424840233398164,0.29424840233398164
Control,channel,F7_delta_power,T7_theta_beta_ratio,0.32381217004723534,0.32381217004723534
Control,channel,F7_delta_power,T8_delta_power,0.3556543484301195,0.3556543484301195
Control,channel,F7_delta_power,T8_theta_power,0.2529591553209225,0.2529591553209225
Control,channel,F7_delta_power,T8_alpha_power,0.1045290358432898,0.1045290358432898
Control,channel,F7_delta_power,T8_beta_power,0.21667129758266185,0.21667129758266185
Control,channel,F7_delta_power,T8_theta_beta_ratio,0.0030564045568213394,0.0030564045568213394
Control,channel,F7_delta_power,P7_delta_power,0.6831897749374827,0.6831897749374827
Control,channel,F7_delta_power,P7_theta_power,0.5082522923034176,0.5082522923034176
Control,channel,F7_delta_power,P7_alpha_power,0.4945818282856349,0.4945818282856349
Control,channel,F7_delta_power,P7_beta_power,0.5369824951375382,0.5369824951375382
Control,channel,F7_delta_power,P7_theta_beta_ratio,0.18349541539316477,0.18349541539316477
Control,channel,F7_delta_power,P8_delta_power,0.3576549041400389,0.3576549041400389
Control,channel,F7_delta_power,P8_theta_power,0.28980272297860515,0.28980272297860515
Control,channel,F7_delta_power,P8_alpha_power,0.17527090858571825,0.17527090858571825
Control,channel,F7_delta_power,P8_beta_power,0.39772158933036955,0.39772158933036955
Control,channel,F7_delta_power,P8_theta_beta_ratio,-0.08769102528480133,0.08769102528480133
Control,channel,F7_delta_power,Fz_delta_power,0.7688246735204224,0.7688246735204224
Control,channel,F7_delta_power,Fz_theta_power,0.36632397888302304,0.36632397888302304
Control,channel,F7_delta_power,Fz_alpha_power,0.31219783273131424,0.31219783273131424
Control,channel,F7_delta_power,Fz_beta_power,0.2188941372603501,0.2188941372603501
Control,channel,F7_delta_power,Fz_theta_beta_ratio,0.18405112531258683,0.18405112531258683
Control,channel,F7_delta_power,Cz_delta_power,0.43200889135871073,0.43200889135871073
Control,channel,F7_delta_power,Cz_theta_power,0.26112809113642677,0.26112809113642677
Control,channel,F7_delta_power,Cz_alpha_power,0.13903862183939983,0.13903862183939983
Control,channel,F7_delta_power,Cz_beta_power,0.10408446790775215,0.10408446790775215
Control,channel,F7_delta_power,Cz_theta_beta_ratio,0.23801055848846903,0.23801055848846903
Control,channel,F7_delta_power,Pz_delta_power,0.7323145318143929,0.7323145318143929
Control,channel,F7_delta_power,Pz_theta_power,0.43934426229508194,0.43934426229508194
Control,channel,F7_delta_power,Pz_alpha_power,0.2616282300639066,0.2616282300639066
Control,channel,F7_delta_power,Pz_beta_power,0.19766601833842734,0.19766601833842734
Control,channel,F7_delta_power,Pz_theta_beta_ratio,0.22022784106696305,0.22022784106696305
Control,channel,F7_theta_power,F7_alpha_power,0.7406501806057239,0.7406501806057239
Control,channel,F7_theta_power,F7_beta_power,0.5743262017227008,0.5743262017227008
Control,channel,F7_theta_power,F7_theta_beta_ratio,0.5816060016671297,0.5816060016671297
Control,channel,F7_theta_power,F8_delta_power,0.4649069185884968,0.4649069185884968
Control,channel,F7_theta_power,F8_theta_power,0.5181439288691303,0.5181439288691303
Control,channel,F7_theta_power,F8_alpha_power,0.48424562378438457,0.48424562378438457
Control,channel,F7_theta_power,F8_beta_power,0.43589886079466517,0.43589886079466517
Control,channel,F7_theta_power,F8_theta_beta_ratio,0.21744929146985273,0.21744929146985273
Control,channel,F7_theta_power,T7_delta_power,0.37988330091692135,0.37988330091692135
Control,channel,F7_theta_power,T7_theta_power,0.665518199499861,0.665518199499861
Control,channel,F7_theta_power,T7_alpha_power,0.4967490969713809,0.4967490969713809
Control,channel,F7_theta_power,T7_beta_power,0.4729091414281745,0.4729091414281745
Control,channel,F7_theta_power,T7_theta_beta_ratio,0.30986385106974157,0.30986385106974157
Control,channel,F7_theta_power,T8_delta_power,0.3496526813003612,0.3496526813003612
Control,channel,F7_theta_power,T8_theta_power,0.3864406779661017,0.3864406779661017
Control,channel,F7_theta_power,T8_alpha_power,0.24278966379549874,0.24278966379549874
Control,channel,F7_theta_power,T8_beta_power,0.32686857460405666,0.32686857460405666
Control,channel,F7_theta_power,T8_theta_beta_ratio,0.0050569602667407615,0.0050569602667407615
Control,channel,F7_theta_power,P7_delta_power,0.4429563767713254,0.4429563767713254
Control,channel,F7_theta_power,P7_theta_power,0.5921089191442067,0.5921089191442067
Control,channel,F7_theta_power,P7_alpha_power,0.4767435398721867,0.4767435398721867
Control,channel,F7_theta_power,P7_beta_power,0.5108641289247013,0.5108641289247013
Control,channel,F7_theta_power,P7_theta_beta_ratio,0.2956376771325368,0.2956376771325368
Control,channel,F7_theta_power,P8_delta_power,0.29163656571269797,0.29163656571269797
Control,channel,F7_theta_power,P8_theta_power,0.3091414281744929,0.3091414281744929
Control,channel,F7_theta_power,P8_alpha_power,0.1846624062239511,0.1846624062239511
Control,channel,F7_theta_power,P8_beta_power,0.4505140316754654,0.4505140316754654
Control,channel,F7_theta_power,P8_theta_beta_ratio,-0.1008613503751042,0.1008613503751042
Control,channel,F7_theta_power,Fz_delta_power,0.5707140872464573,0.5707140872464573
Control,channel,F7_theta_power,Fz_theta_power,0.6786885245901639,0.6786885245901639
Control,channel,F7_theta_power,Fz_alpha_power,0.43362045012503475,0.43362045012503475
Control,channel,F7_theta_power,Fz_beta_power,0.390830786329536,0.390830786329536
Control,channel,F7_theta_power,Fz_theta_beta_ratio,0.24178938594053903,0.24178938594053903
Control,channel,F7_theta_power,Cz_delta_power,0.4277299249791609,0.4277299249791609
Control,channel,F7_theta_power,Cz_theta_power,0.4737982772992498,0.4737982772992498
Control,channel,F7_theta_power,Cz_alpha_power,0.2981939427618783,0.2981939427618783
Control,channel,F7_theta_power,Cz_beta_power,0.33109196999166435,0.33109196999166435
Control,channel,F7_theta_power,Cz_theta_beta_ratio,0.13259238677410393,0.13259238677410393
Control,channel,F7_theta_power,Pz_delta_power,0.5871631008613504,0.5871631008613504
Control,channel,F7_theta_power,Pz_theta_power,0.7496526813003612,0.7496526813003612
Control,channel,F7_theta_power,Pz_alpha_power,0.3757710475131981,0.3757710475131981
Control,channel,F7_theta_power,Pz_beta_power,0.41600444567935535,0.41600444567935535
Control,channel,F7_theta_power,Pz_theta_beta_ratio,0.2500694637399278,0.2500694637399278
Control,channel,F7_alpha_power,F7_beta_power,0.7982217282578494,0.7982217282578494
Control,channel,F7_alpha_power,F7_theta_beta_ratio,0.13120311197554876,0.13120311197554876
Control,channel,F7_alpha_power,F8_delta_power,0.33220338983050846,0.33220338983050846
Control,channel,F7_alpha_power,F8_theta_power,0.44567935537649345,0.44567935537649345
Control,channel,F7_alpha_power,F8_alpha_power,0.5688246735204223,0.5688246735204223
Control,channel,F7_alpha_power,F8_beta_power,0.4749096971380939,0.4749096971380939
Control,channel,F7_alpha_power,F8_theta_beta_ratio,0.07352042233953876,0.07352042233953876
Control,channel,F7_alpha_power,T7_delta_power,0.2198944151153098,0.2198944151153098
Control,channel,F7_alpha_power,T7_theta_power,0.47396499027507644,0.47396499027507644
Control,channel,F7_alpha_power,T7_alpha_power,0.7343150875243123,0.7343150875243123
Control,channel,F7_alpha_power,T7_beta_power,0.6601278132814671,0.6601278132814671
Control,channel,F7_alpha_power,T7_theta_beta_ratio,-0.0252292303417616,0.0252292303417616
Control,channel,F7_alpha_power,T8_delta_power,0.19205334815226452,0.19205334815226452
Control,channel,F7_alpha_power,T8_theta_power,0.328035565434843,0.328035565434843
Control,channel,F7_alpha_power,T8_alpha_power,0.42739649902750765,0.42739649902750765
Control,channel,F7_alpha_power,T8_beta_power,0.41455959988885804,0.41455959988885804
Control,channel,F7_alpha_power,T8_theta_beta_ratio,-0.1307029730480689,0.1307029730480689
Control,channel,F7_alpha_power,P7_delta_power,0.252292303417616,0.252292303417616
Control,channel,F7_alpha_power,P7_theta_power,0.40422339538760765,0.40422339538760765
Control,channel,F7_alpha_power,P7_alpha_power,0.6612948041122534,0.6612948041122534
Control,channel,F7_alpha_power,P7_beta_power,0.5317032509030286,0.5317032509030286
Control,channel,F7_alpha_power,P7_theta_beta_ratio,0.05490414003889969,0.05490414003889969
Control,channel,F7_alpha_power,P8_delta_power,0.16093359266462906,0.16093359266462906
Control,channel,F7_alpha_power,P8_theta_power,0.23989997221450404,0.23989997221450404
Control,channel,F7_alpha_power,P8_alpha_power,0.3972214504028897,0.3972214504028897
Control,channel,F7_alpha_power,P8_beta_power,0.4188385662684079,0.4188385662684079
Control,channel,F7_alpha_power,P8_theta_beta_ratio,-0.13648235621005836,0.13648235621005836
Control,channel,F7_alpha_power,Fz_delta_power,0.27718810780772435,0.27718810780772435
Control,channel,F7_alpha_power,Fz_theta_power,0.5924423450958599,0.5924423450958599
Control,channel,F7_alpha_power,Fz_alpha_power,0.7403167546540705,0.7403167546540705
Control,channel,F7_alpha_power,Fz_beta_power,0.698916365657127,0.698916365657127
Control,channel,F7_alpha_power,Fz_theta_beta_ratio,-0.14559599888858016,0.14559599888858016
Control,channel,F7_alpha_power,Cz_delta_power,0.2926924145595999,0.2926924145595999
Control,channel,F7_alpha_power,Cz_theta_power,0.45190330647402055,0.45190330647402055
Control,channel,F7_alpha_power,Cz_alpha_power,0.4958043901083634,0.4958043901083634
Control,channel,F7_alpha_power,Cz_beta_power,0.5410947485412615,0.5410947485412615
Control,channel,F7_alpha_power,Cz_theta_beta_ratio,-0.13109196999166436,0.13109196999166436
Control,channel,F7_alpha_power,Pz_delta_power,0.2936926924145596,0.2936926924145596
Control,channel,F7_alpha_power,Pz_theta_power,0.603223117532648,0.603223117532648
Control,channel,F7_alpha_power,Pz_alpha_power,0.6769658238399555,0.6769658238399555
Control,channel,F7_alpha_power,Pz_beta_power,0.7013059183106418,0.7013059183106418
Control,channel,F7_alpha_power,Pz_theta_beta_ratio,-0.12064462350652959,0.12064462350652959
Control,channel,F7_beta_power,F7_theta_beta_ratio,-0.25179216449013614,0.25179216449013614
Control,channel,F7_beta_power,F8_delta_power,0.31519866629619336,0.31519866629619336
Control,channel,F7_beta_power,F8_theta_power,0.45156988052236735,0.45156988052236735
Control,channel,F7_beta_power,F8_alpha_power,0.5484856904695748,0.5484856904695748
Control,channel,F7_beta_power,F8_beta_power,0.6642400666851903,0.6642400666851903
Control,channel,F7_beta_power,F8_theta_beta_ratio,-0.11836621283689913,0.11836621283689913
Control,channel,F7_beta_power,T7_delta_power,0.08841344818005001,0.08841344818005001
Control,channel,F7_beta_power,T7_theta_power,0.2614059460961378,0.2614059460961378
Control,channel,F7_beta_power,T7_alpha_power,0.5256460127813282,0.5256460127813282
Control,channel,F7_beta_power,T7_beta_power,0.6308419005279244,0.6308419005279244
Control,channel,F7_beta_power,T7_theta_beta_ratio,-0.21928313420394555,0.21928313420394555
Control,channel,F7_beta_power,T8_delta_power,0.18616282300639067,0.18616282300639067
Control,channel,F7_beta_power,T8_theta_power,0.2742428452347874,0.2742428452347874
Control,channel,F7_beta_power,T8_alpha_power,0.3771047513198111,0.3771047513198111
Control,channel,F7_beta_power,T8_beta_power,0.5599888858016115,0.5599888858016115
Control,channel,F7_beta_power,T8_theta_beta_ratio,-0.2582939705473743,0.2582939705473743
Control,channel,F7_beta_power,P7_delta_power,0.21833842734092804,0.21833842734092804
Control,channel,F7_beta_power,P7_theta_power,0.2650736315643234,0.2650736315643234
Control,channel,F7_beta_power,P7_alpha_power,0.5553764934704084,0.5553764934704084
Control,channel,F7_beta_power,P7_beta_power,0.5444290080577938,0.5444290080577938
Control,channel,F7_beta_power,P7_theta_beta_ratio,-0.12725757154765213,0.12725757154765213
Control,channel,F7_beta_power,P8_delta_power,0.1189219227563212,0.1189219227563212
Control,channel,F7_beta_power,P8_theta_power,0.1811058627396499,0.1811058627396499
Control,channel,F7_beta_power,P8_alpha_power,0.43495415393164766,0.43495415393164766
Control,channel,F7_beta_power,P8_beta_power,0.6273409280355654,0.6273409280355654
Control,channel,F7_beta_power,P8_theta_beta_ratio,-0.3683245345929425,0.3683245345929425
Control,channel,F7_beta_power,Fz_delta_power,0.2512920255626563,0.2512920255626563
Control,channel,F7_beta_power,Fz_theta_power,0.454181717143651,0.454181717143651
Control,channel,F7_beta_power,Fz_alpha_power,0.5688246735204223,0.5688246735204223
Control,channel,F7_beta_power,Fz_beta_power,0.7157543762156154,0.7157543762156154
Control,channel,F7_beta_power,Fz_theta_beta_ratio,-0.3583773270352876,0.3583773270352876
Control,channel,F7_beta_power,Cz_delta_power,0.18027229786051682,0.18027229786051682
Control,channel,F7_beta_power,Cz_theta_power,0.31097527090858573,0.31097527090858573
Control,channel,F7_beta_power,Cz_alpha_power,0.33859405390386216,0.33859405390386216
Control,channel,F7_beta_power,Cz_beta_power,0.5257015837732704,0.5257015837732704
Control,channel,F7_beta_power,Cz_theta_beta_ratio,-0.2243400944706863,0.2243400944706863
Control,channel,F7_beta_power,Pz_delta_power,0.2288969158099472,0.2288969158099472
Control,channel,F7_beta_power,Pz_theta_power,0.42228396776882465,0.42228396776882465
Control,channel,F7_beta_power,Pz_alpha_power,0.5477076965823839,0.5477076965823839
Control,channel,F7_beta_power,Pz_beta_power,0.675465407057516,0.675465407057516
Control,channel,F7_beta_power,Pz_theta_beta_ratio,-0.3043623228674632,0.3043623228674632
Control,channel,F7_theta_beta_ratio,F8_delta_power,0.18521811614337316,0.18521811614337316
Control,channel,F7_theta_beta_ratio,F8_theta_power,0.11130869686023896,0.11130869686023896
Control,channel,F7_theta_beta_ratio,F8_alpha_power,0.011836621283689914,0.011836621283689914
Control,channel,F7_theta_beta_ratio,F8_beta_power,-0.17960544595721034,0.17960544595721034
Control,channel,F7_theta_beta_ratio,F8_theta_beta_ratio,0.3994442900805779,0.3994442900805779
Control,channel,F7_theta_beta_ratio,T7_delta_power,0.33653792720200054,0.33653792720200054
Control,channel,F7_theta_beta_ratio,T7_theta_power,0.4722978605168102,0.4722978605168102
Control,channel,F7_theta_beta_ratio,T7_alpha_power,0.11180883578771882,0.11180883578771882
Control,channel,F7_theta_beta_ratio,T7_beta_power,-0.09791608780216726,0.09791608780216726
Control,channel,F7_theta_beta_ratio,T7_theta_beta_ratio,0.6146151708808002,0.6146151708808002
Control,channel,F7_theta_beta_ratio,T8_delta_power,0.18577382606279522,0.18577382606279522
Control,channel,F7_theta_beta_ratio,T8_theta_power,0.1323145318143929,0.1323145318143929
Control,channel,F7_theta_beta_ratio,T8_alpha_power,-0.1090302861906085,0.1090302861906085
Control,channel,F7_theta_beta_ratio,T8_beta_power,-0.1802167268685746,0.1802167268685746
Control,channel,F7_theta_beta_ratio,T8_theta_beta_ratio,0.243123089747152,0.243123089747152
Control,channel,F7_theta_beta_ratio,P7_delta_power,0.31831064184495694,0.31831064184495694
Control,channel,F7_theta_beta_ratio,P7_theta_power,0.4385106974159489,0.4385106974159489
Control,channel,F7_theta_beta_ratio,P7_alpha_power,0.10969713809391497,0.10969713809391497
Control,channel,F7_theta_beta_ratio,P7_beta_power,0.08263406501806057,0.08263406501806057
Control,channel,F7_theta_beta_ratio,P7_theta_beta_ratio,0.4917477076965824,0.4917477076965824
Control,channel,F7_theta_beta_ratio,P8_delta_power,0.15382050569602668,0.15382050569602668
Control,channel,F7_theta_beta_ratio,P8_theta_power,0.09363712142261739,0.09363712142261739
Control,channel,F7_theta_beta_ratio,P8_alpha_power,-0.21678243956654628,0.21678243956654628
Control,channel,F7_theta_beta_ratio,P8_beta_power,-0.09174770769658239,0.09174770769658239
Control,channel,F7_theta_beta_ratio,P8_theta_beta_ratio,0.20928035565434844,0.20928035565434844
Control,channel,F7_theta_beta_ratio,Fz_delta_power,0.40527924423450956,0.40527924423450956
Control,channel,F7_theta_beta_ratio,Fz_theta_power,0.3101972770213948,0.3101972770213948
Control,channel,F7_theta_beta_ratio,Fz_alpha_power,-0.018505140316754654,0.018505140316754654
Control,channel,F7_theta_beta_ratio,Fz_beta_power,-0.24362322867463185,0.24362322867463185
Control,channel,F7_theta_beta_ratio,Fz_theta_beta_ratio,0.6901361489302584,0.6901361489302584
Control,channel,F7_theta_beta_ratio,Cz_delta_power,0.23628785773826064,0.23628785773826064
Control,channel,F7_theta_beta_ratio,Cz_theta_power,0.15098638510697415,0.15098638510697415
Control,channel,F7_theta_beta_ratio,Cz_alpha_power,-0.037454848569046954,0.037454848569046954
Control,channel,F7_theta_beta_ratio,Cz_beta_power,-0.20061128091136426,0.20061128091136426
Control,channel,F7_theta_beta_ratio,Cz_theta_beta_ratio,0.41894970825229233,0.41894970825229233
Control,channel,F7_theta_beta_ratio,Pz_delta_power,0.44334537371492083,0.44334537371492083
Control,channel,F7_theta_beta_ratio,Pz_theta_power,0.4082245068074465,0.4082245068074465
Control,channel,F7_theta_beta_ratio,Pz_alpha_power,-0.0846901917199222,0.0846901917199222
Control,channel,F7_theta_beta_ratio,Pz_beta_power,-0.20589052514587386,0.20589052514587386
Control,channel,F7_theta_beta_ratio,Pz_theta_beta_ratio,0.6248958043901084,0.6248958043901084
Control,channel,F8_delta_power,F8_theta_power,0.8293414837454849,0.8293414837454849
Control,channel,F8_delta_power,F8_alpha_power,0.6343428730202834,0.6343428730202834
Control,channel,F8_delta_power,F8_beta_power,0.5263128646846347,0.5263128646846347
Control,channel,F8_delta_power,F8_theta_beta_ratio,0.48074465129202554,0.48074465129202554
Control,channel,F8_delta_power,T7_delta_power,0.3020283412058905,0.3020283412058905
Control,channel,F8_delta_power,T7_theta_power,0.39977771603223117,0.39977771603223117
Control,channel,F8_delta_power,T7_alpha_power,0.36587941094748544,0.36587941094748544
Control,channel,F8_delta_power,T7_beta_power,0.2523478744095582,0.2523478744095582
Control,channel,F8_delta_power,T7_theta_beta_ratio,0.14531814392886913,0.14531814392886913
Control,channel,F8_delta_power,T8_delta_power,0.6493470408446791,0.6493470408446791
Control,channel,F8_delta_power,T8_theta_power,0.5355376493470408,0.5355376493470408
Control,channel,F8_delta_power,T8_alpha_power,0.3061405946096138,0.3061405946096138
Control,channel,F8_delta_power,T8_beta_power,0.35465407057515974,0.35465407057515974
Control,channel,F8_delta_power,T8_theta_beta_ratio,0.22172825784940262,0.22172825784940262
Control,channel,F8_delta_power,P7_delta_power,0.315643234231731,0.315643234231731
Control,channel,F8_delta_power,P7_theta_power,0.2925257015837733,0.2925257015837733
Control,channel,F8_delta_power,P7_alpha_power,0.32364545707140874,0.32364545707140874
Control,channel,F8_delta_power,P7_beta_power,0.3667685468185607,0.3667685468185607
Control,channel,F8_delta_power,P7_theta_beta_ratio,0.03612114476243401,0.03612114476243401
Control,channel,F8_delta_power,P8_delta_power,0.6056126701861628,0.6056126701861628
Control,channel,F8_delta_power,P8_theta_power,0.5439844401222562,0.5439844401222562
Control,channel,F8_delta_power,P8_alpha_power,0.2934148374548486,0.2934148374548486
Control,channel,F8_delta_power,P8_beta_power,0.37788274520700194,0.37788274520700194
Control,channel,F8_delta_power,P8_theta_beta_ratio,0.15648791330925257,0.15648791330925257
Control,channel,F8_delta_power,Fz_delta_power,0.5477632675743263,0.5477632675743263
Control,channel,F8_delta_power,Fz_theta_power,0.39222006112809116,0.39222006112809116
Control,channel,F8_delta_power,Fz_alpha_power,0.22428452347874409,0.22428452347874409
Control,channel,F8_delta_power,Fz_beta_power,0.21278132814670742,0.21278132814670742
Control,channel,F8_delta_power,Fz_theta_beta_ratio,0.09241455959988885,0.09241455959988885
Control,channel,F8_delta_power,Cz_delta_power,0.7422061683801056,0.7422061683801056
Control,channel,F8_delta_power,Cz_theta_power,0.49930536260072245,0.49930536260072245
Control,channel,F8_delta_power,Cz_alpha_power,0.24895804390108364,0.24895804390108364
Control,channel,F8_delta_power,Cz_beta_power,0.26712975826618507,0.26712975826618507
Control,channel,F8_delta_power,Cz_theta_beta_ratio,0.24712420116699083,0.24712420116699083
Control,channel,F8_delta_power,Pz_delta_power,0.44195609891636567,0.44195609891636567
Control,channel,F8_delta_power,Pz_theta_power,0.286246179494304,0.286246179494304
Control,channel,F8_delta_power,Pz_alpha_power,0.15076410113920533,0.15076410113920533
Control,channel,F8_delta_power,Pz_beta_power,0.16926924145595998,0.16926924145595998
Control,channel,F8_delta_power,Pz_theta_beta_ratio,0.06601833842734092,0.06601833842734092
Control,channel,F8_theta_power,F8_alpha_power,0.7895526535148653,0.7895526535148653
Control,channel,F8_theta_power,F8_beta_power,0.6426229508196721,0.6426229508196721
Control,channel,F8_theta_power,F8_theta_beta_ratio,0.5422617393720478,0.5422617393720478
Control,channel,F8_theta_power,T7_delta_power,0.19199777716032232,0.19199777716032232
Control,channel,F8_theta_power,T7_theta_power,0.4487357599333148,0.4487357599333148
Control,channel,F8_theta_power,T7_alpha_power,0.4335093081411503,0.4335093081411503
Control,channel,F8_theta_power,T7_beta_power,0.3240344540150042,0.3240344540150042
Control,channel,F8_theta_power,T7_theta_beta_ratio,0.07985551542095026,0.07985551542095026
Control,channel,F8_theta_power,T8_delta_power,0.5417060294526257,0.5417060294526257
Control,channel,F8_theta_power,T8_theta_power,0.654737427063073,0.654737427063073
Control,channel,F8_theta_power,T8_alpha_power,0.3857738260627952,0.3857738260627952
Control,channel,F8_theta_power,T8_beta_power,0.38971936649069183,0.38971936649069183
Control,channel,F8_theta_power,T8_theta_beta_ratio,0.26101694915254237,0.26101694915254237
Control,channel,F8_theta_power,P7_delta_power,0.2180050013892748,0.2180050013892748
Control,channel,F8_theta_power,P7_theta_power,0.3145873853848291,0.3145873853848291
Control,channel,F8_theta_power,P7_alpha_power,0.3272575715476521,0.3272575715476521
Control,channel,F8_theta_power,P7_beta_power,0.4243400944706863,0.4243400944706863
Control,channel,F8_theta_power,P7_theta_beta_ratio,-0.006335093081411503,0.006335093081411503
Control,channel,F8_theta_power,P8_delta_power,0.4353431508752431,0.4353431508752431
Control,channel,F8_theta_power,P8_theta_power,0.5712142261739372,0.5712142261739372
Control,channel,F8_theta_power,P8_alpha_power,0.33942761878299527,0.33942761878299527
Control,channel,F8_theta_power,P8_beta_power,0.39772158933036955,0.39772158933036955
Control,channel,F8_theta_power,P8_theta_beta_ratio,0.14465129202556265,0.14465129202556265
Control,channel,F8_theta_power,Fz_delta_power,0.42745207001944985,0.42745207001944985
Control,channel,F8_theta_power,Fz_theta_power,0.5269797165879411,0.5269797165879411
Control,channel,F8_theta_power,Fz_alpha_power,0.3648791330925257,0.3648791330925257
Control,channel,F8_theta_power,Fz_beta_power,0.3537093637121423,0.3537093637121423
Control,channel,F8_theta_power,Fz_theta_beta_ratio,0.07796610169491526,0.07796610169491526
Control,channel,F8_theta_power,Cz_delta_power,0.5845512642400666,0.5845512642400666
Control,channel,F8_theta_power,Cz_theta_power,0.6647402056126702,0.6647402056126702
Control,channel,F8_theta_power,Cz_alpha_power,0.34065018060572383,0.34065018060572383
Control,channel,F8_theta_power,Cz_beta_power,0.37004723534315087,0.37004723534315087
Control,channel,F8_theta_power,Cz_theta_beta_ratio,0.30241733814948596,0.30241733814948596
Control,channel,F8_theta_power,Pz_delta_power,0.3930536260072242,0.3930536260072242
Control,channel,F8_theta_power,Pz_theta_power,0.44217838288413447,0.44217838288413447
Control,channel,F8_theta_power,Pz_alpha_power,0.23906640733537093,0.23906640733537093
Control,channel,F8_theta_power,Pz_beta_power,0.2830786329535982,0.2830786329535982
Control,channel,F8_theta_power,Pz_theta_beta_ratio,0.04162267296471242,0.04162267296471242
Control,channel,F8_alpha_power,F8_beta_power,0.777604890247291,0.777604890247291
Control,channel,F8_alpha_power,F8_theta_beta_ratio,0.23456515698805225,0.23456515698805225
Control,channel,F8_alpha_power,T7_delta_power,0.07646568491247568,0.07646568491247568
Control,channel,F8_alpha_power,T7_theta_power,0.3891636565712698,0.3891636565712698
Control,channel,F8_alpha_power,T7_alpha_power,0.5737704918032787,0.5737704918032787
Control,channel,F8_alpha_power,T7_beta_power,0.450402889691581,0.450402889691581
Control,channel,F8_alpha_power,T7_theta_beta_ratio,-0.05846068352320089,0.05846068352320089
Control,channel,F8_alpha_power,T8_delta_power,0.409169213670464,0.409169213670464
Control,channel,F8_alpha_power,T8_theta_power,0.5696026674076132,0.5696026674076132
Control,channel,F8_alpha_power,T8_alpha_power,0.5961100305640455,0.5961100305640455
Control,channel,F8_alpha_power,T8_beta_power,0.47818838566268407,0.47818838566268407
Control,channel,F8_alpha_power,T8_theta_beta_ratio,0.09013614893025841,0.09013614893025841
Control,channel,F8_alpha_power,P7_delta_power,0.048680188941372604,0.048680188941372604
Control,channel,F8_alpha_power,P7_theta_power,0.23439844401222562,0.23439844401222562
Control,channel,F8_alpha_power,P7_alpha_power,0.46001667129758267,0.46001667129758267
Control,channel,F8_alpha_power,P7_beta_power,0.4174492914698527,0.4174492914698527
Control,channel,F8_alpha_power,P7_theta_beta_ratio,-0.09752709085857182,0.09752709085857182
Control,channel,F8_alpha_power,P8_delta_power,0.33842734092803556,0.33842734092803556
Control,channel,F8_alpha_power,P8_theta_power,0.46985273687135315,0.46985273687135315
Control,channel,F8_alpha_power,P8_alpha_power,0.5429285912753543,0.5429285912753543
Control,channel,F8_alpha_power,P8_beta_power,0.44362322867463183,0.44362322867463183
Control,channel,F8_alpha_power,P8_theta_beta_ratio,0.010558488469019172,0.010558488469019172
Control,channel,F8_alpha_power,Fz_delta_power,0.22761878299527646,0.22761878299527646
Control,channel,F8_alpha_power,Fz_theta_power,0.4935815504306752,0.4935815504306752
Control,channel,F8_alpha_power,Fz_alpha_power,0.571992220061128,0.571992220061128
Control,channel,F8_alpha_power,Fz_beta_power,0.5323145318143929,0.5323145318143929
Control,channel,F8_alpha_power,Fz_theta_beta_ratio,-0.10514031675465407,0.10514031675465407
Control,channel,F8_alpha_power,Cz_delta_power,0.4903584328980272,0.4903584328980272
Control,channel,F8_alpha_power,Cz_theta_power,0.612670186162823,0.612670186162823
Control,channel,F8_alpha_power,Cz_alpha_power,0.6356210058349542,0.6356210058349542
Control,channel,F8_alpha_power,Cz_beta_power,0.5671575437621561,0.5671575437621561
Control,channel,F8_alpha_power,Cz_theta_beta_ratio,0.053348152264517924,0.053348152264517924
Control,channel,F8_alpha_power,Pz_delta_power,0.20461239233120312,0.20461239233120312
Control,channel,F8_alpha_power,Pz_theta_power,0.42534037232564603,0.42534037232564603
Control,channel,F8_alpha_power,Pz_alpha_power,0.4727979994442901,0.4727979994442901
Control,channel,F8_alpha_power,Pz_beta_power,0.4405668241178105,0.4405668241178105
Control,channel,F8_alpha_power,Pz_theta_beta_ratio,-0.10263962211725479,0.10263962211725479
Control,channel,F8_beta_power,F8_theta_beta_ratio,-0.14520700194498473,0.14520700194498473
Control,channel,F8_beta_power,T7_delta_power,0.06974159488746874,0.06974159488746874
Control,channel,F8_beta_power,T7_theta_power,0.3116421228118922,0.3116421228118922
Control,channel,F8_beta_power,T7_alpha_power,0.38071686579605446,0.38071686579605446
Control,channel,F8_beta_power,T7_beta_power,0.4891358710752987,0.4891358710752987
Control,channel,F8_beta_power,T7_theta_beta_ratio,-0.15070853014726313,0.15070853014726313
Control,channel,F8_beta_power,T8_delta_power,0.2775771047513198,0.2775771047513198
Control,channel,F8_beta_power,T8_theta_power,0.3297026951931092,0.3297026951931092
Control,channel,F8_beta_power,T8_alpha_power,0.3610447346485135,0.3610447346485135
Control,channel,F8_beta_power,T8_beta_power,0.6471242011669909,0.6471242011669909
Control,channel,F8_beta_power,T8_theta_beta_ratio,-0.24973603778827452,0.24973603778827452
Control,channel,F8_beta_power,P7_delta_power,0.1000833564879133,0.1000833564879133
Control,channel,F8_beta_power,P7_theta_power,0.23445401500416782,0.23445401500416782
Control,channel,F8_beta_power,P7_alpha_power,0.3792164490136149,0.3792164490136149
Control,channel,F8_beta_power,P7_beta_power,0.45362600722422897,0.45362600722422897
Control,channel,F8_beta_power,P7_theta_beta_ratio,-0.15993331480966935,0.15993331480966935
Control,channel,F8_beta_power,P8_delta_power,0.24823562100583496,0.24823562100583496
Control,channel,F8_beta_power,P8_theta_power,0.2845790497360378,0.2845790497360378
Control,channel,F8_beta_power,P8_alpha_power,0.44206724090025007,0.44206724090025007
Control,channel,F8_beta_power,P8_beta_power,0.6183939983328702,0.6183939983328702
Control,channel,F8_beta_power,P8_theta_beta_ratio,-0.2637954987496527,0.2637954987496527
Control,channel,F8_beta_power,Fz_delta_power,0.2801333703806613,0.2801333703806613
Control,channel,F8_beta_power,Fz_theta_power,0.3953320366768547,0.3953320366768547
Control,channel,F8_beta_power,Fz_alpha_power,0.36549041400389,0.36549041400389
Control,channel,F8_beta_power,Fz_beta_power,0.5939983328702417,0.5939983328702417
Control,channel,F8_beta_power,Fz_theta_beta_ratio,-0.29947207557654903,0.29947207557654903
Control,channel,F8_beta_power,Cz_delta_power,0.39355376493470406,0.39355376493470406
Control,channel,F8_beta_power,Cz_theta_power,0.46901917199222004,0.46901917199222004
Control,channel,F8_beta_power,Cz_alpha_power,0.4612392331203112,0.4612392331203112
Control,channel,F8_beta_power,Cz_beta_power,0.6621283689913865,0.6621283689913865
Control,channel,F8_beta_power,Cz_theta_beta_ratio,-0.16660183384273408,0.16660183384273408
Control,channel,F8_beta_power,Pz_delta_power,0.20394554042789664,0.20394554042789664
Control,channel,F8_beta_power,Pz_theta_power,0.3451514309530425,0.3451514309530425
Control,channel,F8_beta_power,Pz_alpha_power,0.30680744651292025,0.30680744651292025
Control,channel,F8_beta_power,Pz_beta_power,0.4872464573492637,0.4872464573492637
Control,channel,F8_beta_power,Pz_theta_beta_ratio,-0.24001111419838844,0.24001111419838844
Control,channel,F8_theta_beta_ratio,T7_delta_power,0.04034454015004168,0.04034454015004168
Control,channel,F8_theta_beta_ratio,T7_theta_power,0.1820505696026674,0.1820505696026674
Control,channel,F8_theta_beta_ratio,T7_alpha_power,0.14231731036399,0.14231731036399
Control,channel,F8_theta_beta_ratio,T7_beta_power,-0.1298138371769936,0.1298138371769936
Control,channel,F8_theta_beta_ratio,T7_theta_beta_ratio,0.230452903584329,0.230452903584329
Control,channel,F8_theta_beta_ratio,T8_delta_power,0.3421505973881634,0.3421505973881634
Control,channel,F8_theta_beta_ratio,T8_theta_power,0.411058627396499,0.411058627396499
Control,channel,F8_theta_beta_ratio,T8_alpha_power,0.10147263128646847,0.10147263128646847
Control,channel,F8_theta_beta_ratio,T8_beta_power,-0.19472075576549042,0.19472075576549042
Control,channel,F8_theta_beta_ratio,T8_theta_beta_ratio,0.634231731036399,0.634231731036399
Control,channel,F8_theta_beta_ratio,P7_delta_power,0.023173103639899974,0.023173103639899974
Control,channel,F8_theta_beta_ratio,P7_theta_power,0.06062795220894693,0.06062795220894693
Control,channel,F8_theta_beta_ratio,P7_alpha_power,-0.02045012503473187,0.02045012503473187
Control,channel,F8_theta_beta_ratio,P7_beta_power,0.0765768268963601,0.0765768268963601
Control,channel,F8_theta_beta_ratio,P7_theta_beta_ratio,0.08913587107529869,0.08913587107529869
Control,channel,F8_theta_beta_ratio,P8_delta_power,0.19861072520144485,0.19861072520144485
Control,channel,F8_theta_beta_ratio,P8_theta_power,0.3398166157265907,0.3398166157265907
Control,channel,F8_theta_beta_ratio,P8_alpha_power,-0.03639899972214504,0.03639899972214504
Control,channel,F8_theta_beta_ratio,P8_beta_power,-0.10397332592386774,0.10397332592386774
Control,channel,F8_theta_beta_ratio,P8_theta_beta_ratio,0.4426785218116143,0.4426785218116143
Control,channel,F8_theta_beta_ratio,Fz_delta_power,0.18077243678799668,0.18077243678799668
Control,channel,F8_theta_beta_ratio,Fz_theta_power,0.1991108641289247,0.1991108641289247
Control,channel,F8_theta_beta_ratio,Fz_alpha_power,0.03684356765768269,0.03684356765768269
Control,channel,F8_theta_beta_ratio,Fz_beta_power,-0.187329813837177,0.187329813837177
Control,channel,F8_theta_beta_ratio,Fz_theta_beta_ratio,0.4511808835787719,0.4511808835787719
Control,channel,F8_theta_beta_ratio,Cz_delta_power,0.26968602389552654,0.26968602389552654
Control,channel,F8_theta_beta_ratio,Cz_theta_power,0.3064184495693248,0.3064184495693248
Control,channel,F8_theta_beta_ratio,Cz_alpha_power,-0.030230619616560154,0.030230619616560154
Control,channel,F8_theta_beta_ratio,Cz_beta_power,-0.2008335648791331,0.2008335648791331
Control,channel,F8_theta_beta_ratio,Cz_theta_beta_ratio,0.639622117254793,0.639622117254793
Control,channel,F8_theta_beta_ratio,Pz_delta_power,0.20316754654070576,0.20316754654070576
Control,channel,F8_theta_beta_ratio,Pz_theta_power,0.13464851347596554,0.13464851347596554
Control,channel,F8_theta_beta_ratio,Pz_alpha_power,-0.06323978883023063,0.06323978883023063
Control,channel,F8_theta_beta_ratio,Pz_beta_power,-0.17304806890803,0.17304806890803
Control,channel,F8_theta_beta_ratio,Pz_theta_beta_ratio,0.30497360377882743,0.30497360377882743
Control,channel,T7_delta_power,T7_theta_power,0.7126979716587941,0.7126979716587941
Control,channel,T7_delta_power,T7_alpha_power,0.4352875798833009,0.4352875798833009
Control,channel,T7_delta_power,T7_beta_power,0.16326757432620173,0.16326757432620173
Control,channel,T7_delta_power,T7_theta_beta_ratio,0.6256182272853571,0.6256182272853571
Control,channel,T7_delta_power,T8_delta_power,0.35748819116421227,0.35748819116421227
Control,channel,T7_delta_power,T8_theta_power,0.20116699083078632,0.20116699083078632
Control,channel,T7_delta_power,T8_alpha_power,-0.031564323423173106,0.031564323423173106
Control,channel,T7_delta_power,T8_beta_power,0.037621561544873575,0.037621561544873575
Control,channel,T7_delta_power,T8_theta_beta_ratio,0.11864406779661017,0.11864406779661017
Control,channel,T7_delta_power,P7_delta_power,0.7715476521255904,0.7715476521255904
Control,channel,T7_delta_power,P7_theta_power,0.6594053903862184,0.6594053903862184
Control,channel,T7_delta_power,P7_alpha_power,0.42656293414837454,0.42656293414837454
Control,channel,T7_delta_power,P7_beta_power,0.3823839955543206,0.3823839955543206
Control,channel,T7_delta_power,P7_theta_beta_ratio,0.4081133648235621,0.4081133648235621
Control,channel,T7_delta_power,P8_delta_power,0.354987496526813,0.354987496526813
Control,channel,T7_delta_power,P8_theta_power,0.3028619060850236,0.3028619060850236
Control,channel,T7_delta_power,P8_alpha_power,0.013670464017782718,0.013670464017782718
Control,channel,T7_delta_power,P8_beta_power,0.05518199499861073,0.05518199499861073
Control,channel,T7_delta_power,P8_theta_beta_ratio,0.11597666018338428,0.11597666018338428
Control,channel,T7_delta_power,Fz_delta_power,0.754987496526813,0.754987496526813
Control,channel,T7_delta_power,Fz_theta_power,0.31319811058627395,0.31319811058627395
Control,channel,T7_delta_power,Fz_alpha_power,0.1756599055293137,0.1756599055293137
Control,channel,T7_delta_power,Fz_beta_power,0.14804112253403723,0.14804112253403723
Control,channel,T7_delta_power,Fz_theta_beta_ratio,0.19627674353987218,0.19627674353987218
Control,channel,T7_delta_power,Cz_delta_power,0.4151153098082801,0.4151153098082801
Control,channel,T7_delta_power,Cz_theta_power,0.17515976660183386,0.17515976660183386
Control,channel,T7_delta_power,Cz_alpha_power,-0.03823284245623784,0.03823284245623784
Control,channel,T7_delta_power,Cz_beta_power,-0.07107529869408169,0.07107529869408169
Control,channel,T7_delta_power,Cz_theta_beta_ratio,0.21105862739649903,0.21105862739649903
Control,channel,T7_delta_power,Pz_delta_power,0.724534592942484,0.724534592942484
Control,channel,T7_delta_power,Pz_theta_power,0.4300083356487913,0.4300083356487913
Control,channel,T7_delta_power,Pz_alpha_power,0.17510419560989163,0.17510419560989163
Control,channel,T7_delta_power,Pz_beta_power,0.03901083634342873,0.03901083634342873
Control,channel,T7_delta_power,Pz_theta_beta_ratio,0.3875520978049458,0.3875520978049458
Control,channel,T7_theta_power,T7_alpha_power,0.618060572381217,0.618060572381217
Control,channel,T7_theta_power,T7_beta_power,0.3747151986662962,0.3747151986662962
Control,channel,T7_theta_power,T7_theta_beta_ratio,0.6634620727979994,0.6634620727979994
Control,channel,T7_theta_power,T8_delta_power,0.4734092803556543,0.4734092803556543
Control,channel,T7_theta_power,T8_theta_power,0.49535982217282576,0.49535982217282576
Control,channel,T7_theta_power,T8_alpha_power,0.24178938594053903,0.24178938594053903
Control,channel,T7_theta_power,T8_beta_power,0.19899972214504028,0.19899972214504028
Control,channel,T7_theta_power,T8_theta_beta_ratio,0.21528202278410669,0.21528202278410669
Control,channel,T7_theta_power,P7_delta_power,0.5823839955543206,0.5823839955543206
Control,channel,T7_theta_power,P7_theta_power,0.8397888302306196,0.8397888302306196
Control,channel,T7_theta_power,P7_alpha_power,0.5489858293970548,0.5489858293970548
Control,channel,T7_theta_power,P7_beta_power,0.4441789385940539,0.4441789385940539
Control,channel,T7_theta_power,P7_theta_beta_ratio,0.5375382050569603,0.5375382050569603
Control,channel,T7_theta_power,P8_delta_power,0.3874409558210614,0.3874409558210614
Control,channel,T7_theta_power,P8_theta_power,0.4695193109196999,0.4695193109196999
Control,channel,T7_theta_power,P8_alpha_power,0.1980550152820228,0.1980550152820228
Control,channel,T7_theta_power,P8_beta_power,0.16926924145595998,0.16926924145595998
Control,channel,T7_theta_power,P8_theta_beta_ratio,0.19572103362045012,0.19572103362045012
Control,channel,T7_theta_power,Fz_delta_power,0.667629897193665,0.667629897193665
Control,channel,T7_theta_power,Fz_theta_power,0.7054737427063074,0.7054737427063074
Control,channel,T7_theta_power,Fz_alpha_power,0.38316198944151153,0.38316198944151153
Control,channel,T7_theta_power,Fz_beta_power,0.3270908585718255,0.3270908585718255
Control,channel,T7_theta_power,Fz_theta_beta_ratio,0.35654348430119476,0.35654348430119476
Control,channel,T7_theta_power,Cz_delta_power,0.5518755209780495,0.5518755209780495
Control,channel,T7_theta_power,Cz_theta_power,0.5305918310641845,0.5305918310641845
Control,channel,T7_theta_power,Cz_alpha_power,0.28513475965545987,0.28513475965545987
Control,channel,T7_theta_power,Cz_beta_power,0.20111141983884412,0.20111141983884412
Control,channel,T7_theta_power,Cz_theta_beta_ratio,0.27618782995276464,0.27618782995276464
Control,channel,T7_theta_power,Pz_delta_power,0.6884690191719922,0.6884690191719922
Control,channel,T7_theta_power,Pz_theta_power,0.8173381494859683,0.8173381494859683
Control,channel,T7_theta_power,Pz_alpha_power,0.34292859127535424,0.34292859127535424
Control,channel,T7_theta_power,Pz_beta_power,0.26457349263684354,0.26457349263684354
Control,channel,T7_theta_power,Pz_theta_beta_ratio,0.49535982217282576,0.49535982217282576
Control,channel,T7_alpha_power,T7_beta_power,0.6414559599888858,0.6414559599888858
Control,channel,T7_alpha_power,T7_theta_beta_ratio,0.10258405112531259,0.10258405112531259
Control,channel,T7_alpha_power,T8_delta_power,0.20627952208946929,0.20627952208946929
Control,channel,T7_alpha_power,T8_theta_power,0.35448735759933314,0.35448735759933314
Control,channel,T7_alpha_power,T8_alpha_power,0.5499305362600723,0.5499305362600723
Control,channel,T7_alpha_power,T8_beta_power,0.30225062517365936,0.30225062517365936
Control,channel,T7_alpha_power,T8_theta_beta_ratio,-0.01567101972770214,0.01567101972770214
Control,channel,T7_alpha_power,P7_delta_power,0.3396499027507641,0.3396499027507641
Control,channel,T7_alpha_power,P7_theta_power,0.46257293692692414,0.46257293692692414
Control,channel,T7_alpha_power,P7_alpha_power,0.8070575159766602,0.8070575159766602
Control,channel,T7_alpha_power,P7_beta_power,0.512920255626563,0.512920255626563
Control,channel,T7_alpha_power,P7_theta_beta_ratio,0.08252292303417616,0.08252292303417616
Control,channel,T7_alpha_power,P8_delta_power,0.20516810225062518,0.20516810225062518
Control,channel,T7_alpha_power,P8_theta_power,0.28952486801889415,0.28952486801889415
Control,channel,T7_alpha_power,P8_alpha_power,0.4903584328980272,0.4903584328980272
Control,channel,T7_alpha_power,P8_beta_power,0.23173103639899972,0.23173103639899972
Control,channel,T7_alpha_power,P8_theta_beta_ratio,0.03901083634342873,0.03901083634342873
Control,channel,T7_alpha_power,Fz_delta_power,0.41255904417893857,0.41255904417893857
Control,channel,T7_alpha_power,Fz_theta_power,0.5603223117532647,0.5603223117532647
Control,channel,T7_alpha_power,Fz_alpha_power,0.8006112809113642,0.8006112809113642
Control,channel,T7_alpha_power,Fz_beta_power,0.6813003612114477,0.6813003612114477
Control,channel,T7_alpha_power,Fz_theta_beta_ratio,-0.1451514309530425,0.1451514309530425
Control,channel,T7_alpha_power,Cz_delta_power,0.3920533481522645,0.3920533481522645
Control,channel,T7_alpha_power,Cz_theta_power,0.4775215337593776,0.4775215337593776
Control,channel,T7_alpha_power,Cz_alpha_power,0.535593220338983,0.535593220338983
Control,channel,T7_alpha_power,Cz_beta_power,0.4416782439566546,0.4416782439566546
Control,channel,T7_alpha_power,Cz_theta_beta_ratio,0.016449013614893027,0.016449013614893027
Control,channel,T7_alpha_power,Pz_delta_power,0.38944151153098083,0.38944151153098083
Control,channel,T7_alpha_power,Pz_theta_power,0.533425951653237,0.533425951653237
Control,channel,T7_alpha_power,Pz_alpha_power,0.7752709085857182,0.7752709085857182
Control,channel,T7_alpha_power,Pz_beta_power,0.608613503751042,0.608613503751042
Control,channel,T7_alpha_power,Pz_theta_beta_ratio,-0.06918588496804667,0.06918588496804667
Control,channel,T7_beta_power,T7_theta_beta_ratio,-0.3559877743817727,0.3559877743817727
Control,channel,T7_beta_power,T8_delta_power,0.17788274520700195,0.17788274520700195
Control,channel,T7_beta_power,T8_theta_power,0.2442345095859961,0.2442345095859961
Control,channel,T7_beta_power,T8_alpha_power,0.48324534592942486,0.48324534592942486
Control,channel,T7_beta_power,T8_beta_power,0.6367879966657405,0.6367879966657405
Control,channel,T7_beta_power,T8_theta_beta_ratio,-0.33225896082245066,0.33225896082245066
Control,channel,T7_beta_power,P7_delta_power,0.20166712975826617,0.20166712975826617
Control,channel,T7_beta_power,P7_theta_power,0.2722978605168102,0.2722978605168102
Control,channel,T7_beta_power,P7_alpha_power,0.4912475687691025,0.4912475687691025
Control,channel,T7_beta_power,P7_beta_power,0.4947485412614615,0.4947485412614615
Control,channel,T7_beta_power,P7_theta_beta_ratio,-0.12358988607946651,0.12358988607946651
Control,channel,T7_beta_power,P8_delta_power,0.05268130036121145,0.05268130036121145
Control,channel,T7_beta_power,P8_theta_power,0.09897193664906918,0.09897193664906918
Control,channel,T7_beta_power,P8_alpha_power,0.3751041956098916,0.3751041956098916
Control,channel,T7_beta_power,P8_beta_power,0.34815226451792164,0.34815226451792164
Control,channel,T7_beta_power,P8_theta_beta_ratio,-0.17804945818282855,0.17804945818282855
Control,channel,T7_beta_power,Fz_delta_power,0.2857460405668241,0.2857460405668241
Control,channel,T7_beta_power,Fz_theta_power,0.4637954987496527,0.4637954987496527
Control,channel,T7_beta_power,Fz_alpha_power,0.6795776604612392,0.6795776604612392
Control,channel,T7_beta_power,Fz_beta_power,0.7813281467074187,0.7813281467074187
Control,channel,T7_beta_power,Fz_theta_beta_ratio,-0.3917199222006113,0.3917199222006113
Control,channel,T7_beta_power,Cz_delta_power,0.23756599055293137,0.23756599055293137
Control,channel,T7_beta_power,Cz_theta_power,0.34170602945262574,0.34170602945262574
Control,channel,T7_beta_power,Cz_alpha_power,0.502417338149486,0.502417338149486
Control,channel,T7_beta_power,Cz_beta_power,0.5908863573214782,0.5908863573214782
Control,channel,T7_beta_power,Cz_theta_beta_ratio,-0.29491525423728815,0.29491525423728815
Control,channel,T7_beta_power,Pz_delta_power,0.19883300916921368,0.19883300916921368
Control,channel,T7_beta_power,Pz_theta_power,0.4555709919422062,0.4555709919422062
Control,channel,T7_beta_power,Pz_alpha_power,0.6725757154765213,0.6725757154765213
Control,channel,T7_beta_power,Pz_beta_power,0.740983606557377,0.740983606557377
Control,channel,T7_beta_power,Pz_theta_beta_ratio,-0.326424006668519,0.326424006668519
Control,channel,T7_theta_beta_ratio,T8_delta_power,0.2828007779938872,0.2828007779938872
Control,channel,T7_theta_beta_ratio,T8_theta_power,0.21405946096137815,0.21405946096137815
Control,channel,T7_theta_beta_ratio,T8_alpha_power,-0.16999166435120866,0.16999166435120866
Control,channel,T7_theta_beta_ratio,T8_beta_power,-0.28235621005834954,0.28235621005834954
Control,channel,T7_theta_beta_ratio,T8_theta_beta_ratio,0.43262017227007504,0.43262017227007504
Control,channel,T7_theta_beta_ratio,P7_delta_power,0.45829397054737425,0.45829397054737425
Control,channel,T7_theta_beta_ratio,P7_theta_power,0.6108919144206724,0.6108919144206724
Control,channel,T7_theta_beta_ratio,P7_alpha_power,0.16198944151153097,0.16198944151153097
Control,channel,T7_theta_beta_ratio,P7_beta_power,0.05062517365934982,0.05062517365934982
Control,channel,T7_theta_beta_ratio,P7_theta_beta_ratio,0.6706307307585441,0.6706307307585441
Control,channel,T7_theta_beta_ratio,P8_delta_power,0.28413448180050016,0.28413448180050016
Control,channel,T7_theta_beta_ratio,P8_theta_power,0.2943595443178661,0.2943595443178661
Control,channel,T7_theta_beta_ratio,P8_alpha_power,-0.1307585440400111,0.1307585440400111
Control,channel,T7_theta_beta_ratio,P8_beta_power,-0.14359544317866074,0.14359544317866074
Control,channel,T7_theta_beta_ratio,P8_theta_beta_ratio,0.30658516254515145,0.30658516254515145
Control,channel,T7_theta_beta_ratio,Fz_delta_power,0.4893025840511253,0.4893025840511253
Control,channel,T7_theta_beta_ratio,Fz_theta_power,0.28891358710752985,0.28891358710752985
Control,channel,T7_theta_beta_ratio,Fz_alpha_power,-0.1530425118088358,0.1530425118088358
Control,channel,T7_theta_beta_ratio,Fz_beta_power,-0.29219227563212,0.29219227563212
Control,channel,T7_theta_beta_ratio,Fz_theta_beta_ratio,0.6846901917199222,0.6846901917199222
Control,channel,T7_theta_beta_ratio,Cz_delta_power,0.3080300083356488,0.3080300083356488
Control,channel,T7_theta_beta_ratio,Cz_theta_power,0.15248680188941371,0.15248680188941371
Control,channel,T7_theta_beta_ratio,Cz_alpha_power,-0.18677410391775492,0.18677410391775492
Control,channel,T7_theta_beta_ratio,Cz_beta_power,-0.3249791608780217,0.3249791608780217
Control,channel,T7_theta_beta_ratio,Cz_theta_beta_ratio,0.5103084190052792,0.5103084190052792
Control,channel,T7_theta_beta_ratio,Pz_delta_power,0.5583773270352875,0.5583773270352875
Control,channel,T7_theta_beta_ratio,Pz_theta_power,0.42845234787440956,0.42845234787440956
Control,channel,T7_theta_beta_ratio,Pz_alpha_power,-0.16793553764934704,0.16793553764934704
Control,channel,T7_theta_beta_ratio,Pz_beta_power,-0.31958877465962765,0.31958877465962765
Control,channel,T7_theta_beta_ratio,Pz_theta_beta_ratio,0.7966101694915254,0.7966101694915254
Control,channel,T8_delta_power,T8_theta_power,0.7728257849402612,0.7728257849402612
Control,channel,T8_delta_power,T8_alpha_power,0.3414281744929147,0.3414281744929147
Control,channel,T8_delta_power,T8_beta_power,0.31392053348152266,0.31392053348152266
Control,channel,T8_delta_power,T8_theta_beta_ratio,0.49930536260072245,0.49930536260072245
Control,channel,T8_delta_power,P7_delta_power,0.39038621839399834,0.39038621839399834
Control,channel,T8_delta_power,P7_theta_power,0.46023895526535147,0.46023895526535147
Control,channel,T8_delta_power,P7_alpha_power,0.23806612948041123,0.23806612948041123
Control,channel,T8_delta_power,P7_beta_power,0.21761600444567936,0.21761600444567936
Control,channel,T8_delta_power,P7_theta_beta_ratio,0.2858571825507085,0.2858571825507085
Control,channel,T8_delta_power,P8_delta_power,0.7004167824395665,0.7004167824395665
Control,channel,T8_delta_power,P8_theta_power,0.6373992775771048,0.6373992775771048
Control,channel,T8_delta_power,P8_alpha_power,0.302973048068908,0.302973048068908
Control,channel,T8_delta_power,P8_beta_power,0.36271186440677966,0.36271186440677966
Control,channel,T8_delta_power,P8_theta_beta_ratio,0.26446235065295914,0.26446235065295914
Control,channel,T8_delta_power,Fz_delta_power,0.41761600444567937,0.41761600444567937
Control,channel,T8_delta_power,Fz_theta_power,0.39894415115309806,0.39894415115309806
Control,channel,T8_delta_power,Fz_alpha_power,0.11836621283689913,0.11836621283689913
Control,channel,T8_delta_power,Fz_beta_power,0.15365379272020005,0.15365379272020005
Control,channel,T8_delta_power,Fz_theta_beta_ratio,0.23751041956098917,0.23751041956098917
Control,channel,T8_delta_power,Cz_delta_power,0.6749652681300361,0.6749652681300361
Control,channel,T8_delta_power,Cz_theta_power,0.40833564879133094,0.40833564879133094
Control,channel,T8_delta_power,Cz_alpha_power,0.1791608780216727,0.1791608780216727
Control,channel,T8_delta_power,Cz_beta_power,0.15915532092247847,0.15915532092247847
Control,channel,T8_delta_power,Cz_theta_beta_ratio,0.21600444567935537,0.21600444567935537
Control,channel,T8_delta_power,Pz_delta_power,0.4958043901083634,0.4958043901083634
Control,channel,T8_delta_power,Pz_theta_power,0.3781050291747708,0.3781050291747708
Control,channel,T8_delta_power,Pz_alpha_power,0.041900527924423454,0.041900527924423454
Control,channel,T8_delta_power,Pz_beta_power,0.10414003889969436,0.10414003889969436
Control,channel,T8_delta_power,Pz_theta_beta_ratio,0.23839955543206445,0.23839955543206445
Control,channel,T8_theta_power,T8_alpha_power,0.659016393442623,0.659016393442623
Control,channel,T8_theta_power,T8_beta_power,0.3972770213948319,0.3972770213948319
Control,channel,T8_theta_power,T8_theta_beta_ratio,0.5782161711586552,0.5782161711586552
Control,channel,T8_theta_power,P7_delta_power,0.17960544595721034,0.17960544595721034
Control,channel,T8_theta_power,P7_theta_power,0.3812725757154765,0.3812725757154765
Control,channel,T8_theta_power,P7_alpha_power,0.2521811614337316,0.2521811614337316
Control,channel,T8_theta_power,P7_beta_power,0.2171714365101417,0.2171714365101417
Control,channel,T8_theta_power,P7_theta_beta_ratio,0.20589052514587386,0.20589052514587386
Control,channel,T8_theta_power,P8_delta_power,0.5070297304806891,0.5070297304806891
Control,channel,T8_theta_power,P8_theta_power,0.7107529869408169,0.7107529869408169
Control,channel,T8_theta_power,P8_alpha_power,0.44545707140872465,0.44545707140872465
Control,channel,T8_theta_power,P8_beta_power,0.27357599333148097,0.27357599333148097
Control,channel,T8_theta_power,P8_theta_beta_ratio,0.39672131147540984,0.39672131147540984
Control,channel,T8_theta_power,Fz_delta_power,0.30886357321478186,0.30886357321478186
Control,channel,T8_theta_power,Fz_theta_power,0.6096137816060017,0.6096137816060017
Control,channel,T8_theta_power,Fz_alpha_power,0.41572659071964435,0.41572659071964435
Control,channel,T8_theta_power,Fz_beta_power,0.32553487079744375,0.32553487079744375
Control,channel,T8_theta_power,Fz_theta_beta_ratio,0.2459572103362045,0.2459572103362045
Control,channel,T8_theta_power,Cz_delta_power,0.6099472075576549,0.6099472075576549
Control,channel,T8_theta_power,Cz_theta_power,0.7503751041956099,0.7503751041956099
Control,channel,T8_theta_power,Cz_alpha_power,0.4492358988607947,0.4492358988607947
Control,channel,T8_theta_power,Cz_beta_power,0.3297026951931092,0.3297026951931092
Control,channel,T8_theta_power,Cz_theta_beta_ratio,0.4198944151153098,0.4198944151153098
Control,channel,T8_theta_power,Pz_delta_power,0.39349819394276186,0.39349819394276186
Control,channel,T8_theta_power,Pz_theta_power,0.5579327590997499,0.5579327590997499
Control,channel,T8_theta_power,Pz_alpha_power,0.2753542650736316,0.2753542650736316
Control,channel,T8_theta_power,Pz_beta_power,0.2837454848569047,0.2837454848569047
Control,channel,T8_theta_power,Pz_theta_beta_ratio,0.23234231731036398,0.23234231731036398
Control,channel,T8_alpha_power,T8_beta_power,0.5562100583495415,0.5562100583495415
Control,channel,T8_alpha_power,T8_theta_beta_ratio,0.14737427063073075,0.14737427063073075
Control,channel,T8_alpha_power,P7_delta_power,-0.07146429563767713,0.07146429563767713
Control,channel,T8_alpha_power,P7_theta_power,0.05712697971658794,0.05712697971658794
Control,channel,T8_alpha_power,P7_alpha_power,0.3412058905251459,0.3412058905251459
Control,channel,T8_alpha_power,P7_beta_power,0.19466518477354822,0.19466518477354822
Control,channel,T8_alpha_power,P7_theta_beta_ratio,-0.12959155320922477,0.12959155320922477
Control,channel,T8_alpha_power,P8_delta_power,0.1792164490136149,0.1792164490136149
Control,channel,T8_alpha_power,P8_theta_power,0.3757710475131981,0.3757710475131981
Control,channel,T8_alpha_power,P8_alpha_power,0.6534592942484023,0.6534592942484023
Control,channel,T8_alpha_power,P8_beta_power,0.2794665184773548,0.2794665184773548
Control,channel,T8_alpha_power,P8_theta_beta_ratio,0.12575715476521257,0.12575715476521257
Control,channel,T8_alpha_power,Fz_delta_power,0.06357321478188385,0.06357321478188385
Control,channel,T8_alpha_power,Fz_theta_power,0.43289802722978604,0.43289802722978604
Control,channel,T8_alpha_power,Fz_alpha_power,0.6651847735482078,0.6651847735482078
Control,channel,T8_alpha_power,Fz_beta_power,0.5294804112253404,0.5294804112253404
Control,channel,T8_alpha_power,Fz_theta_beta_ratio,-0.1648235621005835,0.1648235621005835
Control,channel,T8_alpha_power,Cz_delta_power,0.3584328980272298,0.3584328980272298
Control,channel,T8_alpha_power,Cz_theta_power,0.5713809391497638,0.5713809391497638
Control,channel,T8_alpha_power,Cz_alpha_power,0.7151986662961934,0.7151986662961934
Control,channel,T8_alpha_power,Cz_beta_power,0.5794943039733259,0.5794943039733259
Control,channel,T8_alpha_power,Cz_theta_beta_ratio,-0.0016115587663239788,0.0016115587663239788
Control,channel,T8_alpha_power,Pz_delta_power,0.09035843289802722,0.09035843289802722
Control,channel,T8_alpha_power,Pz_theta_power,0.28969158099472075,0.28969158099472075
Control,channel,T8_alpha_power,Pz_alpha_power,0.5773826062795221,0.5773826062795221
Control,channel,T8_alpha_power,Pz_beta_power,0.5281467074187274,0.5281467074187274
Control,channel,T8_alpha_power,Pz_theta_beta_ratio,-0.2432898027229786,0.2432898027229786
Control,channel,T8_beta_power,T8_theta_beta_ratio,-0.40522367324256736,0.40522367324256736
Control,channel,T8_beta_power,P7_delta_power,0.016060016671297583,0.016060016671297583
Control,channel,T8_beta_power,P7_theta_power,0.08980272297860517,0.08980272297860517
Control,channel,T8_beta_power,P7_alpha_power,0.1667685468185607,0.1667685468185607
Control,channel,T8_beta_power,P7_beta_power,0.24206724090025006,0.24206724090025006
Control,channel,T8_beta_power,P7_theta_beta_ratio,-0.16593498193942763,0.16593498193942763
Control,channel,T8_beta_power,P8_delta_power,0.17627118644067796,0.17627118644067796
Control,channel,T8_beta_power,P8_theta_power,0.18888580161155877,0.18888580161155877
Control,channel,T8_beta_power,P8_alpha_power,0.33942761878299527,0.33942761878299527
Control,channel,T8_beta_power,P8_beta_power,0.5176437899416505,0.5176437899416505
Control,channel,T8_beta_power,P8_theta_beta_ratio,-0.22545151430953042,0.22545151430953042
Control,channel,T8_beta_power,Fz_delta_power,0.19966657404834676,0.19966657404834676
Control,channel,T8_beta_power,Fz_theta_power,0.3591553209224785,0.3591553209224785
Control,channel,T8_beta_power,Fz_alpha_power,0.4170047235343151,0.4170047235343151
Control,channel,T8_beta_power,Fz_beta_power,0.5416504584606835,0.5416504584606835
Control,channel,T8_beta_power,Fz_theta_beta_ratio,-0.3164212281189219,0.3164212281189219
Control,channel,T8_beta_power,Cz_delta_power,0.35559877743817725,0.35559877743817725
Control,channel,T8_beta_power,Cz_theta_power,0.42734092803556545,0.42734092803556545
Control,channel,T8_beta_power,Cz_alpha_power,0.5271464295637677,0.5271464295637677
Control,channel,T8_beta_power,Cz_beta_power,0.6845234787440956,0.6845234787440956
Control,channel,T8_beta_power,Cz_theta_beta_ratio,-0.28152264517921644,0.28152264517921644
Control,channel,T8_beta_power,Pz_delta_power,0.12386774103917755,0.12386774103917755
Control,channel,T8_beta_power,Pz_theta_power,0.27813281467074186,0.27813281467074186
Control,channel,T8_beta_power,Pz_alpha_power,0.38705195887746596,0.38705195887746596
Control,channel,T8_beta_power,Pz_beta_power,0.535871075298694,0.535871075298694
Control,channel,T8_beta_power,Pz_theta_beta_ratio,-0.3050291747707697,0.3050291747707697
Control,channel,T8_theta_beta_ratio,P7_delta_power,0.09869408168935816,0.09869408168935816
Control,channel,T8_theta_beta_ratio,P7_theta_power,0.2017782717421506,0.2017782717421506
Control,channel,T8_theta_beta_ratio,P7_alpha_power,-0.025340372325646014,0.025340372325646014
Control,channel,T8_theta_beta_ratio,P7_beta_power,-0.118866351764379,0.118866351764379
Control,channel,T8_theta_beta_ratio,P7_theta_beta_ratio,0.3639899972214504,0.3639899972214504
Control,channel,T8_theta_beta_ratio,P8_delta_power,0.37004723534315087,0.37004723534315087
Control,channel,T8_theta_beta_ratio,P8_theta_power,0.5240344540150041,0.5240344540150041
Control,channel,T8_theta_beta_ratio,P8_alpha_power,0.10980828007779939,0.10980828007779939
Control,channel,T8_theta_beta_ratio,P8_beta_power,-0.2225062517365935,0.2225062517365935
Control,channel,T8_theta_beta_ratio,P8_theta_beta_ratio,0.6896360100027785,0.6896360100027785
Control,channel,T8_theta_beta_ratio,Fz_delta_power,0.07035287579883301,0.07035287579883301
Control,channel,T8_theta_beta_ratio,Fz_theta_power,0.15526535148652404,0.15526535148652404
Control,channel,T8_theta_beta_ratio,Fz_alpha_power,-0.0918588496804668,0.0918588496804668
Control,channel,T8_theta_beta_ratio,Fz_beta_power,-0.23123089747151987,0.23123089747151987
Control,channel,T8_theta_beta_ratio,Fz_theta_beta_ratio,0.4928591275354265,0.4928591275354265
Control,channel,T8_theta_beta_ratio,Cz_delta_power,0.27274242845234786,0.27274242845234786
Control,channel,T8_theta_beta_ratio,Cz_theta_power,0.290025006946374,0.290025006946374
Control,channel,T8_theta_beta_ratio,Cz_alpha_power,-0.07802167268685746,0.07802167268685746
Control,channel,T8_theta_beta_ratio,Cz_beta_power,-0.283023061961656,0.283023061961656
Control,channel,T8_theta_beta_ratio,Cz_theta_beta_ratio,0.6958043901083635,0.6958043901083635
Control,channel,T8_theta_beta_ratio,Pz_delta_power,0.20227841066963045,0.20227841066963045
Control,channel,T8_theta_beta_ratio,Pz_theta_power,0.1494859683245346,0.1494859683245346
Control,channel,T8_theta_beta_ratio,Pz_alpha_power,-0.17721589330369547,0.17721589330369547
Control,channel,T8_theta_beta_ratio,Pz_beta_power,-0.25823839955543204,0.25823839955543204
Control,channel,T8_theta_beta_ratio,Pz_theta_beta_ratio,0.4467907752153376,0.4467907752153376
Control,channel,P7_delta_power,P7_theta_power,0.8003889969435954,0.8003889969435954
Control,channel,P7_delta_power,P7_alpha_power,0.567935537649347,0.567935537649347
Control,channel,P7_delta_power,P7_beta_power,0.3783273131425396,0.3783273131425396
Control,channel,P7_delta_power,P7_theta_beta_ratio,0.5495415393164768,0.5495415393164768
Control,channel,P7_delta_power,P8_delta_power,0.48235621005834955,0.48235621005834955
Control,channel,P7_delta_power,P8_theta_power,0.3604334537371492,0.3604334537371492
Control,channel,P7_delta_power,P8_alpha_power,0.10013892747985552,0.10013892747985552
Control,channel,P7_delta_power,P8_beta_power,0.20483467629897192,0.20483467629897192
Control,channel,P7_delta_power,P8_theta_beta_ratio,0.08713531536537927,0.08713531536537927
Control,channel,P7_delta_power,Fz_delta_power,0.7837176993609336,0.7837176993609336
Control,channel,P7_delta_power,Fz_theta_power,0.3304806890803001,0.3304806890803001
Control,channel,P7_delta_power,Fz_alpha_power,0.1117532647957766,0.1117532647957766
Control,channel,P7_delta_power,Fz_beta_power,0.14398444012225617,0.14398444012225617
Control,channel,P7_delta_power,Fz_theta_beta_ratio,0.2082245068074465,0.2082245068074465
Control,channel,P7_delta_power,Cz_delta_power,0.33198110586273966,0.33198110586273966
Control,channel,P7_delta_power,Cz_theta_power,0.03634342873020283,0.03634342873020283
Control,channel,P7_delta_power,Cz_alpha_power,-0.15004167824395664,0.15004167824395664
Control,channel,P7_delta_power,Cz_beta_power,-0.13548207835509865,0.13548207835509865
Control,channel,P7_delta_power,Cz_theta_beta_ratio,0.1927757710475132,0.1927757710475132
Control,channel,P7_delta_power,Pz_delta_power,0.8737982772992497,0.8737982772992497
Control,channel,P7_delta_power,Pz_theta_power,0.4476799110864129,0.4476799110864129
Control,channel,P7_delta_power,Pz_alpha_power,0.09113642678521812,0.09113642678521812
Control,channel,P7_delta_power,Pz_beta_power,0.06835232008891359,0.06835232008891359
Control,channel,P7_delta_power,Pz_theta_beta_ratio,0.34153931647679914,0.34153931647679914
Control,channel,P7_theta_power,P7_alpha_power,0.6479021950541817,0.6479021950541817
Control,channel,P7_theta_power,P7_beta_power,0.39683245345929424,0.39683245345929424
Control,channel,P7_theta_power,P7_theta_beta_ratio,0.7088635732147819,0.7088635732147819
Control,channel,P7_theta_power,P8_delta_power,0.4850791886635176,0.4850791886635176
Control,channel,P7_theta_power,P8_theta_power,0.4992497916087802,0.4992497916087802
Control,channel,P7_theta_power,P8_alpha_power,0.20761322589608225,0.20761322589608225
Control,channel,P7_theta_power,P8_beta_power,0.19627674353987218,0.19627674353987218
Control,channel,P7_theta_power,P8_theta_beta_ratio,0.2064462350652959,0.2064462350652959
Control,channel,P7_theta_power,Fz_delta_power,0.6950819672131148,0.6950819672131148
Control,channel,P7_theta_power,Fz_theta_power,0.6023339816615727,0.6023339816615727
Control,channel,P7_theta_power,Fz_alpha_power,0.23189774937482635,0.23189774937482635
Control,channel,P7_theta_power,Fz_beta_power,0.24806890803000833,0.24806890803000833
Control,channel,P7_theta_power,Fz_theta_beta_ratio,0.36171158655181995,0.36171158655181995
Control,channel,P7_theta_power,Cz_delta_power,0.4395665462628508,0.4395665462628508
Control,channel,P7_theta_power,Cz_theta_power,0.3145873853848291,0.3145873853848291
Control,channel,P7_theta_power,Cz_alpha_power,0.07452070019449847,0.07452070019449847
Control,channel,P7_theta_power,Cz_beta_power,0.04151153098082801,0.04151153098082801
Control,channel,P7_theta_power,Cz_theta_beta_ratio,0.2424006668519033,0.2424006668519033
Control,channel,P7_theta_power,Pz_delta_power,0.8098360655737705,0.8098360655737705
Control,channel,P7_theta_power,Pz_theta_power,0.7608224506807446,0.7608224506807446
Control,channel,P7_theta_power,Pz_alpha_power,0.21555987774381774,0.21555987774381774
Control,channel,P7_theta_power,Pz_beta_power,0.1882189497082523,0.1882189497082523
Control,channel,P7_theta_power,Pz_theta_beta_ratio,0.5178105029174771,0.5178105029174771
Control,channel,P7_alpha_power,P7_beta_power,0.5919977771603223,0.5919977771603223
Control,channel,P7_alpha_power,P7_theta_beta_ratio,0.20027785495971104,0.20027785495971104
Control,channel,P7_alpha_power,P8_delta_power,0.30152820227841065,0.30152820227841065
Control,channel,P7_alpha_power,P8_theta_power,0.29585996110030566,0.29585996110030566
Control,channel,P7_alpha_power,P8_alpha_power,0.5084745762711864,0.5084745762711864
Control,channel,P7_alpha_power,P8_beta_power,0.3530425118088358,0.3530425118088358
Control,channel,P7_alpha_power,P8_theta_beta_ratio,-0.06701861628230064,0.06701861628230064
Control,channel,P7_alpha_power,Fz_delta_power,0.4820783550986385,0.4820783550986385
Control,channel,P7_alpha_power,Fz_theta_power,0.4512920255626563,0.4512920255626563
Control,channel,P7_alpha_power,Fz_alpha_power,0.5816060016671297,0.5816060016671297
Control,channel,P7_alpha_power,Fz_beta_power,0.5799388719088636,0.5799388719088636
Control,channel,P7_alpha_power,Fz_theta_beta_ratio,-0.12642400666851902,0.12642400666851902
Control,channel,P7_alpha_power,Cz_delta_power,0.30880800222283966,0.30880800222283966
Control,channel,P7_alpha_power,Cz_theta_power,0.2562934148374548,0.2562934148374548
Control,channel,P7_alpha_power,Cz_alpha_power,0.3026396221172548,0.3026396221172548
Control,channel,P7_alpha_power,Cz_beta_power,0.24356765768268965,0.24356765768268965
Control,channel,P7_alpha_power,Cz_theta_beta_ratio,0.016004445679355377,0.016004445679355377
Control,channel,P7_alpha_power,Pz_delta_power,0.4819116421228119,0.4819116421228119
Control,channel,P7_alpha_power,Pz_theta_power,0.4971936649069186,0.4971936649069186
Control,channel,P7_alpha_power,Pz_alpha_power,0.5933314809669352,0.5933314809669352
Control,channel,P7_alpha_power,Pz_beta_power,0.4895248680188941,0.4895248680188941
Control,channel,P7_alpha_power,Pz_theta_beta_ratio,0.009836065573770493,0.009836065573770493
Control,channel,P7_beta_power,P7_theta_beta_ratio,-0.2731869963878855,0.2731869963878855
Control,channel,P7_beta_power,P8_delta_power,0.11180883578771882,0.11180883578771882
Control,channel,P7_beta_power,P8_theta_power,0.17593776048902474,0.17593776048902474
Control,channel,P7_beta_power,P8_alpha_power,0.31414281744929146,0.31414281744929146
Control,channel,P7_beta_power,P8_beta_power,0.40522367324256736,0.40522367324256736
Control,channel,P7_beta_power,P8_theta_beta_ratio,-0.21572659071964434,0.21572659071964434
Control,channel,P7_beta_power,Fz_delta_power,0.43817727146429564,0.43817727146429564
Control,channel,P7_beta_power,Fz_theta_power,0.3749930536260072,0.3749930536260072
Control,channel,P7_beta_power,Fz_alpha_power,0.4308974715198666,0.4308974715198666
Control,channel,P7_beta_power,Fz_beta_power,0.48885801611558766,0.48885801611558766
Control,channel,P7_beta_power,Fz_theta_beta_ratio,-0.11769936093359266,0.11769936093359266
Control,channel,P7_beta_power,Cz_delta_power,0.2859127535426507,0.2859127535426507
Control,channel,P7_beta_power,Cz_theta_power,0.26090580716865797,0.26090580716865797
Control,channel,P7_beta_power,Cz_alpha_power,0.19872186718532925,0.19872186718532925
Control,channel,P7_beta_power,Cz_beta_power,0.2342873020283412,0.2342873020283412
Control,channel,P7_beta_power,Cz_theta_beta_ratio,0.01089191442067241,0.01089191442067241
Control,channel,P7_beta_power,Pz_delta_power,0.3539872186718533,0.3539872186718533
Control,channel,P7_beta_power,Pz_theta_power,0.40333425951653235,0.40333425951653235
Control,channel,P7_beta_power,Pz_alpha_power,0.4416226729647124,0.4416226729647124
Control,channel,P7_beta_power,Pz_beta_power,0.4090580716865796,0.4090580716865796
Control,channel,P7_beta_power,Pz_theta_beta_ratio,-0.07991108641289248,0.07991108641289248
Control,channel,P7_theta_beta_ratio,P8_delta_power,0.4005001389274799,0.4005001389274799
Control,channel,P7_theta_beta_ratio,P8_theta_power,0.35215337593776047,0.35215337593776047
Control,channel,P7_theta_beta_ratio,P8_alpha_power,-0.03339816615726591,0.03339816615726591
Control,channel,P7_theta_beta_ratio,P8_beta_power,-0.13020283412058906,0.13020283412058906
Control,channel,P7_theta_beta_ratio,P8_theta_beta_ratio,0.4289524868018894,0.4289524868018894
Control,channel,P7_theta_beta_ratio,Fz_delta_power,0.4277854959711031,0.4277854959711031
Control,channel,P7_theta_beta_ratio,Fz_theta_power,0.38077243678799666,0.38077243678799666
Control,channel,P7_theta_beta_ratio,Fz_alpha_power,-0.0702417338149486,0.0702417338149486
Control,channel,P7_theta_beta_ratio,Fz_beta_power,-0.1413726035009725,0.1413726035009725
Control,channel,P7_theta_beta_ratio,Fz_theta_beta_ratio,0.5839955543206446,0.5839955543206446
Control,channel,P7_theta_beta_ratio,Cz_delta_power,0.24629063628785774,0.24629063628785774
Control,channel,P7_theta_beta_ratio,Cz_theta_power,0.11097527090858572,0.11097527090858572
Control,channel,P7_theta_beta_ratio,Cz_alpha_power,-0.13053626007224228,0.13053626007224228
Control,channel,P7_theta_beta_ratio,Cz_beta_power,-0.1874409558210614,0.1874409558210614
Control,channel,P7_theta_beta_ratio,Cz_theta_beta_ratio,0.3516532370102806,0.3516532370102806
Control,channel,P7_theta_beta_ratio,Pz_delta_power,0.5663795498749653,0.5663795498749653
Control,channel,P7_theta_beta_ratio,Pz_theta_power,0.47507641011392054,0.47507641011392054
Control,channel,P7_theta_beta_ratio,Pz_alpha_power,-0.12481244790219505,0.12481244790219505
Control,channel,P7_theta_beta_ratio,Pz_beta_power,-0.13487079744373437,0.13487079744373437
Control,channel,P7_theta_beta_ratio,Pz_theta_beta_ratio,0.6726868574604057,0.6726868574604057
Control,channel,P8_delta_power,P8_theta_power,0.8325646012781328,0.8325646012781328
Control,channel,P8_delta_power,P8_alpha_power,0.442845234787441,0.442845234787441
Control,channel,P8_delta_power,P8_beta_power,0.2956376771325368,0.2956376771325368
Control,channel,P8_delta_power,P8_theta_beta_ratio,0.44629063628785776,0.44629063628785776
Control,channel,P8_delta_power,Fz_delta_power,0.4493470408446791,0.4493470408446791
Control,channel,P8_delta_power,Fz_theta_power,0.33214781883856626,0.33214781883856626
Control,channel,P8_delta_power,Fz_alpha_power,0.0504584606835232,0.0504584606835232
Control,channel,P8_delta_power,Fz_beta_power,0.11425395943317589,0.11425395943317589
Control,channel,P8_delta_power,Fz_theta_beta_ratio,0.11942206168380105,0.11942206168380105
Control,channel,P8_delta_power,Cz_delta_power,0.8246179494303973,0.8246179494303973
Control,channel,P8_delta_power,Cz_theta_power,0.3821617115865518,0.3821617115865518
Control,channel,P8_delta_power,Cz_alpha_power,0.15987774381772715,0.15987774381772715
Control,channel,P8_delta_power,Cz_beta_power,0.18093914976382328,0.18093914976382328
Control,channel,P8_delta_power,Cz_theta_beta_ratio,0.19433175882189496,0.19433175882189496
Control,channel,P8_delta_power,Pz_delta_power,0.5396499027507641,0.5396499027507641
Control,channel,P8_delta_power,Pz_theta_power,0.3113642678521812,0.3113642678521812
Control,channel,P8_delta_power,Pz_alpha_power,0.05195887746596277,0.05195887746596277
Control,channel,P8_delta_power,Pz_beta_power,0.03906640733537094,0.03906640733537094
Control,channel,P8_delta_power,Pz_theta_beta_ratio,0.2368991386496249,0.2368991386496249
Control,channel,P8_theta_power,P8_alpha_power,0.6082245068074466,0.6082245068074466
Control,channel,P8_theta_power,P8_beta_power,0.28546818560711307,0.28546818560711307
Control,channel,P8_theta_power,P8_theta_beta_ratio,0.5635454292859128,0.5635454292859128
Control,channel,P8_theta_power,Fz_delta_power,0.4245623784384551,0.4245623784384551
Control,channel,P8_theta_power,Fz_theta_power,0.4641289247013059,0.4641289247013059
Control,channel,P8_theta_power,Fz_alpha_power,0.22361767157543763,0.22361767157543763
Control,channel,P8_theta_power,Fz_beta_power,0.17760489024729093,0.17760489024729093
Control,channel,P8_theta_power,Fz_theta_beta_ratio,0.20111141983884412,0.20111141983884412
Control,channel,P8_theta_power,Cz_delta_power,0.7826618505140317,0.7826618505140317
Control,channel,P8_theta_power,Cz_theta_power,0.6544040011114198,0.6544040011114198
Control,channel,P8_theta_power,Cz_alpha_power,0.3285912753542651,0.3285912753542651
Control,channel,P8_theta_power,Cz_beta_power,0.28035565434843013,0.28035565434843013
Control,channel,P8_theta_power,Cz_theta_beta_ratio,0.3773270352875799,0.3773270352875799
Control,channel,P8_theta_power,Pz_delta_power,0.5201444845790497,0.5201444845790497
Control,channel,P8_theta_power,Pz_theta_power,0.47529869408168934,0.47529869408168934
Control,channel,P8_theta_power,Pz_alpha_power,0.17988330091692137,0.17988330091692137
Control,channel,P8_theta_power,Pz_beta_power,0.154987496526813,0.154987496526813
Control,channel,P8_theta_power,Pz_theta_beta_ratio,0.2775771047513198,0.2775771047513198
Control,channel,P8_alpha_power,P8_beta_power,0.49435954431786605,0.49435954431786605
Control,channel,P8_alpha_power,P8_theta_beta_ratio,0.14198388441233675,0.14198388441233675
Control,channel,P8_alpha_power,Fz_delta_power,0.203500972492359,0.203500972492359
Control,channel,P8_alpha_power,Fz_theta_power,0.3488191164212281,0.3488191164212281
Control,channel,P8_alpha_power,Fz_alpha_power,0.550930814115032,0.550930814115032
Control,channel,P8_alpha_power,Fz_beta_power,0.5245345929424841,0.5245345929424841
Control,channel,P8_alpha_power,Fz_theta_beta_ratio,-0.2287302028341206,0.2287302028341206
Control,channel,P8_alpha_power,Cz_delta_power,0.4944706863017505,0.4944706863017505
Control,channel,P8_alpha_power,Cz_theta_power,0.5155876632397889,0.5155876632397889
Control,channel,P8_alpha_power,Cz_alpha_power,0.6271186440677966,0.6271186440677966
Control,channel,P8_alpha_power,Cz_beta_power,0.5862739649902751,0.5862739649902751
Control,channel,P8_alpha_power,Cz_theta_beta_ratio,-0.05779383161989442,0.05779383161989442
Control,channel,P8_alpha_power,Pz_delta_power,0.19927757710475133,0.19927757710475133
Control,channel,P8_alpha_power,Pz_theta_power,0.25979438732981386,0.25979438732981386
Control,channel,P8_alpha_power,Pz_alpha_power,0.5378160600166713,0.5378160600166713
Control,channel,P8_alpha_power,Pz_beta_power,0.4846901917199222,0.4846901917199222
Control,channel,P8_alpha_power,Pz_theta_beta_ratio,-0.20383439844401222,0.20383439844401222
Control,channel,P8_beta_power,P8_theta_beta_ratio,-0.5327035287579883,0.5327035287579883
Control,channel,P8_beta_power,Fz_delta_power,0.3017504862461795,0.3017504862461795
Control,channel,P8_beta_power,Fz_theta_power,0.304306751875521,0.304306751875521
Control,channel,P8_beta_power,Fz_alpha_power,0.2677410391775493,0.2677410391775493
Control,channel,P8_beta_power,Fz_beta_power,0.47941094748541263,0.47941094748541263
Control,channel,P8_beta_power,Fz_theta_beta_ratio,-0.2594053903862184,0.2594053903862184
Control,channel,P8_beta_power,Cz_delta_power,0.3332592386774104,0.3332592386774104
Control,channel,P8_beta_power,Cz_theta_power,0.31758821894970823,0.31758821894970823
Control,channel,P8_beta_power,Cz_alpha_power,0.33031397610447344,0.33031397610447344
Control,channel,P8_beta_power,Cz_beta_power,0.5394276187829953,0.5394276187829953
Control,channel,P8_beta_power,Cz_theta_beta_ratio,-0.2530147263128647,0.2530147263128647
Control,channel,P8_beta_power,Pz_delta_power,0.2539594331758822,0.2539594331758822
Control,channel,P8_beta_power,Pz_theta_power,0.268185607113087,0.268185607113087
Control,channel,P8_beta_power,Pz_alpha_power,0.237732703528758,0.237732703528758
Control,channel,P8_beta_power,Pz_beta_power,0.4310641844956932,0.4310641844956932
Control,channel,P8_beta_power,Pz_theta_beta_ratio,-0.23306474020561266,0.23306474020561266
Control,channel,P8_theta_beta_ratio,Fz_delta_power,0.06863017504862462,0.06863017504862462
Control,channel,P8_theta_beta_ratio,Fz_theta_power,0.12642400666851902,0.12642400666851902
Control,channel,P8_theta_beta_ratio,Fz_alpha_power,-0.032731314253959434,0.032731314253959434
Control,channel,P8_theta_beta_ratio,Fz_beta_power,-0.2097249235898861,0.2097249235898861
Control,channel,P8_theta_beta_ratio,Fz_theta_beta_ratio,0.37449291469852736,0.37449291469852736
Control,channel,P8_theta_beta_ratio,Cz_delta_power,0.3769936093359266,0.3769936093359266
Control,channel,P8_theta_beta_ratio,Cz_theta_power,0.3116421228118922,0.3116421228118922
Control,channel,P8_theta_beta_ratio,Cz_alpha_power,0.048346762989719363,0.048346762989719363
Control,channel,P8_theta_beta_ratio,Cz_beta_power,-0.1431508752431231,0.1431508752431231
Control,channel,P8_theta_beta_ratio,Cz_theta_beta_ratio,0.5788274520700194,0.5788274520700194
Control,channel,P8_theta_beta_ratio,Pz_delta_power,0.1820505696026674,0.1820505696026674
Control,channel,P8_theta_beta_ratio,Pz_theta_power,0.1099194220616838,0.1099194220616838
Control,channel,P8_theta_beta_ratio,Pz_alpha_power,-0.07340928035565435,0.07340928035565435
Control,channel,P8_theta_beta_ratio,Pz_beta_power,-0.19672131147540983,0.19672131147540983
Control,channel,P8_theta_beta_ratio,Pz_theta_beta_ratio,0.37799388719088634,0.37799388719088634
Control,channel,Fz_delta_power,Fz_theta_power,0.5497082522923035,0.5497082522923035
Control,channel,Fz_delta_power,Fz_alpha_power,0.26007224228952486,0.26007224228952486
Control,channel,Fz_delta_power,Fz_beta_power,0.23306474020561266,0.23306474020561266
Control,channel,Fz_delta_power,Fz_theta_beta_ratio,0.3145318143928869,0.3145318143928869
Control,channel,Fz_delta_power,Cz_delta_power,0.5732703528757989,0.5732703528757989
Control,channel,Fz_delta_power,Cz_theta_power,0.31825507085301474,0.31825507085301474
Control,channel,Fz_delta_power,Cz_alpha_power,0.012003334259516532,0.012003334259516532
Control,channel,Fz_delta_power,Cz_beta_power,0.013225896082245068,0.013225896082245068
Control,channel,Fz_delta_power,Cz_theta_beta_ratio,0.36515698805223673,0.36515698805223673
Control,channel,Fz_delta_power,Pz_delta_power,0.8656849124756877,0.8656849124756877
Control,channel,Fz_delta_power,Pz_theta_power,0.5198666296193387,0.5198666296193387
Control,channel,Fz_delta_power,Pz_alpha_power,0.18710752986940818,0.18710752986940818
Control,channel,Fz_delta_power,Pz_beta_power,0.11041956098916365,0.11041956098916365
Control,channel,Fz_delta_power,Pz_theta_beta_ratio,0.39799944429008055,0.39799944429008055
Control,channel,Fz_theta_power,Fz_alpha_power,0.6761878299527646,0.6761878299527646
Control,channel,Fz_theta_power,Fz_beta_power,0.5794943039733259,0.5794943039733259
Control,channel,Fz_theta_power,Fz_theta_beta_ratio,0.3282022784106696,0.3282022784106696
Control,channel,Fz_theta_power,Cz_delta_power,0.5313142539594332,0.5313142539594332
Control,channel,Fz_theta_power,Cz_theta_power,0.704584606835232,0.704584606835232
Control,channel,Fz_theta_power,Cz_alpha_power,0.45984995832175607,0.45984995832175607
Control,channel,Fz_theta_power,Cz_beta_power,0.42311753264795776,0.42311753264795776
Control,channel,Fz_theta_power,Cz_theta_beta_ratio,0.237732703528758,0.237732703528758
Control,channel,Fz_theta_power,Pz_delta_power,0.5322033898305085,0.5322033898305085
Control,channel,Fz_theta_power,Pz_theta_power,0.8100027785495971,0.8100027785495971
Control,channel,Fz_theta_power,Pz_alpha_power,0.4969158099472076,0.4969158099472076
Control,channel,Fz_theta_power,Pz_beta_power,0.46018338427340927,0.46018338427340927
Control,channel,Fz_theta_power,Pz_theta_beta_ratio,0.2957488191164212,0.2957488191164212
Control,channel,Fz_alpha_power,Fz_beta_power,0.816449013614893,0.816449013614893
Control,channel,Fz_alpha_power,Fz_theta_beta_ratio,-0.1963878855237566,0.1963878855237566
Control,channel,Fz_alpha_power,Cz_delta_power,0.31508752431230896,0.31508752431230896
Control,channel,Fz_alpha_power,Cz_theta_power,0.567379827729925,0.567379827729925
Control,channel,Fz_alpha_power,Cz_alpha_power,0.7018060572381217,0.7018060572381217
Control,channel,Fz_alpha_power,Cz_beta_power,0.6091692136704641,0.6091692136704641
Control,channel,Fz_alpha_power,Cz_theta_beta_ratio,-0.0874131703250903,0.0874131703250903
Control,channel,Fz_alpha_power,Pz_delta_power,0.20600166712975826,0.20600166712975826
Control,channel,Fz_alpha_power,Pz_theta_power,0.5187552097804946,0.5187552097804946
Control,channel,Fz_alpha_power,Pz_alpha_power,0.8610169491525423,0.8610169491525423
Control,channel,Fz_alpha_power,Pz_beta_power,0.7222006112809114,0.7222006112809114
Control,channel,Fz_alpha_power,Pz_theta_beta_ratio,-0.19577660461239232,0.19577660461239232
Control,channel,Fz_beta_power,Fz_theta_beta_ratio,-0.48674631842178384,0.48674631842178384
Control,channel,Fz_beta_power,Cz_delta_power,0.3039733259238677,0.3039733259238677
Control,channel,Fz_beta_power,Cz_theta_power,0.4948041122534037,0.4948041122534037
Control,channel,Fz_beta_power,Cz_alpha_power,0.5942206168380105,0.5942206168380105
Control,channel,Fz_beta_power,Cz_beta_power,0.7255904417893859,0.7255904417893859
Control,channel,Fz_beta_power,Cz_theta_beta_ratio,-0.2694637399277577,0.2694637399277577
Control,channel,Fz_beta_power,Pz_delta_power,0.1583773270352876,0.1583773270352876
Control,channel,Fz_beta_power,Pz_theta_power,0.45301472631286466,0.45301472631286466
Control,channel,Fz_beta_power,Pz_alpha_power,0.7558766323978883,0.7558766323978883
Control,channel,Fz_beta_power,Pz_beta_power,0.8424562378438455,0.8424562378438455
Control,channel,Fz_beta_power,Pz_theta_beta_ratio,-0.387607668796888,0.387607668796888
Control,channel,Fz_theta_beta_ratio,Cz_delta_power,0.14259516532370103,0.14259516532370103
Control,channel,Fz_theta_beta_ratio,Cz_theta_power,0.1171436510141706,0.1171436510141706
Control,channel,Fz_theta_beta_ratio,Cz_alpha_power,-0.23106418449569324,0.23106418449569324
Control,channel,Fz_theta_beta_ratio,Cz_beta_power,-0.4351208669074743,0.4351208669074743
Control,channel,Fz_theta_beta_ratio,Cz_theta_beta_ratio,0.6500694637399278,0.6500694637399278
Control,channel,Fz_theta_beta_ratio,Pz_delta_power,0.3875520978049458,0.3875520978049458
Control,channel,Fz_theta_beta_ratio,Pz_theta_power,0.3124201166990831,0.3124201166990831
Control,channel,Fz_theta_beta_ratio,Pz_alpha_power,-0.3230341761600445,0.3230341761600445
Control,channel,Fz_theta_beta_ratio,Pz_beta_power,-0.4777438177271464,0.4777438177271464
Control,channel,Fz_theta_beta_ratio,Pz_theta_beta_ratio,0.832342317310364,0.832342317310364
Control,channel,Cz_delta_power,Cz_theta_power,0.6612948041122534,0.6612948041122534
Control,channel,Cz_delta_power,Cz_alpha_power,0.3761044734648514,0.3761044734648514
Control,channel,Cz_delta_power,Cz_beta_power,0.39699916643512084,0.39699916643512084
Control,channel,Cz_delta_power,Cz_theta_beta_ratio,0.24723534315087525,0.24723534315087525
Control,channel,Cz_delta_power,Pz_delta_power,0.5066963045290358,0.5066963045290358
Control,channel,Cz_delta_power,Pz_theta_power,0.45823839955543205,0.45823839955543205
Control,channel,Cz_delta_power,Pz_alpha_power,0.26090580716865797,0.26090580716865797
Control,channel,Cz_delta_power,Pz_beta_power,0.2252848013337038,0.2252848013337038
Control,channel,Cz_delta_power,Pz_theta_beta_ratio,0.21844956932481244,0.21844956932481244
Control,channel,Cz_theta_power,Cz_alpha_power,0.7017504862461795,0.7017504862461795
Control,channel,Cz_theta_power,Cz_beta_power,0.6525145873853848,0.6525145873853848
Control,channel,Cz_theta_power,Cz_theta_beta_ratio,0.30875243123089746,0.30875243123089746
Control,channel,Cz_theta_power,Pz_delta_power,0.30119477632675745,0.30119477632675745
Control,channel,Cz_theta_power,Pz_theta_power,0.6570714087246458,0.6570714087246458
Control,channel,Cz_theta_power,Pz_alpha_power,0.4641289247013059,0.4641289247013059
Control,channel,Cz_theta_power,Pz_beta_power,0.4745207001944985,0.4745207001944985
Control,channel,Cz_theta_power,Pz_theta_beta_ratio,0.1307585440400111,0.1307585440400111
Control,channel,Cz_alpha_power,Cz_beta_power,0.8162267296471242,0.8162267296471242
Control,channel,Cz_alpha_power,Cz_theta_beta_ratio,-0.18499583217560434,0.18499583217560434
Control,channel,Cz_alpha_power,Pz_delta_power,0.01783828841344818,0.01783828841344818
Control,channel,Cz_alpha_power,Pz_theta_power,0.4120033342595165,0.4120033342595165
Control,channel,Cz_alpha_power,Pz_alpha_power,0.7129202556265629,0.7129202556265629
Control,channel,Cz_alpha_power,Pz_beta_power,0.6387329813837177,0.6387329813837177
Control,channel,Cz_alpha_power,Pz_theta_beta_ratio,-0.2501806057238122,0.2501806057238122
Control,channel,Cz_beta_power,Cz_theta_beta_ratio,-0.4154487357599333,0.4154487357599333
Control,channel,Cz_beta_power,Pz_delta_power,-0.012225618227285358,0.012225618227285358
Control,channel,Cz_beta_power,Pz_theta_power,0.3676021116976938,0.3676021116976938
Control,channel,Cz_beta_power,Pz_alpha_power,0.5752709085857183,0.5752709085857183
Control,channel,Cz_beta_power,Pz_beta_power,0.7707696582383996,0.7707696582383996
Control,channel,Cz_beta_power,Pz_theta_beta_ratio,-0.423728813559322,0.423728813559322
Control,channel,Cz_theta_beta_ratio,Pz_delta_power,0.36276743539872186,0.36276743539872186
Control,channel,Cz_theta_beta_ratio,Pz_theta_power,0.1992220061128091,0.1992220061128091
Control,channel,Cz_theta_beta_ratio,Pz_alpha_power,-0.2026674076132259,0.2026674076132259
Control,channel,Cz_theta_beta_ratio,Pz_beta_power,-0.3674353987218672,0.3674353987218672
Control,channel,Cz_theta_beta_ratio,Pz_theta_beta_ratio,0.6273409280355654,0.6273409280355654
Control,channel,Pz_delta_power,Pz_theta_power,0.6188385662684079,0.6188385662684079
Control,channel,Pz_delta_power,Pz_alpha_power,0.1542095026396221,0.1542095026396221
Control,channel,Pz_delta_power,Pz_beta_power,0.09408168935815504,0.09408168935815504
Control,channel,Pz_delta_power,Pz_theta_beta_ratio,0.47424284523478744,0.47424284523478744
Control,channel,Pz_theta_power,Pz_alpha_power,0.49324812447902194,0.49324812447902194
Control,channel,Pz_theta_power,Pz_beta_power,0.45707140872464574,0.45707140872464574
Control,channel,Pz_theta_power,Pz_theta_beta_ratio,0.4533481522645179,0.4533481522645179
Control,channel,Pz_alpha_power,Pz_beta_power,0.7837732703528758,0.7837732703528758
Control,channel,Pz_alpha_power,Pz_theta_beta_ratio,-0.27896637954987497,0.27896637954987497
Control,channel,Pz_beta_power,Pz_theta_beta_ratio,-0.5072520144484579,0.5072520144484579
