,Fp1_delta_power,Fp1_theta_power,Fp1_alpha_power,Fp1_beta_power,Fp1_theta_beta_ratio,Fp2_delta_power,Fp2_theta_power,Fp2_alpha_power,Fp2_beta_power,Fp2_theta_beta_ratio,F3_delta_power,F3_theta_power,F3_alpha_power,F3_beta_power,F3_theta_beta_ratio,F4_delta_power,F4_theta_power,F4_alpha_power,F4_beta_power,F4_theta_beta_ratio,C3_delta_power,C3_theta_power,C3_alpha_power,C3_beta_power,C3_theta_beta_ratio,C4_delta_power,C4_theta_power,C4_alpha_power,C4_beta_power,C4_theta_beta_ratio,P3_delta_power,P3_theta_power,P3_alpha_power,P3_beta_power,P3_theta_beta_ratio,P4_delta_power,P4_theta_power,P4_alpha_power,P4_beta_power,P4_theta_beta_ratio,O1_delta_power,O1_theta_power,O1_alpha_power,O1_beta_power,O1_theta_beta_ratio,O2_delta_power,O2_theta_power,O2_alpha_power,O2_beta_power,O2_theta_beta_ratio,F7_delta_power,F7_theta_power,F7_alpha_power,F7_beta_power,F7_theta_beta_ratio,F8_delta_power,F8_theta_power,F8_alpha_power,F8_beta_power,F8_theta_beta_ratio,T7_delta_power,T7_theta_power,T7_alpha_power,T7_beta_power,T7_theta_beta_ratio,T8_delta_power,T8_theta_power,T8_alpha_power,T8_beta_power,T8_theta_beta_ratio,P7_delta_power,P7_theta_power,P7_alpha_power,P7_beta_power,P7_theta_beta_ratio,P8_delta_power,P8_theta_power,P8_alpha_power,P8_beta_power,P8_theta_beta_ratio,Fz_delta_power,Fz_theta_power,Fz_alpha_power,Fz_beta_power,Fz_theta_beta_ratio,Cz_delta_power,Cz_theta_power,Cz_alpha_power,Cz_beta_power,Cz_theta_beta_ratio,Pz_delta_power,Pz_theta_power,Pz_alpha_power,Pz_beta_power,Pz_theta_beta_ratio
Fp1_delta_power,1.0,0.8105764145954522,0.47181385510312,0.14722369116869383,0.6576414595452141,0.6467477525118984,0.6482284505552618,0.42395557905869913,0.08688524590163935,0.5783183500793231,0.6333685880486515,0.27773664727657327,0.25230037017451085,0.1632469592808038,0.17662612374405076,0.335695399259651,0.25631940772078265,0.3239555790586991,0.15309360126916974,0.11998942358540454,0.6197250132205182,0.43601269169751455,0.27006874669487047,0.26240084611316766,0.18699101004759386,0.14600740349021682,0.10867265996827076,0.13035430988894764,0.13157059756742465,0.013273400317292438,0.45293495505023795,0.2988365943945003,0.2122157588577472,0.24235854045478583,0.06906398730830249,0.25875198307773667,0.222104706504495,0.1578529878371232,0.32966684294024323,-0.052723426758328924,0.3787414066631412,0.2629825489159175,0.1925965097831835,0.19264939185616076,0.109941829719725,0.28582760444209415,0.25441565309360126,0.15780010576414596,0.17535695399259651,0.08847170809095717,0.36737176097303015,0.3101533580116341,0.2762030671602327,-0.019090428344791115,0.24674775251189845,0.1605499735589635,0.24743521946060285,0.2779481755684823,0.043204653622422,0.19116869381279747,0.38487572712850343,0.2978318350079323,0.1850872554204125,0.02601797990481227,0.26478053939714435,0.0923320994182972,0.1540983606557377,0.22332099418297197,-0.07006874669487044,0.29492332099418295,0.41433104177683766,0.27800105764145955,0.2202009518773136,0.09360126916975145,0.2064516129032258,0.21422527763088314,0.2098360655737705,0.2903225806451613,0.03426758328926494,0.23992596509783184,0.7170809095716552,0.3605499735589635,0.29085140137493387,0.15224748810153357,0.18027498677948176,0.19603384452670544,0.15039661554732944,0.155579058699101,0.23664727657324167,-0.05780010576414595,0.3904283447911158,0.3287149656266526,0.17794817556848228,0.22548915917503967,0.08096245372818614
Fp1_theta_power,0.8105764145954522,1.0,0.722316234796404,0.28915917503966154,0.6945002644103648,0.5878371232152301,0.8114225277630883,0.575251189846642,0.17392913802221047,0.6046007403490217,0.5472236911686938,0.5722369116869381,0.46319407720782657,0.341988365943945,0.2744579587519831,0.30195663670015865,0.4572184029613961,0.39132734003172925,0.2484399788471708,0.21136964569011105,0.4978847170809096,0.6064516129032258,0.24579587519830778,0.37445795875198307,0.21909042834479112,0.08202009518773136,0.2685351665785299,0.0224748810153358,0.1974616604970915,0.09159175039661555,0.45351665785298784,0.5021681649920677,0.2779481755684823,0.4423056583818086,0.0662083553675304,0.1978318350079323,0.40206240084611317,0.19941829719725013,0.4423056583818086,-0.0028556319407720783,0.3074563722897938,0.38402961396086727,0.3203067160232681,0.345425700687467,0.05177154944473823,0.2110523532522475,0.2792702273929138,0.22501322051824432,0.25822316234796405,0.03141195134849286,0.15346377578001058,0.42956107879428873,0.42940243257535693,0.1367530407191962,0.19196192490745637,0.10661025912215759,0.35050237969328396,0.39323109465891065,0.18254891591750397,0.20624008461131677,0.34182971972501325,0.4585404547858276,0.35742993125330513,0.16604970914859862,0.289053410893707,0.021998942358540455,0.239555790586991,0.27128503437334744,0.017292437863564252,0.31057641459545215,0.44219989423585404,0.46938127974616606,0.3940772078265468,0.29185616076150184,0.21242728714965628,0.2536753040719196,0.3074563722897938,0.3225806451612903,0.16980433632998412,0.2156002115282919,0.5927551560021153,0.6059756742464305,0.46478053939714437,0.3197250132205182,0.2454785827604442,0.20544685351665784,0.3022739291380222,0.13696456901110524,0.38191433104177686,-0.03231094658910629,0.38043363299841354,0.5169751454257007,0.2696985721840296,0.4211528291909043,0.035483870967741936
Fp1_alpha_power,0.47181385510312,0.722316234796404,1.0,0.49317821258593336,0.334479111581174,0.2278688524590164,0.5273929138022211,0.769169751454257,0.3586991010047594,0.2192490745637229,0.37366472765732417,0.6301427815970386,0.8368059227921735,0.6253305129561079,0.014859862506610259,0.11163405605499735,0.4514013749338974,0.6001586462189318,0.5157588577472237,-0.08164992067689053,0.3032258064516129,0.518455843469064,0.49360126916975144,0.5822845055526177,-0.053569539925965096,-0.05452141723955579,0.28413537810682177,0.2472236911686938,0.4267583289264939,-0.17620306716023268,0.4098360655737705,0.4907985193019566,0.5589635113696457,0.6457958751983077,-0.19471179270227393,0.07831835007932311,0.35351665785298786,0.4466948704389212,0.5955050237969328,-0.25161290322580643,0.2562136435748281,0.3323638286620835,0.5250661025912216,0.48461131676361713,-0.11713379164463247,0.11417239555790587,0.2255420412480169,0.38217874140666314,0.4285034373347435,-0.1627181385510312,0.10253833950290851,0.38402961396086727,0.6423585404547858,0.40708619777895294,-0.016922263352723427,-0.09397144368059228,0.17895293495505024,0.41782125859333685,0.3734003172924379,-0.12152300370174511,0.28778424114225276,0.3872025383395029,0.593918561607615,0.38556319407720785,0.013960867265996827,-0.011475409836065573,0.2810153358011634,0.4180856689582232,0.2236911686938128,0.14383923849814914,0.40824960338445265,0.4674246430460074,0.632469592808038,0.4512956107879429,0.0701216287678477,0.07916446324695928,0.24246430460074034,0.37932310946589104,0.26589106292966685,0.04436805922792173,0.43950290851401375,0.6207826546800634,0.8214172395557906,0.6271285034373347,-0.06821787414066631,0.11438392384981491,0.24690639873083026,0.4125330512956108,0.5537810682178741,-0.23870967741935484,0.40962453728186143,0.49333685880486516,0.6046536224219989,0.6672659968270757,-0.25690111052353254
Fp1_beta_power,0.14722369116869383,0.28915917503966154,0.49317821258593336,1.0,-0.40951877313590695,0.08995240613432047,0.23907985193019565,0.38429402432575355,0.7434690639873083,-0.30698043363299843,0.15827604442094131,0.4737704918032787,0.3911158117398202,0.794923320994183,-0.3588577472236912,0.11586462189317821,0.2646218931782126,0.20544685351665784,0.6030142781597039,-0.31745108408249606,0.12585933368588048,0.4629825489159175,0.12363828662083554,0.6309360126916975,-0.11856160761501851,0.0449497620306716,0.3170280274986779,0.113590692755156,0.44658910629296666,-0.18376520359598097,0.25023796932839765,0.4487572712850344,0.23844526705446853,0.5595452141723956,-0.1434690639873083,0.17181385510312006,0.2670015864621893,0.17197250132205183,0.4232681121099947,-0.20163934426229507,0.1547858276044421,0.22014806980433632,0.2469592808038075,0.3538868323638287,-0.13141195134849287,0.16879957694341619,0.14410364886303542,0.23141195134849285,0.30698043363299843,-0.16319407720782655,-0.025806451612903226,0.2034902168164992,0.22310946589106292,0.6598096245372819,-0.4485986250661026,0.003966155473294554,0.1731887890005288,0.23051295610787942,0.5758328926493919,-0.2803807509254363,0.18455843469063987,0.32321523003701746,0.23992596509783184,0.51602326811211,-0.09333685880486516,-0.004759386567953464,0.16858804865150714,0.0842411422527763,0.3697514542570069,-0.17059756742464305,0.20306716023268112,0.361660497091486,0.3220518244315177,0.5065573770491804,-0.07340031729243786,0.04225277630883131,0.10576414595452142,0.10861977789529349,0.26129032258064516,-0.14447382337387626,0.19592808038075094,0.4121099947117927,0.3467477525118985,0.7791644632469593,-0.4044949762030672,0.10798519301956637,0.212374405076679,0.13246959280803808,0.34960338445267053,-0.13395029085140137,0.20544685351665784,0.4066102591221576,0.3028027498677948,0.5792173453199365,-0.24627181385510313
Fp1_theta_beta_ratio,0.6576414595452141,0.6945002644103648,0.334479111581174,-0.40951877313590695,1.0,0.4891062929666843,0.5805393971443681,0.266737176097303,-0.3471179270227393,0.8209413008989952,0.4282919090428345,0.19307244843997884,0.1433632998413538,-0.2234267583289265,0.5365943945002644,0.2647276573241671,0.2667900581702803,0.2068746694870439,-0.1641988365943945,0.45081967213114754,0.3948704389212057,0.2108937070333157,0.1466948704389212,-0.09545214172395558,0.30100475938656795,0.0858804865150714,0.059598096245372816,-0.012533051295610787,-0.09365415124272872,0.22950819672131148,0.2893707033315706,0.14331041776837652,0.05906927551560021,0.019090428344791115,0.18461131676361714,0.09873083024854575,0.17265996827075622,0.05573770491803279,0.10534108937070333,0.13744050766790059,0.17461660497091486,0.18064516129032257,0.141988365943945,0.10629296668429403,0.12940243257535694,0.1022739291380222,0.18646218931782127,0.07784241142252776,0.04299312533051296,0.16329984135378106,0.18524590163934426,0.23622421998942358,0.19968270756213644,-0.3124272871496563,0.47355896351136967,0.14420941300898996,0.2243786356425172,0.1621893178212586,-0.22453728186144897,0.4244843997884717,0.22501322051824432,0.22728714965626653,0.18090957165520888,-0.16329984135378106,0.3442622950819672,0.06874669487043893,0.1488630354309889,0.18043363299841353,-0.2294553146483342,0.44674775251189847,0.2734531993654151,0.14706504494976202,0.09799048122686409,-0.12014806980433633,0.27852987837123216,0.20058170280274987,0.21099947117927023,0.2343204653622422,-0.024854574299312534,0.3350608143839239,0.41205711263881545,0.23749338974087783,0.1540983606557377,-0.23151771549444738,0.5071919619249075,0.15156002115282918,0.1586991010047594,0.017345319936541512,0.10116340560549973,0.09994711792702274,0.2465362242199894,0.18503437334743522,0.030301427815970387,-0.006398730830248546,0.21406663141195134
Fp2_delta_power,0.6467477525118984,0.5878371232152301,0.2278688524590164,0.08995240613432047,0.4891062929666843,1.0,0.797778952934955,0.4670015864621893,0.18551031200423057,0.6373347435219461,0.28725542041248014,0.053305129561078794,0.010364886303543099,0.015071390798519302,0.09164463246959281,0.6356425171866738,0.331041776837652,0.25769434161819144,0.10460074034902168,0.3017451084082496,0.32966684294024323,0.26953992596509785,0.06493918561607614,0.06615547329455315,0.1508725542041248,0.4562665256478054,0.2696456901110523,0.13574828133262823,0.10364886303543099,0.19873083024854574,0.21792702273929138,0.15378106821787413,0.02845055526176626,0.08524590163934426,0.06991010047593865,0.6019037546271814,0.4565309360126917,0.15520888418826018,0.28413537810682177,0.20301427815970385,0.2204653622421999,0.2187202538339503,0.11676361713379164,0.12681121099947118,0.07445795875198308,0.4490216816499207,0.3655737704918033,0.21274457958751983,0.16023268112109995,0.23855103120042306,0.1195134849286092,0.15542041248016922,0.12575356953992597,0.03839238498149127,0.05118984664198837,0.5175039661554733,0.5611845584346906,0.4766261237440508,0.18524590163934426,0.4535695399259651,0.15758857747223692,0.1948704389212057,0.14690639873083025,-0.011634056054997356,0.185193019566367,0.36224219989423584,0.37678476996298255,0.303648863035431,0.1017451084082496,0.353146483342147,0.18831306187202537,0.12496033844526705,0.14309888947646748,0.19561078794288736,-0.03923849814912744,0.576679005817028,0.46805922792173454,0.3940772078265468,0.24918032786885247,0.30962453728186146,0.38122686409307244,0.13717609730301428,0.05891062929666843,-0.012004230565838181,0.14780539397144368,0.568164992067689,0.3241142252776309,0.1571655208884188,0.21438392384981492,0.13157059756742465,0.1350079323109466,0.16361713379164464,-0.012903225806451613,0.024907456372289794,0.12781597038603915
Fp2_theta_power,0.6482284505552618,0.8114225277630883,0.5273929138022211,0.23907985193019565,0.5805393971443681,0.797778952934955,1.0,0.7028027498677948,0.34262295081967215,0.6328926493918562,0.25594923320994184,0.2828662083553675,0.23987308302485458,0.19122157588577474,0.16726599682707563,0.4913802221047065,0.5408778424114226,0.4384452670544685,0.291274457958752,0.2993654151242729,0.26282390269698575,0.40396615547329456,0.10475938656795346,0.18339502908514013,0.21121099947117927,0.2802221047065045,0.43104177683765205,0.13707033315705977,0.20893707033315706,0.2675304071919619,0.26784769962982546,0.3121099947117927,0.10867265996827076,0.24114225277630882,0.10401903754627181,0.3924378635642517,0.5257006874669488,0.19122157588577474,0.40861977789529347,0.14368059227921734,0.19338974087784241,0.2493918561607615,0.22443151771549444,0.21517715494447381,0.0663670015864622,0.30465362242199895,0.3361713379164463,0.2310946589106293,0.23421470121628768,0.13532522474881015,-0.04225277630883131,0.22384981491274458,0.2834479111581174,0.11290322580645161,0.07112638815441566,0.3026969857218403,0.5676361713379164,0.5609201480698044,0.27757800105764147,0.39254362771020623,0.1417239555790587,0.3226335272342676,0.2740877842411423,0.15071390798519302,0.1931253305129561,0.1814383923849815,0.39994711792702275,0.31195134849286094,0.16308831306187202,0.32845055526176625,0.2317821258593337,0.27451084082496036,0.27091485986250663,0.24331041776837653,0.09978847170809095,0.42940243257535693,0.4636700158646219,0.40491803278688526,0.312374405076679,0.29201480698043364,0.3761501850872554,0.3760444209413009,0.2792702273929138,0.1763088313061872,0.201216287678477,0.39153886832363827,0.440772078265468,0.1398202009518773,0.3353781068217874,0.1222104706504495,0.19053410893707035,0.32591221575885776,0.10782654680063458,0.22887361184558436,0.0967741935483871
Fp2_alpha_power,0.42395557905869913,0.575251189846642,0.769169751454257,0.38429402432575355,0.266737176097303,0.4670015864621893,0.7028027498677948,1.0,0.5080909571655209,0.2589106292966684,0.11406663141195135,0.3061872025383395,0.6071390798519302,0.4443680592279217,-0.13289264939185616,0.3007403490216817,0.561872025383395,0.7612903225806451,0.6205182443151771,-0.028820729772607086,0.13865679534637756,0.317239555790587,0.32268640930724485,0.386620835536753,-0.0807509254362771,0.20999471179270227,0.4800634584875727,0.4100475938656795,0.5197250132205182,-0.029455314648334216,0.24325753569539926,0.26953992596509785,0.41623479640401906,0.44812268640930725,-0.22215758857747223,0.3598096245372819,0.5538339502908514,0.5616076150185088,0.6496033844526705,-0.08635642517186674,0.202432575356954,0.22464304600740348,0.45256478053939714,0.30787942887361186,-0.03289264939185616,0.31523003701745106,0.41216287678477,0.475251189846642,0.4759915388683236,0.012057112638815442,-0.07271285034373347,0.17440507667900582,0.4985193019566367,0.3465362242199894,-0.1404019037546272,0.10512956107879429,0.39254362771020623,0.6319407720782655,0.4756742464304601,0.05002644103648863,0.11311475409836065,0.230830248545743,0.5042305658381808,0.29989423585404545,-0.06398730830248546,0.1977260708619778,0.5092014806980434,0.5921734531993654,0.40861977789529347,0.1985193019566367,0.21433104177683765,0.2900052882072977,0.53590692755156,0.41110523532522475,-0.074034902168165,0.3051295610787943,0.4691168693812797,0.5786356425171867,0.44732945531464835,0.15002644103648863,0.2967741935483871,0.3916446324695928,0.6459545214172395,0.48741406663141196,-0.15795875198307774,0.2992067689053411,0.38503437334743523,0.49799048122686407,0.5636171337916447,-0.12363828662083554,0.1849286092014807,0.2569539925965098,0.43987308302485456,0.4602855631940772,-0.23479640401903754
Fp2_beta_power,0.08688524590163935,0.17392913802221047,0.3586991010047594,0.7434690639873083,-0.3471179270227393,0.18551031200423057,0.34262295081967215,0.5080909571655209,1.0,-0.43564251718667374,0.022792173453199366,0.22464304600740348,0.25806451612903225,0.5848228450555262,-0.3923320994182972,0.18757271285034374,0.32189317821258595,0.3199365415124273,0.7016922263352724,-0.35393971443680594,0.027234267583289264,0.2940772078265468,0.07678476996298254,0.44664198836594393,-0.1207297726070862,0.18350079323109467,0.3573241671073506,0.22644103648863034,0.5428873611845584,-0.2212585933368588,0.1534108937070333,0.21718667371760972,0.1500793231094659,0.41930195663670017,-0.2154944473823374,0.27948175568482286,0.2704389212057113,0.21813855103120042,0.4617662612374405,-0.24061343204653624,0.1125330512956108,0.1064516129032258,0.17451084082496035,0.2847699629825489,-0.15267054468535166,0.18339502908514013,0.09804336329984135,0.17265996827075622,0.3811210999471179,-0.24727657324167107,-0.09619249074563722,0.08804865150713909,0.21353781068217875,0.5792173453199365,-0.4374405076679006,0.12157588577472236,0.23833950290851402,0.34960338445267053,0.6592808038075093,-0.20163934426229507,0.10481226864093073,0.18857747223691168,0.22014806980433632,0.3880486515071391,-0.14309888947646748,0.12940243257535694,0.24706504494976203,0.1711792702273929,0.501427815970386,-0.21935483870967742,0.12004230565838181,0.16679005817028028,0.21956636700158647,0.4503437334743522,-0.20370174510840824,0.0493918561607615,0.1227392913802221,0.17112638815441567,0.4411951348492861,-0.2796404019037546,0.11332628239026969,0.27033315705975675,0.2652564780539397,0.5971443680592279,-0.3809095716552089,0.1921734531993654,0.24288736118455845,0.23024854574299314,0.4044420941300899,-0.1364886303543099,0.1506081438392385,0.22459016393442624,0.2493918561607615,0.450713907985193,-0.25885774722369115
Fp2_theta_beta_ratio,0.5783183500793231,0.6046007403490217,0.2192490745637229,-0.30698043363299843,0.8209413008989952,0.6373347435219461,0.6328926493918562,0.2589106292966684,-0.43564251718667374,1.0,0.23072448439978846,0.06747752511898467,0.017080909571655208,-0.25023796932839765,0.4194077207826547,0.3193548387096774,0.2278688524590164,0.13384452670544686,-0.2583818085668958,0.5672659968270756,0.3170280274986779,0.1437334743521946,0.06393442622950819,-0.144420941300899,0.24833421470121628,0.1853516657852988,0.12469592808038076,-0.010470650449497621,-0.1617662612374405,0.3430460074034902,0.1982548915917504,0.12210470650449498,-0.023638286620835537,-0.07578001057641459,0.23833950290851402,0.1787414066631412,0.27461660497091483,0.027921734531993654,0.025806451612903226,0.3089899524061343,0.15864621893178213,0.18551031200423057,0.13130618720253834,0.026599682707562137,0.20031729243786356,0.15393971443680593,0.24986779481755686,0.08804865150713909,-0.07572712850343734,0.35663670015864624,0.07472236911686939,0.12310946589106293,0.07398202009518773,-0.28683236382866206,0.34299312533051296,0.23923849814912745,0.35647805393971443,0.23220518244315178,-0.2047065044949762,0.5064516129032258,0.15378106821787413,0.21602326811211,0.12808038075092543,-0.12797461660497092,0.33151771549444736,0.12199894235854046,0.22591221575885775,0.1745637228979376,-0.18027498677948176,0.457800105764146,0.14114225277630882,0.12876784769962982,0.11263881544156532,-0.058646218931782124,0.20206240084611315,0.37488101533580115,0.3281332628239027,0.2331041776837652,-0.05013220518244315,0.47990481226864096,0.26478053939714435,0.09635113696456901,0.03194077207826547,-0.2641988365943945,0.4566367001586462,0.2668958223162348,0.20777366472765732,-0.0325753569539926,0.010576414595452142,0.18609201480698043,0.14357482813326283,0.13823373876255948,-0.08535166578529878,-0.11554732945531465,0.26668429402432575
F3_delta_power,0.6333685880486515,0.5472236911686938,0.37366472765732417,0.15827604442094131,0.4282919090428345,0.28725542041248014,0.25594923320994184,0.11406663141195135,0.022792173453199366,0.23072448439978846,1.0,0.5756742464304601,0.271602326811211,0.3195134849286092,0.34933897408778425,0.41073506081438393,0.3267583289264939,0.1427815970386039,0.23104177683765204,0.1083553675304072,0.7160761501850873,0.5132205182443151,0.21840296139608673,0.36969857218402963,0.18376520359598097,0.3145425700687467,0.13765203595980963,-0.007932310946589107,0.22014806980433632,-0.04928609201480698,0.6673717609730302,0.4666314119513485,0.15817028027498678,0.34167107350608145,0.14870438921205711,0.26991010047593866,0.2033844526705447,0.10274986779481755,0.3559492332099418,-0.08852459016393442,0.5539397144368059,0.45901639344262296,0.24436805922792174,0.3212585933368588,0.09629825489159174,0.40745637228979376,0.3333685880486515,0.23088313061872026,0.29296668429402434,0.034531993654151244,0.5459545214172395,0.4842411422527763,0.2883130618720254,0.113590692755156,0.23363299841353782,0.1843997884717081,0.149497620306716,0.13844526705446852,0.12765732416710734,0.04896879957694342,0.5217874140666314,0.4301427815970386,0.2391856160761502,0.15362242199894235,0.30787942887361186,0.11771549444738234,0.12088841882601797,0.14124801692226335,-0.025066102591221575,0.19629825489159175,0.5885245901639344,0.3799048122686409,0.20401903754627182,0.19682707562136437,0.25843469063987307,0.09175039661554733,0.10534108937070333,0.13738762559492332,0.041142252776308834,0.04341618191433104,0.8637757800105764,0.5608143839238499,0.2537281861448969,0.31253305129561076,0.19598096245372817,0.3601797990481227,0.20259122157588577,0.059598096245372816,0.3717080909571655,-0.13395029085140137,0.6920676890534109,0.5637757800105764,0.19830777366472765,0.34875727128503436,0.13812797461660498
F3_theta_power,0.27773664727657327,0.5722369116869381,0.6301427815970386,0.4737704918032787,0.19307244843997884,0.053305129561078794,0.2828662083553675,0.3061872025383395,0.22464304600740348,0.06747752511898467,0.5756742464304601,1.0,0.6041776837652036,0.6349021681649921,0.42051824431517715,0.18556319407720784,0.5533051295610788,0.22522474881015336,0.34262295081967215,0.20597567424643046,0.4113167636171338,0.8114754098360656,0.2165520888418826,0.543204653622422,0.27091485986250663,0.04352194606028556,0.3512956107879429,-0.03945002644103649,0.27112638815441564,0.06790058170280275,0.4805922792173453,0.7054997355896351,0.2873611845584347,0.5549444738233739,0.1634056054997356,0.09338974087784241,0.36398730830248543,0.11385510312004231,0.3508725542041248,0.029931253305129562,0.3444738233738763,0.5210999471179271,0.3734003172924379,0.35267054468535164,0.1064516129032258,0.1891062929666843,0.2903754627181386,0.24008461131676362,0.2242199894235854,0.02908514013749339,0.26515071390798517,0.6719725013220518,0.5304600740349021,0.41168693812797463,0.20909571655208883,0.020518244315177157,0.2398202009518773,0.17958751983077736,0.21623479640401905,0.0733474352194606,0.38122686409307244,0.6273400317292438,0.4453728186144897,0.41988365943945005,0.2608143839238498,-0.05917503966155473,0.1998413537810682,0.12009518773135906,0.05700687466948704,0.20306716023268112,0.4226864093072448,0.5731359069275516,0.41015335801163405,0.4170809095716552,0.21248016922263352,0.05568482284505553,0.1901639344262295,0.1170809095716552,0.1350079323109466,0.024061343204653623,0.46102591221575884,0.8846113167636172,0.5246430460074035,0.5524590163934426,0.2897408778424114,0.22855631940772078,0.4490216816499207,0.08958223162347964,0.4363299841353781,0.06493918561607614,0.4966155473294553,0.7525118984664199,0.376467477525119,0.5786356425171867,0.07461660497091487
F3_alpha_power,0.25230037017451085,0.46319407720782657,0.8368059227921735,0.3911158117398202,0.1433632998413538,0.010364886303543099,0.23987308302485458,0.6071390798519302,0.25806451612903225,0.017080909571655208,0.271602326811211,0.6041776837652036,1.0,0.620888418826018,-0.029666842940243257,-0.025066102591221575,0.36451612903225805,0.6758857747223691,0.4447911158117398,-0.13881544156530937,0.1842411422527763,0.4360655737704918,0.6709148598625067,0.49360126916975144,-0.09820200951877314,-0.1794288736118456,0.19465891062929666,0.40074034902168165,0.37715494447382336,-0.2417239555790587,0.32242199894235857,0.48455843469063986,0.7276573241671074,0.5912215758857747,-0.1807509254362771,-0.03061872025383395,0.3169751454257007,0.5637228979375991,0.5248016922263353,-0.25996827075621365,0.1681121099947118,0.2536753040719196,0.4873611845584347,0.3759386567953464,-0.16409307244843999,0.05076679005817028,0.22808038075092543,0.45542041248016923,0.3939714436805923,-0.14431517715494446,0.06768905341089371,0.34949762030671605,0.7000528820729772,0.3595980962453728,0.027815970386039134,-0.1632469592808038,0.07884717080909572,0.4390269698572184,0.3190904283447911,-0.18228450555261766,0.19175039661554732,0.31956636700158647,0.7214172395557906,0.3559492332099418,-0.0817028027498678,-0.08926493918561608,0.1847699629825489,0.5012691697514543,0.17340031729243785,0.05066102591221576,0.32094130089899525,0.41649920676890534,0.655367530407192,0.32480169222633526,0.11078794288736118,-0.04389212057112639,0.15251189846641988,0.41057641459545213,0.22575356953992595,-0.05134849286092015,0.29682707562136434,0.5619249074563722,0.9376520359598096,0.6029613960867266,-0.14219989423585405,0.010735060814383924,0.21168693812797462,0.6079323109465891,0.48112109994711794,-0.22808038075092543,0.31824431517715496,0.4547858276044421,0.7459545214172395,0.6327868852459017,-0.2662083553675304
F3_beta_power,0.1632469592808038,0.341988365943945,0.6253305129561079,0.794923320994183,-0.2234267583289265,0.015071390798519302,0.19122157588577474,0.4443680592279217,0.5848228450555262,-0.25023796932839765,0.3195134849286092,0.6349021681649921,0.620888418826018,1.0,-0.3722369116869381,0.13585404547858276,0.4061872025383395,0.36657852987837125,0.73204653622422,-0.31745108408249606,0.16144896879957693,0.48244315177154945,0.260655737704918,0.841988365943945,-0.27858276044420943,-0.0031729243786356425,0.29968270756213644,0.19222633527234267,0.598995240613432,-0.32882072977260707,0.33035430988894765,0.5177154944473823,0.39978847170809095,0.757588577472237,-0.26911686938127977,0.11644632469592808,0.33437334743521946,0.302432575356954,0.6144896879957694,-0.30814383923849814,0.20423056583818086,0.2911158117398202,0.327392913802221,0.49264939185616075,-0.18106821787414068,0.16144896879957693,0.23331570597567425,0.3301427815970386,0.489053410893707,-0.2197778952934955,0.08016922263352723,0.33088313061872027,0.35473294553146484,0.6916446324695928,-0.3287149656266526,0.01491274457958752,0.16726599682707563,0.2771020624008461,0.5954521417239556,-0.28186144896879956,0.13786356425171867,0.30481226864093075,0.3563722897937599,0.5638286620835536,-0.17662612374405076,-0.004124801692226335,0.19994711792702274,0.18974087784241142,0.3051295610787943,-0.07107350608143839,0.22263352723426758,0.3425171866737176,0.3425171866737176,0.5606557377049181,-0.1328397673188789,-0.029402432575356956,0.09925965097831835,0.13490216816499206,0.22390269698572185,-0.1757800105764146,0.3122686409307245,0.5530936012691697,0.5374405076679006,0.9171866737176098,-0.4234267583289265,0.14648334214701217,0.2670015864621893,0.3287678476996298,0.5960338445267055,-0.3078265468006346,0.32522474881015334,0.5071919619249075,0.4896351136964569,0.8170809095716552,-0.4084611316763617
F3_theta_beta_ratio,0.17662612374405076,0.2744579587519831,0.014859862506610259,-0.3588577472236912,0.5365943945002644,0.09164463246959281,0.16726599682707563,-0.13289264939185616,-0.3923320994182972,0.4194077207826547,0.34933897408778425,0.42051824431517715,-0.029666842940243257,-0.3722369116869381,1.0,0.12469592808038076,0.2232681121099947,-0.11623479640401904,-0.39550502379693286,0.6442622950819672,0.26240084611316766,0.36414595452141724,-0.0506081438392385,-0.33262823902696986,0.6535695399259651,0.03315705975674246,0.09190904283447911,-0.22686409307244845,-0.34516129032258064,0.48381808566895823,0.197567424643046,0.22548915917503967,-0.15335801163405605,-0.2156002115282919,0.5348492860920148,-0.03976731887890005,0.027128503437334743,-0.22485457429931252,-0.2936541512427287,0.38693812797461663,0.1253305129561079,0.20555261766261237,0.018244315177154944,-0.1331041776837652,0.29629825489159173,0.020624008461131677,0.06694870438921206,-0.10364886303543099,-0.33130618720253835,0.3049709148598625,0.22734003172924377,0.3845584346906399,0.1698572184029614,-0.34896879957694343,0.7004759386567954,0.04034902168164992,0.14378635642517187,-0.05727128503437335,-0.4215230037017451,0.4774193548387097,0.28027498677948176,0.38233738762559494,0.09862506610259122,-0.13654151242728715,0.5199894235854046,-0.08709677419354839,-0.01491274457958752,-0.09048122686409307,-0.32670544685351666,0.3523003701745108,0.18244315177154943,0.1955579058699101,0.013749338974087784,-0.22575356953992595,0.40999471179270225,0.06393442622950819,0.08281332628239027,-0.022051824431517715,-0.13791644632469593,0.23775780010576414,0.206081438392385,0.3685880486515071,-0.04257006874669487,-0.37932310946589104,0.867741935483871,0.13802221047065044,0.27556848228450553,-0.2714436805922792,-0.17424643046007404,0.47139079851930193,0.21322051824431518,0.28217874140666316,-0.143204653622422,-0.2536753040719196,0.5696456901110524
F4_delta_power,0.335695399259651,0.30195663670015865,0.11163405605499735,0.11586462189317821,0.2647276573241671,0.6356425171866738,0.4913802221047065,0.3007403490216817,0.18757271285034374,0.3193548387096774,0.41073506081438393,0.18556319407720784,-0.025066102591221575,0.13585404547858276,0.12469592808038076,1.0,0.6558434690639873,0.25594923320994184,0.26991010047593866,0.48202009518773137,0.36679005817028026,0.3115811739820201,0.054151242728714966,0.23627710206240085,0.16372289793759914,0.6848757271285034,0.49254362771020627,0.2405076679005817,0.2865150713907985,0.2869381279746166,0.34584875727128506,0.21850872554204126,0.07800105764145955,0.18059227921734533,0.10988894764674775,0.7719196192490746,0.5961396086726599,0.20153358011634057,0.34717080909571657,0.3130618720253834,0.4556848228450555,0.48767847699629824,0.29185616076150184,0.19243786356425172,0.27556848228450553,0.7459016393442623,0.6521946060285563,0.38514013749338977,0.21443680592279218,0.44717080909571655,0.21401374933897407,0.2698572184029614,0.21131676361713378,0.2122157588577472,0.02014806980433633,0.7175039661554733,0.6314119513484928,0.4129032258064516,0.31618191433104176,0.4508725542041248,0.30021152829190906,0.39090428344791117,0.26573241671073505,0.2301427815970386,0.2094130089899524,0.6462718138551031,0.5883659439450026,0.3363299841353781,0.27398202009518774,0.4504494976203067,0.3466948704389212,0.23183500793231096,0.20576414595452142,0.23997884717080908,0.08757271285034374,0.7290851401374934,0.6364886303543099,0.44833421470121626,0.379111581173982,0.3574828133262824,0.4763088313061872,0.30158646218931784,0.07218402961396087,0.16869381279746165,0.13722897937599154,0.8425171866737176,0.5473823373876257,0.11322051824431517,0.3647805393971444,0.1891062929666843,0.29085140137493387,0.28619777895293497,0.0659439450026441,0.1720253833950291,0.14812268640930726
F4_theta_power,0.25631940772078265,0.4572184029613961,0.4514013749338974,0.2646218931782126,0.2667900581702803,0.331041776837652,0.5408778424114226,0.561872025383395,0.32189317821258595,0.2278688524590164,0.3267583289264939,0.5533051295610788,0.36451612903225805,0.4061872025383395,0.2232681121099947,0.6558434690639873,1.0,0.6094130089899524,0.5612903225806452,0.4902168164992068,0.26409307244844,0.52760444209413,0.15700687466948704,0.37927022739291383,0.22258064516129034,0.42226335272342674,0.7848228450555261,0.33363299841353783,0.49243786356425173,0.3485986250661026,0.34531993654151244,0.4464304600740349,0.2370174510840825,0.40290851401374933,0.10750925436277102,0.4421470121628768,0.7615547329455314,0.3457958751983078,0.5265468006345849,0.2798519301956637,0.38598625066102593,0.4635642517186674,0.41538868323638284,0.23347435219460602,0.2566367001586462,0.5254362771020624,0.6488630354309889,0.4756213643574828,0.36520359598096247,0.31348492860920146,0.03585404547858276,0.3751454257006875,0.44299312533051294,0.28688524590163933,0.09476467477525119,0.33061872025383393,0.5529349550502379,0.47250132205182444,0.37350608143839237,0.3054997355896351,0.1923320994182972,0.45711263881544156,0.41782125859333685,0.3655737704918033,0.14457958751983077,0.3285034373347435,0.598783712321523,0.40957165520888417,0.29925965097831836,0.42971972501322053,0.3453728186144897,0.3661025912215759,0.36885245901639346,0.3444738233738763,0.1281332628239027,0.4695399259650978,0.618878900052882,0.46964569011105234,0.35605499735589635,0.3088841882601798,0.4066102591221576,0.6762030671602327,0.41538868323638284,0.415811739820201,0.2430988894764675,0.6413008989952406,0.8358540454785828,0.260444209413009,0.5893707033315706,0.2625594923320994,0.3399788471708091,0.5136435748281333,0.291485986250661,0.3965097831835008,0.10608143839238499
F4_alpha_power,0.3239555790586991,0.39132734003172925,0.6001586462189318,0.20544685351665784,0.2068746694870439,0.25769434161819144,0.4384452670544685,0.7612903225806451,0.3199365415124273,0.13384452670544686,0.1427815970386039,0.22522474881015336,0.6758857747223691,0.36657852987837125,-0.11623479640401904,0.25594923320994184,0.6094130089899524,1.0,0.6068746694870439,-0.014436805922792173,0.09693283976731888,0.1884188260179799,0.5517715494447383,0.29222633527234265,-0.13521946060285564,0.11078794288736118,0.48878900052882074,0.6778424114225278,0.5473294553146484,-0.07678476996298254,0.20190375462718138,0.2579587519830777,0.6243786356425172,0.40629296668429404,-0.19534637757800105,0.21861448968799577,0.5545214172395558,0.7360126916975145,0.6452670544685352,-0.09957694341618191,0.17694341618191434,0.15351665785298785,0.4037546271813855,0.22538339502908514,-0.0506081438392385,0.2648863035430989,0.43812797461660496,0.5980433632998413,0.4857747223691169,0.0331041776837652,-0.0790058170280275,0.07662612374405077,0.5191433104177684,0.23278688524590163,-0.09894235854045479,0.006398730830248546,0.22755156002115282,0.6589635113696457,0.41840296139608674,-0.10639873083024855,0.012850343733474353,0.12115282919090428,0.5808038075092543,0.32051824431517717,-0.21618191433104178,0.1787414066631412,0.41649920676890534,0.7465891062929667,0.35658381808566897,0.14796404019037546,0.23527234267583289,0.2158646218931782,0.5262823902696986,0.23802221047065045,0.016816499206768906,0.19640401903754628,0.42199894235854046,0.6706504494976203,0.38080380750925436,0.08836594394500265,0.2733474352194606,0.3337387625594923,0.7204124801692227,0.42887361184558437,-0.16816499206768906,0.2684822845055526,0.4151771549444738,0.709941829719725,0.5749867794817557,-0.15097831835007933,0.16287678476996298,0.22051824431517716,0.601216287678477,0.40613432046536224,-0.22485457429931252
F4_beta_power,0.15309360126916974,0.2484399788471708,0.5157588577472237,0.6030142781597039,-0.1641988365943945,0.10460074034902168,0.291274457958752,0.6205182443151771,0.7016922263352724,-0.2583818085668958,0.23104177683765204,0.34262295081967215,0.4447911158117398,0.73204653622422,-0.39550502379693286,0.26991010047593866,0.5612903225806452,0.6068746694870439,1.0,-0.39000528820729774,0.14891591750396616,0.27276573241671076,0.23437334743521945,0.5732416710735061,-0.22067689053410894,0.2737176097303014,0.5398730830248546,0.4607086197778953,0.8707562136435748,-0.33246959280803806,0.2855631940772078,0.3159175039661555,0.3457429931253305,0.562083553675304,-0.26118455843469063,0.23410893707033315,0.4284505552617663,0.4454785827604442,0.7749338974087784,-0.3371760973030143,0.2106292966684294,0.15721840296139608,0.2870967741935484,0.34569011105235325,-0.13516657852987837,0.2167107350608144,0.27588577472236914,0.3818614489687996,0.6701216287678478,-0.2846113167636171,0.011898466419883659,0.1464304600740349,0.31443680592279216,0.5529349550502379,-0.40290851401374933,0.10438921205711264,0.23548387096774193,0.41602326811211,0.7483342147012163,-0.3415653093601269,0.0866737176097303,0.14680063458487572,0.349286092014807,0.46308831306187204,-0.2117398202009519,0.17398202009518773,0.3887890005288207,0.4282919090428345,0.5872554204124801,-0.14590163934426228,0.21824431517715495,0.18566895822316234,0.3216287678476996,0.5437863564251718,-0.240772078265468,0.03749338974087784,0.2041776837652036,0.3285034373347435,0.501427815970386,-0.28149127445795874,0.26901110523532523,0.3540454785827604,0.419672131147541,0.7859333685880486,-0.46467477525118983,0.3173982020095188,0.37852987837123214,0.47731359069275514,0.7991538868323639,-0.35224748810153356,0.2966684294024326,0.33305129561078795,0.39481755684822845,0.6431517715494447,-0.3632469592808038
F4_theta_beta_ratio,0.11998942358540454,0.21136964569011105,-0.08164992067689053,-0.31745108408249606,0.45081967213114754,0.3017451084082496,0.2993654151242729,-0.028820729772607086,-0.35393971443680594,0.5672659968270756,0.1083553675304072,0.20597567424643046,-0.13881544156530937,-0.31745108408249606,0.6442622950819672,0.48202009518773137,0.4902168164992068,-0.014436805922792173,-0.39000528820729774,1.0,0.18699101004759386,0.279111581173982,-0.0967741935483871,-0.19185616076150186,0.4661025912215759,0.27763088313061873,0.3406663141195135,-0.08709677419354839,-0.29740877842411423,0.7115282919090429,0.14098360655737704,0.1757800105764146,-0.12231623479640402,-0.14389212057112638,0.4290851401374934,0.2740877842411423,0.38514013749338977,-0.09079851930195663,-0.2217874140666314,0.6913273400317292,0.25230037017451085,0.36763617133791643,0.1738762559492332,-0.0562665256478054,0.4466948704389212,0.3600211528291909,0.43527234267583287,0.10253833950290851,-0.24606028556319406,0.6645161290322581,0.02622950819672131,0.21739820200951876,0.0857218402961396,-0.2465362242199894,0.4796404019037546,0.35579058699101007,0.4426229508196721,0.11840296139608672,-0.27678476996298257,0.7161290322580646,0.19767318878900053,0.3817028027498678,0.10200951877313591,-0.01850872554204125,0.4054468535166579,0.2519830777366473,0.2994182971972501,-0.004600740349021682,-0.22765732416710735,0.6216287678476996,0.11686938127974617,0.16747752511898467,0.048016922263352725,-0.12152300370174511,0.29751454257006876,0.4874669487043892,0.44500264410364887,0.11734531993654151,-0.09687995769434161,0.6047065044949762,0.1471179270227393,0.29296668429402434,-0.07630883130618721,-0.3363828662083554,0.7337387625594923,0.44828133262823905,0.525965097831835,-0.20666314119513485,-0.1417239555790587,0.6399259650978318,0.10978318350079323,0.2217874140666314,-0.12321523003701745,-0.2378106821787414,0.5116869381279746
C3_delta_power,0.6197250132205182,0.4978847170809096,0.3032258064516129,0.12585933368588048,0.3948704389212057,0.32966684294024323,0.26282390269698575,0.13865679534637756,0.027234267583289264,0.3170280274986779,0.7160761501850873,0.4113167636171338,0.1842411422527763,0.16144896879957693,0.26240084611316766,0.36679005817028026,0.26409307244844,0.09693283976731888,0.14891591750396616,0.18699101004759386,1.0,0.6159703860391328,0.16975145425700688,0.25780010576414597,0.36007403490216816,0.39270227392913803,0.12258064516129032,-0.05076679005817028,0.19587519830777367,-0.07741935483870968,0.728820729772607,0.45700687466948703,0.04965626652564781,0.2638815441565309,0.2056583818085669,0.3608143839238498,0.23897408778424115,0.03574828133262824,0.33019566367001585,-0.029931253305129562,0.6401374933897409,0.4953992596509783,0.2792173453199365,0.26039132734003173,0.19069275515600212,0.4076679005817028,0.30343733474352197,0.1387625594923321,0.15023796932839767,0.1835536753040719,0.5107350608143839,0.4587519830777366,0.37006874669487044,0.20274986779481755,0.13717609730301428,0.212374405076679,0.21824431517715495,0.1074034902168165,0.1518244315177155,0.09984135378106822,0.6061872025383395,0.5273929138022211,0.31554732945531466,0.22966684294024325,0.38968799576943414,0.1609730301427816,0.2084611316763617,0.13236382866208354,0.11380222104706504,0.18106821787414068,0.6484399788471709,0.48974087784241144,0.32252776308831305,0.36213643574828136,0.22501322051824432,0.3380750925436277,0.3115811739820201,0.2815970386039133,0.2511369645690111,0.15790586991010047,0.7243786356425171,0.44849286092014806,0.17540983606557378,0.19994711792702274,0.2846641988365944,0.3843997884717081,0.15695399259650977,0.08069804336329985,0.36546800634584875,-0.16171337916446324,0.7277102062400846,0.5068217874140666,0.12104706504494976,0.2696456901110523,0.21448968799576942
C3_theta_power,0.43601269169751455,0.6064516129032258,0.518455843469064,0.4629825489159175,0.2108937070333157,0.26953992596509785,0.40396615547329456,0.317239555790587,0.2940772078265468,0.1437334743521946,0.5132205182443151,0.8114754098360656,0.4360655737704918,0.48244315177154945,0.36414595452141724,0.3115811739820201,0.52760444209413,0.1884188260179799,0.27276573241671076,0.279111581173982,0.6159703860391328,1.0,0.18831306187202537,0.4388683236382866,0.5314119513484928,0.18408249603384452,0.4015864621893178,-0.07837123215230037,0.19360126916975146,0.17879428873611847,0.5334214701216288,0.7663141195134849,0.2110523532522475,0.4439978847170809,0.3405076679005817,0.312374405076679,0.4935483870967742,0.05584346906398731,0.33923849814912743,0.1775251189846642,0.4718667371760973,0.6141723955579058,0.36240084611316764,0.24219989423585406,0.29524061343204655,0.4015864621893178,0.4217874140666314,0.2150713907985193,0.1304071919619249,0.2472236911686938,0.3079851930195664,0.7239026969857218,0.5706504494976203,0.42686409307244844,0.22628239026969857,0.1363299841353781,0.37466948704389214,0.2372818614489688,0.18471708090957165,0.2671602326811211,0.42184029613960866,0.6858276044420941,0.3990481226864093,0.3586991010047594,0.4053939714436806,0.05018508725542041,0.29508196721311475,0.13093601269169752,0.03960867265996827,0.34246430460074034,0.49471179270227394,0.6450555261766261,0.44219989423585404,0.4378635642517187,0.2790586991010048,0.31692226335272344,0.3741935483870968,0.2056583818085669,0.16335272342675833,0.24970914859862506,0.526969857218403,0.8006874669487044,0.39825489159175037,0.44680063458487573,0.33860391327340034,0.3769962982548916,0.5443680592279218,0.11491274457958751,0.36599682707562137,0.21337916446324695,0.5430988894764675,0.8006345848757271,0.292702273929138,0.45425700687466947,0.27033315705975675
C3_alpha_power,0.27006874669487047,0.24579587519830778,0.49360126916975144,0.12363828662083554,0.1466948704389212,0.06493918561607614,0.10475938656795346,0.32268640930724485,0.07678476996298254,0.06393442622950819,0.21840296139608673,0.2165520888418826,0.6709148598625067,0.260655737704918,-0.0506081438392385,0.054151242728714966,0.15700687466948704,0.5517715494447383,0.23437334743521945,-0.0967741935483871,0.16975145425700688,0.18831306187202537,1.0,0.2694341618191433,-0.19153886832363828,-0.19624537281861448,0.000898995240613432,0.7129032258064516,0.21052353252247488,-0.2695928080380751,0.14759386567953464,0.21829719725013222,0.7884188260179799,0.3093072448439979,-0.15933368588048652,-0.0641988365943945,0.1347435219460603,0.6516129032258065,0.30274986779481755,-0.20100475938656795,0.09529349550502379,0.14500264410364885,0.3391327340031729,0.1577472236911687,-0.0745637228979376,-0.007667900581702803,0.117239555790587,0.3615018508725542,0.23987308302485458,-0.10486515071390798,0.15520888418826018,0.14542570068746694,0.4684822845055526,0.12305658381808567,0.041089370703331574,-0.14362771020624007,-0.10898995240613432,0.2664727657324167,0.06583818085668958,-0.16234796404019036,0.21565309360126916,0.12162876784769963,0.6086726599682708,0.2178741406663141,-0.15388683236382866,-0.09312533051295611,0.018085668958223163,0.531253305129561,0.10507667900581703,-0.06107879428873612,0.1755156002115283,0.09751454257006875,0.4328397673188789,0.14717080909571656,-0.052670544685351664,-0.06404019037546271,0.04368059227921735,0.3438392384981491,0.06181914331041777,-0.0005817028027498678,0.25552617662612376,0.22390269698572185,0.6453199365415124,0.27948175568482286,-0.1300370174510841,0.08450555261766261,0.09270227392913802,0.7527234267583289,0.2923320994182972,-0.18212585933368589,0.25647805393971446,0.25647805393971446,0.7351665785298783,0.34299312533051296,-0.20698043363299842
C3_beta_power,0.26240084611316766,0.37445795875198307,0.5822845055526177,0.6309360126916975,-0.09545214172395558,0.06615547329455315,0.18339502908514013,0.386620835536753,0.44664198836594393,-0.144420941300899,0.36969857218402963,0.543204653622422,0.49360126916975144,0.841988365943945,-0.33262823902696986,0.23627710206240085,0.37927022739291383,0.29222633527234265,0.5732416710735061,-0.19185616076150186,0.25780010576414597,0.4388683236382866,0.2694341618191433,1.0,-0.4328926493918562,-0.028820729772607086,0.11909042834479111,0.13125330512956107,0.5384452670544685,-0.4340031729243786,0.33828662083553673,0.42226335272342674,0.38921205711263884,0.8583818085668958,-0.44103648863035433,0.13363299841353782,0.21919619249074565,0.24933897408778424,0.608937070333157,-0.39767318878900054,0.348281332628239,0.41205711263881545,0.3654151242728715,0.6643574828133263,-0.20074034902168164,0.18350079323109467,0.19069275515600212,0.24854574299312532,0.3886832363828662,-0.17905869910100475,0.2422527763088313,0.3816499206768905,0.3303014278159704,0.6583289264939186,-0.264304600740349,0.11147540983606558,0.14933897408778424,0.1866737176097303,0.5112638815441566,-0.24257006874669487,0.2535695399259651,0.34865150713907983,0.3030142781597039,0.6062400846113167,-0.16361713379164464,0.06208355367530407,0.1560021152829191,0.1453728186144897,0.24209413008989952,0.004494976203067161,0.2807509254362771,0.33744050766790057,0.3335272342675833,0.5629296668429402,-0.15050237969328398,0.011422527763088313,0.07530407191961926,0.10343733474352194,0.13167636171337915,-0.13262823902696985,0.40021152829190904,0.5307244843997885,0.48228450555261765,0.7737176097303015,-0.3438921205711264,0.20988894764674776,0.15737704918032788,0.19101004759386567,0.5996298254891592,-0.39725013220518246,0.37625594923320993,0.43833950290851403,0.4538339502908514,0.8475409836065574,-0.5363299841353781
C3_theta_beta_ratio,0.18699101004759386,0.21909042834479112,-0.053569539925965096,-0.11856160761501851,0.30100475938656795,0.1508725542041248,0.21121099947117927,-0.0807509254362771,-0.1207297726070862,0.24833421470121628,0.18376520359598097,0.27091485986250663,-0.09820200951877314,-0.27858276044420943,0.6535695399259651,0.16372289793759914,0.22258064516129034,-0.13521946060285564,-0.22067689053410894,0.4661025912215759,0.36007403490216816,0.5314119513484928,-0.19153886832363828,-0.4328926493918562,1.0,0.21850872554204126,0.32014806980433635,-0.2659968270756214,-0.2983606557377049,0.6248545742993126,0.24140666314119513,0.34182971972501325,-0.2582760444209413,-0.32982548915917503,0.7773135906927552,0.1681121099947118,0.2627181385510312,-0.2878900052882073,-0.23088313061872026,0.5299841353781068,0.1857218402961396,0.2301427815970386,-0.01877313590692755,-0.3236911686938128,0.49048122686409307,0.2553146483342147,0.26710735060814383,-0.05441565309360127,-0.2270756213643575,0.4250661025912216,0.1068746694870439,0.3352723426758329,0.19264939185616076,-0.21829719725013222,0.49063987308302487,0.09888947646747752,0.2619249074563723,0.013907985193019567,-0.2681121099947118,0.47731359069275514,0.21041776837652035,0.3657324167107351,0.025700687466948705,-0.20248545742993126,0.6024854574299312,0.06446324695928081,0.19201480698043363,-0.07234267583289265,-0.13120042305658383,0.361660497091486,0.2951877313590693,0.35933368588048653,0.06774193548387097,-0.114806980433633,0.5129561078794289,0.2891062929666843,0.3143310417768376,0.07662612374405077,0.03770491803278689,0.4113167636171338,0.17794817556848228,0.28778424114225276,-0.10586991010047594,-0.2565309360126917,0.6631411951348493,0.15621364357482814,0.41163405605499737,-0.22480169222633528,-0.20650449497620307,0.6080380750925436,0.15991538868323638,0.34854574299312535,-0.25388683236382864,-0.31597038603913274,0.8025383395029085
C4_delta_power,0.14600740349021682,0.08202009518773136,-0.05452141723955579,0.0449497620306716,0.0858804865150714,0.4562665256478054,0.2802221047065045,0.20999471179270227,0.18350079323109467,0.1853516657852988,0.3145425700687467,0.04352194606028556,-0.1794288736118456,-0.0031729243786356425,0.03315705975674246,0.6848757271285034,0.42226335272342674,0.11078794288736118,0.2737176097303014,0.27763088313061873,0.39270227392913803,0.18408249603384452,-0.19624537281861448,-0.028820729772607086,0.21850872554204126,1.0,0.5772607086197779,0.06351136964569011,0.3103120042305658,0.3,0.34029613960867267,0.1261237440507668,-0.14045478582760446,-0.06404019037546271,0.24569011105235325,0.7148598625066103,0.5413008989952406,0.07123215230037018,0.19576943416181913,0.3977260708619778,0.5057641459545215,0.44431517715494445,0.25928080380750923,0.0251718667371761,0.3874669487043892,0.6571655208884188,0.5674246430460074,0.2606028556319408,0.23373876255949233,0.4074034902168165,0.17234267583289264,0.17419354838709677,0.08873611845584346,0.22120571126388155,-0.1333685880486515,0.6336858804865151,0.551718667371761,0.32998413537810684,0.3950819672131147,0.2765732416710735,0.27821258593336856,0.2962453728186145,0.15933368588048652,0.09370703331570597,0.24394500264410365,0.6486515071390798,0.6309888947646748,0.2983606557377049,0.3998413537810682,0.2751983077736647,0.33532522474881016,0.23278688524590163,0.20396615547329455,0.36277102062400846,-0.008408249603384453,0.5545742993125331,0.48376520359598096,0.26478053939714435,0.4461131676361713,0.16287678476996298,0.36758328926493916,0.10898995240613432,-0.1212585933368588,0.0822316234796404,0.04167107350608144,0.7157588577472237,0.3877842411422528,0.030195663670015863,0.2454785827604442,0.14219989423585405,0.32051824431517717,0.18778424114225278,-0.11136964569011105,-0.06927551560021153,0.2957165520888419
C4_theta_power,0.10867265996827076,0.2685351665785299,0.28413537810682177,0.3170280274986779,0.059598096245372816,0.2696456901110523,0.43104177683765205,0.4800634584875727,0.3573241671073506,0.12469592808038076,0.13765203595980963,0.3512956107879429,0.19465891062929666,0.29968270756213644,0.09190904283447911,0.49254362771020627,0.7848228450555261,0.48878900052882074,0.5398730830248546,0.3406663141195135,0.12258064516129032,0.4015864621893178,0.000898995240613432,0.11909042834479111,0.32014806980433635,0.5772607086197779,1.0,0.3414595452141724,0.5379693283976732,0.4821787414066631,0.20401903754627182,0.3877842411422528,0.09312533051295611,0.16372289793759914,0.32147012162876787,0.45965097831835006,0.8125330512956108,0.24473823373876255,0.38942358540454786,0.4547329455314648,0.2817556848228451,0.3630354309888948,0.32400846113167636,0.03368588048651507,0.3847699629825489,0.5042834479111581,0.660655737704918,0.39074563722897937,0.3847699629825489,0.33495505023796934,-0.20211528291909042,0.1399788471708091,0.23342147012162875,0.22712850343733473,-0.0873611845584347,0.27662612374405077,0.48260179799048125,0.39825489159175037,0.3527763088313062,0.22337387625594923,0.054785827604442096,0.3013220518244315,0.25473294553146486,0.26092014806980435,0.1239555790586991,0.4042834479111581,0.7183500793231095,0.4194606028556319,0.40460074034902166,0.35473294553146484,0.21031200423056584,0.27572712850343734,0.30602855631940773,0.33733474352194603,0.05716552088841883,0.43950290851401375,0.5907985193019566,0.37139079851930196,0.37154944473823376,0.2979904812268641,0.22104706504494975,0.44352194606028555,0.23506081438392384,0.3891062929666843,0.08381808566895822,0.58011634056055,0.8187202538339503,0.20507667900581703,0.4090957165520888,0.398783712321523,0.18059227921734533,0.4333685880486515,0.11898466419883659,0.14870438921205711,0.3249074563722898
C4_alpha_power,0.13035430988894764,0.0224748810153358,0.2472236911686938,0.113590692755156,-0.012533051295610787,0.13574828133262823,0.13707033315705977,0.4100475938656795,0.22644103648863034,-0.010470650449497621,-0.007932310946589107,-0.03945002644103649,0.40074034902168165,0.19222633527234267,-0.22686409307244845,0.2405076679005817,0.33363299841353783,0.6778424114225278,0.4607086197778953,-0.08709677419354839,-0.05076679005817028,-0.07837123215230037,0.7129032258064516,0.13125330512956107,-0.2659968270756214,0.06351136964569011,0.3414595452141724,1.0,0.5211528291909043,-0.17763088313061873,-0.008725542041248016,0.03955579058699101,0.6147012162876785,0.17678476996298254,-0.16398730830248545,0.15282919090428346,0.31887890005288205,0.7162876784769963,0.4272871496562665,-0.11517715494447382,0.02242199894235854,-0.022051824431517715,0.21269169751454256,0.0051824431517715494,-0.025806451612903226,0.14383923849814914,0.2692755156002115,0.44674775251189847,0.3799576943416182,-0.03368588048651507,-0.07117927022739291,-0.10613432046536224,0.25943945002644103,0.08413537810682178,-0.16626123744050766,-0.0025912215758857747,0.03654151242728715,0.3891591750396616,0.23199365415124273,-0.13643574828133262,-0.03733474352194606,-0.08524590163934426,0.4025912215758858,0.22480169222633528,-0.3313590692755156,0.14114225277630882,0.29428873611845585,0.6645690111052354,0.3292966684294024,-0.017556848228450557,0.013537810682178741,-0.10475938656795346,0.28947646747752515,0.08820729772607086,-0.18857747223691168,0.08006345848757271,0.24045478582760443,0.5188260179799048,0.2648334214701216,0.0018508725542041248,0.08767847699629826,0.017768376520359598,0.4094658910629297,0.261660497091486,-0.3047593865679535,0.2670015864621893,0.2717609730301428,0.7696985721840296,0.3955579058699101,-0.10412480169222633,0.05906927551560021,0.06282390269698572,0.56795346377578,0.2313590692755156,-0.20661025912215758
C4_beta_power,0.13157059756742465,0.1974616604970915,0.4267583289264939,0.44658910629296666,-0.09365415124272872,0.10364886303543099,0.20893707033315706,0.5197250132205182,0.5428873611845584,-0.1617662612374405,0.22014806980433632,0.27112638815441564,0.37715494447382336,0.598995240613432,-0.34516129032258064,0.2865150713907985,0.49243786356425173,0.5473294553146484,0.8707562136435748,-0.29740877842411423,0.19587519830777367,0.19360126916975146,0.21052353252247488,0.5384452670544685,-0.2983606557377049,0.3103120042305658,0.5379693283976732,0.5211528291909043,1.0,-0.44865150713907986,0.2846641988365944,0.2769434161819143,0.344420941300899,0.5710735060814384,-0.3258064516129032,0.27741935483870966,0.43802221047065043,0.41110523532522475,0.803437334743522,-0.3566895822316235,0.2488630354309889,0.18974087784241142,0.31538868323638286,0.39635113696456903,-0.13696456901110524,0.18635642517186674,0.27186673717609733,0.3396615547329455,0.6991010047593865,-0.27572712850343734,-0.014595452141723956,0.06335272342675832,0.24230565838180856,0.4823902696985722,-0.4026969857218403,0.15838180856689582,0.19814912744579588,0.3582760444209413,0.6608672659968271,-0.2959809624537282,0.046641988365943944,0.09640401903754627,0.29910100475938656,0.48323638286620835,-0.27932310946589106,0.2613960867265997,0.4608143839238498,0.47625594923320996,0.5895293495505024,-0.08931782125859333,0.1893707033315706,0.1293495505023797,0.32670544685351666,0.5398202009518773,-0.29471179270227393,0.09867794817556848,0.24463246959280804,0.37852987837123214,0.5191433104177684,-0.24664198836594395,0.21084082496033846,0.2725013220518244,0.3609201480698043,0.6892120571126388,-0.4388154415653094,0.3726599682707562,0.33114754098360655,0.4248016922263353,0.813802221047065,-0.40920148069804335,0.30581702802749866,0.29873083024854574,0.3540983606557377,0.618244315177155,-0.3828133262823903
C4_theta_beta_ratio,0.013273400317292438,0.09159175039661555,-0.17620306716023268,-0.18376520359598097,0.22950819672131148,0.19873083024854574,0.2675304071919619,-0.029455314648334216,-0.2212585933368588,0.3430460074034902,-0.04928609201480698,0.06790058170280275,-0.2417239555790587,-0.32882072977260707,0.48381808566895823,0.2869381279746166,0.3485986250661026,-0.07678476996298254,-0.33246959280803806,0.7115282919090429,-0.07741935483870968,0.17879428873611847,-0.2695928080380751,-0.4340031729243786,0.6248545742993126,0.3,0.4821787414066631,-0.17763088313061873,-0.44865150713907986,1.0,-0.06573241671073506,0.08741406663141195,-0.2875198307773665,-0.41554732945531464,0.6539925965097831,0.22712850343733473,0.39185616076150187,-0.18307773664727658,-0.398572184029614,0.8531993654151243,0.041935483870967745,0.1560021152829191,-0.024907456372289794,-0.38064516129032255,0.5378635642517187,0.3586462189317821,0.42469592808038076,0.041353781068217875,-0.3140137493389741,0.6571655208884188,-0.1670544685351666,0.0857218402961396,-0.040719196192490745,-0.3199365415124273,0.37329455314648335,0.17255420412480169,0.3350079323109466,0.023585404547858277,-0.3488630354309889,0.606292966684294,-0.006768905341089371,0.185193019566367,-0.08730830248545743,-0.25118984664198835,0.4079851930195664,0.16277102062400847,0.27948175568482286,-0.07641459545214173,-0.22998413537810683,0.518244315177155,0.0026441036488630354,0.10544685351665785,-0.08212585933368588,-0.27244843997884716,0.381544156530936,0.3676890534108937,0.37694341618191435,0.020253833950290852,-0.15177154944473822,0.6043892120571126,0.040137493389740875,0.17091485986250662,-0.195134849286092,-0.3372818614489688,0.5676361713379164,0.23987308302485458,0.5237969328397674,-0.25552617662612376,-0.393707033315706,0.8528820729772607,-0.11940772078265469,0.12067689053410893,-0.27546271813855105,-0.4769434161819143,0.7263352723426758
P3_delta_power,0.45293495505023795,0.45351665785298784,0.4098360655737705,0.25023796932839765,0.2893707033315706,0.21792702273929138,0.26784769962982546,0.24325753569539926,0.1534108937070333,0.1982548915917504,0.6673717609730302,0.4805922792173453,0.32242199894235857,0.33035430988894765,0.197567424643046,0.34584875727128506,0.34531993654151244,0.20190375462718138,0.2855631940772078,0.14098360655737704,0.728820729772607,0.5334214701216288,0.14759386567953464,0.33828662083553673,0.24140666314119513,0.34029613960867267,0.20401903754627182,-0.008725542041248016,0.2846641988365944,-0.06573241671073506,1.0,0.717451084082496,0.21311475409836064,0.46308831306187204,0.2658381808566896,0.28757271285034375,0.30586991010047593,0.12686409307244845,0.4668429402432575,-0.10428344791115812,0.8073506081438392,0.5853516657852987,0.41649920676890534,0.4472765732416711,0.12686409307244845,0.418667371760973,0.3563722897937599,0.25631940772078265,0.2658381808566896,0.13061872025383395,0.3756742464304601,0.4372818614489688,0.43907985193019566,0.31808566895822316,0.0195134849286092,0.12511898466419882,0.21607615018508725,0.2525647805393971,0.3463246959280804,-0.03865679534637758,0.708937070333157,0.69613960867266,0.5088313061872025,0.3017451084082496,0.4785298783712322,0.12564780539397144,0.20973030142781596,0.20111052353252248,0.17593865679534637,0.12353252247488102,0.770597567424643,0.6181385510312004,0.4294553146483342,0.3606028556319408,0.3561607615018509,0.28551031200423055,0.2840824960338445,0.2725013220518244,0.2644632469592808,0.03294553146483342,0.7109465891062929,0.4616076150185087,0.2588048651507139,0.3264939185616076,0.17689053410893707,0.37810682178741406,0.24219989423585406,0.14257006874669487,0.48376520359598096,-0.19910100475938658,0.8507667900581702,0.641776837652036,0.20719196192490746,0.45600211528291906,0.14992067689053412
P3_theta_power,0.2988365943945003,0.5021681649920677,0.4907985193019566,0.4487572712850344,0.14331041776837652,0.15378106821787413,0.3121099947117927,0.26953992596509785,0.21718667371760972,0.12210470650449498,0.4666314119513485,0.7054997355896351,0.48455843469063986,0.5177154944473823,0.22548915917503967,0.21850872554204126,0.4464304600740349,0.2579587519830777,0.3159175039661555,0.1757800105764146,0.45700687466948703,0.7663141195134849,0.21829719725013222,0.42226335272342674,0.34182971972501325,0.1261237440507668,0.3877842411422528,0.03955579058699101,0.2769434161819143,0.08741406663141195,0.717451084082496,1.0,0.36615547329455317,0.5852459016393443,0.4522474881015336,0.2002644103648863,0.4951877313590693,0.14294024325753568,0.4353781068217874,0.10925436277102063,0.5498677948175569,0.652723426758329,0.3704918032786885,0.3538339502908514,0.23199365415124273,0.33056583818085666,0.4221575885774722,0.24997355896351137,0.23696456901110524,0.2094130089899524,0.16129032258064516,0.5436805922792174,0.45240613432046534,0.3887890005288207,0.07213114754098361,0.026599682707562137,0.28164992067689054,0.34759386567953465,0.3304600740349022,0.05536753040719196,0.428397673188789,0.7066631411951348,0.5153358011634056,0.4175039661554733,0.3730830248545743,0.0051824431517715494,0.2607086197778953,0.23786356425171867,0.14531993654151243,0.1629825489159175,0.5647276573241671,0.7144896879957694,0.5084611316763618,0.4241142252776309,0.3799576943416182,0.2520888418826018,0.30396615547329453,0.18868323638286622,0.15901639344262294,0.1182971972501322,0.4739291380222105,0.6506610259122158,0.37556848228450557,0.48175568482284503,0.16980433632998412,0.3377049180327869,0.49492332099418296,0.2157588577472237,0.42776308831306187,0.08503437334743522,0.6260179799048122,0.904653622421999,0.3436805922792173,0.5645161290322581,0.27324167107350605
P3_alpha_power,0.2122157588577472,0.2779481755684823,0.5589635113696457,0.23844526705446853,0.05906927551560021,0.02845055526176626,0.10867265996827076,0.41623479640401906,0.1500793231094659,-0.023638286620835537,0.15817028027498678,0.2873611845584347,0.7276573241671074,0.39978847170809095,-0.15335801163405605,0.07800105764145955,0.2370174510840825,0.6243786356425172,0.3457429931253305,-0.12231623479640402,0.04965626652564781,0.2110523532522475,0.7884188260179799,0.38921205711263884,-0.2582760444209413,-0.14045478582760446,0.09312533051295611,0.6147012162876785,0.344420941300899,-0.2875198307773665,0.21311475409836064,0.36615547329455317,1.0,0.49508196721311476,-0.2034902168164992,0.0012162876784769963,0.27932310946589106,0.7959280803807509,0.4856160761501851,-0.20946589106292968,0.2125330512956108,0.3134320465362242,0.5659968270756214,0.3547858276044421,-0.07546271813855103,0.07985193019566367,0.2788471708090957,0.5732945531464834,0.4181385510312004,-0.06737176097303015,0.0343204653622422,0.15727128503437335,0.5111052353252248,0.20497091485986252,-0.03691168693812798,-0.16425171866737176,-0.06858804865150714,0.3981491274457959,0.23046007403490218,-0.281332628239027,0.15367530407191962,0.18286620835536754,0.7131147540983607,0.2811739820200952,-0.1561078794288736,0.05806451612903226,0.17191961924907456,0.6048122686409307,0.1377049180327869,0.04420941300898995,0.3095187731359069,0.3104706504494976,0.6438392384981492,0.30031729243786354,-0.009571655208884188,0.03051295610787943,0.17086197778952936,0.4428344791115812,0.20333157059756743,-0.046536224219989424,0.20544685351665784,0.2647276573241671,0.7210470650449498,0.4315177154944474,-0.27625594923320995,0.06657852987837123,0.1061872025383395,0.7376520359598097,0.45943945002644104,-0.281544156530936,0.20047593865679533,0.3026969857218403,0.8610787942887361,0.5265468006345849,-0.29613960867266
P3_beta_power,0.24235854045478583,0.4423056583818086,0.6457958751983077,0.5595452141723956,0.019090428344791115,0.08524590163934426,0.24114225277630882,0.44812268640930725,0.41930195663670017,-0.07578001057641459,0.34167107350608145,0.5549444738233739,0.5912215758857747,0.757588577472237,-0.2156002115282919,0.18059227921734533,0.40290851401374933,0.40629296668429404,0.562083553675304,-0.14389212057112638,0.2638815441565309,0.4439978847170809,0.3093072448439979,0.8583818085668958,-0.32982548915917503,-0.06404019037546271,0.16372289793759914,0.17678476996298254,0.5710735060814384,-0.41554732945531464,0.46308831306187204,0.5852459016393443,0.49508196721311476,1.0,-0.3921734531993654,0.11126388154415653,0.3016922263352723,0.32903225806451614,0.7184029613960867,-0.3849286092014807,0.3237440507667901,0.39978847170809095,0.3870967741935484,0.754362771020624,-0.32157588577472235,0.15388683236382866,0.22728714965626653,0.29238498149127445,0.446853516657853,-0.15780010576414596,0.1343204653622422,0.35224748810153356,0.4253833950290851,0.5631940772078265,-0.22305658381808566,0.030301427815970387,0.1390269698572184,0.30290851401374935,0.5216287678476996,-0.22702273929138023,0.27546271813855105,0.4007932310946589,0.46652564780539396,0.6126388154415653,-0.11575885774722369,-0.01787414066631412,0.18133262823902696,0.27392913802221047,0.3080380750925436,-0.013643574828133264,0.3901639344262295,0.4433632998413538,0.4693283976731888,0.6347435219460603,-0.11295610787942888,0.05314648334214701,0.1523532522474881,0.25013220518244317,0.27784241142252775,-0.15626652564780538,0.3726599682707562,0.5540983606557377,0.5436805922792174,0.7312004230565838,-0.2618191433104178,0.18265468006345847,0.17842411422527762,0.2721311475409836,0.6473294553146484,-0.4056583818085669,0.42485457429931256,0.5004230565838181,0.5020095187731359,0.9070861977789529,-0.49629825489159174
P3_theta_beta_ratio,0.06906398730830249,0.0662083553675304,-0.19471179270227393,-0.1434690639873083,0.18461131676361714,0.06991010047593865,0.10401903754627181,-0.22215758857747223,-0.2154944473823374,0.23833950290851402,0.14870438921205711,0.1634056054997356,-0.1807509254362771,-0.26911686938127977,0.5348492860920148,0.10988894764674775,0.10750925436277102,-0.19534637757800105,-0.26118455843469063,0.4290851401374934,0.2056583818085669,0.3405076679005817,-0.15933368588048652,-0.44103648863035433,0.7773135906927552,0.24569011105235325,0.32147012162876787,-0.16398730830248545,-0.3258064516129032,0.6539925965097831,0.2658381808566896,0.4522474881015336,-0.2034902168164992,-0.3921734531993654,1.0,0.10893707033315705,0.22406134320465362,-0.271602326811211,-0.33548387096774196,0.6102062400846113,0.2472236911686938,0.2881544156530936,-0.06430460074034902,-0.38672659968270756,0.6242728714965626,0.2249074563722898,0.24743521946060285,-0.12141723955579059,-0.2811210999471179,0.4819672131147541,0.0449497620306716,0.23289264939185617,0.007509254362771021,-0.2056583818085669,0.351718667371761,0.07234267583289265,0.21745108408249603,0.035325224748810155,-0.20497091485986252,0.3605499735589635,0.21591750396615547,0.38810153358011634,0.035272342675832895,-0.1938127974616605,0.6079323109465891,0.07831835007932311,0.153146483342147,-0.06308831306187203,-0.1363299841353781,0.2301427815970386,0.23305129561078794,0.3222104706504495,0.020359598096245372,-0.19962982548915917,0.5758857747223691,0.20010576414595452,0.16451612903225807,-0.10655737704918032,-0.10872554204124801,0.2960867265996827,0.13447911158117398,0.13209941829719726,-0.24341618191433104,-0.2618191433104178,0.5325753569539926,0.1970386039132734,0.3962453728186145,-0.1605499735589635,-0.26319407720782656,0.614595452141724,0.22982548915917503,0.45658381808566895,-0.2118455843469064,-0.34822845055526175,0.9120571126388154
P4_delta_power,0.25875198307773667,0.1978318350079323,0.07831835007932311,0.17181385510312006,0.09873083024854575,0.6019037546271814,0.3924378635642517,0.3598096245372819,0.27948175568482286,0.1787414066631412,0.26991010047593866,0.09338974087784241,-0.03061872025383395,0.11644632469592808,-0.03976731887890005,0.7719196192490746,0.4421470121628768,0.21861448968799577,0.23410893707033315,0.2740877842411423,0.3608143839238498,0.312374405076679,-0.0641988365943945,0.13363299841353782,0.1681121099947118,0.7148598625066103,0.45965097831835006,0.15282919090428346,0.27741935483870966,0.22712850343733473,0.28757271285034375,0.2002644103648863,0.0012162876784769963,0.11126388154415653,0.10893707033315705,1.0,0.6852987837123216,0.22876784769962982,0.3533051295610788,0.3987308302485457,0.43331570597567426,0.4490216816499207,0.26705446853516657,0.08001057641459546,0.3413537810682179,0.8615547329455314,0.6939714436805923,0.36546800634584875,0.2459016393442623,0.4986779481755685,0.07863564251718667,0.13024854574299313,0.11565309360126917,0.259227921734532,-0.15023796932839767,0.564304600740349,0.47493389740877845,0.3781597038603913,0.3116869381279746,0.32818614489687997,0.21422527763088314,0.31269169751454257,0.18831306187202537,0.17440507667900582,0.14362771020624007,0.5353781068217874,0.5545214172395558,0.3302485457429931,0.33183500793231097,0.29740877842411423,0.31443680592279216,0.29122157588577474,0.26113167636171336,0.330830248545743,0.047964040190375465,0.7203595980962454,0.6475409836065574,0.4907456372289794,0.43490216816499205,0.35092543627710204,0.3878900052882073,0.20544685351665784,0.016023268112109995,0.13870967741935483,0.017345319936541512,0.7576943416181914,0.42104706504494976,0.15520888418826018,0.2666314119513485,0.15261766261237442,0.23818085668958222,0.23691168693812797,0.03627710206240085,0.09820200951877314,0.20354309888947647
P4_theta_power,0.222104706504495,0.40206240084611317,0.35351665785298786,0.2670015864621893,0.17265996827075622,0.4565309360126917,0.5257006874669488,0.5538339502908514,0.2704389212057113,0.27461660497091483,0.2033844526705447,0.36398730830248543,0.3169751454257007,0.33437334743521946,0.027128503437334743,0.5961396086726599,0.7615547329455314,0.5545214172395558,0.4284505552617663,0.38514013749338977,0.23897408778424115,0.4935483870967742,0.1347435219460603,0.21919619249074565,0.2627181385510312,0.5413008989952406,0.8125330512956108,0.31887890005288205,0.43802221047065043,0.39185616076150187,0.30586991010047593,0.4951877313590693,0.27932310946589106,0.3016922263352723,0.22406134320465362,0.6852987837123216,1.0,0.4491274457958752,0.5491803278688525,0.4835007932310947,0.4018508725542041,0.5330512956107879,0.4719725013220518,0.1585404547858276,0.37868852459016394,0.7093072448439979,0.8528820729772607,0.5989423585404547,0.4207297726070862,0.5001586462189318,-0.16959280803807508,0.18995240613432046,0.3252776308831306,0.254151242728715,-0.09381279746166049,0.31464833421470123,0.5304071919619249,0.5610259122157588,0.33955579058699104,0.30528820729772604,0.09095716552088842,0.3758857747223691,0.41554732945531464,0.2453728186144897,0.12940243257535694,0.3722897937599154,0.6867794817556848,0.5399259650978319,0.35356953992596507,0.3988894764674775,0.3524590163934426,0.45081967213114754,0.4757800105764146,0.4223691168693813,0.1227392913802221,0.6441565309360127,0.7754098360655738,0.5836594394500264,0.4161290322580645,0.4608143839238498,0.3253305129561079,0.4772607086197779,0.3298783712321523,0.34986779481755687,0.08016922263352723,0.6762030671602327,0.7624537281861449,0.34801692226335273,0.461660497091486,0.27895293495505025,0.2610787942887361,0.504071919619249,0.26229508196721313,0.2708090957165521,0.26493918561607616
P4_alpha_power,0.1578529878371232,0.19941829719725013,0.4466948704389212,0.17197250132205183,0.05573770491803279,0.15520888418826018,0.19122157588577474,0.5616076150185088,0.21813855103120042,0.027921734531993654,0.10274986779481755,0.11385510312004231,0.5637228979375991,0.302432575356954,-0.22485457429931252,0.20153358011634057,0.3457958751983078,0.7360126916975145,0.4454785827604442,-0.09079851930195663,0.03574828133262824,0.05584346906398731,0.6516129032258065,0.24933897408778424,-0.2878900052882073,0.07123215230037018,0.24473823373876255,0.7162876784769963,0.41110523532522475,-0.18307773664727658,0.12686409307244845,0.14294024325753568,0.7959280803807509,0.32903225806451614,-0.271602326811211,0.22876784769962982,0.4491274457958752,1.0,0.5637757800105764,-0.10396615547329455,0.18588048651507139,0.23231094658910628,0.5604970914859863,0.2430988894764675,-0.03675304071919619,0.3054997355896351,0.46504494976203065,0.7794288736118455,0.5129561078794289,0.04992067689053411,-0.10560549973558964,-0.04304600740349022,0.3853516657852988,0.14722369116869383,-0.2178741406663141,-0.11993654151242729,-0.0019037546271813855,0.4949762030671602,0.29011105235325224,-0.24188260179799048,0.01718667371760973,0.02236911686938128,0.5949762030671603,0.19968270756213644,-0.24812268640930724,0.12152300370174511,0.3005817028027499,0.7300370174510841,0.27609730301427815,0.0449497620306716,0.22400846113167636,0.18212585933368589,0.5637228979375991,0.28180856689582234,-0.12681121099947118,0.1750925436277102,0.3671602326811211,0.6564780539397145,0.34420941300898994,0.05912215758857747,0.17477525118984663,0.17091485986250662,0.5921205711263882,0.38402961396086727,-0.3323109465891063,0.21771549444738234,0.16901110523532523,0.7911686938127974,0.48931782125859336,-0.25959809624537283,0.12696985721840295,0.10946589106292967,0.7568482284505552,0.3674775251189847,-0.30354309888947645
P4_beta_power,0.32966684294024323,0.4423056583818086,0.5955050237969328,0.4232681121099947,0.10534108937070333,0.28413537810682177,0.40861977789529347,0.6496033844526705,0.4617662612374405,0.025806451612903226,0.3559492332099418,0.3508725542041248,0.5248016922263353,0.6144896879957694,-0.2936541512427287,0.34717080909571657,0.5265468006345849,0.6452670544685352,0.7749338974087784,-0.2217874140666314,0.33019566367001585,0.33923849814912743,0.30274986779481755,0.608937070333157,-0.23088313061872026,0.19576943416181913,0.38942358540454786,0.4272871496562665,0.803437334743522,-0.398572184029614,0.4668429402432575,0.4353781068217874,0.4856160761501851,0.7184029613960867,-0.33548387096774196,0.3533051295610788,0.5491803278688525,0.5637757800105764,1.0,-0.4131147540983607,0.3687995769434162,0.29873083024854574,0.43527234267583287,0.5621364357482813,-0.230830248545743,0.34976203067160233,0.4046536224219989,0.5282390269698573,0.7165520888418826,-0.17636171337916445,-0.010893707033315707,0.128397673188789,0.37562136435748283,0.4060285563194077,-0.3390269698572184,0.06969857218402961,0.20787942887361185,0.47139079851930193,0.5885774722369117,-0.23818085668958222,0.13802221047065044,0.19962982548915917,0.4512956107879429,0.4849286092014807,-0.21353781068217875,0.13172924378635642,0.35071390798519303,0.5001057641459545,0.4731359069275516,-0.020729772607086198,0.37662612374405074,0.321099947117927,0.4627181385510312,0.5426758328926494,-0.14188260179799048,0.22601797990481226,0.38810153358011634,0.5304071919619249,0.4902168164992068,-0.07815970386039132,0.39254362771020623,0.37271285034373347,0.49455314648334214,0.6180856689582231,-0.3441565309360127,0.39349550502379693,0.3219460602855632,0.5021681649920677,0.8813855103120042,-0.4785827604442094,0.4388683236382866,0.41380222104706504,0.4794288736118456,0.7487572712850343,-0.3885245901639344
P4_theta_beta_ratio,-0.052723426758328924,-0.0028556319407720783,-0.25161290322580643,-0.20163934426229507,0.13744050766790059,0.20301427815970385,0.14368059227921734,-0.08635642517186674,-0.24061343204653624,0.3089899524061343,-0.08852459016393442,0.029931253305129562,-0.25996827075621365,-0.30814383923849814,0.38693812797461663,0.3130618720253834,0.2798519301956637,-0.09957694341618191,-0.3371760973030143,0.6913273400317292,-0.029931253305129562,0.1775251189846642,-0.20100475938656795,-0.39767318878900054,0.5299841353781068,0.3977260708619778,0.4547329455314648,-0.11517715494447382,-0.3566895822316235,0.8531993654151243,-0.10428344791115812,0.10925436277102063,-0.20946589106292968,-0.3849286092014807,0.6102062400846113,0.3987308302485457,0.4835007932310947,-0.10396615547329455,-0.4131147540983607,1.0,0.10079323109465892,0.308725542041248,0.05526176626123744,-0.3791644632469593,0.6757271285034373,0.43204653622422,0.5157588577472237,0.06599682707562136,-0.2757800105764146,0.7756742464304601,-0.14494976203067161,0.07879428873611846,-0.08159703860391328,-0.22538339502908514,0.31448968799576943,0.2968799576943416,0.369169751454257,0.09312533051295611,-0.26520359598096244,0.6132734003172924,-0.018244315177154944,0.2031200423056584,-0.041565309360126916,-0.1974616604970915,0.374034902168165,0.2239555790586991,0.3189317821258593,0.015230037017451084,-0.14087784241142254,0.43622421998942357,-0.013167636171337916,0.17154944473823375,0.030248545742993127,-0.11052353252247488,0.2988365943945003,0.4399788471708091,0.40037017451084084,0.03342147012162877,-0.08561607615018509,0.596562665256478,-0.012109994711792702,0.13125330512956107,-0.23024854574299314,-0.2950290851401375,0.5105235325224748,0.3448439978847171,0.4681121099947118,-0.15959809624537283,-0.37139079851930196,0.7708619777895294,-0.11084082496033845,0.14907456372289793,-0.20465362242199894,-0.4445795875198308,0.7130089899524061
O1_delta_power,0.3787414066631412,0.3074563722897938,0.2562136435748281,0.1547858276044421,0.17461660497091486,0.2204653622421999,0.19338974087784241,0.202432575356954,0.1125330512956108,0.15864621893178213,0.5539397144368059,0.3444738233738763,0.1681121099947118,0.20423056583818086,0.1253305129561079,0.4556848228450555,0.38598625066102593,0.17694341618191434,0.2106292966684294,0.25230037017451085,0.6401374933897409,0.4718667371760973,0.09529349550502379,0.348281332628239,0.1857218402961396,0.5057641459545215,0.2817556848228451,0.02242199894235854,0.2488630354309889,0.041935483870967745,0.8073506081438392,0.5498677948175569,0.2125330512956108,0.3237440507667901,0.2472236911686938,0.43331570597567426,0.4018508725542041,0.18588048651507139,0.3687995769434162,0.10079323109465892,1.0,0.8104706504494976,0.5918032786885246,0.3787942887361185,0.4336858804865151,0.5875198307773665,0.5094130089899525,0.3264939185616076,0.2034902168164992,0.3534637757800106,0.3387096774193548,0.4166049709148599,0.39169751454257007,0.3,-0.01491274457958752,0.29481755684822847,0.3169751454257007,0.27128503437334744,0.3282919090428345,0.04262295081967213,0.6235854045478583,0.6187731359069275,0.4200423056583818,0.23289264939185617,0.43521946060285566,0.285193019566367,0.286409307244844,0.20571126388154415,0.19159175039661555,0.16187202538339504,0.7414066631411952,0.6462189317821259,0.5194606028556319,0.36160761501850874,0.3872025383395029,0.3819672131147541,0.38059227921734534,0.26456901110523534,0.24209413008989952,0.12691697514542571,0.6558963511369645,0.42263352723426756,0.1992067689053411,0.22940243257535695,0.1927551560021153,0.4877313590692755,0.2523532522474881,0.060602855631940775,0.39386567953463775,-0.0950290851401375,0.7268112109994712,0.5233738762559492,0.14854574299312534,0.2897937599153887,0.22522474881015336
O1_theta_power,0.2629825489159175,0.38402961396086727,0.3323638286620835,0.22014806980433632,0.18064516129032257,0.2187202538339503,0.2493918561607615,0.22464304600740348,0.1064516129032258,0.18551031200423057,0.45901639344262296,0.5210999471179271,0.2536753040719196,0.2911158117398202,0.20555261766261237,0.48767847699629824,0.4635642517186674,0.15351665785298785,0.15721840296139608,0.36763617133791643,0.4953992596509783,0.6141723955579058,0.14500264410364885,0.41205711263881545,0.2301427815970386,0.44431517715494445,0.3630354309888948,-0.022051824431517715,0.18974087784241142,0.1560021152829191,0.5853516657852987,0.652723426758329,0.3134320465362242,0.39978847170809095,0.2881544156530936,0.4490216816499207,0.5330512956107879,0.23231094658910628,0.29873083024854574,0.308725542041248,0.8104706504494976,1.0,0.6698572184029614,0.39899524061343206,0.5491274457958752,0.5755684822845055,0.6202538339502909,0.37445795875198307,0.21464833421470123,0.4437334743521946,0.19238498149127445,0.48873611845584347,0.3850872554204125,0.3360126916975145,0.05309360126916975,0.3268112109994712,0.36033844526705444,0.27414066631411954,0.26552088841882604,0.18635642517186674,0.45293495505023795,0.6562136435748281,0.43654151242728717,0.31216287678476995,0.3998413537810682,0.3131676361713379,0.38064516129032255,0.24230565838180856,0.2106292966684294,0.22575356953992595,0.5910100475938657,0.7196192490745638,0.5722369116869381,0.4865679534637758,0.32823902696985724,0.4626123744050767,0.46599682707562134,0.22252776308831307,0.2640401903754627,0.20708619777895293,0.5111052353252248,0.5924378635642518,0.30883130618720256,0.32051824431517717,0.25980962453728185,0.5306187202538339,0.40491803278688526,0.07371760973030143,0.3588048651507139,0.07260708619777895,0.5457429931253305,0.6562665256478054,0.2560549973558964,0.3586462189317821,0.2700158646218932
O1_alpha_power,0.1925965097831835,0.3203067160232681,0.5250661025912216,0.2469592808038075,0.141988365943945,0.11676361713379164,0.22443151771549444,0.45256478053939714,0.17451084082496035,0.13130618720253834,0.24436805922792174,0.3734003172924379,0.4873611845584347,0.327392913802221,0.018244315177154944,0.29185616076150184,0.41538868323638284,0.4037546271813855,0.2870967741935484,0.1738762559492332,0.2792173453199365,0.36240084611316764,0.3391327340031729,0.3654151242728715,-0.01877313590692755,0.25928080380750923,0.32400846113167636,0.21269169751454256,0.31538868323638286,-0.024907456372289794,0.41649920676890534,0.3704918032786885,0.5659968270756214,0.3870967741935484,-0.06430460074034902,0.26705446853516657,0.4719725013220518,0.5604970914859863,0.43527234267583287,0.05526176626123744,0.5918032786885246,0.6698572184029614,1.0,0.556795346377578,0.16948704389212058,0.3509783183500793,0.5116869381279746,0.7236382866208355,0.45002644103648864,0.16203067160232681,-0.013590692755156002,0.19460602855631942,0.43236382866208356,0.29386567953463777,-0.1212585933368588,0.05579058699101005,0.19428873611845585,0.30232681121099947,0.2923320994182972,-0.04182971972501322,0.34611316763617134,0.4347964040190375,0.6070861977789529,0.3446853516657853,0.10222104706504495,0.1908514013749339,0.3408249603384453,0.3419354838709677,0.2316234796404019,0.15378106821787413,0.41258593336858806,0.4833421470121629,0.6854045478582761,0.43717609730301427,0.09693283976731888,0.32231623479640403,0.43447911158117397,0.4167107350608144,0.3094130089899524,0.14960338445267055,0.3525118984664199,0.4340560549973559,0.5499206768905341,0.37852987837123214,0.03188789000528821,0.31311475409836065,0.2506081438392385,0.29910100475938656,0.4081438392384982,-0.10904283447911158,0.34918032786885245,0.348281332628239,0.571602326811211,0.387625594923321,-0.05859333685880486
O1_beta_power,0.19264939185616076,0.345425700687467,0.48461131676361713,0.3538868323638287,0.10629296668429403,0.12681121099947118,0.21517715494447381,0.30787942887361186,0.2847699629825489,0.026599682707562137,0.3212585933368588,0.35267054468535164,0.3759386567953464,0.49264939185616075,-0.1331041776837652,0.19243786356425172,0.23347435219460602,0.22538339502908514,0.34569011105235325,-0.0562665256478054,0.26039132734003173,0.24219989423585406,0.1577472236911687,0.6643574828133263,-0.3236911686938128,0.0251718667371761,0.03368588048651507,0.0051824431517715494,0.39635113696456903,-0.38064516129032255,0.4472765732416711,0.3538339502908514,0.3547858276044421,0.754362771020624,-0.38672659968270756,0.08001057641459546,0.1585404547858276,0.2430988894764675,0.5621364357482813,-0.3791644632469593,0.3787942887361185,0.39899524061343206,0.556795346377578,1.0,-0.4664727657324167,0.10634584875727128,0.16467477525118984,0.39830777366472764,0.5021152829190905,-0.22522474881015336,0.11121099947117927,0.1721311475409836,0.2289264939185616,0.3542570068746695,-0.1908514013749339,0.11068217874140666,0.07948175568482284,0.12231623479640402,0.3961924907456372,-0.22332099418297197,0.370174510840825,0.36874669487043893,0.3775251189846642,0.526969857218403,-0.022897937599153886,0.08826017979904813,0.09143310417768377,0.09434161819143311,0.1488630354309889,0.01787414066631412,0.32131147540983607,0.2729243786356425,0.3051295610787943,0.4689053410893707,-0.1361713379164463,0.03781068217874141,0.07043892120571127,0.15536753040719195,0.19063987308302485,-0.16092014806980434,0.32670544685351666,0.35822316234796403,0.3796932839767319,0.48011634056054997,-0.15875198307773664,0.1714436805922792,0.015230037017451084,0.0842411422527763,0.5305658381808567,-0.4415653093601269,0.3954521417239556,0.3126388154415653,0.38011634056055,0.6890534108937071,-0.4403490216816499
O1_theta_beta_ratio,0.109941829719725,0.05177154944473823,-0.11713379164463247,-0.13141195134849287,0.12940243257535694,0.07445795875198308,0.0663670015864622,-0.03289264939185616,-0.15267054468535166,0.20031729243786356,0.09629825489159174,0.1064516129032258,-0.16409307244843999,-0.18106821787414068,0.29629825489159173,0.27556848228450553,0.2566367001586462,-0.0506081438392385,-0.13516657852987837,0.4466948704389212,0.19069275515600212,0.29524061343204655,-0.0745637228979376,-0.20074034902168164,0.49048122686409307,0.3874669487043892,0.3847699629825489,-0.025806451612903226,-0.13696456901110524,0.5378635642517187,0.12686409307244845,0.23199365415124273,-0.07546271813855103,-0.32157588577472235,0.6242728714965626,0.3413537810682179,0.37868852459016394,-0.03675304071919619,-0.230830248545743,0.6757271285034373,0.4336858804865151,0.5491274457958752,0.16948704389212058,-0.4664727657324167,1.0,0.4317292437863564,0.45594923320994185,-0.01575885774722369,-0.22062400846113167,0.6341089370703331,0.003807509254362771,0.19952406134320466,0.05901639344262295,-0.04516129032258064,0.206081438392385,0.19962982548915917,0.257006874669487,0.1014806980433633,-0.10512956107879429,0.3607615018508726,0.09989423585404549,0.2619777895293495,0.007985193019566367,-0.17408778424114224,0.3974087784241142,0.2318878900052882,0.3017451084082496,0.08931782125859333,0.0585404547858276,0.22427287149656266,0.2150713907985193,0.3419354838709677,0.1872025383395029,-0.006874669487043892,0.39423585404547856,0.3460074034902168,0.36451612903225805,0.03506081438392385,0.059386567953463774,0.3574828133262824,0.18127974616604972,0.1878900052882073,-0.113590692755156,-0.13326282390269698,0.40692755156002114,0.3237969328397673,0.3928609201480698,-0.08038075092543628,-0.13659439450026442,0.4992067689053411,0.10877842411422528,0.26345848757271284,-0.15626652564780538,-0.32025383395029083,0.6656795346377578
O2_delta_power,0.28582760444209415,0.2110523532522475,0.11417239555790587,0.16879957694341619,0.1022739291380222,0.4490216816499207,0.30465362242199895,0.31523003701745106,0.18339502908514013,0.15393971443680593,0.40745637228979376,0.1891062929666843,0.05076679005817028,0.16144896879957693,0.020624008461131677,0.7459016393442623,0.5254362771020624,0.2648863035430989,0.2167107350608144,0.3600211528291909,0.4076679005817028,0.4015864621893178,-0.007667900581702803,0.18350079323109467,0.2553146483342147,0.6571655208884188,0.5042834479111581,0.14383923849814914,0.18635642517186674,0.3586462189317821,0.418667371760973,0.33056583818085666,0.07985193019566367,0.15388683236382866,0.2249074563722898,0.8615547329455314,0.7093072448439979,0.3054997355896351,0.34976203067160233,0.43204653622422,0.5875198307773665,0.5755684822845055,0.3509783183500793,0.10634584875727128,0.4317292437863564,1.0,0.8757800105764146,0.5114225277630883,0.270386039132734,0.6268112109994711,0.15156002115282918,0.2556319407720783,0.26684294024325755,0.2593336858804865,-0.09000528820729772,0.45404547858276045,0.4445795875198308,0.3780010576414595,0.2473823373876256,0.3239555790586991,0.28968799576943416,0.405076679005817,0.2596509783183501,0.19037546271813854,0.23437334743521945,0.5124272871496562,0.5622421998942359,0.3615018508725542,0.26303543098889476,0.4033315705975674,0.4511369645690111,0.41512427287149656,0.3353781068217874,0.2887890005288207,0.21380222104706503,0.6878900052882073,0.6631940772078265,0.46668429402432576,0.3070333157059757,0.4384981491274458,0.5217345319936542,0.31792702273929135,0.10565838180856689,0.18942358540454785,0.05912215758857747,0.7276044420941301,0.5167636171337916,0.17911158117398202,0.2565309360126917,0.2446853516657853,0.3578529878371232,0.36795346377578003,0.11047065044949762,0.12765732416710734,0.28429402432575357
O2_theta_power,0.25441565309360126,0.2792702273929138,0.2255420412480169,0.14410364886303542,0.18646218931782127,0.3655737704918033,0.3361713379164463,0.41216287678477,0.09804336329984135,0.24986779481755686,0.3333685880486515,0.2903754627181386,0.22808038075092543,0.23331570597567425,0.06694870438921206,0.6521946060285563,0.6488630354309889,0.43812797461660496,0.27588577472236914,0.43527234267583287,0.30343733474352197,0.4217874140666314,0.117239555790587,0.19069275515600212,0.26710735060814383,0.5674246430460074,0.660655737704918,0.2692755156002115,0.27186673717609733,0.42469592808038076,0.3563722897937599,0.4221575885774722,0.2788471708090957,0.22728714965626653,0.24743521946060285,0.6939714436805923,0.8528820729772607,0.46504494976203065,0.4046536224219989,0.5157588577472237,0.5094130089899525,0.6202538339502909,0.5116869381279746,0.16467477525118984,0.45594923320994185,0.8757800105764146,1.0,0.7008989952406134,0.3930195663670016,0.6625066102591222,0.03236382866208355,0.2530407191961925,0.32496033844526706,0.2080909571655209,-0.008778424114225278,0.34881015335801163,0.4514013749338974,0.4397673188789,0.22670544685351665,0.33262823902696986,0.18387096774193548,0.3920148069804336,0.3903225806451613,0.21607615018508725,0.201216287678477,0.4618191433104178,0.6539397144368059,0.49439450026441034,0.25822316234796405,0.47842411422527764,0.39725013220518246,0.4562665256478054,0.4391856160761502,0.3329455314648334,0.2007932310946589,0.6466948704389212,0.7428344791115812,0.5445267054468536,0.3108937070333157,0.5258064516129032,0.4251718667371761,0.3918032786885246,0.26398730830248546,0.27091485986250663,0.06885245901639345,0.6464304600740349,0.653146483342147,0.2993125330512956,0.33384452670544684,0.3029613960867266,0.26589106292966685,0.42940243257535693,0.2564251718667372,0.17831835007932312,0.3008989952406134
O2_alpha_power,0.15780010576414596,0.22501322051824432,0.38217874140666314,0.23141195134849285,0.07784241142252776,0.21274457958751983,0.2310946589106293,0.475251189846642,0.17265996827075622,0.08804865150713909,0.23088313061872026,0.24008461131676362,0.45542041248016923,0.3301427815970386,-0.10364886303543099,0.38514013749338977,0.4756213643574828,0.5980433632998413,0.3818614489687996,0.10253833950290851,0.1387625594923321,0.2150713907985193,0.3615018508725542,0.24854574299312532,-0.05441565309360127,0.2606028556319408,0.39074563722897937,0.44674775251189847,0.3396615547329455,0.041353781068217875,0.25631940772078265,0.24997355896351137,0.5732945531464834,0.29238498149127445,-0.12141723955579059,0.36546800634584875,0.5989423585404547,0.7794288736118455,0.5282390269698573,0.06599682707562136,0.3264939185616076,0.37445795875198307,0.7236382866208355,0.39830777366472764,-0.01575885774722369,0.5114225277630883,0.7008989952406134,1.0,0.6042834479111581,0.19698572184029614,-0.015335801163405606,0.10349021681649921,0.3786356425171867,0.21819143310417768,-0.1612374405076679,0.025118984664198835,0.17207826546800634,0.4318878900052882,0.2855631940772078,-0.06250661025912216,0.09249074563722898,0.18662083553675304,0.5184029613960868,0.30491803278688523,-0.12363828662083554,0.23696456901110524,0.3921734531993654,0.5406663141195135,0.1958223162347964,0.25288207297726073,0.3034902168164992,0.30005288207297726,0.5081438392384982,0.28683236382866206,0.024061343204653623,0.35430988894764676,0.5433632998413538,0.6538339502908515,0.30925436277102064,0.275039661554733,0.2801692226335272,0.27800105764145955,0.48762559492332097,0.3720253833950291,-0.21047065044949761,0.35526176626123745,0.35108408249603384,0.5400846113167637,0.42913802221047065,-0.05256478053939714,0.166737176097303,0.2258593336858805,0.5854574299312533,0.31866737176097304,-0.12892649391856162
O2_beta_power,0.17535695399259651,0.25822316234796405,0.4285034373347435,0.30698043363299843,0.04299312533051296,0.16023268112109995,0.23421470121628768,0.4759915388683236,0.3811210999471179,-0.07572712850343734,0.29296668429402434,0.2242199894235854,0.3939714436805923,0.489053410893707,-0.33130618720253835,0.21443680592279218,0.36520359598096247,0.4857747223691169,0.6701216287678478,-0.24606028556319406,0.15023796932839767,0.1304071919619249,0.23987308302485458,0.3886832363828662,-0.2270756213643575,0.23373876255949233,0.3847699629825489,0.3799576943416182,0.6991010047593865,-0.3140137493389741,0.2658381808566896,0.23696456901110524,0.4181385510312004,0.446853516657853,-0.2811210999471179,0.2459016393442623,0.4207297726070862,0.5129561078794289,0.7165520888418826,-0.2757800105764146,0.2034902168164992,0.21464833421470123,0.45002644103648864,0.5021152829190905,-0.22062400846113167,0.270386039132734,0.3930195663670016,0.6042834479111581,1.0,-0.36694870438921207,-0.04859862506610259,-0.04230565838180857,0.1723955579058699,0.2685351665785299,-0.34664198836594395,0.025859333685880486,0.046906398730830245,0.2721840296139609,0.4325753569539926,-0.2762030671602327,0.025753569539925966,0.00967741935483871,0.25594923320994184,0.4219460602855632,-0.3394500264410365,0.22511898466419883,0.36028556319407723,0.43252247488101536,0.43733474352194607,-0.03807509254362771,0.19836065573770492,0.10105764145954521,0.24690639873083026,0.465520888418826,-0.2709677419354839,0.059545214172395555,0.22591221575885775,0.36774193548387096,0.4305658381808567,-0.14881015335801162,0.2701216287678477,0.2071390798519302,0.3796932839767319,0.527181385510312,-0.4096774193548387,0.23881544156530937,0.26922263352723425,0.46694870438921204,0.6741935483870968,-0.3218402961396087,0.20015864621893178,0.25938656795346376,0.4263352723426758,0.4704389212057113,-0.27974616604970914
O2_theta_beta_ratio,0.08847170809095717,0.03141195134849286,-0.1627181385510312,-0.16319407720782655,0.16329984135378106,0.23855103120042306,0.13532522474881015,0.012057112638815442,-0.24727657324167107,0.35663670015864624,0.034531993654151244,0.02908514013749339,-0.14431517715494446,-0.2197778952934955,0.3049709148598625,0.44717080909571655,0.31348492860920146,0.0331041776837652,-0.2846113167636171,0.6645161290322581,0.1835536753040719,0.2472236911686938,-0.10486515071390798,-0.17905869910100475,0.4250661025912216,0.4074034902168165,0.33495505023796934,-0.03368588048651507,-0.27572712850343734,0.6571655208884188,0.13061872025383395,0.2094130089899524,-0.06737176097303015,-0.15780010576414596,0.4819672131147541,0.4986779481755685,0.5001586462189318,0.04992067689053411,-0.17636171337916445,0.7756742464304601,0.3534637757800106,0.4437334743521946,0.16203067160232681,-0.22522474881015336,0.6341089370703331,0.6268112109994711,0.6625066102591222,0.19698572184029614,-0.36694870438921207,1.0,0.04182971972501322,0.21581173982020097,0.10507667900581703,-0.03781068217874141,0.22771020624008462,0.3722369116869381,0.4265468006345849,0.2241142252776309,-0.10248545742993126,0.5606028556319408,0.12453728186144897,0.3363828662083554,0.14923320994182973,-0.09254362771020624,0.4153358011634056,0.29122157588577474,0.3465362242199894,0.12337387625594923,-0.08011634056054998,0.46763617133791646,0.1769962982548916,0.3523532522474881,0.23590692755156,-0.02829190904283448,0.3957165520888419,0.5913802221047065,0.5487043892120571,0.22728714965626653,-0.03738762559492332,0.6763088313061872,0.11755684822845056,0.13368588048651509,-0.1125330512956108,-0.21163405605499735,0.40840824960338445,0.43426758328926496,0.39264939185616077,-0.06874669487043893,-0.2158646218931782,0.5353781068217874,0.1110523532522475,0.20528820729772607,-0.10222104706504495,-0.21898466419883658,0.5539925965097832
F7_delta_power,0.36737176097303015,0.15346377578001058,0.10253833950290851,-0.025806451612903226,0.18524590163934426,0.1195134849286092,-0.04225277630883131,-0.07271285034373347,-0.09619249074563722,0.07472236911686939,0.5459545214172395,0.26515071390798517,0.06768905341089371,0.08016922263352723,0.22734003172924377,0.21401374933897407,0.03585404547858276,-0.0790058170280275,0.011898466419883659,0.02622950819672131,0.5107350608143839,0.3079851930195664,0.15520888418826018,0.2422527763088313,0.1068746694870439,0.17234267583289264,-0.20211528291909042,-0.07117927022739291,-0.014595452141723956,-0.1670544685351666,0.3756742464304601,0.16129032258064516,0.0343204653622422,0.1343204653622422,0.0449497620306716,0.07863564251718667,-0.16959280803807508,-0.10560549973558964,-0.010893707033315707,-0.14494976203067161,0.3387096774193548,0.19238498149127445,-0.013590692755156002,0.11121099947117927,0.003807509254362771,0.15156002115282918,0.03236382866208355,-0.015335801163405606,-0.04859862506610259,0.04182971972501322,1.0,0.6625594923320994,0.34056054997355895,0.1907456372289794,0.39518773135906926,0.28498149127445793,0.12506610259122158,-0.030089899524061343,0.029613960867265997,0.09360126916975145,0.42993125330512955,0.2781068217874141,0.13278688524590163,0.046536224219989424,0.2783183500793231,0.1263881544156531,-0.04241142252776309,0.01940772078265468,-0.15790586991010047,0.18334214701216286,0.3289264939185616,0.1636700158646219,0.05780010576414595,0.13775780010576413,0.07112638815441566,0.007667900581702803,-0.06441036488630354,0.019090428344791115,-0.07826546800634585,0.03199365415124273,0.4786885245901639,0.24114225277630882,0.05891062929666843,0.08614489687995769,0.14087784241142254,0.14796404019037546,-0.05293495505023797,0.023955579058699102,0.1266525647805394,-0.12464304600740349,0.4435748281332628,0.2438921205711264,0.10475938656795346,0.1755156002115283,-0.0072448439978847175
F7_theta_power,0.3101533580116341,0.42956107879428873,0.38402961396086727,0.2034902168164992,0.23622421998942358,0.15542041248016922,0.22384981491274458,0.17440507667900582,0.08804865150713909,0.12310946589106293,0.4842411422527763,0.6719725013220518,0.34949762030671605,0.33088313061872027,0.3845584346906399,0.2698572184029614,0.3751454257006875,0.07662612374405077,0.1464304600740349,0.21739820200951876,0.4587519830777366,0.7239026969857218,0.14542570068746694,0.3816499206768905,0.3352723426758329,0.17419354838709677,0.1399788471708091,-0.10613432046536224,0.06335272342675832,0.0857218402961396,0.4372818614489688,0.5436805922792174,0.15727128503437335,0.35224748810153356,0.23289264939185617,0.13024854574299313,0.18995240613432046,-0.04304600740349022,0.128397673188789,0.07879428873611846,0.4166049709148599,0.48873611845584347,0.19460602855631942,0.1721311475409836,0.19952406134320466,0.2556319407720783,0.2530407191961925,0.10349021681649921,-0.04230565838180857,0.21581173982020097,0.6625594923320994,1.0,0.7142252776308832,0.46076150185087256,0.4163934426229508,0.2593336858804865,0.4076679005817028,0.22268640930724484,0.1378106821787414,0.32295081967213113,0.43934426229508194,0.618244315177155,0.39291380222104705,0.1866737176097303,0.4746694870438921,0.13527234267583288,0.21285034373347436,0.1621893178212586,-0.09312533051295611,0.3843997884717081,0.4712321523003702,0.5496562665256478,0.38059227921734534,0.324748810153358,0.2730830248545743,0.1413537810682179,0.13733474352194605,0.08143839238498149,0.047540983606557376,0.08746694870438922,0.45658381808566895,0.6373347435219461,0.30772078265468006,0.3103120042305658,0.28529878371232154,0.2796932839767319,0.321099947117927,0.10475938656795346,0.25780010576414597,0.13347435219460602,0.5159175039661554,0.6067689053410894,0.24108937070333156,0.3883659439450026,0.1156002115282919
F7_alpha_power,0.2762030671602327,0.42940243257535693,0.6423585404547858,0.22310946589106292,0.19968270756213644,0.12575356953992597,0.2834479111581174,0.4985193019566367,0.21353781068217875,0.07398202009518773,0.2883130618720254,0.5304600740349021,0.7000528820729772,0.35473294553146484,0.1698572184029614,0.21131676361713378,0.44299312533051294,0.5191433104177684,0.31443680592279216,0.0857218402961396,0.37006874669487044,0.5706504494976203,0.4684822845055526,0.3303014278159704,0.19264939185616076,0.08873611845584346,0.23342147012162875,0.25943945002644103,0.24230565838180856,-0.040719196192490745,0.43907985193019566,0.45240613432046534,0.5111052353252248,0.4253833950290851,0.007509254362771021,0.11565309360126917,0.3252776308831306,0.3853516657852988,0.37562136435748283,-0.08159703860391328,0.39169751454257007,0.3850872554204125,0.43236382866208356,0.2289264939185616,0.05901639344262295,0.26684294024325755,0.32496033844526706,0.3786356425171867,0.1723955579058699,0.10507667900581703,0.34056054997355895,0.7142252776308832,1.0,0.48027498677948177,0.17990481226864094,0.061501850872554206,0.3322051824431518,0.4815970386039133,0.25420412480169224,0.12427287149656266,0.359439450026441,0.5232681121099947,0.7319407720782655,0.27741935483870966,0.23939714436805923,0.154362771020624,0.3585404547858276,0.5273929138022211,0.15092543627710206,0.3089899524061343,0.5701216287678477,0.5829190904283448,0.7263881544156531,0.376679005817028,0.2561078794288736,0.2040719196192491,0.2984135378106822,0.4504494976203067,0.343204653622422,0.02258064516129032,0.3948704389212057,0.5732416710735061,0.7054997355896351,0.40454785827604445,0.08535166578529878,0.22850343733474351,0.2838709677419355,0.4878900052882073,0.41396086726599685,-0.054891591750396616,0.4733474352194606,0.43733474352194607,0.5707033315705976,0.4531993654151243,-0.07916446324695928
F7_beta_power,-0.019090428344791115,0.1367530407191962,0.40708619777895294,0.6598096245372819,-0.3124272871496563,0.03839238498149127,0.11290322580645161,0.3465362242199894,0.5792173453199365,-0.28683236382866206,0.113590692755156,0.41168693812797463,0.3595980962453728,0.6916446324695928,-0.34896879957694343,0.2122157588577472,0.28688524590163933,0.23278688524590163,0.5529349550502379,-0.2465362242199894,0.20274986779481755,0.42686409307244844,0.12305658381808567,0.6583289264939186,-0.21829719725013222,0.22120571126388155,0.22712850343733473,0.08413537810682178,0.4823902696985722,-0.3199365415124273,0.31808566895822316,0.3887890005288207,0.20497091485986252,0.5631940772078265,-0.2056583818085669,0.259227921734532,0.254151242728715,0.14722369116869383,0.4060285563194077,-0.22538339502908514,0.3,0.3360126916975145,0.29386567953463777,0.3542570068746695,-0.04516129032258064,0.2593336858804865,0.2080909571655209,0.21819143310417768,0.2685351665785299,-0.03781068217874141,0.1907456372289794,0.46076150185087256,0.48027498677948177,1.0,-0.5270756213643575,0.18799576943416182,0.27974616604970914,0.2968799576943416,0.6644103648863036,-0.17408778424114224,0.2257006874669487,0.4154415653093601,0.3877842411422528,0.5847170809095716,-0.06816499206768906,0.25288207297726073,0.33934426229508197,0.2560021152829191,0.5010576414595452,-0.06991010047593865,0.27837123215230036,0.40883130618720254,0.4046536224219989,0.6579587519830777,-0.12522474881015336,0.1593865679534638,0.1788471708090957,0.14331041776837652,0.39153886832363827,-0.20412480169222633,0.14124801692226335,0.3282919090428345,0.30756213643574826,0.6712321523003701,-0.37250132205182446,0.2666314119513485,0.18122686409307245,0.24600740349021682,0.4436277102062401,-0.253146483342147,0.3187202538339503,0.3711792702273929,0.33685880486515074,0.5892649391856161,-0.3413537810682179
F7_theta_beta_ratio,0.24674775251189845,0.19196192490745637,-0.016922263352723427,-0.4485986250661026,0.47355896351136967,0.05118984664198837,0.07112638815441566,-0.1404019037546272,-0.4374405076679006,0.34299312533051296,0.23363299841353782,0.20909571655208883,0.027815970386039134,-0.3287149656266526,0.7004759386567954,0.02014806980433633,0.09476467477525119,-0.09894235854045479,-0.40290851401374933,0.4796404019037546,0.13717609730301428,0.22628239026969857,0.041089370703331574,-0.264304600740349,0.49063987308302487,-0.1333685880486515,-0.0873611845584347,-0.16626123744050766,-0.4026969857218403,0.37329455314648335,0.0195134849286092,0.07213114754098361,-0.03691168693812798,-0.22305658381808566,0.351718667371761,-0.15023796932839767,-0.09381279746166049,-0.2178741406663141,-0.3390269698572184,0.31448968799576943,-0.01491274457958752,0.05309360126916975,-0.1212585933368588,-0.1908514013749339,0.206081438392385,-0.09000528820729772,-0.008778424114225278,-0.1612374405076679,-0.34664198836594395,0.22771020624008462,0.39518773135906926,0.4163934426229508,0.17990481226864094,-0.5270756213643575,1.0,0.02464304600740349,0.06382866208355367,-0.09814912744579588,-0.5400317292437864,0.48783712321523004,0.1561078794288736,0.1810153358011634,0.011898466419883659,-0.3287149656266526,0.47514542570068746,-0.11998942358540454,-0.12321523003701745,-0.11581173982020095,-0.5835007932310946,0.45214172395557906,0.05029085140137493,0.027022739291380223,-0.08064516129032258,-0.37022739291380224,0.3252776308831306,-0.06679005817028028,-0.09439450026441036,-0.11401374933897408,-0.38635642517186675,0.28413537810682177,0.20883130618720253,0.26187202538339505,0.059280803807509254,-0.343204653622422,0.6499735589635114,-0.017556848228450557,0.16694870438921205,-0.11216287678476997,-0.22527763088313063,0.412374405076679,0.08127974616604972,0.1387625594923321,-0.05780010576414595,-0.2013749338974088,0.38540454785827605
F8_delta_power,0.1605499735589635,0.10661025912215759,-0.09397144368059228,0.003966155473294554,0.14420941300898996,0.5175039661554733,0.3026969857218403,0.10512956107879429,0.12157588577472236,0.23923849814912745,0.1843997884717081,0.020518244315177157,-0.1632469592808038,0.01491274457958752,0.04034902168164992,0.7175039661554733,0.33061872025383393,0.006398730830248546,0.10438921205711264,0.35579058699101007,0.212374405076679,0.1363299841353781,-0.14362771020624007,0.11147540983606558,0.09888947646747752,0.6336858804865151,0.27662612374405077,-0.0025912215758857747,0.15838180856689582,0.17255420412480169,0.12511898466419882,0.026599682707562137,-0.16425171866737176,0.030301427815970387,0.07234267583289265,0.564304600740349,0.31464833421470123,-0.11993654151242729,0.06969857218402961,0.2968799576943416,0.29481755684822847,0.3268112109994712,0.05579058699101005,0.11068217874140666,0.19962982548915917,0.45404547858276045,0.34881015335801163,0.025118984664198835,0.025859333685880486,0.3722369116869381,0.28498149127445793,0.2593336858804865,0.061501850872554206,0.18799576943416182,0.02464304600740349,1.0,0.7859862506610259,0.38191433104177686,0.3745637228979376,0.5538339502908514,0.19069275515600212,0.20708619777895293,0.047964040190375465,0.06329984135378107,0.17948175568482286,0.6554204124801692,0.40629296668429404,0.11665785298783712,0.19058699101004759,0.3120571126388154,0.08699101004759387,0.0804865150713908,0.035430988894764676,0.1452141723955579,0.012004230565838181,0.5363299841353781,0.31940772078265467,0.11195134849286092,0.2667900581702803,0.20624008461131677,0.15684822845055527,0.08175568482284505,-0.1103648863035431,0.03622421998942359,0.10290851401374934,0.582337387625595,0.2549444738233739,-0.13558963511369646,0.12897937599153886,0.12199894235854046,0.10343733474352194,0.07107350608143839,-0.2257006874669487,-0.024219989423585404,0.12162876784769963
F8_theta_power,0.24743521946060285,0.35050237969328396,0.17895293495505024,0.1731887890005288,0.2243786356425172,0.5611845584346906,0.5676361713379164,0.39254362771020623,0.23833950290851402,0.35647805393971443,0.149497620306716,0.2398202009518773,0.07884717080909572,0.16726599682707563,0.14378635642517187,0.6314119513484928,0.5529349550502379,0.22755156002115282,0.23548387096774193,0.4426229508196721,0.21824431517715495,0.37466948704389214,-0.10898995240613432,0.14933897408778424,0.2619249074563723,0.551718667371761,0.48260179799048125,0.03654151242728715,0.19814912744579588,0.3350079323109466,0.21607615018508725,0.28164992067689054,-0.06858804865150714,0.1390269698572184,0.21745108408249603,0.47493389740877845,0.5304071919619249,-0.0019037546271813855,0.20787942887361185,0.369169751454257,0.3169751454257007,0.36033844526705444,0.19428873611845585,0.07948175568482284,0.257006874669487,0.4445795875198308,0.4514013749338974,0.17207826546800634,0.046906398730830245,0.4265468006345849,0.12506610259122158,0.4076679005817028,0.3322051824431518,0.27974616604970914,0.06382866208355367,0.7859862506610259,1.0,0.6901639344262295,0.4769434161819143,0.6647805393971443,0.13839238498149128,0.3436805922792173,0.23500793231094658,0.1180327868852459,0.23992596509783184,0.43236382866208356,0.4823373876255949,0.21232152300370175,0.18952934955050238,0.4058170280274987,0.20428344791115813,0.325965097831835,0.2953463775780011,0.2167107350608144,0.2006874669487044,0.5525647805393972,0.4511369645690111,0.23315705975674247,0.333474352194606,0.2827075621364358,0.19011105235325224,0.292702273929138,0.09159175039661555,0.1641988365943945,0.18387096774193548,0.5622950819672131,0.45906927551560023,-0.03574828133262824,0.2187202538339503,0.24627181385510313,0.1970386039132734,0.2853516657852988,-0.07905869910100476,0.09925965097831835,0.2061872025383395
F8_alpha_power,0.2779481755684823,0.39323109465891065,0.41782125859333685,0.23051295610787942,0.1621893178212586,0.4766261237440508,0.5609201480698044,0.6319407720782655,0.34960338445267053,0.23220518244315178,0.13844526705446852,0.17958751983077736,0.4390269698572184,0.2771020624008461,-0.05727128503437335,0.4129032258064516,0.47250132205182444,0.6589635113696457,0.41602326811211,0.11840296139608672,0.1074034902168165,0.2372818614489688,0.2664727657324167,0.1866737176097303,0.013907985193019567,0.32998413537810684,0.39825489159175037,0.3891591750396616,0.3582760444209413,0.023585404547858277,0.2525647805393971,0.34759386567953465,0.3981491274457959,0.30290851401374935,0.035325224748810155,0.3781597038603913,0.5610259122157588,0.4949762030671602,0.47139079851930193,0.09312533051295611,0.27128503437334744,0.27414066631411954,0.30232681121099947,0.12231623479640402,0.1014806980433633,0.3780010576414595,0.4397673188789,0.4318878900052882,0.2721840296139609,0.2241142252776309,-0.030089899524061343,0.22268640930724484,0.4815970386039133,0.2968799576943416,-0.09814912744579588,0.38191433104177686,0.6901639344262295,1.0,0.613167636171338,0.240772078265468,0.05642517186673718,0.2358011634056055,0.523955579058699,0.17720782654680065,0.004600740349021682,0.2967741935483871,0.4481755684822845,0.6352723426758329,0.36948704389212056,0.17096774193548386,0.33268112109994713,0.40978318350079324,0.5945002644103649,0.2943416181914331,0.181544156530936,0.3881544156530936,0.4378635642517187,0.5279217345319936,0.46118455843469064,0.10132205182443152,0.20423056583818086,0.23892120571126388,0.45457429931253307,0.3293495505023797,-0.11882601797990482,0.39132734003172925,0.30909571655208884,0.41554732945531464,0.3870438921205711,-0.07815970386039132,0.1872025383395029,0.27419354838709675,0.3263881544156531,0.29910100475938656,-0.041618191433104176
F8_beta_power,0.043204653622422,0.18254891591750397,0.3734003172924379,0.5758328926493919,-0.22453728186144897,0.18524590163934426,0.27757800105764147,0.4756742464304601,0.6592808038075093,-0.2047065044949762,0.12765732416710734,0.21623479640401905,0.3190904283447911,0.5954521417239556,-0.4215230037017451,0.31618191433104176,0.37350608143839237,0.41840296139608674,0.7483342147012163,-0.27678476996298257,0.1518244315177155,0.18471708090957165,0.06583818085668958,0.5112638815441566,-0.2681121099947118,0.3950819672131147,0.3527763088313062,0.23199365415124273,0.6608672659968271,-0.3488630354309889,0.3463246959280804,0.3304600740349022,0.23046007403490218,0.5216287678476996,-0.20497091485986252,0.3116869381279746,0.33955579058699104,0.29011105235325224,0.5885774722369117,-0.26520359598096244,0.3282919090428345,0.26552088841882604,0.2923320994182972,0.3961924907456372,-0.10512956107879429,0.2473823373876256,0.22670544685351665,0.2855631940772078,0.4325753569539926,-0.10248545742993126,0.029613960867265997,0.1378106821787414,0.25420412480169224,0.6644103648863036,-0.5400317292437864,0.3745637228979376,0.4769434161819143,0.613167636171338,1.0,-0.2685351665785299,0.15896351136964568,0.24108937070333156,0.38810153358011634,0.4349550502379693,-0.11734531993654151,0.26530936012691697,0.30465362242199895,0.29317821258593335,0.6123215230037018,-0.23067160232681122,0.26980433632998413,0.32131147540983607,0.4139079851930196,0.5908514013749339,-0.14933897408778424,0.19238498149127445,0.20370174510840824,0.24188260179799048,0.5693283976731888,-0.3262295081967213,0.15193019566367003,0.1817028027498678,0.2854574299312533,0.6439450026441037,-0.46076150185087256,0.34098360655737703,0.14579587519830778,0.24881015335801163,0.6108937070333157,-0.41797990481226865,0.26784769962982546,0.25288207297726073,0.22601797990481226,0.5395029085140137,-0.3360126916975145
F8_theta_beta_ratio,0.19116869381279747,0.20624008461131677,-0.12152300370174511,-0.2803807509254363,0.4244843997884717,0.4535695399259651,0.39254362771020623,0.05002644103648863,-0.20163934426229507,0.5064516129032258,0.04896879957694342,0.0733474352194606,-0.18228450555261766,-0.28186144896879956,0.4774193548387097,0.4508725542041248,0.3054997355896351,-0.10639873083024855,-0.3415653093601269,0.7161290322580646,0.09984135378106822,0.2671602326811211,-0.16234796404019036,-0.24257006874669487,0.47731359069275514,0.2765732416710735,0.22337387625594923,-0.13643574828133262,-0.2959809624537282,0.606292966684294,-0.03865679534637758,0.05536753040719196,-0.281332628239027,-0.22702273929138023,0.3605499735589635,0.32818614489687997,0.30528820729772604,-0.24188260179799048,-0.23818085668958222,0.6132734003172924,0.04262295081967213,0.18635642517186674,-0.04182971972501322,-0.22332099418297197,0.3607615018508726,0.3239555790586991,0.33262823902696986,-0.06250661025912216,-0.2762030671602327,0.5606028556319408,0.09360126916975145,0.32295081967213113,0.12427287149656266,-0.17408778424114224,0.48783712321523004,0.5538339502908514,0.6647805393971443,0.240772078265468,-0.2685351665785299,1.0,0.006768905341089371,0.1919090428344791,-0.07006874669487044,-0.17366472765732416,0.33400317292437864,0.23796932839767318,0.27260708619777896,-0.017609730301427817,-0.24849286092014808,0.599576943416182,-0.06562665256478054,0.05298783712321523,-0.06234796404019038,-0.19931253305129562,0.2583818085668958,0.45325224748810156,0.3285034373347435,0.034479111581173984,-0.0896351136964569,0.5786356425171867,0.06731887890005288,0.17398202009518773,-0.15319936541512427,-0.32696985721840294,0.5641459545214172,0.37297726070861975,0.4212585933368588,-0.20074034902168164,-0.2493918561607615,0.6207297726070862,-0.004389212057112639,0.12305658381808567,-0.25092543627710207,-0.28783712321523003,0.4561078794288736
T7_delta_power,0.38487572712850343,0.34182971972501325,0.28778424114225276,0.18455843469063987,0.22501322051824432,0.15758857747223692,0.1417239555790587,0.11311475409836065,0.10481226864093073,0.15378106821787413,0.5217874140666314,0.38122686409307244,0.19175039661554732,0.13786356425171867,0.28027498677948176,0.30021152829190906,0.1923320994182972,0.012850343733474353,0.0866737176097303,0.19767318878900053,0.6061872025383395,0.42184029613960866,0.21565309360126916,0.2535695399259651,0.21041776837652035,0.27821258593336856,0.054785827604442096,-0.03733474352194606,0.046641988365943944,-0.006768905341089371,0.708937070333157,0.428397673188789,0.15367530407191962,0.27546271813855105,0.21591750396615547,0.21422527763088314,0.09095716552088842,0.01718667371760973,0.13802221047065044,-0.018244315177154944,0.6235854045478583,0.45293495505023795,0.34611316763617134,0.370174510840825,0.09989423585404549,0.28968799576943416,0.18387096774193548,0.09249074563722898,0.025753569539925966,0.12453728186144897,0.42993125330512955,0.43934426229508194,0.359439450026441,0.2257006874669487,0.1561078794288736,0.19069275515600212,0.13839238498149128,0.05642517186673718,0.15896351136964568,0.006768905341089371,1.0,0.7980433632998414,0.5167107350608143,0.2231623479640402,0.6124801692226335,0.24891591750396616,0.18540454785827604,0.14754098360655737,0.1514013749338974,0.12686409307244845,0.6084082496033845,0.43437334743521944,0.30544685351665785,0.24463246959280804,0.22855631940772078,0.14881015335801162,0.040084611316763614,0.022686409307244845,0.054838709677419356,-0.053939714436805924,0.6062400846113167,0.35526176626123745,0.16213643574828132,0.1454785827604442,0.24727657324167107,0.32554204124801694,0.13886832363828663,0.04373347435219461,0.18016922263352722,-0.01639344262295082,0.6472765732416711,0.4388154415653094,0.145637228979376,0.2343204653622422,0.16181914331041777
T7_theta_power,0.2978318350079323,0.4585404547858276,0.3872025383395029,0.32321523003701746,0.22728714965626653,0.1948704389212057,0.3226335272342676,0.230830248545743,0.18857747223691168,0.21602326811211,0.4301427815970386,0.6273400317292438,0.31956636700158647,0.30481226864093075,0.38233738762559494,0.39090428344791117,0.45711263881544156,0.12115282919090428,0.14680063458487572,0.3817028027498678,0.5273929138022211,0.6858276044420941,0.12162876784769963,0.34865150713907983,0.3657324167107351,0.2962453728186145,0.3013220518244315,-0.08524590163934426,0.09640401903754627,0.185193019566367,0.69613960867266,0.7066631411951348,0.18286620835536754,0.4007932310946589,0.38810153358011634,0.31269169751454257,0.3758857747223691,0.02236911686938128,0.19962982548915917,0.2031200423056584,0.6187731359069275,0.6562136435748281,0.4347964040190375,0.36874669487043893,0.2619777895293495,0.405076679005817,0.3920148069804336,0.18662083553675304,0.00967741935483871,0.3363828662083554,0.2781068217874141,0.618244315177155,0.5232681121099947,0.4154415653093601,0.1810153358011634,0.20708619777895293,0.3436805922792173,0.2358011634056055,0.24108937070333156,0.1919090428344791,0.7980433632998414,1.0,0.6300898995240614,0.42548915917503966,0.6571126388154416,0.2392913802221047,0.37794817556848226,0.2102062400846113,0.17435219460602855,0.28741406663141195,0.6224748810153358,0.6901639344262295,0.492702273929138,0.38461131676361715,0.38693812797461663,0.3163934426229508,0.26076150185087255,0.13400317292437863,0.16679005817028028,0.0802221047065045,0.5278688524590164,0.6156002115282919,0.2869381279746166,0.29830777366472766,0.35917503966155473,0.4512956107879429,0.4297726070861978,0.04484399788471708,0.2634056054997356,0.16969857218402962,0.6393971443680593,0.6850343733474352,0.24569011105235325,0.39444738233738763,0.2721311475409836
T7_alpha_power,0.1850872554204125,0.35742993125330513,0.593918561607615,0.23992596509783184,0.18090957165520888,0.14690639873083025,0.2740877842411423,0.5042305658381808,0.22014806980433632,0.12808038075092543,0.2391856160761502,0.4453728186144897,0.7214172395557906,0.3563722897937599,0.09862506610259122,0.26573241671073505,0.41782125859333685,0.5808038075092543,0.349286092014807,0.10200951877313591,0.31554732945531466,0.3990481226864093,0.6086726599682708,0.3030142781597039,0.025700687466948705,0.15933368588048652,0.25473294553146486,0.4025912215758858,0.29910100475938656,-0.08730830248545743,0.5088313061872025,0.5153358011634056,0.7131147540983607,0.46652564780539396,0.035272342675832895,0.18831306187202537,0.41554732945531464,0.5949762030671603,0.4512956107879429,-0.041565309360126916,0.4200423056583818,0.43654151242728717,0.6070861977789529,0.3775251189846642,0.007985193019566367,0.2596509783183501,0.3903225806451613,0.5184029613960868,0.25594923320994184,0.14923320994182973,0.13278688524590163,0.39291380222104705,0.7319407720782655,0.3877842411422528,0.011898466419883659,0.047964040190375465,0.23500793231094658,0.523955579058699,0.38810153358011634,-0.07006874669487044,0.5167107350608143,0.6300898995240614,1.0,0.4010576414595452,0.22459016393442624,0.20290851401374935,0.3874140666314119,0.6310417768376521,0.34114225277630883,0.11195134849286092,0.5362242199894236,0.5420412480169222,0.7798519301956637,0.441988365943945,0.15309360126916974,0.24933897408778424,0.3270227392913802,0.49836065573770494,0.40729772607086195,-0.03855103120042306,0.323320994182972,0.4161290322580645,0.675251189846642,0.3941300898995241,0.006927551560021153,0.3137493389740878,0.25346377578001056,0.5877313590692755,0.4760444209413009,-0.161660497091486,0.4581702802749868,0.44098360655737706,0.6928080380750925,0.4879428873611846,-0.06901110523532522
T7_beta_power,0.02601797990481227,0.16604970914859862,0.38556319407720785,0.51602326811211,-0.16329984135378106,-0.011634056054997356,0.15071390798519302,0.29989423585404545,0.3880486515071391,-0.12797461660497092,0.15362242199894235,0.41988365943945005,0.3559492332099418,0.5638286620835536,-0.13654151242728715,0.2301427815970386,0.3655737704918033,0.32051824431517717,0.46308831306187204,-0.01850872554204125,0.22966684294024325,0.3586991010047594,0.2178741406663141,0.6062400846113167,-0.20248545742993126,0.09370703331570597,0.26092014806980435,0.22480169222633528,0.48323638286620835,-0.25118984664198835,0.3017451084082496,0.4175039661554733,0.2811739820200952,0.6126388154415653,-0.1938127974616605,0.17440507667900582,0.2453728186144897,0.19968270756213644,0.4849286092014807,-0.1974616604970915,0.23289264939185617,0.31216287678476995,0.3446853516657853,0.526969857218403,-0.17408778424114224,0.19037546271813854,0.21607615018508725,0.30491803278688523,0.4219460602855632,-0.09254362771020624,0.046536224219989424,0.1866737176097303,0.27741935483870966,0.5847170809095716,-0.3287149656266526,0.06329984135378107,0.1180327868852459,0.17720782654680065,0.4349550502379693,-0.17366472765732416,0.2231623479640402,0.42548915917503966,0.4010576414595452,1.0,-0.33775780010576417,0.10412480169222633,0.2354309888947647,0.18699101004759386,0.43278688524590164,-0.0678476996298255,0.1165520888418826,0.25267054468535166,0.3051295610787943,0.5471708090957166,-0.17525118984664198,0.06922263352723426,0.17345319936541512,0.19413008989952407,0.32305658381808566,-0.09370703331570597,0.16827075621364357,0.33194077207826544,0.29524061343204655,0.5231094658910629,-0.18059227921734533,0.27937599153886833,0.250502379693284,0.22184029613960868,0.4659439450026441,-0.20639873083024854,0.28836594394500265,0.3761501850872554,0.4109994711792702,0.5925965097831835,-0.295134849286092
T7_theta_beta_ratio,0.26478053939714435,0.289053410893707,0.013960867265996827,-0.09333685880486516,0.3442622950819672,0.185193019566367,0.1931253305129561,-0.06398730830248546,-0.14309888947646748,0.33151771549444736,0.30787942887361186,0.2608143839238498,-0.0817028027498678,-0.17662612374405076,0.5199894235854046,0.2094130089899524,0.14457958751983077,-0.21618191433104178,-0.2117398202009519,0.4054468535166579,0.38968799576943414,0.4053939714436806,-0.15388683236382866,-0.16361713379164464,0.6024854574299312,0.24394500264410365,0.1239555790586991,-0.3313590692755156,-0.27932310946589106,0.4079851930195664,0.4785298783712322,0.3730830248545743,-0.1561078794288736,-0.11575885774722369,0.6079323109465891,0.14362771020624007,0.12940243257535694,-0.24812268640930724,-0.21353781068217875,0.374034902168165,0.43521946060285566,0.3998413537810682,0.10222104706504495,-0.022897937599153886,0.3974087784241142,0.23437334743521945,0.201216287678477,-0.12363828662083554,-0.3394500264410365,0.4153358011634056,0.2783183500793231,0.4746694870438921,0.23939714436805923,-0.06816499206768906,0.47514542570068746,0.17948175568482286,0.23992596509783184,0.004600740349021682,-0.11734531993654151,0.33400317292437864,0.6124801692226335,0.6571126388154416,0.22459016393442624,-0.33775780010576417,1.0,0.15758857747223692,0.16927551560021153,-0.03886832363828662,-0.18958223162347965,0.33955579058699104,0.5105764145954521,0.4775780010576415,0.17567424643046006,-0.017609730301427817,0.5019037546271814,0.25346377578001056,0.09481755684822846,-0.10111052353252248,-0.10925436277102063,0.17049180327868851,0.38043363299841354,0.31110523532522477,-0.060761501850872555,-0.12236911686938128,0.5347964040190375,0.23532522474881015,0.2354309888947647,-0.2208355367530407,-0.08127974616604972,0.324748810153358,0.429613960867266,0.38730830248545745,-0.17382337387625596,-0.09021681649920676,0.549497620306716
T8_delta_power,0.0923320994182972,0.021998942358540455,-0.011475409836065573,-0.004759386567953464,0.06874669487043893,0.36224219989423584,0.1814383923849815,0.1977260708619778,0.12940243257535694,0.12199894235854046,0.11771549444738234,-0.05917503966155473,-0.08926493918561608,-0.004124801692226335,-0.08709677419354839,0.6462718138551031,0.3285034373347435,0.1787414066631412,0.17398202009518773,0.2519830777366473,0.1609730301427816,0.05018508725542041,-0.09312533051295611,0.06208355367530407,0.06446324695928081,0.6486515071390798,0.4042834479111581,0.14114225277630882,0.2613960867265997,0.16277102062400847,0.12564780539397144,0.0051824431517715494,0.05806451612903226,-0.01787414066631412,0.07831835007932311,0.5353781068217874,0.3722897937599154,0.12152300370174511,0.13172924378635642,0.2239555790586991,0.285193019566367,0.3131676361713379,0.1908514013749339,0.08826017979904813,0.2318878900052882,0.5124272871496562,0.4618191433104178,0.23696456901110524,0.22511898466419883,0.29122157588577474,0.1263881544156531,0.13527234267583288,0.154362771020624,0.25288207297726073,-0.11998942358540454,0.6554204124801692,0.43236382866208356,0.2967741935483871,0.26530936012691697,0.23796932839767318,0.24891591750396616,0.2392913802221047,0.20290851401374935,0.10412480169222633,0.15758857747223692,1.0,0.7859333685880486,0.46964569011105234,0.38482284505552616,0.4815970386039133,0.2301427815970386,0.09698572184029614,0.15177154944473822,0.17535695399259651,-0.021787414066631414,0.5642517186673718,0.43146483342147013,0.26790058170280273,0.31136964569011105,0.1977260708619778,0.1741406663141195,0.016657852987837122,0.04611316763617134,0.1094130089899524,-0.09566367001586462,0.5530407191961925,0.311158117398202,0.08672659968270756,0.1802221047065045,0.12453728186144897,0.05018508725542041,0.04034902168164992,0.0008461131676361713,-0.03807509254362771,0.1029613960867266
T8_theta_power,0.1540983606557377,0.239555790586991,0.2810153358011634,0.16858804865150714,0.1488630354309889,0.37678476996298255,0.39994711792702275,0.5092014806980434,0.24706504494976203,0.22591221575885775,0.12088841882601797,0.1998413537810682,0.1847699629825489,0.19994711792702274,-0.01491274457958752,0.5883659439450026,0.598783712321523,0.41649920676890534,0.3887890005288207,0.2994182971972501,0.2084611316763617,0.29508196721311475,0.018085668958223163,0.1560021152829191,0.19201480698043363,0.6309888947646748,0.7183500793231095,0.29428873611845585,0.4608143839238498,0.27948175568482286,0.20973030142781596,0.2607086197778953,0.17191961924907456,0.18133262823902696,0.153146483342147,0.5545214172395558,0.6867794817556848,0.3005817028027499,0.35071390798519303,0.3189317821258593,0.286409307244844,0.38064516129032255,0.3408249603384453,0.09143310417768377,0.3017451084082496,0.5622421998942359,0.6539397144368059,0.3921734531993654,0.36028556319407723,0.3465362242199894,-0.04241142252776309,0.21285034373347436,0.3585404547858276,0.33934426229508197,-0.12321523003701745,0.40629296668429404,0.4823373876255949,0.4481755684822845,0.30465362242199895,0.27260708619777896,0.18540454785827604,0.37794817556848226,0.3874140666314119,0.2354309888947647,0.16927551560021153,0.7859333685880486,1.0,0.6772078265468007,0.5173453199365415,0.5624008461131677,0.31713379164463246,0.28355367530407194,0.38688524590163936,0.3763088313061872,0.0009518773135906928,0.5784769962982549,0.6313590692755155,0.49148598625066103,0.46599682707562134,0.29349550502379695,0.253146483342147,0.3084082496033845,0.2809624537281861,0.33744050766790057,-0.04378635642517187,0.5893178212585933,0.5882601797990481,0.24648334214701217,0.3540983606557377,0.23495505023796934,0.14219989423585405,0.2617662612374405,0.18233738762559493,0.15029085140137494,0.15737704918032788
T8_alpha_power,0.22332099418297197,0.27128503437334744,0.4180856689582232,0.0842411422527763,0.18043363299841353,0.303648863035431,0.31195134849286094,0.5921734531993654,0.1711792702273929,0.1745637228979376,0.14124801692226335,0.12009518773135906,0.5012691697514543,0.18974087784241142,-0.09048122686409307,0.3363299841353781,0.40957165520888417,0.7465891062929667,0.4282919090428345,-0.004600740349021682,0.13236382866208354,0.13093601269169752,0.531253305129561,0.1453728186144897,-0.07234267583289265,0.2983606557377049,0.4194606028556319,0.6645690111052354,0.47625594923320996,-0.07641459545214173,0.20111052353252248,0.23786356425171867,0.6048122686409307,0.27392913802221047,-0.06308831306187203,0.3302485457429931,0.5399259650978319,0.7300370174510841,0.5001057641459545,0.015230037017451084,0.20571126388154415,0.24230565838180856,0.3419354838709677,0.09434161819143311,0.08931782125859333,0.3615018508725542,0.49439450026441034,0.5406663141195135,0.43252247488101536,0.12337387625594923,0.01940772078265468,0.1621893178212586,0.5273929138022211,0.2560021152829191,-0.11581173982020095,0.11665785298783712,0.21232152300370175,0.6352723426758329,0.29317821258593335,-0.017609730301427817,0.14754098360655737,0.2102062400846113,0.6310417768376521,0.18699101004759386,-0.03886832363828662,0.46964569011105234,0.6772078265468007,1.0,0.5154415653093601,0.2327340031729244,0.34108937070333156,0.2566367001586462,0.5657852987837123,0.3033844526705447,-0.017503966155473293,0.30830248545742994,0.4491274457958752,0.6913273400317292,0.46287678476996297,0.07831835007932311,0.23828662083553676,0.20195663670015865,0.5470121628767848,0.32808038075092544,-0.20200951877313592,0.3569539925965098,0.32400846113167636,0.7069804336329985,0.44701216287678475,-0.10380750925436277,0.1441565309360127,0.19444738233738762,0.54420941300899,0.2666314119513485,-0.10327868852459017
T8_beta_power,-0.07006874669487044,0.017292437863564252,0.2236911686938128,0.3697514542570069,-0.2294553146483342,0.1017451084082496,0.16308831306187202,0.40861977789529347,0.501427815970386,-0.18027498677948176,-0.025066102591221575,0.05700687466948704,0.17340031729243785,0.3051295610787943,-0.32670544685351666,0.27398202009518774,0.29925965097831836,0.35658381808566897,0.5872554204124801,-0.22765732416710735,0.11380222104706504,0.03960867265996827,0.10507667900581703,0.24209413008989952,-0.13120042305658383,0.3998413537810682,0.40460074034902166,0.3292966684294024,0.5895293495505024,-0.22998413537810683,0.17593865679534637,0.14531993654151243,0.1377049180327869,0.3080380750925436,-0.1363299841353781,0.33183500793231097,0.35356953992596507,0.27609730301427815,0.4731359069275516,-0.14087784241142254,0.19159175039661555,0.2106292966684294,0.2316234796404019,0.1488630354309889,0.0585404547858276,0.26303543098889476,0.25822316234796405,0.1958223162347964,0.43733474352194607,-0.08011634056054998,-0.15790586991010047,-0.09312533051295611,0.15092543627710206,0.5010576414595452,-0.5835007932310946,0.19058699101004759,0.18952934955050238,0.36948704389212056,0.6123215230037018,-0.24849286092014808,0.1514013749338974,0.17435219460602855,0.34114225277630883,0.43278688524590164,-0.18958223162347965,0.38482284505552616,0.5173453199365415,0.5154415653093601,1.0,-0.36467477525118985,0.19830777366472765,0.20999471179270227,0.3333157059756742,0.5795875198307774,-0.23268112109994712,0.24584875727128502,0.34056054997355895,0.34516129032258064,0.7183500793231095,-0.26953992596509785,0.036171337916446326,0.06916975145425701,0.1788471708090957,0.37773664727657325,-0.27054468535166576,0.30602855631940773,0.21544156530936012,0.2374405076679006,0.4504494976203067,-0.2427815970386039,0.06266525647805395,0.11909042834479111,0.14378635642517187,0.263088313061872,-0.12152300370174511
T8_theta_beta_ratio,0.29492332099418295,0.31057641459545215,0.14383923849814914,-0.17059756742464305,0.44674775251189847,0.353146483342147,0.32845055526176625,0.1985193019566367,-0.21935483870967742,0.457800105764146,0.19629825489159175,0.20306716023268112,0.05066102591221576,-0.07107350608143839,0.3523003701745108,0.4504494976203067,0.42971972501322053,0.14796404019037546,-0.14590163934426228,0.6216287678476996,0.18106821787414068,0.34246430460074034,-0.06107879428873612,0.004494976203067161,0.361660497091486,0.2751983077736647,0.35473294553146484,-0.017556848228450557,-0.08931782125859333,0.518244315177155,0.12353252247488102,0.1629825489159175,0.04420941300898995,-0.013643574828133264,0.2301427815970386,0.29740877842411423,0.3988894764674775,0.0449497620306716,-0.020729772607086198,0.43622421998942357,0.16187202538339504,0.22575356953992595,0.15378106821787413,0.01787414066631412,0.22427287149656266,0.4033315705975674,0.47842411422527764,0.25288207297726073,-0.03807509254362771,0.46763617133791646,0.18334214701216286,0.3843997884717081,0.3089899524061343,-0.06991010047593865,0.45214172395557906,0.3120571126388154,0.4058170280274987,0.17096774193548386,-0.23067160232681122,0.599576943416182,0.12686409307244845,0.28741406663141195,0.11195134849286092,-0.0678476996298255,0.33955579058699104,0.4815970386039133,0.5624008461131677,0.2327340031729244,-0.36467477525118985,1.0,0.17440507667900582,0.11729243786356425,0.08952934955050237,-0.12041248016922264,0.20798519301956636,0.4384981491274458,0.3998413537810682,0.22453728186144897,-0.17678476996298254,0.629402432575357,0.2924378635642517,0.30867265996827076,0.1518244315177155,-0.020624008461131677,0.2883130618720254,0.3910629296668429,0.46329984135378105,0.019830777366472766,-0.017239555790586992,0.4909571655208884,0.11374933897408779,0.1686409307244844,0.04981491274457959,-0.041618191433104176,0.21956636700158647
P7_delta_power,0.41433104177683766,0.44219989423585404,0.40824960338445265,0.20306716023268112,0.2734531993654151,0.18831306187202537,0.2317821258593337,0.21433104177683765,0.12004230565838181,0.14114225277630882,0.5885245901639344,0.4226864093072448,0.32094130089899525,0.22263352723426758,0.18244315177154943,0.3466948704389212,0.3453728186144897,0.23527234267583289,0.21824431517715495,0.11686938127974617,0.6484399788471709,0.49471179270227394,0.1755156002115283,0.2807509254362771,0.2951877313590693,0.33532522474881016,0.21031200423056584,0.013537810682178741,0.1893707033315706,0.0026441036488630354,0.770597567424643,0.5647276573241671,0.3095187731359069,0.3901639344262295,0.23305129561078794,0.31443680592279216,0.3524590163934426,0.22400846113167636,0.37662612374405074,-0.013167636171337916,0.7414066631411952,0.5910100475938657,0.41258593336858806,0.32131147540983607,0.2150713907985193,0.4511369645690111,0.39725013220518246,0.3034902168164992,0.19836065573770492,0.1769962982548916,0.3289264939185616,0.4712321523003702,0.5701216287678477,0.27837123215230036,0.05029085140137493,0.08699101004759387,0.20428344791115813,0.33268112109994713,0.26980433632998413,-0.06562665256478054,0.6084082496033845,0.6224748810153358,0.5362242199894236,0.1165520888418826,0.5105764145954521,0.2301427815970386,0.31713379164463246,0.34108937070333156,0.19830777366472765,0.17440507667900582,1.0,0.8152300370174511,0.6526176626123744,0.405076679005817,0.5194606028556319,0.329613960867266,0.36086726599682706,0.3931782125859334,0.3615018508725542,0.047382337387625595,0.6690111052353253,0.47625594923320996,0.3466948704389212,0.2857747223691169,0.13543098889476468,0.2953992596509783,0.16113167636171338,0.12390269698572184,0.3887361184558435,-0.1723955579058699,0.696562665256478,0.5228979375991539,0.2596509783183501,0.36911686938127974,0.19185616076150186
P7_theta_power,0.27800105764145955,0.46938127974616606,0.4674246430460074,0.361660497091486,0.14706504494976202,0.12496033844526705,0.27451084082496036,0.2900052882072977,0.16679005817028028,0.12876784769962982,0.3799048122686409,0.5731359069275516,0.41649920676890534,0.3425171866737176,0.1955579058699101,0.23183500793231096,0.3661025912215759,0.2158646218931782,0.18566895822316234,0.16747752511898467,0.48974087784241144,0.6450555261766261,0.09751454257006875,0.33744050766790057,0.35933368588048653,0.23278688524590163,0.27572712850343734,-0.10475938656795346,0.1293495505023797,0.10544685351665785,0.6181385510312004,0.7144896879957694,0.3104706504494976,0.4433632998413538,0.3222104706504495,0.29122157588577474,0.45081967213114754,0.18212585933368589,0.321099947117927,0.17154944473823375,0.6462189317821259,0.7196192490745638,0.4833421470121629,0.2729243786356425,0.3419354838709677,0.41512427287149656,0.4562665256478054,0.30005288207297726,0.10105764145954521,0.3523532522474881,0.1636700158646219,0.5496562665256478,0.5829190904283448,0.40883130618720254,0.027022739291380223,0.0804865150713908,0.325965097831835,0.40978318350079324,0.32131147540983607,0.05298783712321523,0.43437334743521944,0.6901639344262295,0.5420412480169222,0.25267054468535166,0.4775780010576415,0.09698572184029614,0.28355367530407194,0.2566367001586462,0.20999471179270227,0.11729243786356425,0.8152300370174511,1.0,0.7911158117398202,0.5060285563194077,0.6011634056054997,0.35494447382337385,0.406081438392385,0.30222104706504493,0.3114225277630883,0.16663141195134848,0.432258064516129,0.5716552088841883,0.40005288207297723,0.3561078794288736,0.17747223691168693,0.2368588048651507,0.25753569539925963,0.07704918032786885,0.31004759386567954,-0.027445795875198308,0.5536753040719197,0.6648334214701216,0.2979904812268641,0.44288736118455846,0.261660497091486
P7_alpha_power,0.2202009518773136,0.3940772078265468,0.632469592808038,0.3220518244315177,0.09799048122686409,0.14309888947646748,0.27091485986250663,0.53590692755156,0.21956636700158647,0.11263881544156532,0.20401903754627182,0.41015335801163405,0.655367530407192,0.3425171866737176,0.013749338974087784,0.20576414595452142,0.36885245901639346,0.5262823902696986,0.3216287678476996,0.048016922263352725,0.32252776308831305,0.44219989423585404,0.4328397673188789,0.3335272342675833,0.06774193548387097,0.20396615547329455,0.30602855631940773,0.28947646747752515,0.32670544685351666,-0.08212585933368588,0.4294553146483342,0.5084611316763618,0.6438392384981492,0.4693283976731888,0.020359598096245372,0.26113167636171336,0.4757800105764146,0.5637228979375991,0.4627181385510312,0.030248545742993127,0.5194606028556319,0.5722369116869381,0.6854045478582761,0.3051295610787943,0.1872025383395029,0.3353781068217874,0.4391856160761502,0.5081438392384982,0.24690639873083026,0.23590692755156,0.05780010576414595,0.38059227921734534,0.7263881544156531,0.4046536224219989,-0.08064516129032258,0.035430988894764676,0.2953463775780011,0.5945002644103649,0.4139079851930196,-0.06234796404019038,0.30544685351665785,0.492702273929138,0.7798519301956637,0.3051295610787943,0.17567424643046006,0.15177154944473822,0.38688524590163936,0.5657852987837123,0.3333157059756742,0.08952934955050237,0.6526176626123744,0.7911158117398202,1.0,0.5497091485986251,0.3173982020095188,0.34034902168164993,0.43802221047065043,0.5325753569539926,0.4430988894764675,0.08968799576943416,0.3170809095716552,0.44865150713907986,0.6806980433632999,0.43833950290851403,-0.048069804336329985,0.2441565309360127,0.1774193548387097,0.4358011634056055,0.4237969328397673,-0.18773135906927552,0.4133262823902697,0.4460602855631941,0.6188260179799048,0.48090957165520887,-0.020624008461131677
P7_beta_power,0.09360126916975145,0.29185616076150184,0.4512956107879429,0.5065573770491804,-0.12014806980433633,0.19561078794288736,0.24331041776837653,0.41110523532522475,0.4503437334743522,-0.058646218931782124,0.19682707562136437,0.4170809095716552,0.32480169222633526,0.5606557377049181,-0.22575356953992595,0.23997884717080908,0.3444738233738763,0.23802221047065045,0.5437863564251718,-0.12152300370174511,0.36213643574828136,0.4378635642517187,0.14717080909571656,0.5629296668429402,-0.114806980433633,0.36277102062400846,0.33733474352194603,0.08820729772607086,0.5398202009518773,-0.27244843997884716,0.3606028556319408,0.4241142252776309,0.30031729243786354,0.6347435219460603,-0.19962982548915917,0.330830248545743,0.4223691168693813,0.28180856689582234,0.5426758328926494,-0.11052353252247488,0.36160761501850874,0.4865679534637758,0.43717609730301427,0.4689053410893707,-0.006874669487043892,0.2887890005288207,0.3329455314648334,0.28683236382866206,0.465520888418826,-0.02829190904283448,0.13775780010576413,0.324748810153358,0.376679005817028,0.6579587519830777,-0.37022739291380224,0.1452141723955579,0.2167107350608144,0.2943416181914331,0.5908514013749339,-0.19931253305129562,0.24463246959280804,0.38461131676361715,0.441988365943945,0.5471708090957166,-0.017609730301427817,0.17535695399259651,0.3763088313061872,0.3033844526705447,0.5795875198307774,-0.12041248016922264,0.405076679005817,0.5060285563194077,0.5497091485986251,1.0,-0.34727657324167105,0.28603913273400317,0.3515071390798519,0.2685351665785299,0.581332628239027,-0.16017979904812268,0.2570597567424643,0.3863035430988895,0.30756213643574826,0.6007932310946589,-0.2098360655737705,0.36430460074034904,0.214806980433633,0.2552617662612374,0.6058170280274987,-0.3130089899524061,0.3492332099418297,0.3914331041776838,0.3356425171866737,0.5890005288207297,-0.23786356425171867
P7_theta_beta_ratio,0.2064516129032258,0.21242728714965628,0.0701216287678477,-0.07340031729243786,0.27852987837123216,-0.03923849814912744,0.09978847170809095,-0.074034902168165,-0.20370174510840824,0.20206240084611315,0.25843469063987307,0.21248016922263352,0.11078794288736118,-0.1328397673188789,0.40999471179270225,0.08757271285034374,0.1281332628239027,0.016816499206768906,-0.240772078265468,0.29751454257006876,0.22501322051824432,0.2790586991010048,-0.052670544685351664,-0.15050237969328398,0.5129561078794289,-0.008408249603384453,0.05716552088841883,-0.18857747223691168,-0.29471179270227393,0.381544156530936,0.3561607615018509,0.3799576943416182,-0.009571655208884188,-0.11295610787942888,0.5758857747223691,0.047964040190375465,0.1227392913802221,-0.12681121099947118,-0.14188260179799048,0.2988365943945003,0.3872025383395029,0.32823902696985724,0.09693283976731888,-0.1361713379164463,0.39423585404547856,0.21380222104706503,0.2007932310946589,0.024061343204653623,-0.2709677419354839,0.3957165520888419,0.07112638815441566,0.2730830248545743,0.2561078794288736,-0.12522474881015336,0.3252776308831306,0.012004230565838181,0.2006874669487044,0.181544156530936,-0.14933897408778424,0.2583818085668958,0.22855631940772078,0.38693812797461663,0.15309360126916974,-0.17525118984664198,0.5019037546271814,-0.021787414066631414,0.0009518773135906928,-0.017503966155473293,-0.23268112109994712,0.20798519301956636,0.5194606028556319,0.6011634056054997,0.3173982020095188,-0.34727657324167105,1.0,0.12585933368588048,0.1263881544156531,0.06959280803807509,-0.14865150713907985,0.31189846641988367,0.23987308302485458,0.24976203067160233,0.10787942887361185,-0.14637757800105763,0.388841882601798,-0.02321523003701745,0.13046007403490217,-0.18646218931782127,-0.20396615547329455,0.274246430460074,0.3160761501850873,0.38313061872025383,-0.03939714436805923,-0.06197778952934955,0.5479640401903755
P8_delta_power,0.21422527763088314,0.2536753040719196,0.07916446324695928,0.04225277630883131,0.20058170280274987,0.576679005817028,0.42940243257535693,0.3051295610787943,0.0493918561607615,0.37488101533580115,0.09175039661554733,0.05568482284505553,-0.04389212057112639,-0.029402432575356956,0.06393442622950819,0.7290851401374934,0.4695399259650978,0.19640401903754628,0.03749338974087784,0.4874669487043892,0.3380750925436277,0.31692226335272344,-0.06404019037546271,0.011422527763088313,0.2891062929666843,0.5545742993125331,0.43950290851401375,0.08006345848757271,0.09867794817556848,0.3676890534108937,0.28551031200423055,0.2520888418826018,0.03051295610787943,0.05314648334214701,0.20010576414595452,0.7203595980962454,0.6441565309360127,0.1750925436277102,0.22601797990481226,0.4399788471708091,0.3819672131147541,0.4626123744050767,0.32231623479640403,0.03781068217874141,0.3460074034902168,0.6878900052882073,0.6466948704389212,0.35430988894764676,0.059545214172395555,0.5913802221047065,0.007667900581702803,0.1413537810682179,0.2040719196192491,0.1593865679534638,-0.06679005817028028,0.5363299841353781,0.5525647805393972,0.3881544156530936,0.19238498149127445,0.45325224748810156,0.14881015335801162,0.3163934426229508,0.24933897408778424,0.06922263352723426,0.25346377578001056,0.5642517186673718,0.5784769962982549,0.30830248545742994,0.24584875727128502,0.4384981491274458,0.329613960867266,0.35494447382337385,0.34034902168164993,0.28603913273400317,0.12585933368588048,1.0,0.8735589635113696,0.5785827604442094,0.4264939185616076,0.5722897937599154,0.24108937070333156,0.1935483870967742,0.06129032258064516,0.014331041776837652,0.2025383395029085,0.6665256478053939,0.45023796932839766,0.06816499206768906,0.20586991010047595,0.21126388154415654,0.14257006874669487,0.23426758328926495,-0.030301427815970387,0.0013220518244315177,0.27773664727657327
P8_theta_power,0.2098360655737705,0.3074563722897938,0.24246430460074034,0.10576414595452142,0.21099947117927023,0.46805922792173454,0.4636700158646219,0.4691168693812797,0.1227392913802221,0.3281332628239027,0.10534108937070333,0.1901639344262295,0.15251189846641988,0.09925965097831835,0.08281332628239027,0.6364886303543099,0.618878900052882,0.42199894235854046,0.2041776837652036,0.44500264410364887,0.3115811739820201,0.3741935483870968,0.04368059227921735,0.07530407191961926,0.3143310417768376,0.48376520359598096,0.5907985193019566,0.24045478582760443,0.24463246959280804,0.37694341618191435,0.2840824960338445,0.30396615547329453,0.17086197778952936,0.1523532522474881,0.16451612903225807,0.6475409836065574,0.7754098360655738,0.3671602326811211,0.38810153358011634,0.40037017451084084,0.38059227921734534,0.46599682707562134,0.43447911158117397,0.07043892120571127,0.36451612903225805,0.6631940772078265,0.7428344791115812,0.5433632998413538,0.22591221575885775,0.5487043892120571,-0.06441036488630354,0.13733474352194605,0.2984135378106822,0.1788471708090957,-0.09439450026441036,0.31940772078265467,0.4511369645690111,0.4378635642517187,0.20370174510840824,0.3285034373347435,0.040084611316763614,0.26076150185087255,0.3270227392913802,0.17345319936541512,0.09481755684822846,0.43146483342147013,0.6313590692755155,0.4491274457958752,0.34056054997355895,0.3998413537810682,0.36086726599682706,0.406081438392385,0.43802221047065043,0.3515071390798519,0.1263881544156531,0.8735589635113696,1.0,0.782548915917504,0.5547329455314648,0.5968270756213644,0.24664198836594395,0.32173453199365415,0.2358011634056055,0.14299312533051295,0.18915917503966156,0.566314119513485,0.5602326811210999,0.1921734531993654,0.3465891062929667,0.19751454257006876,0.1222104706504495,0.28714965626652567,0.12004230565838181,0.10200951877313591,0.2600740349021682
P8_alpha_power,0.2903225806451613,0.3225806451612903,0.37932310946589104,0.10861977789529349,0.2343204653622422,0.3940772078265468,0.40491803278688526,0.5786356425171867,0.17112638815441567,0.2331041776837652,0.13738762559492332,0.1170809095716552,0.41057641459545213,0.13490216816499206,-0.022051824431517715,0.44833421470121626,0.46964569011105234,0.6706504494976203,0.3285034373347435,0.11734531993654151,0.2815970386039133,0.2056583818085669,0.3438392384981491,0.10343733474352194,0.07662612374405077,0.26478053939714435,0.37139079851930196,0.5188260179799048,0.37852987837123214,0.020253833950290852,0.2725013220518244,0.18868323638286622,0.4428344791115812,0.25013220518244317,-0.10655737704918032,0.4907456372289794,0.5836594394500264,0.6564780539397145,0.5304071919619249,0.03342147012162877,0.26456901110523534,0.22252776308831307,0.4167107350608144,0.15536753040719195,0.03506081438392385,0.46668429402432576,0.5445267054468536,0.6538339502908515,0.36774193548387096,0.22728714965626653,0.019090428344791115,0.08143839238498149,0.4504494976203067,0.14331041776837652,-0.11401374933897408,0.11195134849286092,0.23315705975674247,0.5279217345319936,0.24188260179799048,0.034479111581173984,0.022686409307244845,0.13400317292437863,0.49836065573770494,0.19413008989952407,-0.10111052353252248,0.26790058170280273,0.49148598625066103,0.6913273400317292,0.34516129032258064,0.22453728186144897,0.3931782125859334,0.30222104706504493,0.5325753569539926,0.2685351665785299,0.06959280803807509,0.5785827604442094,0.782548915917504,1.0,0.6432575356953992,0.32094130089899525,0.2708090957165521,0.24669487043892122,0.4700687466948704,0.24045478582760443,-0.04769962982548916,0.32078265468006345,0.2734531993654151,0.47990481226864096,0.43585404547858275,-0.12559492332099417,0.11269169751454257,0.11512427287149657,0.39539925965097833,0.227181385510312,-0.054574299312533055
P8_beta_power,0.03426758328926494,0.16980433632998412,0.26589106292966685,0.26129032258064516,-0.024854574299312534,0.24918032786885247,0.312374405076679,0.44732945531464835,0.4411951348492861,-0.05013220518244315,0.041142252776308834,0.1350079323109466,0.22575356953992595,0.22390269698572185,-0.13791644632469593,0.379111581173982,0.35605499735589635,0.38080380750925436,0.501427815970386,-0.09687995769434161,0.2511369645690111,0.16335272342675833,0.06181914331041777,0.13167636171337915,0.03770491803278689,0.4461131676361713,0.37154944473823376,0.2648334214701216,0.5191433104177684,-0.15177154944473822,0.2644632469592808,0.15901639344262294,0.20333157059756743,0.27784241142252775,-0.10872554204124801,0.43490216816499205,0.4161290322580645,0.34420941300898994,0.4902168164992068,-0.08561607615018509,0.24209413008989952,0.2640401903754627,0.3094130089899524,0.19063987308302485,0.059386567953463774,0.3070333157059757,0.3108937070333157,0.30925436277102064,0.4305658381808567,-0.03738762559492332,-0.07826546800634585,0.047540983606557376,0.343204653622422,0.39153886832363827,-0.38635642517186675,0.2667900581702803,0.333474352194606,0.46118455843469064,0.5693283976731888,-0.0896351136964569,0.054838709677419356,0.16679005817028028,0.40729772607086195,0.32305658381808566,-0.10925436277102063,0.31136964569011105,0.46599682707562134,0.46287678476996297,0.7183500793231095,-0.17678476996298254,0.3615018508725542,0.3114225277630883,0.4430988894764675,0.581332628239027,-0.14865150713907985,0.4264939185616076,0.5547329455314648,0.6432575356953992,1.0,-0.22850343733474351,0.10756213643574829,0.17059756742464305,0.2524061343204654,0.3400846113167636,-0.12929666842940243,0.3006874669487044,0.15118984664198837,0.23194077207826547,0.5340031729243786,-0.308725542041248,0.10898995240613432,0.07636171337916446,0.1635113696456901,0.24315177154944473,-0.08392384981491274
P8_theta_beta_ratio,0.23992596509783184,0.2156002115282919,0.04436805922792173,-0.14447382337387626,0.3350608143839239,0.30962453728186146,0.29201480698043364,0.15002644103648863,-0.2796404019037546,0.47990481226864096,0.04341618191433104,0.024061343204653623,-0.05134849286092015,-0.1757800105764146,0.23775780010576414,0.3574828133262824,0.3088841882601798,0.08836594394500265,-0.28149127445795874,0.6047065044949762,0.15790586991010047,0.24970914859862506,-0.0005817028027498678,-0.13262823902696985,0.4113167636171338,0.16287678476996298,0.2979904812268641,0.0018508725542041248,-0.24664198836594395,0.6043892120571126,0.03294553146483342,0.1182971972501322,-0.046536224219989424,-0.15626652564780538,0.2960867265996827,0.35092543627710204,0.4608143839238498,0.05912215758857747,-0.07815970386039132,0.596562665256478,0.12691697514542571,0.20708619777895293,0.14960338445267055,-0.16092014806980434,0.3574828133262824,0.4384981491274458,0.5258064516129032,0.275039661554733,-0.14881015335801162,0.6763088313061872,0.03199365415124273,0.08746694870438922,0.02258064516129032,-0.20412480169222633,0.28413537810682177,0.20624008461131677,0.2827075621364358,0.10132205182443152,-0.3262295081967213,0.5786356425171867,-0.053939714436805924,0.0802221047065045,-0.03855103120042306,-0.09370703331570597,0.17049180327868851,0.1977260708619778,0.29349550502379695,0.07831835007932311,-0.26953992596509785,0.629402432575357,0.047382337387625595,0.16663141195134848,0.08968799576943416,-0.16017979904812268,0.31189846641988367,0.5722897937599154,0.5968270756213644,0.32094130089899525,-0.22850343733474351,1.0,0.12226335272342675,0.13521946060285564,-0.0022210470650449498,-0.20460074034902168,0.33939714436805923,0.25668958223162347,0.4006874669487044,-0.048069804336329985,-0.1935483870967742,0.5133791644632469,-0.00042305658381808567,0.169169751454257,-0.03844526705446853,-0.17911158117398202,0.40772078265468004
Fz_delta_power,0.7170809095716552,0.5927551560021153,0.43950290851401375,0.19592808038075094,0.41205711263881545,0.38122686409307244,0.3761501850872554,0.2967741935483871,0.11332628239026969,0.26478053939714435,0.8637757800105764,0.46102591221575884,0.29682707562136434,0.3122686409307245,0.206081438392385,0.4763088313061872,0.4066102591221576,0.2733474352194606,0.26901110523532523,0.1471179270227393,0.7243786356425171,0.526969857218403,0.25552617662612376,0.40021152829190904,0.17794817556848228,0.36758328926493916,0.22104706504494975,0.08767847699629826,0.21084082496033846,0.040137493389740875,0.7109465891062929,0.4739291380222105,0.20544685351665784,0.3726599682707562,0.13447911158117398,0.3878900052882073,0.3253305129561079,0.17477525118984663,0.39254362771020623,-0.012109994711792702,0.6558963511369645,0.5111052353252248,0.3525118984664199,0.32670544685351666,0.18127974616604972,0.5217345319936542,0.4251718667371761,0.2801692226335272,0.2701216287678477,0.11755684822845056,0.4786885245901639,0.45658381808566895,0.3948704389212057,0.14124801692226335,0.20883130618720253,0.15684822845055527,0.19011105235325224,0.20423056583818086,0.15193019566367003,0.06731887890005288,0.6062400846113167,0.5278688524590164,0.323320994182972,0.16827075621364357,0.38043363299841354,0.1741406663141195,0.253146483342147,0.23828662083553676,0.036171337916446326,0.2924378635642517,0.6690111052353253,0.432258064516129,0.3170809095716552,0.2570597567424643,0.23987308302485458,0.24108937070333156,0.24664198836594395,0.2708090957165521,0.10756213643574829,0.12226335272342675,1.0,0.5873611845584347,0.3434690639873083,0.3379693283976732,0.1792702273929138,0.43030142781597036,0.2810153358011634,0.166737176097303,0.3719196192490746,-0.06351136964569011,0.6841353781068218,0.5136435748281333,0.26631411951348494,0.3492332099418297,0.12347964040190375
Fz_theta_power,0.3605499735589635,0.6059756742464305,0.6207826546800634,0.4121099947117927,0.23749338974087783,0.13717609730301428,0.3760444209413009,0.3916446324695928,0.27033315705975675,0.09635113696456901,0.5608143839238499,0.8846113167636172,0.5619249074563722,0.5530936012691697,0.3685880486515071,0.30158646218931784,0.6762030671602327,0.3337387625594923,0.3540454785827604,0.29296668429402434,0.44849286092014806,0.8006874669487044,0.22390269698572185,0.5307244843997885,0.28778424114225276,0.10898995240613432,0.44352194606028555,0.017768376520359598,0.2725013220518244,0.17091485986250662,0.4616076150185087,0.6506610259122158,0.2647276573241671,0.5540983606557377,0.13209941829719726,0.20544685351665784,0.4772607086197779,0.17091485986250662,0.37271285034373347,0.13125330512956107,0.42263352723426756,0.5924378635642518,0.4340560549973559,0.35822316234796403,0.1878900052882073,0.31792702273929135,0.3918032786885246,0.27800105764145955,0.2071390798519302,0.13368588048651509,0.24114225277630882,0.6373347435219461,0.5732416710735061,0.3282919090428345,0.26187202538339505,0.08175568482284505,0.292702273929138,0.23892120571126388,0.1817028027498678,0.17398202009518773,0.35526176626123745,0.6156002115282919,0.4161290322580645,0.33194077207826544,0.31110523532522477,0.016657852987837122,0.3084082496033845,0.20195663670015865,0.06916975145425701,0.30867265996827076,0.47625594923320996,0.5716552088841883,0.44865150713907986,0.3863035430988895,0.24976203067160233,0.1935483870967742,0.32173453199365415,0.24669487043892122,0.17059756742464305,0.13521946060285564,0.5873611845584347,1.0,0.596351136964569,0.5616076150185088,0.35510312004230565,0.3304071919619249,0.5399259650978319,0.11438392384981491,0.43447911158117397,0.14436805922792173,0.5047065044949762,0.7096245372818615,0.3723955579058699,0.5526176626123744,0.09196192490745637
Fz_alpha_power,0.29085140137493387,0.46478053939714437,0.8214172395557906,0.3467477525118985,0.1540983606557377,0.05891062929666843,0.2792702273929138,0.6459545214172395,0.2652564780539397,0.03194077207826547,0.2537281861448969,0.5246430460074035,0.9376520359598096,0.5374405076679006,-0.04257006874669487,0.07218402961396087,0.41538868323638284,0.7204124801692227,0.419672131147541,-0.07630883130618721,0.17540983606557378,0.39825489159175037,0.6453199365415124,0.48228450555261765,-0.10586991010047594,-0.1212585933368588,0.23506081438392384,0.4094658910629297,0.3609201480698043,-0.195134849286092,0.2588048651507139,0.37556848228450557,0.7210470650449498,0.5436805922792174,-0.24341618191433104,0.016023268112109995,0.3298783712321523,0.5921205711263882,0.49455314648334214,-0.23024854574299314,0.1992067689053411,0.30883130618720256,0.5499206768905341,0.3796932839767319,-0.113590692755156,0.10565838180856689,0.26398730830248546,0.48762559492332097,0.3796932839767319,-0.1125330512956108,0.05891062929666843,0.30772078265468006,0.7054997355896351,0.30756213643574826,0.059280803807509254,-0.1103648863035431,0.09159175039661555,0.45457429931253307,0.2854574299312533,-0.15319936541512427,0.16213643574828132,0.2869381279746166,0.675251189846642,0.29524061343204655,-0.060761501850872555,0.04611316763617134,0.2809624537281861,0.5470121628767848,0.1788471708090957,0.1518244315177155,0.3466948704389212,0.40005288207297723,0.6806980433632999,0.30756213643574826,0.10787942887361185,0.06129032258064516,0.2358011634056055,0.4700687466948704,0.2524061343204654,-0.0022210470650449498,0.3434690639873083,0.596351136964569,1.0,0.5956636700158646,-0.12258064516129032,0.059545214172395555,0.22078265468006344,0.5702802749867795,0.46208355367530407,-0.20893707033315706,0.2556319407720783,0.36372289793759915,0.7255420412480169,0.5840824960338445,-0.2938127974616605
Fz_beta_power,0.15224748810153357,0.3197250132205182,0.6271285034373347,0.7791644632469593,-0.23151771549444738,-0.012004230565838181,0.1763088313061872,0.48741406663141196,0.5971443680592279,-0.2641988365943945,0.31253305129561076,0.5524590163934426,0.6029613960867266,0.9171866737176098,-0.37932310946589104,0.16869381279746165,0.415811739820201,0.42887361184558437,0.7859333685880486,-0.3363828662083554,0.19994711792702274,0.44680063458487573,0.27948175568482286,0.7737176097303015,-0.2565309360126917,0.0822316234796404,0.3891062929666843,0.261660497091486,0.6892120571126388,-0.3372818614489688,0.3264939185616076,0.48175568482284503,0.4315177154944474,0.7312004230565838,-0.2618191433104178,0.13870967741935483,0.34986779481755687,0.38402961396086727,0.6180856689582231,-0.2950290851401375,0.22940243257535695,0.32051824431517717,0.37852987837123214,0.48011634056054997,-0.13326282390269698,0.18942358540454785,0.27091485986250663,0.3720253833950291,0.527181385510312,-0.21163405605499735,0.08614489687995769,0.3103120042305658,0.40454785827604445,0.6712321523003701,-0.343204653622422,0.03622421998942359,0.1641988365943945,0.3293495505023797,0.6439450026441037,-0.32696985721840294,0.1454785827604442,0.29830777366472766,0.3941300898995241,0.5231094658910629,-0.12236911686938128,0.1094130089899524,0.33744050766790057,0.32808038075092544,0.37773664727657325,-0.020624008461131677,0.2857747223691169,0.3561078794288736,0.43833950290851403,0.6007932310946589,-0.14637757800105763,0.014331041776837652,0.14299312533051295,0.24045478582760443,0.3400846113167636,-0.20460074034902168,0.3379693283976732,0.5616076150185088,0.5956636700158646,1.0,-0.48397673188789003,0.1771020624008461,0.2570597567424643,0.36679005817028026,0.6309360126916975,-0.3285034373347435,0.32231623479640403,0.45594923320994185,0.4990481226864093,0.7881544156530936,-0.4156530936012692
Fz_theta_beta_ratio,0.18027498677948176,0.2454785827604442,-0.06821787414066631,-0.4044949762030672,0.5071919619249075,0.14780539397144368,0.201216287678477,-0.15795875198307774,-0.3809095716552089,0.4566367001586462,0.19598096245372817,0.2897408778424114,-0.14219989423585405,-0.4234267583289265,0.867741935483871,0.13722897937599154,0.2430988894764675,-0.16816499206768906,-0.46467477525118983,0.7337387625594923,0.2846641988365944,0.33860391327340034,-0.1300370174510841,-0.3438921205711264,0.6631411951348493,0.04167107350608144,0.08381808566895822,-0.3047593865679535,-0.4388154415653094,0.5676361713379164,0.17689053410893707,0.16980433632998412,-0.27625594923320995,-0.2618191433104178,0.5325753569539926,0.017345319936541512,0.08016922263352723,-0.3323109465891063,-0.3441565309360127,0.5105235325224748,0.1927551560021153,0.25980962453728185,0.03188789000528821,-0.15875198307773664,0.40692755156002114,0.05912215758857747,0.06885245901639345,-0.21047065044949761,-0.4096774193548387,0.40840824960338445,0.14087784241142254,0.28529878371232154,0.08535166578529878,-0.37250132205182446,0.6499735589635114,0.10290851401374934,0.18387096774193548,-0.11882601797990482,-0.46076150185087256,0.5641459545214172,0.24727657324167107,0.35917503966155473,0.006927551560021153,-0.18059227921734533,0.5347964040190375,-0.09566367001586462,-0.04378635642517187,-0.20200951877313592,-0.27054468535166576,0.2883130618720254,0.13543098889476468,0.17747223691168693,-0.048069804336329985,-0.2098360655737705,0.388841882601798,0.2025383395029085,0.18915917503966156,-0.04769962982548916,-0.12929666842940243,0.33939714436805923,0.1792702273929138,0.35510312004230565,-0.12258064516129032,-0.48397673188789003,1.0,0.16409307244843999,0.31369645690111053,-0.3449497620306716,-0.21983077736647277,0.5231094658910629,0.17519830777366474,0.23812797461660498,-0.24257006874669487,-0.32051824431517717,0.6372818614489688
Cz_delta_power,0.19603384452670544,0.20544685351665784,0.11438392384981491,0.10798519301956637,0.15156002115282918,0.568164992067689,0.39153886832363827,0.2992067689053411,0.1921734531993654,0.2668958223162348,0.3601797990481227,0.22855631940772078,0.010735060814383924,0.14648334214701217,0.13802221047065044,0.8425171866737176,0.6413008989952406,0.2684822845055526,0.3173982020095188,0.44828133262823905,0.3843997884717081,0.3769962982548916,0.08450555261766261,0.20988894764674776,0.15621364357482814,0.7157588577472237,0.58011634056055,0.2670015864621893,0.3726599682707562,0.23987308302485458,0.37810682178741406,0.3377049180327869,0.06657852987837123,0.18265468006345847,0.1970386039132734,0.7576943416181914,0.6762030671602327,0.21771549444738234,0.39349550502379693,0.3448439978847171,0.4877313590692755,0.5306187202538339,0.31311475409836065,0.1714436805922792,0.3237969328397673,0.7276044420941301,0.6464304600740349,0.35526176626123745,0.23881544156530937,0.43426758328926496,0.14796404019037546,0.2796932839767319,0.22850343733474351,0.2666314119513485,-0.017556848228450557,0.582337387625595,0.5622950819672131,0.39132734003172925,0.34098360655737703,0.37297726070861975,0.32554204124801694,0.4512956107879429,0.3137493389740878,0.27937599153886833,0.23532522474881015,0.5530407191961925,0.5893178212585933,0.3569539925965098,0.30602855631940773,0.3910629296668429,0.2953992596509783,0.2368588048651507,0.2441565309360127,0.36430460074034904,-0.02321523003701745,0.6665256478053939,0.566314119513485,0.32078265468006345,0.3006874669487044,0.25668958223162347,0.43030142781597036,0.3304071919619249,0.059545214172395555,0.1771020624008461,0.16409307244843999,1.0,0.6766261237440507,0.2512427287149656,0.45542041248016923,0.23194077207826547,0.4473823373876256,0.4299841353781068,0.09746166049709148,0.18487572712850345,0.2031200423056584
Cz_theta_power,0.15039661554732944,0.3022739291380222,0.24690639873083026,0.212374405076679,0.1586991010047594,0.3241142252776309,0.440772078265468,0.38503437334743523,0.24288736118455845,0.20777366472765732,0.20259122157588577,0.4490216816499207,0.21168693812797462,0.2670015864621893,0.27556848228450553,0.5473823373876257,0.8358540454785828,0.4151771549444738,0.37852987837123214,0.525965097831835,0.15695399259650977,0.5443680592279218,0.09270227392913802,0.15737704918032788,0.41163405605499737,0.3877842411422528,0.8187202538339503,0.2717609730301428,0.33114754098360655,0.5237969328397674,0.24219989423585406,0.49492332099418296,0.1061872025383395,0.17842411422527762,0.3962453728186145,0.42104706504494976,0.7624537281861449,0.16901110523532523,0.3219460602855632,0.4681121099947118,0.2523532522474881,0.40491803278688526,0.2506081438392385,0.015230037017451084,0.3928609201480698,0.5167636171337916,0.653146483342147,0.35108408249603384,0.26922263352723425,0.39264939185616077,-0.05293495505023797,0.321099947117927,0.2838709677419355,0.18122686409307245,0.16694870438921205,0.2549444738233739,0.45906927551560023,0.30909571655208884,0.14579587519830778,0.4212585933368588,0.13886832363828663,0.4297726070861978,0.25346377578001056,0.250502379693284,0.2354309888947647,0.311158117398202,0.5882601797990481,0.32400846113167636,0.21544156530936012,0.46329984135378105,0.16113167636171338,0.25753569539925963,0.1774193548387097,0.214806980433633,0.13046007403490217,0.45023796932839766,0.5602326811210999,0.2734531993654151,0.15118984664198837,0.4006874669487044,0.2810153358011634,0.5399259650978319,0.22078265468006344,0.2570597567424643,0.31369645690111053,0.6766261237440507,1.0,0.25780010576414597,0.38365943945002645,0.5810682178741406,0.253146483342147,0.5902168164992068,0.15674246430460073,0.17218402961396087,0.38714965626652564
Cz_alpha_power,0.155579058699101,0.13696456901110524,0.4125330512956108,0.13246959280803808,0.017345319936541512,0.1571655208884188,0.1398202009518773,0.49799048122686407,0.23024854574299314,-0.0325753569539926,0.059598096245372816,0.08958223162347964,0.6079323109465891,0.3287678476996298,-0.2714436805922792,0.11322051824431517,0.260444209413009,0.709941829719725,0.47731359069275514,-0.20666314119513485,0.08069804336329985,0.11491274457958751,0.7527234267583289,0.19101004759386567,-0.22480169222633528,0.030195663670015863,0.20507667900581703,0.7696985721840296,0.4248016922263353,-0.25552617662612376,0.14257006874669487,0.2157588577472237,0.7376520359598097,0.2721311475409836,-0.1605499735589635,0.15520888418826018,0.34801692226335273,0.7911686938127974,0.5021681649920677,-0.15959809624537283,0.060602855631940775,0.07371760973030143,0.29910100475938656,0.0842411422527763,-0.08038075092543628,0.17911158117398202,0.2993125330512956,0.5400846113167637,0.46694870438921204,-0.06874669487043893,0.023955579058699102,0.10475938656795346,0.4878900052882073,0.24600740349021682,-0.11216287678476997,-0.13558963511369646,-0.03574828133262824,0.41554732945531464,0.24881015335801163,-0.20074034902168164,0.04373347435219461,0.04484399788471708,0.5877313590692755,0.22184029613960868,-0.2208355367530407,0.08672659968270756,0.24648334214701217,0.7069804336329985,0.2374405076679006,0.019830777366472766,0.12390269698572184,0.07704918032786885,0.4358011634056055,0.2552617662612374,-0.18646218931782127,0.06816499206768906,0.1921734531993654,0.47990481226864096,0.23194077207826547,-0.048069804336329985,0.166737176097303,0.11438392384981491,0.5702802749867795,0.36679005817028026,-0.3449497620306716,0.2512427287149656,0.25780010576414597,1.0,0.4886832363828662,-0.1854574299312533,0.2094130089899524,0.22205182443151772,0.7516129032258064,0.380327868852459,-0.25980962453728185
Cz_beta_power,0.23664727657324167,0.38191433104177686,0.5537810682178741,0.34960338445267053,0.10116340560549973,0.21438392384981492,0.3353781068217874,0.5636171337916447,0.4044420941300899,0.010576414595452142,0.3717080909571655,0.4363299841353781,0.48112109994711794,0.5960338445267055,-0.17424643046007404,0.3647805393971444,0.5893707033315706,0.5749867794817557,0.7991538868323639,-0.1417239555790587,0.36546800634584875,0.36599682707562137,0.2923320994182972,0.5996298254891592,-0.20650449497620307,0.2454785827604442,0.4090957165520888,0.3955579058699101,0.813802221047065,-0.393707033315706,0.48376520359598096,0.42776308831306187,0.45943945002644104,0.6473294553146484,-0.26319407720782656,0.2666314119513485,0.461660497091486,0.48931782125859336,0.8813855103120042,-0.37139079851930196,0.39386567953463775,0.3588048651507139,0.4081438392384982,0.5305658381808567,-0.13659439450026442,0.2565309360126917,0.33384452670544684,0.42913802221047065,0.6741935483870968,-0.2158646218931782,0.1266525647805394,0.25780010576414597,0.41396086726599685,0.4436277102062401,-0.22527763088313063,0.12897937599153886,0.2187202538339503,0.3870438921205711,0.6108937070333157,-0.2493918561607615,0.18016922263352722,0.2634056054997356,0.4760444209413009,0.4659439450026441,-0.08127974616604972,0.1802221047065045,0.3540983606557377,0.44701216287678475,0.4504494976203067,-0.017239555790586992,0.3887361184558435,0.31004759386567954,0.4237969328397673,0.6058170280274987,-0.20396615547329455,0.20586991010047595,0.3465891062929667,0.43585404547858275,0.5340031729243786,-0.1935483870967742,0.3719196192490746,0.43447911158117397,0.46208355367530407,0.6309360126916975,-0.21983077736647277,0.45542041248016923,0.38365943945002645,0.4886832363828662,1.0,-0.48968799576943417,0.4950290851401375,0.45737704918032784,0.4683236382866208,0.7234267583289264,-0.34992067689053413
Cz_theta_beta_ratio,-0.05780010576414595,-0.03231094658910629,-0.23870967741935484,-0.13395029085140137,0.09994711792702274,0.13157059756742465,0.1222104706504495,-0.12363828662083554,-0.1364886303543099,0.18609201480698043,-0.13395029085140137,0.06493918561607614,-0.22808038075092543,-0.3078265468006346,0.47139079851930193,0.1891062929666843,0.2625594923320994,-0.15097831835007933,-0.35224748810153356,0.6399259650978318,-0.16171337916446324,0.21337916446324695,-0.18212585933368589,-0.39725013220518246,0.6080380750925436,0.14219989423585405,0.398783712321523,-0.10412480169222633,-0.40920148069804335,0.8528820729772607,-0.19910100475938658,0.08503437334743522,-0.281544156530936,-0.4056583818085669,0.614595452141724,0.15261766261237442,0.27895293495505025,-0.25959809624537283,-0.4785827604442094,0.7708619777895294,-0.0950290851401375,0.07260708619777895,-0.10904283447911158,-0.4415653093601269,0.4992067689053411,0.2446853516657853,0.3029613960867266,-0.05256478053939714,-0.3218402961396087,0.5353781068217874,-0.12464304600740349,0.13347435219460602,-0.054891591750396616,-0.253146483342147,0.412374405076679,0.12199894235854046,0.24627181385510313,-0.07815970386039132,-0.41797990481226865,0.6207297726070862,-0.01639344262295082,0.16969857218402962,-0.161660497091486,-0.20639873083024854,0.324748810153358,0.12453728186144897,0.23495505023796934,-0.10380750925436277,-0.2427815970386039,0.4909571655208884,-0.1723955579058699,-0.027445795875198308,-0.18773135906927552,-0.3130089899524061,0.274246430460074,0.21126388154415654,0.19751454257006876,-0.12559492332099417,-0.308725542041248,0.5133791644632469,-0.06351136964569011,0.14436805922792173,-0.20893707033315706,-0.3285034373347435,0.5231094658910629,0.23194077207826547,0.5810682178741406,-0.1854574299312533,-0.48968799576943417,1.0,-0.19666842940243257,0.13680592279217346,-0.25230037017451085,-0.48096245372818613,0.681544156530936
Pz_delta_power,0.3904283447911158,0.38043363299841354,0.40962453728186143,0.20544685351665784,0.2465362242199894,0.1350079323109466,0.19053410893707035,0.1849286092014807,0.1506081438392385,0.14357482813326283,0.6920676890534109,0.4966155473294553,0.31824431517715496,0.32522474881015334,0.21322051824431518,0.29085140137493387,0.3399788471708091,0.16287678476996298,0.2966684294024326,0.10978318350079323,0.7277102062400846,0.5430988894764675,0.25647805393971446,0.37625594923320993,0.15991538868323638,0.32051824431517717,0.18059227921734533,0.05906927551560021,0.30581702802749866,-0.11940772078265469,0.8507667900581702,0.6260179799048122,0.20047593865679533,0.42485457429931256,0.22982548915917503,0.23818085668958222,0.2610787942887361,0.12696985721840295,0.4388683236382866,-0.11084082496033845,0.7268112109994712,0.5457429931253305,0.34918032786885245,0.3954521417239556,0.10877842411422528,0.3578529878371232,0.26589106292966685,0.166737176097303,0.20015864621893178,0.1110523532522475,0.4435748281332628,0.5159175039661554,0.4733474352194606,0.3187202538339503,0.08127974616604972,0.10343733474352194,0.1970386039132734,0.1872025383395029,0.26784769962982546,-0.004389212057112639,0.6472765732416711,0.6393971443680593,0.4581702802749868,0.28836594394500265,0.429613960867266,0.05018508725542041,0.14219989423585405,0.1441565309360127,0.06266525647805395,0.11374933897408779,0.696562665256478,0.5536753040719197,0.4133262823902697,0.3492332099418297,0.3160761501850873,0.14257006874669487,0.1222104706504495,0.11269169751454257,0.10898995240613432,-0.00042305658381808567,0.6841353781068218,0.5047065044949762,0.2556319407720783,0.32231623479640403,0.17519830777366474,0.4473823373876256,0.253146483342147,0.2094130089899524,0.4950290851401375,-0.19666842940243257,1.0,0.7094130089899524,0.29740877842411423,0.4965626652564781,0.13400317292437863
Pz_theta_power,0.3287149656266526,0.5169751454257007,0.49333685880486516,0.4066102591221576,0.18503437334743522,0.16361713379164464,0.32591221575885776,0.2569539925965098,0.22459016393442624,0.13823373876255948,0.5637757800105764,0.7525118984664199,0.4547858276044421,0.5071919619249075,0.28217874140666316,0.28619777895293497,0.5136435748281333,0.22051824431517716,0.33305129561078795,0.2217874140666314,0.5068217874140666,0.8006345848757271,0.25647805393971446,0.43833950290851403,0.34854574299312535,0.18778424114225278,0.4333685880486515,0.06282390269698572,0.29873083024854574,0.12067689053410893,0.641776837652036,0.904653622421999,0.3026969857218403,0.5004230565838181,0.45658381808566895,0.23691168693812797,0.504071919619249,0.10946589106292967,0.41380222104706504,0.14907456372289793,0.5233738762559492,0.6562665256478054,0.348281332628239,0.3126388154415653,0.26345848757271284,0.36795346377578003,0.42940243257535693,0.2258593336858805,0.25938656795346376,0.20528820729772607,0.2438921205711264,0.6067689053410894,0.43733474352194607,0.3711792702273929,0.1387625594923321,0.07107350608143839,0.2853516657852988,0.27419354838709675,0.25288207297726073,0.12305658381808567,0.4388154415653094,0.6850343733474352,0.44098360655737706,0.3761501850872554,0.38730830248545745,0.04034902168164992,0.2617662612374405,0.19444738233738762,0.11909042834479111,0.1686409307244844,0.5228979375991539,0.6648334214701216,0.4460602855631941,0.3914331041776838,0.38313061872025383,0.23426758328926495,0.28714965626652567,0.11512427287149657,0.07636171337916446,0.169169751454257,0.5136435748281333,0.7096245372818615,0.36372289793759915,0.45594923320994185,0.23812797461660498,0.4299841353781068,0.5902168164992068,0.22205182443151772,0.45737704918032784,0.13680592279217346,0.7094130089899524,1.0,0.36885245901639346,0.5682178741406663,0.32818614489687997
Pz_alpha_power,0.17794817556848228,0.2696985721840296,0.6046536224219989,0.3028027498677948,0.030301427815970387,-0.012903225806451613,0.10782654680063458,0.43987308302485456,0.2493918561607615,-0.08535166578529878,0.19830777366472765,0.376467477525119,0.7459545214172395,0.4896351136964569,-0.143204653622422,0.0659439450026441,0.291485986250661,0.601216287678477,0.39481755684822845,-0.12321523003701745,0.12104706504494976,0.292702273929138,0.7351665785298783,0.4538339502908514,-0.25388683236382864,-0.11136964569011105,0.11898466419883659,0.56795346377578,0.3540983606557377,-0.27546271813855105,0.20719196192490746,0.3436805922792173,0.8610787942887361,0.5020095187731359,-0.2118455843469064,0.03627710206240085,0.26229508196721313,0.7568482284505552,0.4794288736118456,-0.20465362242199894,0.14854574299312534,0.2560549973558964,0.571602326811211,0.38011634056055,-0.15626652564780538,0.11047065044949762,0.2564251718667372,0.5854574299312533,0.4263352723426758,-0.10222104706504495,0.10475938656795346,0.24108937070333156,0.5707033315705976,0.33685880486515074,-0.05780010576414595,-0.2257006874669487,-0.07905869910100476,0.3263881544156531,0.22601797990481226,-0.25092543627710207,0.145637228979376,0.24569011105235325,0.6928080380750925,0.4109994711792702,-0.17382337387625596,0.0008461131676361713,0.18233738762559493,0.54420941300899,0.14378635642517187,0.04981491274457959,0.2596509783183501,0.2979904812268641,0.6188260179799048,0.3356425171866737,-0.03939714436805923,-0.030301427815970387,0.12004230565838181,0.39539925965097833,0.1635113696456901,-0.03844526705446853,0.26631411951348494,0.3723955579058699,0.7255420412480169,0.4990481226864093,-0.24257006874669487,0.09746166049709148,0.15674246430460073,0.7516129032258064,0.4683236382866208,-0.25230037017451085,0.29740877842411423,0.36885245901639346,1.0,0.6111052353252248,-0.32215758857747223
Pz_beta_power,0.22548915917503967,0.4211528291909043,0.6672659968270757,0.5792173453199365,-0.006398730830248546,0.024907456372289794,0.22887361184558436,0.4602855631940772,0.450713907985193,-0.11554732945531465,0.34875727128503436,0.5786356425171867,0.6327868852459017,0.8170809095716552,-0.2536753040719196,0.1720253833950291,0.3965097831835008,0.40613432046536224,0.6431517715494447,-0.2378106821787414,0.2696456901110523,0.45425700687466947,0.34299312533051296,0.8475409836065574,-0.31597038603913274,-0.06927551560021153,0.14870438921205711,0.2313590692755156,0.618244315177155,-0.4769434161819143,0.45600211528291906,0.5645161290322581,0.5265468006345849,0.9070861977789529,-0.34822845055526175,0.09820200951877314,0.2708090957165521,0.3674775251189847,0.7487572712850343,-0.4445795875198308,0.2897937599153887,0.3586462189317821,0.387625594923321,0.6890534108937071,-0.32025383395029083,0.12765732416710734,0.17831835007932312,0.31866737176097304,0.4704389212057113,-0.21898466419883658,0.1755156002115283,0.3883659439450026,0.4531993654151243,0.5892649391856161,-0.2013749338974088,-0.024219989423585404,0.09925965097831835,0.29910100475938656,0.5395029085140137,-0.28783712321523003,0.2343204653622422,0.39444738233738763,0.4879428873611846,0.5925965097831835,-0.09021681649920676,-0.03807509254362771,0.15029085140137494,0.2666314119513485,0.263088313061872,-0.041618191433104176,0.36911686938127974,0.44288736118455846,0.48090957165520887,0.5890005288207297,-0.06197778952934955,0.0013220518244315177,0.10200951877313591,0.227181385510312,0.24315177154944473,-0.17911158117398202,0.3492332099418297,0.5526176626123744,0.5840824960338445,0.7881544156530936,-0.32051824431517717,0.18487572712850345,0.17218402961396087,0.380327868852459,0.7234267583289264,-0.48096245372818613,0.4965626652564781,0.5682178741406663,0.6111052353252248,1.0,-0.5204124801692226
Pz_theta_beta_ratio,0.08096245372818614,0.035483870967741936,-0.25690111052353254,-0.24627181385510313,0.21406663141195134,0.12781597038603915,0.0967741935483871,-0.23479640401903754,-0.25885774722369115,0.26668429402432575,0.13812797461660498,0.07461660497091487,-0.2662083553675304,-0.4084611316763617,0.5696456901110524,0.14812268640930726,0.10608143839238499,-0.22485457429931252,-0.3632469592808038,0.5116869381279746,0.21448968799576942,0.27033315705975675,-0.20698043363299842,-0.5363299841353781,0.8025383395029085,0.2957165520888419,0.3249074563722898,-0.20661025912215758,-0.3828133262823903,0.7263352723426758,0.14992067689053412,0.27324167107350605,-0.29613960867266,-0.49629825489159174,0.9120571126388154,0.20354309888947647,0.26493918561607616,-0.30354309888947645,-0.3885245901639344,0.7130089899524061,0.22522474881015336,0.2700158646218932,-0.05859333685880486,-0.4403490216816499,0.6656795346377578,0.28429402432575357,0.3008989952406134,-0.12892649391856162,-0.27974616604970914,0.5539925965097832,-0.0072448439978847175,0.1156002115282919,-0.07916446324695928,-0.3413537810682179,0.38540454785827605,0.12162876784769963,0.2061872025383395,-0.041618191433104176,-0.3360126916975145,0.4561078794288736,0.16181914331041777,0.2721311475409836,-0.06901110523532522,-0.295134849286092,0.549497620306716,0.1029613960867266,0.15737704918032788,-0.10327868852459017,-0.12152300370174511,0.21956636700158647,0.19185616076150186,0.261660497091486,-0.020624008461131677,-0.23786356425171867,0.5479640401903755,0.27773664727657327,0.2600740349021682,-0.054574299312533055,-0.08392384981491274,0.40772078265468004,0.12347964040190375,0.09196192490745637,-0.2938127974616605,-0.4156530936012692,0.6372818614489688,0.2031200423056584,0.38714965626652564,-0.25980962453728185,-0.34992067689053413,0.681544156530936,0.13400317292437863,0.32818614489687997,-0.32215758857747223,-0.5204124801692226,1.0
