,Fp1_delta_power,Fp1_theta_power,Fp1_alpha_power,Fp1_beta_power,Fp1_theta_beta_ratio,Fp2_delta_power,Fp2_theta_power,Fp2_alpha_power,Fp2_beta_power,Fp2_theta_beta_ratio,F3_delta_power,F3_theta_power,F3_alpha_power,F3_beta_power,F3_theta_beta_ratio,F4_delta_power,F4_theta_power,F4_alpha_power,F4_beta_power,F4_theta_beta_ratio,C3_delta_power,C3_theta_power,C3_alpha_power,C3_beta_power,C3_theta_beta_ratio,C4_delta_power,C4_theta_power,C4_alpha_power,C4_beta_power,C4_theta_beta_ratio,P3_delta_power,P3_theta_power,P3_alpha_power,P3_beta_power,P3_theta_beta_ratio,P4_delta_power,P4_theta_power,P4_alpha_power,P4_beta_power,P4_theta_beta_ratio,O1_delta_power,O1_theta_power,O1_alpha_power,O1_beta_power,O1_theta_beta_ratio,O2_delta_power,O2_theta_power,O2_alpha_power,O2_beta_power,O2_theta_beta_ratio,F7_delta_power,F7_theta_power,F7_alpha_power,F7_beta_power,F7_theta_beta_ratio,F8_delta_power,F8_theta_power,F8_alpha_power,F8_beta_power,F8_theta_beta_ratio,T7_delta_power,T7_theta_power,T7_alpha_power,T7_beta_power,T7_theta_beta_ratio,T8_delta_power,T8_theta_power,T8_alpha_power,T8_beta_power,T8_theta_beta_ratio,P7_delta_power,P7_theta_power,P7_alpha_power,P7_beta_power,P7_theta_beta_ratio,P8_delta_power,P8_theta_power,P8_alpha_power,P8_beta_power,P8_theta_beta_ratio,Fz_delta_power,Fz_theta_power,Fz_alpha_power,Fz_beta_power,Fz_theta_beta_ratio,Cz_delta_power,Cz_theta_power,Cz_alpha_power,Cz_beta_power,Cz_theta_beta_ratio,Pz_delta_power,Pz_theta_power,Pz_alpha_power,Pz_beta_power,Pz_theta_beta_ratio
Fp1_delta_power,1.0,0.8341205890525146,0.5757710475131981,0.42200611280911365,0.4186718532925813,0.817782717421506,0.6908030008335648,0.4182272853570436,0.298916365657127,0.40416782439566545,0.6677966101694915,0.5101417060294526,0.3287024173381495,0.38405112531258684,0.23073075854404002,0.6993609335926646,0.5747707696582384,0.24762434009447068,0.34265073631564325,0.2531814392886913,0.7536537927202,0.5869963878855238,0.23995554320644624,0.41689358155043066,0.3433731592108919,0.60377882745207,0.4944151153098083,0.12570158377327034,0.3525979438732981,0.3388719088635732,0.7367602111697694,0.58438455126424,0.3412058905251459,0.3801055848846902,0.2986940816893582,0.6271742150597388,0.5027507641011392,0.28519033064740207,0.31403167546540706,0.24529035843289804,0.7989441511530981,0.6978049458182829,0.5037510419560989,0.32142261739372047,0.304306751875521,0.7988885801611558,0.6268963601000278,0.45156988052236735,0.42189497082522925,0.1748263406501806,0.6696860238955266,0.6177271464295637,0.42133926090580714,0.30969713809391497,0.43550986385106977,0.6288969158099472,0.6036676854681856,0.42228396776882465,0.4621839399833287,0.3114754098360656,0.4999722145040289,0.5771603223117533,0.3882745207001945,0.3308141150319533,0.3325923867741039,0.5581550430675187,0.49196999166435124,0.3207001944984718,0.36382328424562377,0.201889413726035,0.7160878021672686,0.6748541261461517,0.4903584328980272,0.3774381772714643,0.3297026951931092,0.7340928035565435,0.631786607390942,0.43373159210891915,0.4522367324256738,0.11191997777160323,0.7725479299805501,0.5703806612948041,0.3104751319811059,0.4637954987496527,0.13492636843567657,0.680300083356488,0.6231731036399,0.3243678799666574,0.4388441233676021,0.262795220894693,0.7438177271464296,0.5592664629063628,0.3610447346485135,0.3954431786607391,0.22684078910808558
Fp1_theta_power,0.8341205890525146,1.0,0.7231453181439289,0.5573214781883856,0.4223951097527091,0.6764656849124757,0.7896637954987497,0.5610447346485135,0.3811058627396499,0.421839399833287,0.4904140038899694,0.5855515420950264,0.35632120033342596,0.4425673798277299,0.22689636010002778,0.5084745762711864,0.6503473186996388,0.3251458738538483,0.34704084467907753,0.3351486524034454,0.5616560155598778,0.643678799666574,0.24751319811058628,0.448791330925257,0.3422617393720478,0.4119477632675743,0.5456515698805223,0.2197832731314254,0.3577660461239233,0.36810225062517365,0.5786607390941928,0.6636843567657683,0.3814392886913031,0.39566546262850794,0.3889969435954432,0.46240622395109754,0.5699360933592664,0.3343706585162545,0.3676021116976938,0.2692970269519311,0.7003612114476243,0.7395943317588219,0.538816337871631,0.39761044734648515,0.2430675187552098,0.5974993053626008,0.5893303695470964,0.39849958321756046,0.35443178660739094,0.19605445957210335,0.5264795776604613,0.7333703806612948,0.5396499027507641,0.42411781050291747,0.4186162823006391,0.41050291747707696,0.5598777438177271,0.42556265629341483,0.4351208669074743,0.28552375659905527,0.2845790497360378,0.5558766323978883,0.412670186162823,0.31097527090858573,0.3091969991664351,0.4566268407891081,0.5515976660183384,0.3053626007224229,0.26535148652403445,0.33181439288691306,0.6367879966657405,0.7711030841900528,0.5524312308974715,0.3884968046679633,0.3991664351208669,0.5504306751875521,0.6930258405112532,0.45290358432898026,0.42383995554320647,0.13726035009724924,0.5708808002222839,0.6453459294248403,0.38049458182828566,0.5202000555709919,0.15559877743817727,0.46974159488746875,0.6861906085023618,0.31614337315921087,0.4066685190330647,0.3764378994165046,0.7085301472631287,0.7070297304806891,0.425062517365935,0.48869130313976106,0.2828563489858294
Fp1_alpha_power,0.5757710475131981,0.7231453181439289,1.0,0.5964434565156989,0.11681022506251737,0.4098360655737705,0.5642678521811615,0.7125868296749097,0.354709641567102,0.20516810225062518,0.37543762156154487,0.5079188663517644,0.6915809947207557,0.6295081967213115,-0.1360377882745207,0.3485412614615171,0.5164212281189219,0.6812447902195055,0.5700472353431508,-0.0656849124756877,0.42639622117254794,0.4786885245901639,0.5872742428452348,0.5505418171714365,-0.037065851625451514,0.2207835509863851,0.40300083356487915,0.5574881911642123,0.512420116699083,-0.010391775493192553,0.3400388996943595,0.4270075020839122,0.5950541817171436,0.47807724367879967,0.012170047235343151,0.3081967213114754,0.36176715754376215,0.5996665740483468,0.5269241455959989,-0.13098082800777994,0.40961378160600165,0.45890525145873856,0.5691025284801333,0.3620450125034732,0.006501806057238122,0.37243678799666574,0.31764378994165043,0.5117532647957767,0.3223117532647958,-0.008335648791330925,0.5393164767991109,0.68841344818005,0.8030564045568214,0.5465962767435398,0.25484856904695746,0.38082800777993886,0.43934426229508194,0.6385662684078911,0.45268130036121146,0.12492358988607946,0.06963045290358433,0.31103084190052793,0.6246735204223396,0.441511530980828,-0.05640455682133926,0.20422339538760767,0.3317588218949708,0.5912753542650736,0.32914698527368713,0.04517921644901361,0.39849958321756046,0.4558488469019172,0.7066407335370937,0.36493470408446793,0.11197554876354543,0.4205056960266741,0.46001667129758267,0.6261739372047791,0.47151986662961937,-0.08980272297860517,0.34909697138093915,0.5038621839399833,0.7109752709085857,0.6346207279799945,-0.17249235898860796,0.3133092525701584,0.4621283689913865,0.6292859127535426,0.5809391497638233,0.02045012503473187,0.34692970269519313,0.4196165601555988,0.6097804945818283,0.6216726868574604,-0.1658794109474854
Fp1_beta_power,0.42200611280911365,0.5573214781883856,0.5964434565156989,1.0,-0.41472631286468464,0.24034454015004167,0.37149208113364823,0.33414837454848567,0.5149208113364824,-0.2134481800500139,0.14642956376771327,0.3483745484856905,0.2621283689913865,0.6131147540983607,-0.29936093359266464,0.10425118088357878,0.31208669074742984,0.2712420116699083,0.4936371214226174,-0.189219227563212,0.1982217282578494,0.2925257015837733,0.13753820505696027,0.46001667129758267,-0.1216449013614893,0.07879966657404834,0.2923589886079467,0.28985829397054735,0.47957766046123923,-0.10819672131147541,0.18432898027229785,0.33831619894415116,0.28507918866351767,0.43895526535148655,-0.06979716587941094,0.10386218393998332,0.23912197832731313,0.27707696582383995,0.44356765768268963,-0.19299805501528203,0.23706585162545152,0.36732425673798275,0.3980550152820228,0.43462072797999446,-0.15548763545429287,0.23117532647957767,0.277632675743262,0.2432342317310364,0.3333148096693526,-0.03339816615726591,0.290302861906085,0.43395387607668795,0.4577382606279522,0.6532925812725757,-0.13114754098360656,0.2153375937760489,0.35120866907474296,0.32670186162823006,0.549597110308419,-0.1180327868852459,-0.03989997221450403,0.16454570714087247,0.24162267296471243,0.38060572381217006,-0.15004167824395664,0.1620450125034732,0.270352875798833,0.210780772436788,0.3240344540150042,0.03584328980272298,0.1711030841900528,0.30941928313420397,0.36721311475409835,0.3640455682133926,-0.058071686579605444,0.10013892747985552,0.2161155876632398,0.27063073075854405,0.4747429841622673,-0.24612392331203112,0.22128368991386496,0.3115309808280078,0.3180327868852459,0.6103917754931926,-0.3550986385106974,0.1440400111141984,0.33009169213670464,0.20861350375104196,0.42828563489858296,-0.020561267018616283,0.20161155876632397,0.3349263684356766,0.2973603778827452,0.5344818005001389,-0.15354265073631565
Fp1_theta_beta_ratio,0.4186718532925813,0.4223951097527091,0.11681022506251737,-0.41472631286468464,1.0,0.4840789108085579,0.46863017504862464,0.26229508196721313,-0.15365379272020005,0.7958877465962767,0.4386218393998333,0.2919699916643512,0.16071130869686023,-0.2090580716865796,0.7161433731592108,0.45734926368435674,0.3813281467074187,0.07479855515420951,-0.2092247846624062,0.6811892192275633,0.42645179216449014,0.4088357877188108,0.12636843567657682,-0.042289524868018895,0.6229508196721312,0.4205612670186163,0.3209780494581828,-0.05607113086968602,-0.17788274520700195,0.6363434287302029,0.48152264517921645,0.36176715754376215,0.11992220061128091,-0.08341205890525145,0.6168380105584884,0.4248402333981662,0.3864962489580439,0.07663239788830231,-0.1306474020561267,0.6335093081411504,0.5365379272020006,0.42200611280911365,0.20527924423450958,-0.04312308974715199,0.49874965268130034,0.4246735204223395,0.3687135315365379,0.14987496526813004,-0.039677688246735204,0.3972214504028897,0.2500694637399278,0.3303695470964157,0.13170325090302862,-0.18138371769936093,0.5996665740483468,0.24351208669074742,0.25168102250625174,0.15998888580161155,-0.08996943595443178,0.4846901917199222,0.38588496804667966,0.4675743262017227,0.2313976104473465,-0.12647957766046125,0.601333703806613,0.42839677688246736,0.42756321200333425,0.18238399555432064,-0.08669074742984162,0.47168657960544597,0.5417060294526257,0.5181994998610725,0.25996110030564046,0.04856904695748819,0.5677132536815782,0.4903584328980272,0.5384829119199778,0.2342873020283412,-0.10514031675465407,0.547985551542095,0.4064462350652959,0.36993609335926647,0.10953042511808836,-0.0964156710197277,0.637454848569047,0.3866629619338705,0.3930536260072242,0.15698805223673243,-0.02856348985829397,0.4894137260350097,0.5357043623228674,0.41678243956654626,0.15276465684912477,-0.07891080855793275,0.5254237288135594
Fp2_delta_power,0.817782717421506,0.6764656849124757,0.4098360655737705,0.24034454015004167,0.4840789108085579,1.0,0.8311197554876355,0.5613225896082245,0.4001111419838844,0.4182272853570436,0.6270075020839122,0.43923312031119754,0.22278410669630452,0.2923589886079467,0.29041400388996946,0.6953598221728258,0.5540427896637955,0.1891080855793276,0.27174215059738815,0.30975270908585717,0.6922478466240622,0.5221450402889691,0.12053348152264518,0.3190886357321478,0.33714920811336485,0.6066129480411225,0.4378438455126424,0.06207279799944429,0.29152542372881357,0.3327590997499305,0.7365379272020005,0.5257015837732704,0.24567935537649346,0.2670186162823006,0.3718810780772437,0.6300083356487913,0.5098638510697416,0.24534592942484024,0.2441789385940539,0.32553487079744375,0.7755487635454292,0.5860516810225063,0.4163934426229508,0.31475409836065577,0.25173659349819394,0.751764378994165,0.5836065573770491,0.4123367602111698,0.423728813559322,0.13987218671853294,0.4968602389552654,0.46462906362878575,0.2978605168102251,0.22828563489858295,0.3286468463462073,0.6038343984440122,0.5525423728813559,0.31203111975548764,0.37265907196443454,0.3118088357877188,0.49619338705195887,0.5230897471519866,0.33520422339538763,0.18727424284523478,0.38955265351486523,0.42539594331758823,0.38338427340928033,0.1847735482078355,0.3156988052236732,0.1152542372881356,0.7652681300361212,0.6705195887746597,0.4441233676021117,0.31191997777160324,0.3731592108919144,0.7280911364267852,0.5583773270352875,0.36260072242289526,0.3665462628507919,0.10680744651292026,0.7240344540150042,0.5282022784106696,0.2107252014448458,0.376271186440678,0.17799388719088635,0.6554042789663795,0.5383161989441512,0.21933870519588775,0.35026396221172545,0.28130036121144764,0.7357043623228675,0.4798555154209503,0.26851903306474023,0.31091969991664353,0.20522367324256738
Fp2_theta_power,0.6908030008335648,0.7896637954987497,0.5642678521811615,0.37149208113364823,0.46863017504862464,0.8311197554876355,1.0,0.8041122534037233,0.5429841622672965,0.45734926368435674,0.45501528202278413,0.5387607668796888,0.3530425118088358,0.3836621283689914,0.27352042233953877,0.5206446235065296,0.698638510697416,0.35187552097804947,0.3495415393164768,0.37343706585162545,0.4913587107529869,0.6075020839121978,0.2215059738816338,0.37954987496526815,0.3347040844679077,0.46790775215337593,0.5418171714365101,0.1899972214504029,0.3539872186718533,0.3614893025840511,0.6442900805779384,0.6452903584328981,0.35737704918032787,0.34492914698527366,0.4141706029452626,0.49535982217282576,0.5812170047235343,0.35087524312308976,0.3288691303139761,0.3262572936926924,0.6719088635732148,0.6526813003612114,0.46957488191164215,0.3693803834398444,0.221561544873576,0.582217282578494,0.5875520978049458,0.4068908030008336,0.3763267574326202,0.20116699083078632,0.3593220338983051,0.5788274520700194,0.46762989719366493,0.3281467074187274,0.33287024173381496,0.4069463739927758,0.5204223395387607,0.37243678799666574,0.374659627674354,0.2777438177271464,0.2956376771325368,0.5527090858571826,0.3941094748541262,0.2342873020283412,0.3706029452625729,0.3525423728813559,0.47952208946929703,0.2792998055015282,0.27885523756599057,0.2225062517365935,0.6621839399833287,0.7818838566268408,0.5217004723534315,0.3155320922478466,0.4666851903306474,0.5541539316476799,0.6454570714087247,0.46168380105584883,0.3548207835509864,0.16799110864128924,0.5685468185607113,0.664684634620728,0.3874965268130036,0.45507085301472633,0.2552375659905529,0.5196999166435121,0.6631286468463462,0.35115309808280076,0.39033064740205614,0.3453181439288691,0.6517365934981939,0.6348430119477633,0.39160878021672685,0.4124479021950542,0.2744095582106141
Fp2_alpha_power,0.4182272853570436,0.5610447346485135,0.7125868296749097,0.33414837454848567,0.26229508196721313,0.5613225896082245,0.8041122534037233,1.0,0.6001667129758266,0.2305084745762712,0.25701583773270353,0.4215059738816338,0.5781050291747708,0.4790775215337594,-0.01972770213948319,0.32292303417616003,0.5393720477910531,0.6033898305084746,0.4622395109752709,0.075743262017227,0.30452903584328983,0.4477910530702973,0.524256737982773,0.4128368991386496,0.07979994442900806,0.28235621005834954,0.3819949986107252,0.4361767157543762,0.4080577938316199,0.08241178105029175,0.43584328980272297,0.4621283689913865,0.51914420672409,0.4133370380661295,0.13314809669352598,0.3335370936371214,0.4043345373714921,0.556876910252848,0.4281744929146985,0.013670464017782718,0.3811058627396499,0.4079466518477355,0.5221450402889691,0.38393998332870244,-0.02222839677688247,0.3244234509585996,0.3323145318143929,0.4546818560711309,0.3252570158377327,0.023839955543206445,0.3369824951375382,0.5145318143928869,0.6262295081967213,0.3709363712142262,0.2180050013892748,0.29524868018894135,0.3556543484301195,0.5319811058627396,0.37238121700472354,0.11631008613503752,0.11403167546540706,0.35876632397888303,0.5429285912753543,0.3232008891358711,0.09591553209224785,0.11386496248958045,0.25568213392609057,0.45295915532092246,0.26879688802445123,-0.0025006946373992774,0.44123367602111696,0.5135315365379272,0.604056682411781,0.3422061683801056,0.17165879410947485,0.4141706029452626,0.4457904973603779,0.582217282578494,0.3664351208669075,-0.0055015282022784105,0.3104195609891637,0.5204223395387607,0.6009447068630175,0.5079744373437066,0.03145318143928869,0.3611003056404557,0.4774103917754932,0.5723812170047236,0.47424284523478744,0.11041956098916365,0.33642678521811614,0.4116699083078633,0.5941650458460683,0.5049736037788275,-0.062350652959155324
Fp2_beta_power,0.298916365657127,0.3811058627396499,0.354709641567102,0.5149208113364824,-0.15365379272020005,0.4001111419838844,0.5429841622672965,0.6001667129758266,1.0,-0.38316198944151153,0.05773826062795221,0.24873575993331482,0.18860794665184774,0.45996110030564047,-0.24112253403723258,0.12742428452347873,0.3233120311197555,0.2530702973048069,0.4388441233676021,-0.11464295637677133,0.13353709363712143,0.24829119199777716,0.1225896082245068,0.42383995554320647,-0.2117254792998055,0.05701583773270353,0.19344262295081968,0.12925812725757155,0.4036121144762434,-0.1387607668796888,0.274131703250903,0.3693248124479022,0.2626840789108086,0.4226729647124201,0.04206724090025007,0.23562100583495416,0.31819949986107254,0.34098360655737703,0.4755209780494582,-0.1430953042511809,0.12848013337038067,0.20333425951653236,0.2701305918310642,0.47968880244512363,-0.3177549319255349,0.23562100583495416,0.1881633787163101,0.21778271742150598,0.45190330647402055,-0.22756321200333426,0.18866351764378994,0.28257849402611834,0.32114476243400947,0.41650458460683526,-0.10647402056126702,0.16093359266462906,0.2694081689358155,0.24034454015004167,0.5180327868852459,-0.1314809669352598,0.0032231175326479576,0.1884968046679633,0.1737149208113365,0.29597110308419006,-0.058071686579605444,0.010836343428730202,0.10369547096415671,0.051458738538482915,0.40511253125868296,-0.26879688802445123,0.198110586273965,0.3079744373437066,0.21283689913864962,0.3703806612948041,-0.08307863295359823,0.10997499305362601,0.11514309530425118,0.1964434565156988,0.4451236454570714,-0.35220894692970267,0.1324256737982773,0.20305640455682133,0.13942761878299528,0.4489580439010836,-0.26607390941928316,0.1369824951375382,0.28669074742984163,0.18316198944151152,0.37871631008613504,0.008224506807446514,0.1685468185607113,0.27279799944429006,0.2694637399277577,0.5063073075854404,-0.17499305362600723
Fp2_theta_beta_ratio,0.40416782439566545,0.421839399833287,0.20516810225062518,-0.2134481800500139,0.7958877465962767,0.4182272853570436,0.45734926368435674,0.2305084745762712,-0.38316198944151153,1.0,0.4117254792998055,0.2828007779938872,0.18966379549874965,-0.15893303695470964,0.6456237843845513,0.4174492914698527,0.40600166712975827,0.10508474576271186,-0.16454570714087247,0.6262850791886635,0.3704918032786885,0.3823839955543206,0.14281744929146986,-0.059183106418449566,0.6487357599333148,0.4173381494859683,0.35893303695470963,0.01961656015559878,-0.12181161433731592,0.6301750486246179,0.4325090302861906,0.35326479577660463,0.17088080022228397,-0.06435120866907475,0.544484579049736,0.31303139761044735,0.32925812725757153,0.07513198110586274,-0.1451514309530425,0.6182828563489858,0.5548763545429286,0.48891358710752986,0.2720200055570992,-0.08335648791330925,0.5720477910530702,0.39966657404834677,0.42828563489858296,0.20038899694359544,-0.057682689636010004,0.45768268963601,0.21933870519588775,0.33820505696026676,0.1775493192553487,-0.1398166157265907,0.5692136704640178,0.2514031675465407,0.25579327590997497,0.18182828563489858,-0.13453737149208114,0.5143651014170603,0.27602111697693804,0.3898305084745763,0.24206724090025006,-0.11642122811892193,0.5103639899972214,0.4385106974159489,0.44984717977215893,0.2521811614337316,-0.23928869130313976,0.6368435676576827,0.4848569046957488,0.5119755487635455,0.3285912753542651,-0.04617949430397333,0.6464017782717422,0.4530702973048069,0.5655459849958322,0.306474020561267,-0.1287579883300917,0.6274520700194498,0.3964434565156988,0.43739927757710473,0.23284245623784386,-0.0297304806890803,0.6273409280355654,0.3938871908863573,0.4091136426785218,0.21305918310641844,-0.026007224228952488,0.4756876910252848,0.505918310641845,0.40427896637954985,0.15104195609891635,-0.08280077799388719,0.546373992775771
F3_delta_power,0.6677966101694915,0.4904140038899694,0.37543762156154487,0.14642956376771327,0.4386218393998333,0.6270075020839122,0.45501528202278413,0.25701583773270353,0.05773826062795221,0.4117254792998055,1.0,0.7114198388441234,0.523701028063351,0.35204223395387607,0.3847179772158933,0.7661016949152543,0.6577938316198945,0.3440400111141984,0.24178938594053903,0.3982772992497916,0.8121144762434009,0.7084745762711865,0.3827729924979161,0.4593498193942762,0.41144762434009446,0.6854126146151709,0.5586551819949986,0.1837732703528758,0.25056960266740763,0.4460683523200889,0.7194776326757433,0.558766323978883,0.4488469019171992,0.39149763823284245,0.2486246179494304,0.7438732981383718,0.5612670186162823,0.3848291191997777,0.2944151153098083,0.33303695470964156,0.66901917199222,0.5828841344818005,0.491914420672409,0.3316476799110864,0.23034176160044456,0.7299805501528203,0.5249235898860795,0.3847179772158933,0.2225618227285357,0.29497082522923035,0.6201722700750208,0.5907196443456516,0.45379272020005557,0.3273687135315365,0.33398166157265907,0.6519033064740206,0.5696026674076132,0.4145040288969158,0.2985273687135315,0.3918866351764379,0.5413726035009725,0.6726868574604057,0.574381772714643,0.3576549041400389,0.3784940261183662,0.5424840233398166,0.511864406779661,0.4122811892192276,0.35748819116421227,0.1865518199499861,0.6716310086135038,0.5884968046679633,0.49397054737427065,0.3262572936926924,0.3231453181439289,0.6903584328980272,0.614003889969436,0.36521255904417893,0.28685746040566823,0.239622117254793,0.6760766879688802,0.5647679911086413,0.42728535704362325,0.3694359544317866,0.1827174215059739,0.6646290636287858,0.5606557377049181,0.3610447346485135,0.37343706585162545,0.1955543206446235,0.7008613503751042,0.559044178938594,0.4307863295359822,0.33414837454848567,0.24134481800500138
F3_theta_power,0.5101417060294526,0.5855515420950264,0.5079188663517644,0.3483745484856905,0.2919699916643512,0.43923312031119754,0.5387607668796888,0.4215059738816338,0.24873575993331482,0.2828007779938872,0.7114198388441234,1.0,0.7065295915532093,0.6424006668519033,0.28352320088913585,0.5555432064462351,0.8483467629897193,0.5962767435398721,0.5218671853292581,0.2880244512364546,0.4850791886635176,0.8461794943039733,0.505918310641845,0.6688524590163935,0.3208669074742984,0.40744651292025563,0.6963045290358433,0.3918310641844957,0.5012503473186997,0.32125590441789387,0.5505973881633787,0.7291469852736872,0.5923867741039177,0.5860516810225063,0.20483467629897192,0.5136426785218117,0.6946929702695193,0.5098082800777994,0.5542650736315643,0.1737704918032787,0.5307585440400111,0.5869963878855238,0.4918588496804668,0.4734648513475965,0.073853848291192,0.5098082800777994,0.47935537649347043,0.4406779661016949,0.37799388719088634,0.12586829674909697,0.41650458460683526,0.6673520422339538,0.6330091692136705,0.47629897193664905,0.22100583495415393,0.4671853292581273,0.6193387051958877,0.529924979160878,0.48068908030008334,0.29413726035009724,0.2792998055015282,0.711308696860239,0.6411781050291747,0.4988607946651848,0.25384829119199775,0.3039177549319255,0.5349263684356765,0.4183939983328702,0.4544040011114198,0.13459294248402334,0.4163378716310086,0.6125034731869964,0.5309808280077799,0.4004445679355377,0.2478466240622395,0.39155320922478465,0.610502917477077,0.42289524868018896,0.38188385662684077,0.10958599611003056,0.47096415671019726,0.7274798555154209,0.6117810502917477,0.6132258960822451,0.08885801611558766,0.4216726868574604,0.7030286190608502,0.5029730480689081,0.557154765212559,0.14609613781606,0.5576549041400389,0.7701583773270353,0.5414281744929147,0.6156710197277021,0.20066685190330646
F3_alpha_power,0.3287024173381495,0.35632120033342596,0.6915809947207557,0.2621283689913865,0.16071130869686023,0.22278410669630452,0.3530425118088358,0.5781050291747708,0.18860794665184774,0.18966379549874965,0.523701028063351,0.7065295915532093,1.0,0.7114198388441234,-0.06112809113642678,0.3947207557654904,0.5885523756599055,0.842845234787441,0.6297860516810225,-0.05868296749096971,0.38682967490969716,0.5747707696582384,0.8653514865240345,0.670352875798833,-0.023673242567379828,0.24556821339260906,0.41600444567935535,0.5872186718532926,0.5171436510141706,-0.027729924979160877,0.3772714642956377,0.47302028341205893,0.7717143651014171,0.6238955265351487,-0.15181994998610726,0.33842734092803556,0.37249235898860794,0.7184217838288414,0.5847735482078356,-0.16888024451236455,0.308085579327591,0.38527368713531535,0.601889413726035,0.40311197554876355,-0.05323701028063351,0.3917199222006113,0.3260350097249236,0.6128368991386496,0.28858016115587665,0.053570436232286744,0.4546818560711309,0.5564879133092526,0.8176715754376216,0.4705195887746596,0.16732425673798276,0.4198388441233676,0.45012503473187,0.7598221728257849,0.45534870797443733,0.13042511808835788,0.16910252848013338,0.46635176437899417,0.845012503473187,0.5375937760489025,0.026173937204779105,0.10208391219783274,0.26635176437899416,0.6581272575715477,0.3750486246179494,-0.08057793831619894,0.2561267018616282,0.362267296471242,0.7288135593220338,0.43395387607668795,-0.010280633509308142,0.35520978049458185,0.42017227007502084,0.6892470130591831,0.3580994720755766,-0.03212003334259517,0.25923867741039175,0.5185329258127258,0.8716865796054459,0.6497916087802167,-0.16799110864128924,0.31842178382884134,0.4321200333425952,0.771436510141706,0.6325090302861907,-0.16832453459294247,0.25823839955543204,0.4135037510419561,0.7664351208669075,0.6353431508752431,-0.1927757710475132
F3_beta_power,0.38405112531258684,0.4425673798277299,0.6295081967213115,0.6131147540983607,-0.2090580716865796,0.2923589886079467,0.3836621283689914,0.4790775215337594,0.45996110030564047,-0.15893303695470964,0.35204223395387607,0.6424006668519033,0.7114198388441234,1.0,-0.4739094192831342,0.26963045290358434,0.5025840511253126,0.6938594053903863,0.8779661016949153,-0.3812725757154765,0.29963878855237563,0.4855793275909975,0.5778271742150597,0.7868852459016393,-0.26524034454015005,0.09196999166435121,0.3357043623228675,0.4727979994442901,0.6830786329535983,-0.2746874131703251,0.2666851903306474,0.45195887746596275,0.5971103084190053,0.7317588218949709,-0.3317588218949708,0.17082522923034177,0.3041956098916366,0.5393164767991109,0.7124201166990831,-0.39699916643512084,0.21294804112253404,0.2786885245901639,0.486524034454015,0.5340372325646012,-0.2984162267296471,0.33826062795220896,0.31103084190052793,0.5123645457071409,0.44529035843289805,-0.09580439010836343,0.37004723534315087,0.5052514587385385,0.7237565990552931,0.7093637121422618,-0.1377604890247291,0.30964156710197277,0.4171714365101417,0.5579883300916921,0.6110586273964991,-0.11986662961933871,0.07929980550152821,0.3282022784106696,0.6195054181717143,0.6960266740761323,-0.23895526535148653,-0.008446790775215337,0.15120866907474298,0.4100583495415393,0.5288135593220339,-0.2618505140316755,0.15532092247846624,0.27707696582383995,0.5143095304251181,0.4737982772992498,-0.20583495415393166,0.17599333148096694,0.2566268407891081,0.4764656849124757,0.5111975548763545,-0.3036954709641567,0.19394276187829954,0.46451792164490135,0.6351208669074743,0.8220061128091136,-0.45201444845790495,0.1694359544317866,0.3523200889135871,0.5090302861906085,0.7450958599611003,-0.33720477910530705,0.1874409558210614,0.34287302028341204,0.5899416504584607,0.8137816060016672,-0.40944706863017505
F3_theta_beta_ratio,0.23073075854404002,0.22689636010002778,-0.1360377882745207,-0.29936093359266464,0.7161433731592108,0.29041400388996946,0.27352042233953877,-0.01972770213948319,-0.24112253403723258,0.6456237843845513,0.3847179772158933,0.28352320088913585,-0.06112809113642678,-0.4739094192831342,1.0,0.329369269241456,0.32053348152264516,-0.1812170047235343,-0.47529869408168934,0.887579883300917,0.2430675187552098,0.33659349819394274,-0.12853570436232287,-0.21100305640455683,0.764156710197277,0.38627396499027505,0.3346485134759655,-0.14459572103362045,-0.2864684634620728,0.7636010002778549,0.35532092247846625,0.28519033064740207,-0.06246179494303973,-0.2552931369824951,0.7071964434565157,0.3707696582383996,0.35548763545429285,-0.09146985273687136,-0.28757988330091694,0.7659349819394277,0.4208391219783273,0.38432898027229784,0.02467352042233954,-0.12998055015282023,0.5594887468741317,0.2616838010558488,0.2701305918310642,-0.05190330647402056,-0.12825784940261184,0.423728813559322,0.08752431230897471,0.1532092247846624,-0.11897749374826341,-0.29152542372881357,0.48046679633231454,0.19327590997499305,0.23073075854404002,-0.02278410669630453,-0.17399277577104752,0.5527646568491248,0.30575159766601834,0.4015559877743818,0.00477910530702973,-0.3116976938038344,0.6909141428174493,0.4057793831619894,0.42856348985829396,-0.007279799944429008,-0.1595443178660739,0.5519310919699917,0.3954987496526813,0.4233953876076688,0.04406779661016949,-0.12986940816893583,0.6559044178938594,0.3145318143928869,0.4332870241733815,0.005334815226451792,-0.20050013892747987,0.5887190886357322,0.3450402889691581,0.25790497360377884,-0.0937482634065018,-0.2772992497916088,0.7289247013059184,0.32470130591831065,0.35026396221172545,-0.059349819394276186,-0.2799666574048347,0.6345095859961101,0.4618505140316755,0.4306751875520978,-0.05907196443456516,-0.29291469852736873,0.7779383161989442
F4_delta_power,0.6993609335926646,0.5084745762711864,0.3485412614615171,0.10425118088357878,0.45734926368435674,0.6953598221728258,0.5206446235065296,0.32292303417616003,0.12742428452347873,0.4174492914698527,0.7661016949152543,0.5555432064462351,0.3947207557654904,0.26963045290358434,0.329369269241456,1.0,0.7298138371769937,0.36787996665740486,0.3220338983050847,0.36098916365657124,0.7413170325090302,0.6122811892192276,0.3217560433453737,0.3538205056960267,0.4152264517921645,0.7645457071408724,0.5100305640455682,0.20200055570991943,0.32375659905529314,0.3686579605445957,0.784106696304529,0.5812170047235343,0.3717143651014171,0.34231731036399,0.30313976104473467,0.78866351764379,0.6467907752153376,0.430175048624618,0.33637121422617394,0.3530425118088358,0.6926924145595998,0.5583773270352875,0.3951653237010281,0.23195332036676855,0.29952764656849123,0.7807168657960545,0.5560989163656571,0.4387885523756599,0.3488191164212281,0.17893859405390386,0.5049736037788275,0.4432342317310364,0.3029174770769658,0.2007224228952487,0.2990830786329536,0.7403167546540705,0.6452347874409559,0.45384829119199777,0.446901917199222,0.34281744929146984,0.5270352875798833,0.601333703806613,0.4414003889969436,0.2966935259794387,0.38505140316754655,0.5409280355654349,0.4969158099472076,0.3991664351208669,0.3886079466518477,0.15432064462350653,0.7277021394831897,0.5857738260627953,0.43073075854404,0.46335093081411505,0.24490136148930258,0.780050013892748,0.6571825507085302,0.43495415393164766,0.3216449013614893,0.2532925812725757,0.7018616282300639,0.5434843011947763,0.3370936371214226,0.36493470408446793,0.1963323145318144,0.7959988885801611,0.5728257849402612,0.3019171992220061,0.36893581550430676,0.2182272853570436,0.7365379272020005,0.5409280355654349,0.3390386218393998,0.3316476799110864,0.22684078910808558
F4_theta_power,0.5747707696582384,0.6503473186996388,0.5164212281189219,0.31208669074742984,0.3813281467074187,0.5540427896637955,0.698638510697416,0.5393720477910531,0.3233120311197555,0.40600166712975827,0.6577938316198945,0.8483467629897193,0.5885523756599055,0.5025840511253126,0.32053348152264516,0.7298138371769937,1.0,0.6131147540983607,0.5125868296749096,0.41894970825229233,0.5130869686023896,0.8392886913031398,0.42934148374548486,0.5591553209224784,0.421561544873576,0.5322589608224507,0.7558210614059461,0.3899416504584607,0.47713253681578216,0.4342873020283412,0.6691303139761045,0.8213392609058072,0.5682689636010003,0.5614893025840512,0.33659349819394274,0.6371214226173937,0.8099472075576549,0.5669908307863295,0.5402611836621284,0.32042233953876076,0.5923312031119755,0.6519588774659628,0.5066407335370936,0.4631842178382884,0.12386774103917755,0.6051125312586829,0.5849958321756044,0.4661294804112253,0.4188385662684079,0.17777160322311752,0.36704640177827175,0.640177827174215,0.5507085301472632,0.40866907474298414,0.26429563767713254,0.5509863851069742,0.684356765768269,0.5205334815226452,0.47435398721867184,0.3632675743262017,0.2561822728535704,0.7014170602945262,0.5440955821061406,0.419672131147541,0.3200333425951653,0.41033620450125036,0.6531258682967491,0.47174215059738817,0.40200055570991944,0.25696026674076133,0.5599333148096693,0.7517088080022228,0.5262572936926924,0.4047235343150875,0.3633787163100861,0.5146429563767714,0.739094192831342,0.4694637399277577,0.3583773270352876,0.24795776604612393,0.5532092247846624,0.7922756321200334,0.5733259238677411,0.554987496526813,0.23467629897193665,0.5767713253681578,0.7817727146429564,0.44623506529591556,0.47096415671019726,0.30241733814948596,0.690580716865796,0.8258405112531259,0.525090302861906,0.5635454292859128,0.3162545151430953
F4_alpha_power,0.24762434009447068,0.3251458738538483,0.6812447902195055,0.2712420116699083,0.07479855515420951,0.1891080855793276,0.35187552097804947,0.6033898305084746,0.2530702973048069,0.10508474576271186,0.3440400111141984,0.5962767435398721,0.842845234787441,0.6938594053903863,-0.1812170047235343,0.36787996665740486,0.6131147540983607,1.0,0.767379827729925,-0.17982772992497917,0.22934148374548485,0.5262572936926924,0.7798833009169214,0.6210614059460962,-0.05023617671575437,0.15365379272020005,0.392998055015282,0.7003056404556821,0.5706585162545151,-0.1135871075298694,0.26540705751597665,0.46996387885523755,0.7485412614615171,0.6328424562378439,-0.19238677410391775,0.3295915532092248,0.41455959988885804,0.7688246735204224,0.6029452625729369,-0.1794943039733259,0.16865796054459573,0.257404834676299,0.5191997777160322,0.4128924701305918,-0.19560989163656572,0.28530147263128647,0.2341205890525146,0.5768268963601,0.3064184495693248,-0.03634342873020283,0.2966379549874965,0.47735482078355096,0.6977493748263407,0.4903584328980272,0.053181439288691304,0.367657682689636,0.43389830508474575,0.6943039733259239,0.5091969991664351,0.03456515698805224,-0.06946373992775771,0.25379272020005555,0.6672964712420116,0.499194220616838,-0.1413726035009725,-0.009780494581828286,0.2125034731869964,0.6570158377327036,0.4143373159210892,-0.1568213392609058,0.12675743262017228,0.2485690469574882,0.5587107529869408,0.3233120311197555,-0.05557099194220617,0.26618505140316756,0.36282300639066406,0.6370102806335093,0.3687135315365379,-0.07991108641289248,0.1837176993609336,0.5009724923589886,0.8363434287302028,0.6311753264795776,-0.17510419560989163,0.27813281467074186,0.4297860516810225,0.6941372603500973,0.6492358988607947,-0.19299805501528203,0.1612670186162823,0.3551542095026396,0.7228118921922756,0.6276187829952765,-0.2325090302861906
F4_beta_power,0.34265073631564325,0.34704084467907753,0.5700472353431508,0.4936371214226174,-0.2092247846624062,0.27174215059738815,0.3495415393164768,0.4622395109752709,0.4388441233676021,-0.16454570714087247,0.24178938594053903,0.5218671853292581,0.6297860516810225,0.8779661016949153,-0.47529869408168934,0.3220338983050847,0.5125868296749096,0.767379827729925,1.0,-0.4744651292025563,0.24912475687691024,0.44334537371492083,0.5590997499305362,0.7483745484856905,-0.2692970269519311,0.11286468463462072,0.3001389274798555,0.48869130313976106,0.7778271742150598,-0.36999166435120867,0.2901361489302584,0.43834398444012224,0.5631564323423173,0.7443178660739094,-0.354709641567102,0.24112253403723258,0.33475965545985,0.5841622672964712,0.7602667407613226,-0.42917477076965826,0.1666574048346763,0.20828007779938873,0.4118366212836899,0.47729924979160876,-0.3179772158933037,0.3793831619894415,0.31919977771603225,0.5786607390941928,0.5410947485412615,-0.17493748263406503,0.2640177827174215,0.3926646290636288,0.626674076132259,0.6634620727979994,-0.20133370380661295,0.3370380661294804,0.39166435120866905,0.5265907196443457,0.6652959155320922,-0.17438177271464295,-0.028341205890525144,0.20144484579049737,0.5093637121422617,0.6399555432064462,-0.31414281744929146,-0.02784106696304529,0.14170602945262573,0.46007224228952487,0.6027785495971103,-0.3487635454292859,0.11647679911086413,0.21639344262295082,0.44751319811058626,0.39038621839399834,-0.2017227007502084,0.18777438177271463,0.2541261461517088,0.5101417060294526,0.5490969713809392,-0.32909141428174493,0.2271742150597388,0.4322311753264796,0.616171158655182,0.8081689358155043,-0.4514587385384829,0.21683801055848848,0.3377049180327869,0.5109752709085857,0.8170602945262573,-0.4217838288413448,0.18293970547374272,0.30675187552097805,0.5602111697693803,0.7982217282578494,-0.40322311753264795
F4_theta_beta_ratio,0.2531814392886913,0.3351486524034454,-0.0656849124756877,-0.189219227563212,0.6811892192275633,0.30975270908585717,0.37343706585162545,0.075743262017227,-0.11464295637677133,0.6262850791886635,0.3982772992497916,0.2880244512364546,-0.05868296749096971,-0.3812725757154765,0.887579883300917,0.36098916365657124,0.41894970825229233,-0.17982772992497917,-0.4744651292025563,1.0,0.27913309252570156,0.35976660183384274,-0.16493470408446792,-0.20300083356487914,0.7609891636565713,0.4055570991942206,0.3720477910530703,-0.14754098360655737,-0.3103639899972214,0.8354542928591275,0.36499027507641013,0.3532092247846624,-0.04017782717421506,-0.20483467629897192,0.7271464295637677,0.38305084745762713,0.42406223951097527,-0.03806612948041123,-0.2342873020283412,0.8109474854126146,0.4437899416504585,0.4530702973048069,0.10891914420672409,-0.05723812170047236,0.5373714920811337,0.23767713253681577,0.30652959155320925,-0.08407891080855794,-0.16071130869686023,0.4916921367046402,0.11936649069185885,0.24262295081967214,-0.05284801333703806,-0.19872186718532925,0.4607946651847735,0.1701028063350931,0.25818282856348984,-0.02900805779383162,-0.1980550152820228,0.5883856626840789,0.3209224784662406,0.4785773826062795,0.039288691303139764,-0.2494026118366213,0.7168102250625173,0.4702973048068908,0.4982495137538205,0.015170880800222284,-0.21767157543762156,0.6675743262017227,0.4736871353153654,0.5273687135315366,0.09119199777716032,-0.029563767713253683,0.656348985829397,0.30341761600444567,0.4883023061961656,-0.010836343428730202,-0.19966657404834676,0.6223951097527091,0.33948318977493747,0.33831619894415116,-0.07001944984717977,-0.246901917199222,0.7470408446790775,0.3042511808835788,0.3774937482634065,-0.08841344818005001,-0.3054181717143651,0.6936926924145596,0.505918310641845,0.48074465129202554,-0.017671575437621562,-0.2334537371492081,0.752820227841067
C3_delta_power,0.7536537927202,0.5616560155598778,0.42639622117254794,0.1982217282578494,0.42645179216449014,0.6922478466240622,0.4913587107529869,0.30452903584328983,0.13353709363712143,0.3704918032786885,0.8121144762434009,0.4850791886635176,0.38682967490969716,0.29963878855237563,0.2430675187552098,0.7413170325090302,0.5130869686023896,0.22934148374548485,0.24912475687691024,0.27913309252570156,1.0,0.6715754376215616,0.34081689358155043,0.4694081689358155,0.34454015004167826,0.7191997777160323,0.48341205890525146,0.08080022228396777,0.31408724645734926,0.3517088080022228,0.7709363712142262,0.5503195332036677,0.39055293136982494,0.3898305084745763,0.2820227841066963,0.7098082800777994,0.5035843289802723,0.36699083078632955,0.36782439566546266,0.20666851903306474,0.7502083912197832,0.5778271742150597,0.47396499027507644,0.24884690191719921,0.32686857460405666,0.7518755209780494,0.5692136704640178,0.4565712697971659,0.3487079744373437,0.2081689358155043,0.6388996943595443,0.5982772992497916,0.4080577938316199,0.3200889135871075,0.36160044456793555,0.5938316198944151,0.4894137260350097,0.3452625729369269,0.3115309808280078,0.2923034176160044,0.6515143095304251,0.6481800500138928,0.5030841900527925,0.3577104751319811,0.3641011392053348,0.621561544873576,0.46990830786329535,0.3919977771603223,0.32358988607946654,0.19222006112809115,0.7792720200055571,0.6010558488469019,0.5463184217838288,0.4025006946373993,0.25784940261183664,0.716421228118922,0.548541261461517,0.4267852181161434,0.39316476799110867,0.1170880800222284,0.7377604890247291,0.46151708808002223,0.33720477910530705,0.4207835509863851,0.03884412336760211,0.7043067518755209,0.49202556265629344,0.29163656571269797,0.44223395387607667,0.09619338705195887,0.7263684356765768,0.5138093914976383,0.4043345373714921,0.39883300916921366,0.12375659905529314
C3_theta_power,0.5869963878855238,0.643678799666574,0.4786885245901639,0.2925257015837733,0.4088357877188108,0.5221450402889691,0.6075020839121978,0.4477910530702973,0.24829119199777716,0.3823839955543206,0.7084745762711865,0.8461794943039733,0.5747707696582384,0.4855793275909975,0.33659349819394274,0.6122811892192276,0.8392886913031398,0.5262572936926924,0.44334537371492083,0.35976660183384274,0.6715754376215616,1.0,0.5257015837732704,0.693525979438733,0.4786885245901639,0.5115865518199499,0.7704918032786885,0.33542650736315643,0.48457904973603777,0.44762434009447066,0.703250903028619,0.8714087246457349,0.6388441233676021,0.6438455126424006,0.31842178382884134,0.6224506807446513,0.767657682689636,0.5796610169491525,0.5403167546540706,0.275465407057516,0.6137260350097249,0.6662961933870519,0.5242011669908307,0.43262017227007504,0.2170602945262573,0.6126146151708808,0.5860516810225063,0.4631286468463462,0.3775493192553487,0.22200611280911364,0.4126146151708808,0.7227563212003334,0.5551542095026396,0.4162823006390664,0.33753820505696025,0.48791330925257015,0.6089469297026951,0.46990830786329535,0.4277299249791609,0.3575993331480967,0.39316476799110867,0.8051681022506252,0.6149485968324535,0.44634620727979996,0.38338427340928033,0.4277854959711031,0.6376771325368158,0.45368157821617117,0.3888858016115588,0.2745762711864407,0.5872742428452348,0.7206446235065296,0.5360377882745208,0.3390386218393998,0.4090025006946374,0.4820783550986385,0.6900805779383162,0.4530702973048069,0.336926924145596,0.23500972492358987,0.5620450125034732,0.7414281744929146,0.5718810780772436,0.5962767435398721,0.14353987218671854,0.5472075576549041,0.8040011114198389,0.5013059183106419,0.5732703528757989,0.21222561822728536,0.678188385662684,0.8419005279244235,0.5969435954431787,0.594609613781606,0.28691303139761043
C3_alpha_power,0.23995554320644624,0.24751319811058628,0.5872742428452348,0.13753820505696027,0.12636843567657682,0.12053348152264518,0.2215059738816338,0.524256737982773,0.1225896082245068,0.14281744929146986,0.3827729924979161,0.505918310641845,0.8653514865240345,0.5778271742150597,-0.12853570436232287,0.3217560433453737,0.42934148374548486,0.7798833009169214,0.5590997499305362,-0.16493470408446792,0.34081689358155043,0.5257015837732704,1.0,0.6961378160600167,-0.10230619616560156,0.22495137538205057,0.3526535148652403,0.6610725201444846,0.5060294526257294,-0.08869130313976105,0.3389830508474576,0.43917754931925534,0.7942761878299528,0.6628507918866352,-0.2565712697971659,0.31503195332036676,0.3163100861350375,0.7790497360377883,0.5637677132536816,-0.2072242289524868,0.21272575715476522,0.31297582661850515,0.5510975270908586,0.39972214504028897,-0.10247290914142818,0.3357043623228675,0.2889691580994721,0.6130036121144763,0.28663517643789943,-0.002389552653514865,0.3856071130869686,0.45362600722422897,0.6621839399833287,0.3431508752431231,0.14342873020283411,0.33659349819394274,0.31225340372325644,0.6898582939705473,0.3867741039177549,0.05684912475687691,0.22133926090580716,0.41394831897749373,0.8195054181717144,0.5737704918032787,-0.04262295081967213,0.03934426229508197,0.167379827729925,0.663350930814115,0.3414837454848569,-0.1413726035009725,0.21305918310641844,0.246901917199222,0.6218393998332871,0.3345929424840233,-0.042678521811614335,0.3089191442067241,0.31736593498193943,0.6042789663795499,0.23995554320644624,0.01611558766323979,0.17982772992497917,0.3863295359822173,0.8206168380105585,0.6127257571547652,-0.26073909419283137,0.33125868296749095,0.37671575437621563,0.7725479299805501,0.6029452625729369,-0.21161433731592108,0.17271464295637678,0.3220338983050847,0.8455126424006668,0.5963878855237565,-0.2542372881355932
C3_beta_power,0.41689358155043066,0.448791330925257,0.5505418171714365,0.46001667129758267,-0.042289524868018895,0.3190886357321478,0.37954987496526815,0.4128368991386496,0.42383995554320647,-0.059183106418449566,0.4593498193942762,0.6688524590163935,0.670352875798833,0.7868852459016393,-0.21100305640455683,0.3538205056960267,0.5591553209224784,0.6210614059460962,0.7483745484856905,-0.20300083356487914,0.4694081689358155,0.693525979438733,0.6961378160600167,1.0,-0.2262295081967213,0.22634065018060573,0.4988607946651848,0.4775215337593776,0.7346485134759655,-0.12047791053070298,0.43039733259238677,0.6273409280355654,0.7026396221172548,0.845290358432898,-0.2335648791330925,0.3909974993053626,0.48241178105029175,0.6559044178938594,0.7846068352320089,-0.2690191719922201,0.3397054737427063,0.424784662406224,0.5215337593776049,0.5823839955543206,-0.17993887190886357,0.4701305918310642,0.44012225618227285,0.5932203389830508,0.5144762434009447,-0.07235343150875242,0.3791608780216727,0.5462628507918866,0.6405668241178105,0.5629341483745485,0.005334815226451792,0.3370380661294804,0.41694915254237286,0.5490969713809392,0.5760489024729092,-0.034009447068630176,0.2744651292025563,0.490302861906085,0.6957488191164213,0.720200055570992,-0.1062517365934982,0.1308141150319533,0.30308419005279247,0.5041400388996944,0.566046123923312,-0.16326757432620173,0.29952764656849123,0.4142261739372048,0.5792720200055571,0.38971936649069183,-0.00022228396776882467,0.2764656849124757,0.3685468185607113,0.49413726035009725,0.4511253125868297,-0.15732147818838566,0.3044178938594054,0.49502639622117256,0.6491803278688525,0.8477354820783551,-0.443123089747152,0.29719366490691856,0.5001944984717978,0.5400944706863018,0.7693248124479022,-0.25357043623228676,0.3488191164212281,0.525868296749097,0.7003056404556821,0.832898027229786,-0.23867741039177548
C3_theta_beta_ratio,0.3433731592108919,0.3422617393720478,-0.037065851625451514,-0.1216449013614893,0.6229508196721312,0.33714920811336485,0.3347040844679077,0.07979994442900806,-0.2117254792998055,0.6487357599333148,0.41144762434009446,0.3208669074742984,-0.023673242567379828,-0.26524034454015005,0.764156710197277,0.4152264517921645,0.421561544873576,-0.05023617671575437,-0.2692970269519311,0.7609891636565713,0.34454015004167826,0.4786885245901639,-0.10230619616560156,-0.2262295081967213,1.0,0.45595998888580164,0.40589052514587387,-0.11519866629619338,-0.19755487635454294,0.7841622672964712,0.43039733259238677,0.40416782439566545,0.01611558766323979,-0.1126424006668519,0.6925257015837732,0.35126424006668516,0.4057793831619894,-0.01089191442067241,-0.19783273131425397,0.690302861906085,0.46562934148374546,0.44212281189219227,0.15376493470408448,-0.08430119477632676,0.561989441511531,0.30230619616560156,0.3379272020005557,-0.009335926646290637,-0.09474854126146151,0.48869130313976106,0.20839121978327313,0.3306474020561267,0.027785495971103084,-0.06412892470130592,0.45395943317588217,0.2927479855515421,0.3305918310641845,0.039622117254793,-0.05551542095026396,0.54231731036399,0.27268685746040566,0.4702973048068908,0.026118366212836898,-0.21305918310641844,0.6606835232008892,0.44856904695748817,0.4691303139761045,0.031119755487635455,-0.16176715754376217,0.6266185051403168,0.45790497360377885,0.4732981383717699,0.07318699638788552,0.01856071130869686,0.5637121422617394,0.3590997499305363,0.5190886357321478,0.08524590163934426,-0.08446790775215338,0.5580994720755765,0.4133370380661295,0.41039177549319256,-0.01044734648513476,-0.1611558766323979,0.7718810780772437,0.41589330369547095,0.4586829674909697,0.0006112809113642679,-0.13025840511253126,0.6105584884690192,0.5018616282300639,0.48607946651847733,0.010391775493192553,-0.17271464295637678,0.7015837732703529
C4_delta_power,0.60377882745207,0.4119477632675743,0.2207835509863851,0.07879966657404834,0.4205612670186163,0.6066129480411225,0.46790775215337593,0.28235621005834954,0.05701583773270353,0.4173381494859683,0.6854126146151709,0.40744651292025563,0.24556821339260906,0.09196999166435121,0.38627396499027505,0.7645457071408724,0.5322589608224507,0.15365379272020005,0.11286468463462072,0.4055570991942206,0.7191997777160323,0.5115865518199499,0.22495137538205057,0.22634065018060573,0.45595998888580164,1.0,0.6499583217560434,0.24723534315087525,0.3602667407613226,0.499194220616838,0.7831619894415115,0.46551819949986106,0.24301194776326757,0.2341761600444568,0.28946929702695195,0.735593220338983,0.5343706585162545,0.268185607113087,0.24645734926368434,0.3262017227007502,0.6907474298416226,0.5382050569602668,0.35971103084190054,0.23217560433453738,0.29619338705195886,0.6834120589052515,0.5156988052236733,0.36154487357599335,0.2943595443178661,0.21478188385662683,0.5340928035565435,0.3941094748541262,0.19894415115309808,0.13926090580716866,0.30130591831064185,0.5772158933036955,0.521311475409836,0.33525979438732983,0.29408168935815504,0.32747985551542097,0.6763545429285913,0.5901639344262295,0.31414281744929146,0.26351764378994164,0.4133926090580717,0.6635176437899416,0.5900527924423451,0.4352875798833009,0.3917199222006113,0.2755765490414004,0.7025840511253126,0.5208669074742984,0.34259516532370105,0.4047235343150875,0.1902195054181717,0.7461517088080022,0.6070575159766601,0.35959988885801614,0.21661572659071965,0.3295359822172826,0.7344262295081967,0.5254237288135594,0.2477354820783551,0.27246457349263686,0.26240622395109753,0.8895804390108364,0.5694915254237288,0.23445401500416782,0.3070853014726313,0.24895804390108364,0.6879133092525701,0.4890803000833565,0.288135593220339,0.2081133648235621,0.26729647124201167
C4_theta_power,0.4944151153098083,0.5456515698805223,0.40300083356487915,0.2923589886079467,0.3209780494581828,0.4378438455126424,0.5418171714365101,0.3819949986107252,0.19344262295081968,0.35893303695470963,0.5586551819949986,0.6963045290358433,0.41600444567935535,0.3357043623228675,0.3346485134759655,0.5100305640455682,0.7558210614059461,0.392998055015282,0.3001389274798555,0.3720477910530703,0.48341205890525146,0.7704918032786885,0.3526535148652403,0.4988607946651848,0.40589052514587387,0.6499583217560434,1.0,0.5375937760489025,0.5952764656849124,0.6020561267018616,0.6036121144762434,0.6981383717699361,0.46146151708808003,0.47590997499305365,0.3044178938594054,0.5992220061128091,0.7734370658516254,0.4768546818560711,0.47968880244512363,0.3000833564879133,0.5343150875243123,0.5889969435954432,0.4181717143651014,0.3731592108919144,0.15876632397888302,0.4911919977771603,0.5288135593220339,0.3515976660183384,0.3156988052236732,0.20583495415393166,0.3219227563212003,0.5574881911642123,0.4067240900250069,0.2510141706029453,0.2920255626562934,0.378160600166713,0.5312031119755488,0.36810225062517365,0.30975270908585717,0.3144206724090025,0.4406223951097527,0.7121978327313142,0.44667963323145315,0.3760489024729091,0.3764378994165046,0.39961100305640457,0.6835787718810781,0.5149208113364824,0.38960822450680743,0.35754376215615447,0.4569046957488191,0.6217838288413449,0.40727979994442903,0.2729091414281745,0.3232008891358711,0.4525145873853848,0.6501806057238122,0.3284245623784385,0.12725757154765213,0.40611280911364267,0.5412614615170881,0.7068630175048625,0.4426785218116143,0.4479577660461239,0.23989997221450404,0.6236176715754376,0.8564045568213393,0.42856348985829396,0.43912197832731314,0.40094470686301753,0.6185607113086968,0.7503195332036677,0.42395109752709087,0.46551819949986106,0.29330369547096413
C4_alpha_power,0.12570158377327034,0.2197832731314254,0.5574881911642123,0.28985829397054735,-0.05607113086968602,0.06207279799944429,0.1899972214504029,0.4361767157543762,0.12925812725757155,0.01961656015559878,0.1837732703528758,0.3918310641844957,0.5872186718532926,0.4727979994442901,-0.14459572103362045,0.20200055570991943,0.3899416504584607,0.7003056404556821,0.48869130313976106,-0.14754098360655737,0.08080022228396777,0.33542650736315643,0.6610725201444846,0.4775215337593776,-0.11519866629619338,0.24723534315087525,0.5375937760489025,1.0,0.6527368713531536,0.014893025840511253,0.13198110586273964,0.2682411781050292,0.5931647679911086,0.43995554320644625,-0.21116976938038343,0.23967768824673522,0.3380383439844401,0.6998055015282023,0.5097527090858572,-0.16865796054459573,0.10230619616560156,0.19427618782995276,0.33714920811336485,0.3101972770213948,-0.15976660183384273,0.14287302028341206,0.18855237565990554,0.4491247568769103,0.19322033898305085,-0.009947207557654904,0.2333425951653237,0.3243123089747152,0.5151430953042512,0.36276743539872186,-0.04101139205334815,0.26963045290358434,0.3443734370658516,0.5801611558766324,0.37460405668241176,0.02945262572936927,0.07729924979160878,0.2018338427340928,0.5313142539594332,0.45379272020005557,-0.14342873020283411,0.033842734092803556,0.2881911642122812,0.739094192831342,0.4683523200889136,-0.02117254792998055,0.05084745762711865,0.10847457627118644,0.4141150319533204,0.14531814392886913,-0.07563212003334259,0.24562378438455126,0.31197554876354544,0.48257849402611835,0.1863851069741595,0.07263128646846347,0.13092525701583774,0.3887190886357321,0.6521811614337316,0.4710752986940817,-0.13820505696026675,0.29924979160878024,0.4131147540983607,0.648513475965546,0.4955821061405946,-0.0486246179494304,0.07729924979160878,0.234231731036399,0.5889969435954432,0.45257015837732706,-0.24267852181161434
C4_beta_power,0.3525979438732981,0.3577660461239233,0.512420116699083,0.47957766046123923,-0.17788274520700195,0.29152542372881357,0.3539872186718533,0.4080577938316199,0.4036121144762434,-0.12181161433731592,0.25056960266740763,0.5012503473186997,0.5171436510141706,0.6830786329535983,-0.2864684634620728,0.32375659905529314,0.47713253681578216,0.5706585162545151,0.7778271742150598,-0.3103639899972214,0.31408724645734926,0.48457904973603777,0.5060294526257294,0.7346485134759655,-0.19755487635454294,0.3602667407613226,0.5952764656849124,0.6527368713531536,1.0,-0.18510697415948874,0.36165601555987775,0.44762434009447066,0.5006946373992776,0.6815226451792165,-0.2863573214781884,0.32559044178938595,0.4493470408446791,0.587051958877466,0.8045568213392609,-0.364156710197277,0.26446235065295914,0.283023061961656,0.34692970269519313,0.4555709919422062,-0.23184217838288412,0.3580994720755766,0.34103917754931923,0.5121978327313143,0.5871631008613504,-0.2477910530702973,0.25707140872464573,0.3719366490691859,0.5230341761600444,0.514809669352598,-0.14531814392886913,0.29169213670464017,0.3540427896637955,0.4494581828285635,0.5821617115865518,-0.14754098360655737,0.24134481800500138,0.35726590719644347,0.4998610725201445,0.6514587385384829,-0.1790497360377883,0.12447902195054182,0.32475687691025285,0.5768268963601,0.7211447624340095,-0.20238955265351485,0.21467074187274243,0.2627396499027508,0.436398999722145,0.32747985551542097,-0.1180327868852459,0.30030564045568214,0.3647124201166991,0.48168935815504305,0.4611280911364268,-0.18221728257849404,0.2710197277021395,0.40411225340372325,0.4966935259794387,0.7205890525145874,-0.3973881633787163,0.3843845512642401,0.4865796054459572,0.5237565990552931,0.8097249235898861,-0.2870241733814949,0.27696582383995555,0.4027785495971103,0.4946373992775771,0.7408168935815505,-0.30141706029452625
C4_theta_beta_ratio,0.3388719088635732,0.36810225062517365,-0.010391775493192553,-0.10819672131147541,0.6363434287302029,0.3327590997499305,0.3614893025840511,0.08241178105029175,-0.1387607668796888,0.6301750486246179,0.4460683523200889,0.32125590441789387,-0.027729924979160877,-0.2746874131703251,0.7636010002778549,0.3686579605445957,0.4342873020283412,-0.1135871075298694,-0.36999166435120867,0.8354542928591275,0.3517088080022228,0.44762434009447066,-0.08869130313976105,-0.12047791053070298,0.7841622672964712,0.499194220616838,0.6020561267018616,0.014893025840511253,-0.18510697415948874,1.0,0.43278688524590164,0.3993331480966935,0.024840233398166156,-0.11569880522367325,0.7136982495137538,0.4237843845512642,0.479244234509586,0.035343150875243125,-0.17126979716587942,0.771436510141706,0.46001667129758267,0.45901639344262296,0.1403723256460128,-0.07735482078355099,0.546651847735482,0.31130869686023893,0.36787996665740486,-0.035898860794665186,-0.19222006112809115,0.5816060016671297,0.17404834676298972,0.2920811336482356,-0.01756043345373715,-0.1982217282578494,0.5122534037232565,0.2377882745207002,0.31608780216726867,0.02100583495415393,-0.15971103084190053,0.58866351764379,0.39983328702417337,0.5314809669352598,0.07157543762156154,-0.17871631008613503,0.7078632953598222,0.4725201444845791,0.5631008613503751,0.12720200055570993,-0.18299527646568492,0.7195332036676855,0.4386218393998333,0.5085857182550708,0.09524868018894138,-0.028841344818005002,0.5892747985551542,0.31747707696582383,0.4667963323145318,-0.02361767157543762,-0.32742428452347877,0.7663795498749653,0.4352875798833009,0.45195887746596275,0.004223395387607669,-0.15904417893859404,0.7524312308974715,0.43723256460127813,0.5414837454848569,-0.005612670186162823,-0.2153931647679911,0.7710475131981106,0.5550986385106974,0.5186440677966102,0.035176437899416504,-0.15337593776048902,0.720755765490414
P3_delta_power,0.7367602111697694,0.5786607390941928,0.3400388996943595,0.18432898027229785,0.48152264517921645,0.7365379272020005,0.6442900805779384,0.43584328980272297,0.274131703250903,0.4325090302861906,0.7194776326757433,0.5505973881633787,0.3772714642956377,0.2666851903306474,0.35532092247846625,0.784106696304529,0.6691303139761045,0.26540705751597665,0.2901361489302584,0.36499027507641013,0.7709363712142262,0.703250903028619,0.3389830508474576,0.43039733259238677,0.43039733259238677,0.7831619894415115,0.6036121144762434,0.13198110586273964,0.36165601555987775,0.43278688524590164,1.0,0.7599333148096693,0.4628507918866352,0.4907474298416227,0.3610447346485135,0.7987218671853292,0.6632953598221728,0.380050013892748,0.4054459572103362,0.3335370936371214,0.789497082522923,0.7035287579883301,0.5254792998055016,0.3940539038621839,0.28218949708252294,0.8544040011114198,0.6662961933870519,0.47168657960544597,0.4810780772436788,0.17727146429563767,0.519422061683801,0.5117532647957767,0.34926368435676575,0.25251458738538485,0.34348430119477635,0.6949152542372882,0.6306196165601556,0.4108919144206724,0.3928313420394554,0.40105584884690193,0.6272853570436232,0.7123645457071409,0.43189774937482633,0.2764656849124757,0.4594053903862184,0.6654626285079188,0.6265073631564323,0.3706585162545151,0.39127535426507365,0.2512920255626563,0.8074465129202556,0.7229786051681022,0.46796332314531813,0.3475409836065574,0.3854959711030842,0.7504862461794943,0.6819116421228119,0.4182272853570436,0.336926924145596,0.25257015837732705,0.7898860794665185,0.6189497082522923,0.35715476521255907,0.4502917477076966,0.18666296193387052,0.8166712975826619,0.6844123367602112,0.3674909697138094,0.44667963323145315,0.214559599888858,0.8245623784384551,0.6818560711308697,0.4610169491525424,0.4310641844956932,0.286246179494304
P3_theta_power,0.58438455126424,0.6636843567657683,0.4270075020839122,0.33831619894415116,0.36176715754376215,0.5257015837732704,0.6452903584328981,0.4621283689913865,0.3693248124479022,0.35326479577660463,0.558766323978883,0.7291469852736872,0.47302028341205893,0.45195887746596275,0.28519033064740207,0.5812170047235343,0.8213392609058072,0.46996387885523755,0.43834398444012224,0.3532092247846624,0.5503195332036677,0.8714087246457349,0.43917754931925534,0.6273409280355654,0.40416782439566545,0.46551819949986106,0.6981383717699361,0.2682411781050292,0.44762434009447066,0.3993331480966935,0.7599333148096693,1.0,0.6961933870519589,0.7240344540150042,0.34815226451792164,0.6125590441789386,0.8135593220338984,0.5447068630175048,0.5828285634898583,0.2845790497360378,0.6176715754376215,0.7330369547096416,0.582217282578494,0.5499861072520145,0.14581828285634899,0.6640733537093637,0.6844123367602112,0.48880244512364546,0.5093081411503195,0.16971380939149763,0.3610447346485135,0.6347874409558211,0.4800777993887191,0.358488469019172,0.30853014726312866,0.5014726312864685,0.6693525979438733,0.4681300361211448,0.4659627674353987,0.3748819116421228,0.3288135593220339,0.7210891914420673,0.5116421228118921,0.3462072797999444,0.37760489024729094,0.46157265907196443,0.6385662684078911,0.3604890247290914,0.30464017782717423,0.30658516254515145,0.5383161989441512,0.7694915254237288,0.4955265351486524,0.36593498193942764,0.40227841066963044,0.4871908863573215,0.7019171992220061,0.43995554320644625,0.34565156988052237,0.23545429285912753,0.5796054459572103,0.739372047791053,0.5029730480689081,0.5968324534592943,0.15237565990552931,0.5679911086412892,0.8026674076132259,0.4430119477632676,0.5187552097804946,0.24973603778827452,0.6964156710197277,0.8873575993331481,0.5879410947485413,0.6081689358155044,0.3453737149208113
P3_alpha_power,0.3412058905251459,0.3814392886913031,0.5950541817171436,0.28507918866351767,0.11992220061128091,0.24567935537649346,0.35737704918032787,0.51914420672409,0.2626840789108086,0.17088080022228397,0.4488469019171992,0.5923867741039177,0.7717143651014171,0.5971103084190053,-0.06246179494303973,0.3717143651014171,0.5682689636010003,0.7485412614615171,0.5631564323423173,-0.04017782717421506,0.39055293136982494,0.6388441233676021,0.7942761878299528,0.7026396221172548,0.01611558766323979,0.24301194776326757,0.46146151708808003,0.5931647679911086,0.5006946373992776,0.024840233398166156,0.4628507918866352,0.6961933870519589,1.0,0.809447068630175,-0.118866351764379,0.40100027785495973,0.5239233120311197,0.7751597666018338,0.6392331203111975,-0.09030286190608502,0.3314809669352598,0.4586829674909697,0.6335093081411504,0.5305918310641845,-0.08802445123645457,0.464962489580439,0.46635176437899417,0.6439010836343428,0.4067240900250069,0.027174215059738816,0.4468463462072798,0.5738260627952209,0.6835232008891359,0.470075020839122,0.1700472353431509,0.41155876632397886,0.47418727424284524,0.6384551264240067,0.4261739372047791,0.16054459572103363,0.1622117254792998,0.4185607113086969,0.6830786329535983,0.41750486246179497,0.029119199777716032,0.15859961100305642,0.3071964434565157,0.5579883300916921,0.2669074742984162,-0.0042789663795498745,0.2801333703806613,0.41594887468741315,0.6066685190330647,0.34265073631564325,0.08613503751041957,0.38516254515143095,0.47796610169491527,0.6441233676021118,0.4352320088913587,-0.007168657960544595,0.32475687691025285,0.5836065573770491,0.8245623784384551,0.7021950541817171,-0.17399277577104752,0.4187274242845235,0.570102806335093,0.7746040566824118,0.6421228118921922,-0.07968880244512365,0.34548485690469577,0.5212559044178938,0.7992220061128091,0.6381772714642956,-0.07379827729924979
P3_beta_power,0.3801055848846902,0.39566546262850794,0.47807724367879967,0.43895526535148655,-0.08341205890525145,0.2670186162823006,0.34492914698527366,0.4133370380661295,0.4226729647124201,-0.06435120866907475,0.39149763823284245,0.5860516810225063,0.6238955265351487,0.7317588218949709,-0.2552931369824951,0.34231731036399,0.5614893025840512,0.6328424562378439,0.7443178660739094,-0.20483467629897192,0.3898305084745763,0.6438455126424006,0.6628507918866352,0.845290358432898,-0.1126424006668519,0.2341761600444568,0.47590997499305365,0.43995554320644625,0.6815226451792165,-0.11569880522367325,0.4907474298416227,0.7240344540150042,0.809447068630175,1.0,-0.30136148930258405,0.42228396776882465,0.551486524034454,0.6599611003056405,0.8244512364545707,-0.2629619338705196,0.3160322311753265,0.46557377049180326,0.6070019449847179,0.729369269241456,-0.2963045290358433,0.4597388163378716,0.4714642956376771,0.5873853848291192,0.5901083634342873,-0.11875520978049459,0.37871631008613504,0.5328702417338149,0.596499027507641,0.5687135315365379,0.010169491525423728,0.40133370380661293,0.46329535982217285,0.5144206724090025,0.5574881911642123,0.031119755487635455,0.18066129480411225,0.4670741872742428,0.5830508474576271,0.6406779661016949,-0.11425395943317589,0.1811614337315921,0.3187552097804946,0.424784662406224,0.45351486524034457,-0.11430953042511809,0.2710752986940817,0.43450958599611,0.4855793275909975,0.39772158933036955,-0.016615726590719644,0.2777438177271464,0.3750486246179494,0.42639622117254794,0.4467907752153376,-0.12636843567657682,0.34826340650180604,0.5625451514309531,0.6629619338705196,0.8386218393998333,-0.36176715754376215,0.3528757988330092,0.5489302584051126,0.5989441511530981,0.7675465407057516,-0.2378994165045846,0.3611003056404557,0.5761600444567936,0.7054737427063074,0.8391775493192554,-0.2044456793553765
P3_theta_beta_ratio,0.2986940816893582,0.3889969435954432,0.012170047235343151,-0.06979716587941094,0.6168380105584884,0.3718810780772437,0.4141706029452626,0.13314809669352598,0.04206724090025007,0.544484579049736,0.2486246179494304,0.20483467629897192,-0.15181994998610726,-0.3317588218949708,0.7071964434565157,0.30313976104473467,0.33659349819394274,-0.19238677410391775,-0.354709641567102,0.7271464295637677,0.2820227841066963,0.31842178382884134,-0.2565712697971659,-0.2335648791330925,0.6925257015837732,0.28946929702695195,0.3044178938594054,-0.21116976938038343,-0.2863573214781884,0.7136982495137538,0.3610447346485135,0.34815226451792164,-0.118866351764379,-0.30136148930258405,1.0,0.30130591831064185,0.3747151986662962,-0.06201722700750208,-0.22278410669630452,0.6943595443178661,0.4460683523200889,0.38971936649069183,0.03389830508474576,-0.17938316198944151,0.6051681022506252,0.2807446512920256,0.27874409558210617,-0.04990275076410114,-0.0621283689913865,0.3964434565156988,0.09524868018894138,0.2305640455682134,-0.06585162545151431,-0.14926368435676576,0.42233953876076685,0.19199777716032232,0.29285912753542653,-0.024451236454570716,-0.0585718255070853,0.48958043901083637,0.16660183384273408,0.34348430119477635,-0.06346207279799944,-0.3667129758266185,0.652014448457905,0.37249235898860794,0.3919977771603223,-0.07318699638788552,-0.2044456793553765,0.5450402889691581,0.4014448457904974,0.4855793275909975,0.0892470130591831,0.025118088357877186,0.5944429008057793,0.2829119199777716,0.39583217560433454,0.018727424284523477,-0.10025006946373993,0.4758544040011114,0.3697138093914976,0.25445957210336206,-0.16615726590719646,-0.2514587385384829,0.7096415671019728,0.2577382606279522,0.32586829674909695,-0.192720200055571,-0.2910252848013337,0.7655459849958322,0.4701305918310642,0.40200055570991944,-0.14831897749374826,-0.22472909141428174,0.6944706863017505
P4_delta_power,0.6271742150597388,0.46240622395109754,0.3081967213114754,0.10386218393998332,0.4248402333981662,0.6300083356487913,0.49535982217282576,0.3335370936371214,0.23562100583495416,0.31303139761044735,0.7438732981383718,0.5136426785218117,0.33842734092803556,0.17082522923034177,0.3707696582383996,0.78866351764379,0.6371214226173937,0.3295915532092248,0.24112253403723258,0.38305084745762713,0.7098082800777994,0.6224506807446513,0.31503195332036676,0.3909974993053626,0.35126424006668516,0.735593220338983,0.5992220061128091,0.23967768824673522,0.32559044178938595,0.4237843845512642,0.7987218671853292,0.6125590441789386,0.40100027785495973,0.42228396776882465,0.30130591831064185,1.0,0.7863851069741595,0.5238677410391775,0.4307863295359822,0.3993887190886357,0.6341761600444568,0.5869963878855238,0.47079744373437066,0.3911642122811892,0.15743262017227008,0.7324812447902195,0.5698805223673242,0.4248958043901084,0.37238121700472354,0.18305084745762712,0.45929424840233396,0.4685746040566824,0.27818838566268406,0.2261739372047791,0.27274242845234786,0.5804945818282856,0.5252570158377327,0.3051403167546541,0.3273131425395943,0.33103639899972215,0.45268130036121146,0.5740483467629898,0.3613225896082245,0.34153931647679914,0.33114754098360655,0.5039733259238678,0.5054181717143651,0.40944706863017505,0.4215059738816338,0.14098360655737704,0.6686301750486247,0.5963323145318143,0.3750486246179494,0.2820227841066963,0.3494303973325924,0.6696304529035844,0.5782717421505974,0.2980272297860517,0.23123089747151987,0.26518477354820785,0.7342595165323701,0.5189219227563212,0.3280911364267852,0.33320366768546816,0.15793275909974994,0.7142539594331759,0.584662406223951,0.3287579883300917,0.35871075298694083,0.2162267296471242,0.7097527090858572,0.5763823284245624,0.42417338149485967,0.360377882745207,0.21505973881633786
P4_theta_power,0.5027507641011392,0.5699360933592664,0.36176715754376215,0.23912197832731313,0.3864962489580439,0.5098638510697416,0.5812170047235343,0.4043345373714921,0.31819949986107254,0.32925812725757153,0.5612670186162823,0.6946929702695193,0.37249235898860794,0.3041956098916366,0.35548763545429285,0.6467907752153376,0.8099472075576549,0.41455959988885804,0.33475965545985,0.42406223951097527,0.5035843289802723,0.767657682689636,0.3163100861350375,0.48241178105029175,0.4057793831619894,0.5343706585162545,0.7734370658516254,0.3380383439844401,0.4493470408446791,0.479244234509586,0.6632953598221728,0.8135593220338984,0.5239233120311197,0.551486524034454,0.3747151986662962,0.7863851069741595,1.0,0.5782717421505974,0.5692136704640178,0.4541261461517088,0.5711030841900528,0.6652959155320922,0.5028619060850236,0.4784662406223951,0.12420116699083078,0.5808835787718811,0.6688524590163935,0.4639622117254793,0.48457904973603777,0.1622117254792998,0.2911364267852181,0.5787718810780772,0.3854959711030842,0.29330369547096413,0.2625729369269241,0.38155043067518757,0.5343706585162545,0.32297860516810223,0.39761044734648515,0.279244234509586,0.29146985273687137,0.6663517643789941,0.38588496804667966,0.3167546540705752,0.3577104751319811,0.3548207835509864,0.5737704918032787,0.3186996387885524,0.3360377882745207,0.2452347874409558,0.504584606835232,0.714031675465407,0.41683801055848846,0.3504306751875521,0.38049458182828566,0.4501806057238122,0.6636843567657683,0.3240900250069464,0.25062517365934983,0.28657960544595723,0.5787718810780772,0.6707974437343707,0.37877188107807724,0.4308974715198666,0.20422339538760767,0.5520422339538761,0.7894415115309809,0.42106140594609615,0.4631286468463462,0.31725479299805504,0.6730758544040011,0.8397888302306196,0.45373714920811337,0.5077521533759377,0.34898582939705475
P4_alpha_power,0.28519033064740207,0.3343706585162545,0.5996665740483468,0.27707696582383995,0.07663239788830231,0.24534592942484024,0.35087524312308976,0.556876910252848,0.34098360655737703,0.07513198110586274,0.3848291191997777,0.5098082800777994,0.7184217838288414,0.5393164767991109,-0.09146985273687136,0.430175048624618,0.5669908307863295,0.7688246735204224,0.5841622672964712,-0.03806612948041123,0.36699083078632955,0.5796610169491525,0.7790497360377883,0.6559044178938594,-0.01089191442067241,0.268185607113087,0.4768546818560711,0.6998055015282023,0.587051958877466,0.035343150875243125,0.380050013892748,0.5447068630175048,0.7751597666018338,0.6599611003056405,-0.06201722700750208,0.5238677410391775,0.5782717421505974,1.0,0.7371492081133648,-0.10569602667407613,0.26640733537093636,0.38682967490969716,0.5697138093914976,0.4524034454015004,-0.10025006946373993,0.36082245068074464,0.3837732703528758,0.6479577660461239,0.37966101694915255,-0.011669908307863295,0.30664073353709365,0.4649069185884968,0.597054737427063,0.41922756321200333,0.04929146985273687,0.37760489024729094,0.41394831897749373,0.5677132536815782,0.43195332036676853,0.10080577938316199,0.10591831064184495,0.4173381494859683,0.6761322589608224,0.5044178938594054,0.021061405946096137,0.09408168935815504,0.28424562378438456,0.6564045568213392,0.407001944984718,-0.06507363156432343,0.2808002222839678,0.36260072242289526,0.5957210336204501,0.35448735759933314,0.05718255070853015,0.3332592386774104,0.4057793831619894,0.5969991664351209,0.33759377604890245,-0.007891080855793276,0.26440677966101694,0.4280633509308141,0.7038621839399833,0.5962767435398721,-0.21311475409836064,0.3461517088080022,0.45718255070853014,0.7011947763267574,0.5890525145873854,-0.07768824673520422,0.2998055015282023,0.4332870241733815,0.7876632397888302,0.6693525979438733,-0.20889135871075298
P4_beta_power,0.31403167546540706,0.3676021116976938,0.5269241455959989,0.44356765768268963,-0.1306474020561267,0.2441789385940539,0.3288691303139761,0.4281744929146985,0.4755209780494582,-0.1451514309530425,0.2944151153098083,0.5542650736315643,0.5847735482078356,0.7124201166990831,-0.28757988330091694,0.33637121422617394,0.5402611836621284,0.6029452625729369,0.7602667407613226,-0.2342873020283412,0.36782439566546266,0.5403167546540706,0.5637677132536816,0.7846068352320089,-0.19783273131425397,0.24645734926368434,0.47968880244512363,0.5097527090858572,0.8045568213392609,-0.17126979716587942,0.4054459572103362,0.5828285634898583,0.6392331203111975,0.8244512364545707,-0.22278410669630452,0.4307863295359822,0.5692136704640178,0.7371492081133648,1.0,-0.4079466518477355,0.24740205612670185,0.342039455404279,0.47413170325090304,0.6186718532925812,-0.308363434287302,0.3387051958877466,0.3721589330369547,0.5584328980272298,0.6866907474298416,-0.30686301750486245,0.33637121422617394,0.4904695748819116,0.602167268685746,0.5498193942761879,-0.049958321756043346,0.3646012781328147,0.4260627952208947,0.4289524868018894,0.5113642678521811,0.03200889135871075,0.11758821894970825,0.4063906640733537,0.535593220338983,0.6913031397610447,-0.194609613781606,0.15643234231731037,0.28880244512364545,0.45929424840233396,0.5687691025284801,-0.17043623228674631,0.22278410669630452,0.35737704918032787,0.48858016115587666,0.4442345095859961,-0.13225896082245067,0.2090580716865796,0.29502639622117255,0.418060572381217,0.4724645734926368,-0.24373437065851625,0.24912475687691024,0.38782995276465687,0.5137538205056961,0.722645179216449,-0.4188941372603501,0.26885245901639343,0.4018338427340928,0.5155876632397889,0.7425395943317589,-0.29597110308419006,0.3177549319255349,0.5099194220616838,0.6223395387607669,0.8929702695193109,-0.3297582661850514
P4_theta_beta_ratio,0.24529035843289804,0.2692970269519311,-0.13098082800777994,-0.19299805501528203,0.6335093081411504,0.32553487079744375,0.3262572936926924,0.013670464017782718,-0.1430953042511809,0.6182828563489858,0.33303695470964156,0.1737704918032787,-0.16888024451236455,-0.39699916643512084,0.7659349819394277,0.3530425118088358,0.32042233953876076,-0.1794943039733259,-0.42917477076965826,0.8109474854126146,0.20666851903306474,0.275465407057516,-0.2072242289524868,-0.2690191719922201,0.690302861906085,0.3262017227007502,0.3000833564879133,-0.16865796054459573,-0.364156710197277,0.771436510141706,0.3335370936371214,0.2845790497360378,-0.09030286190608502,-0.2629619338705196,0.6943595443178661,0.3993887190886357,0.4541261461517088,-0.10569602667407613,-0.4079466518477355,1.0,0.3993331480966935,0.4016671297582662,0.08168935815504307,-0.14187274242845235,0.5388719088635732,0.3061405946096138,0.3792720200055571,-0.05779383161989442,-0.22195054181717144,0.6073353709363712,-0.014448457904973604,0.1251458738538483,-0.1641011392053348,-0.22095026396221173,0.3648235621005835,0.06046123923312031,0.1558210614059461,-0.06112809113642678,-0.11453181439288691,0.3802167268685746,0.2478466240622395,0.3413170325090303,-0.07185329258127257,-0.3343150875243123,0.6509030286190608,0.32108919144206727,0.38621839399833285,-0.07185329258127257,-0.24706863017504863,0.5604334537371493,0.3876632397888302,0.4414559599888858,-0.0007224228952486802,-0.11736593498193942,0.66524034454015,0.2666296193387052,0.4195609891636566,-0.05568213392609058,-0.26735204223395387,0.656849124756877,0.360377882745207,0.30880800222283966,-0.1162545151430953,-0.2720200055570992,0.7000277854959711,0.29936093359266464,0.39222006112809116,-0.08074465129202556,-0.2845790497360378,0.6737982772992498,0.43595443178660737,0.3846624062239511,-0.10313976104473464,-0.3577660461239233,0.7817727146429564
O1_delta_power,0.7989441511530981,0.7003612114476243,0.40961378160600165,0.23706585162545152,0.5365379272020006,0.7755487635454292,0.6719088635732148,0.3811058627396499,0.12848013337038067,0.5548763545429286,0.66901917199222,0.5307585440400111,0.308085579327591,0.21294804112253404,0.4208391219783273,0.6926924145595998,0.5923312031119755,0.16865796054459573,0.1666574048346763,0.4437899416504585,0.7502083912197832,0.6137260350097249,0.21272575715476522,0.3397054737427063,0.46562934148374546,0.6907474298416226,0.5343150875243123,0.10230619616560156,0.26446235065295914,0.46001667129758267,0.789497082522923,0.6176715754376215,0.3314809669352598,0.3160322311753265,0.4460683523200889,0.6341761600444568,0.5711030841900528,0.26640733537093636,0.24740205612670185,0.3993331480966935,1.0,0.8659071964434565,0.6001111419838844,0.3156988052236732,0.4726868574604057,0.7645457071408724,0.7172547929980551,0.5097527090858572,0.33820505696026676,0.30958599611003057,0.5987218671853293,0.5597666018338427,0.35465407057515974,0.270352875798833,0.38332870241733813,0.6019449847179772,0.5940539038621839,0.4077799388719089,0.3632675743262017,0.359044178938594,0.5716587941094748,0.6465684912475688,0.42767435398721865,0.2270630730758544,0.46229508196721314,0.6748541261461517,0.6206168380105584,0.34059460961378163,0.28318977493748265,0.3846624062239511,0.7796610169491526,0.7916087802167269,0.5958321756043345,0.392998055015282,0.41133648235621006,0.7762711864406779,0.7473742706307308,0.45729369269241454,0.390830786329536,0.22656293414837456,0.8635732147818839,0.6662961933870519,0.3494303973325924,0.39783273131425395,0.27596554598499584,0.6818005001389275,0.6345651569880523,0.27685468185607115,0.31203111975548764,0.36704640177827175,0.8405112531258683,0.6606279522089469,0.3677688246735204,0.28157821617115864,0.37165879410947483
O1_theta_power,0.6978049458182829,0.7395943317588219,0.45890525145873856,0.36732425673798275,0.42200611280911365,0.5860516810225063,0.6526813003612114,0.4079466518477355,0.20333425951653236,0.48891358710752986,0.5828841344818005,0.5869963878855238,0.38527368713531535,0.2786885245901639,0.38432898027229784,0.5583773270352875,0.6519588774659628,0.257404834676299,0.20828007779938873,0.4530702973048069,0.5778271742150597,0.6662961933870519,0.31297582661850515,0.424784662406224,0.44212281189219227,0.5382050569602668,0.5889969435954432,0.19427618782995276,0.283023061961656,0.45901639344262296,0.7035287579883301,0.7330369547096416,0.4586829674909697,0.46557377049180326,0.38971936649069183,0.5869963878855238,0.6652959155320922,0.38682967490969716,0.342039455404279,0.4016671297582662,0.8659071964434565,1.0,0.7717699360933593,0.46651847735482077,0.4078355098638511,0.6606835232008892,0.8062795220894693,0.5744373437065852,0.35365379272020003,0.3567657682689636,0.5246457349263685,0.6515698805223673,0.4702417338149486,0.358210614059461,0.3826618505140317,0.48685746040566824,0.6348985829397055,0.497026951931092,0.4360655737704918,0.35659905529313696,0.44184495693248127,0.701083634342873,0.5105862739649902,0.2553487079744373,0.49602667407613227,0.5360377882745208,0.6308974715198666,0.34609613781606,0.20694637399277577,0.4438455126424007,0.6315643234231731,0.8782439566546263,0.6472909141428175,0.41255904417893857,0.45907196443456516,0.6117254792998055,0.8002222839677688,0.5107529869408169,0.3883856626840789,0.23445401500416782,0.7294804112253404,0.6954709641567102,0.43584328980272297,0.45990552931369827,0.2562378438455126,0.5589330369547096,0.7378716310086135,0.37432620172270076,0.3379272020005557,0.41689358155043066,0.7370936371214226,0.7729924979160878,0.482745207001945,0.365768268963601,0.4128368991386496
O1_alpha_power,0.5037510419560989,0.538816337871631,0.5691025284801333,0.3980550152820228,0.20527924423450958,0.4163934426229508,0.46957488191164215,0.5221450402889691,0.2701305918310642,0.2720200055570992,0.491914420672409,0.4918588496804668,0.601889413726035,0.486524034454015,0.02467352042233954,0.3951653237010281,0.5066407335370936,0.5191997777160322,0.4118366212836899,0.10891914420672409,0.47396499027507644,0.5242011669908307,0.5510975270908586,0.5215337593776049,0.15376493470408448,0.35971103084190054,0.4181717143651014,0.33714920811336485,0.34692970269519313,0.1403723256460128,0.5254792998055016,0.582217282578494,0.6335093081411504,0.6070019449847179,0.03389830508474576,0.47079744373437066,0.5028619060850236,0.5697138093914976,0.47413170325090304,0.08168935815504307,0.6001111419838844,0.7717699360933593,1.0,0.6752431230897471,0.007724367879966657,0.4936926924145596,0.6398444012225618,0.6760766879688802,0.3834954153931648,0.1884412336760211,0.5316476799110864,0.607279799944429,0.6195054181717143,0.5033620450125035,0.2478466240622395,0.4018338427340928,0.4958599611003056,0.6192831342039455,0.4439010836343429,0.1748819116421228,0.2315643234231731,0.4724090025006946,0.6715754376215616,0.398110586273965,0.1809947207557655,0.3168657960544596,0.3911642122811892,0.43817727146429564,0.1701028063350931,0.20494581828285635,0.424784662406224,0.6445679355376494,0.7558210614059461,0.5113086968602389,0.15059738816337873,0.497026951931092,0.6281189219227563,0.652014448457905,0.484912475687691,0.02439566546262851,0.5109196999166435,0.5579883300916921,0.612670186162823,0.5944984717977216,-0.07229786051681023,0.36065573770491804,0.5089191442067241,0.5004167824395666,0.45284801333703806,0.10191719922200611,0.46335093081411505,0.5227007502083912,0.692747985551542,0.5175882189497083,0.011225340372325646
O1_beta_power,0.32142261739372047,0.39761044734648515,0.3620450125034732,0.43462072797999446,-0.04312308974715199,0.31475409836065577,0.3693803834398444,0.38393998332870244,0.47968880244512363,-0.08335648791330925,0.3316476799110864,0.4734648513475965,0.40311197554876355,0.5340372325646012,-0.12998055015282023,0.23195332036676855,0.4631842178382884,0.4128924701305918,0.47729924979160876,-0.05723812170047236,0.24884690191719921,0.43262017227007504,0.39972214504028897,0.5823839955543206,-0.08430119477632676,0.23217560433453738,0.3731592108919144,0.3101972770213948,0.4555709919422062,-0.07735482078355099,0.3940539038621839,0.5499861072520145,0.5305918310641845,0.729369269241456,-0.17938316198944151,0.3911642122811892,0.4784662406223951,0.4524034454015004,0.6186718532925812,-0.14187274242845235,0.3156988052236732,0.46651847735482077,0.6752431230897471,1.0,-0.5642122811892192,0.3368713531536538,0.3907196443456516,0.4711864406779661,0.6632953598221728,-0.2657960544595721,0.3793275909974993,0.4955821061405946,0.43300916921367044,0.5415393164767991,0.03073075854404001,0.30458460683523203,0.3759377604890247,0.35020839121978325,0.4170047235343151,0.0032231175326479576,0.05262572936926924,0.3036398999722145,0.3801055848846902,0.5593776048902472,-0.19494303973325924,0.2325646012781328,0.3040288969158099,0.212392331203112,0.38071686579605446,-0.0784106696304529,0.30458460683523203,0.4736315643234232,0.39149763823284245,0.42411781050291747,-0.01233676021116977,0.3036398999722145,0.35354265073631563,0.26751875520978047,0.4524034454015004,-0.17171436510141705,0.30969713809391497,0.4647402056126702,0.42961933870519586,0.6253959433175882,-0.24740205612670185,0.2362322867463184,0.3461517088080022,0.26518477354820785,0.4127257571547652,-0.06079466518477355,0.3091414281744929,0.47729924979160876,0.5227007502083912,0.6418449569324812,-0.16593498193942763
O1_theta_beta_ratio,0.304306751875521,0.2430675187552098,0.006501806057238122,-0.15548763545429287,0.49874965268130034,0.25173659349819394,0.221561544873576,-0.02222839677688247,-0.3177549319255349,0.5720477910530702,0.23034176160044456,0.073853848291192,-0.05323701028063351,-0.2984162267296471,0.5594887468741317,0.29952764656849123,0.12386774103917755,-0.19560989163656572,-0.3179772158933037,0.5373714920811337,0.32686857460405666,0.2170602945262573,-0.10247290914142818,-0.17993887190886357,0.561989441511531,0.29619338705195886,0.15876632397888302,-0.15976660183384273,-0.23184217838288412,0.546651847735482,0.28218949708252294,0.14581828285634899,-0.08802445123645457,-0.2963045290358433,0.6051681022506252,0.15743262017227008,0.12420116699083078,-0.10025006946373993,-0.308363434287302,0.5388719088635732,0.4726868574604057,0.4078355098638511,0.007724367879966657,-0.5642122811892192,1.0,0.2694637399277577,0.3146985273687135,0.05451514309530425,-0.32264517921644903,0.5984440122256183,0.133425951653237,0.10758544040011114,-0.017393720477910532,-0.237732703528758,0.39244234509585996,0.18632953598221727,0.22217282578494027,0.10363989997221451,-0.04612392331203112,0.40844679077521534,0.3931091969991664,0.36382328424562377,0.08118921922756321,-0.33620450125034734,0.7039177549319255,0.28130036121144764,0.2621283689913865,0.07702139483189775,-0.2026674076132259,0.4980272297860517,0.32920255626562933,0.3230897471519867,0.18938594053903862,-0.03567657682689636,0.5001944984717978,0.26323978883023064,0.34993053626007226,0.18455126424006668,-0.12686857460405668,0.4414559599888858,0.36076687968880244,0.1702695193109197,-0.05156988052236732,-0.2097249235898861,0.5513753820505696,0.29397054737427064,0.29619338705195886,0.0414559599888858,-0.10586273964990275,0.470075020839122,0.3614893025840511,0.22695193109196998,-0.0784106696304529,-0.31214226173937204,0.5911642122811892
O2_delta_power,0.7988885801611558,0.5974993053626008,0.37243678799666574,0.23117532647957767,0.4246735204223395,0.751764378994165,0.582217282578494,0.3244234509585996,0.23562100583495416,0.39966657404834677,0.7299805501528203,0.5098082800777994,0.3917199222006113,0.33826062795220896,0.2616838010558488,0.7807168657960545,0.6051125312586829,0.28530147263128647,0.3793831619894415,0.23767713253681577,0.7518755209780494,0.6126146151708808,0.3357043623228675,0.4701305918310642,0.30230619616560156,0.6834120589052515,0.4911919977771603,0.14287302028341206,0.3580994720755766,0.31130869686023893,0.8544040011114198,0.6640733537093637,0.464962489580439,0.4597388163378716,0.2807446512920256,0.7324812447902195,0.5808835787718811,0.36082245068074464,0.3387051958877466,0.3061405946096138,0.7645457071408724,0.6606835232008892,0.4936926924145596,0.3368713531536538,0.2694637399277577,1.0,0.7966101694915254,0.6018338427340928,0.470352875798833,0.2795776604612392,0.5677132536815782,0.4908030008335649,0.37982772992497915,0.3054181717143651,0.26323978883023064,0.6785773826062795,0.6012781328146708,0.4610725201444846,0.5019727702139484,0.24206724090025006,0.5410947485412615,0.5587107529869408,0.4296749096971381,0.2574604056682412,0.36387885523756597,0.5545429285912754,0.5137538205056961,0.36693525979438735,0.42022784106696304,0.11553209224784662,0.6935815504306752,0.6421228118921922,0.4936926924145596,0.3961100305640456,0.28524590163934427,0.7613225896082245,0.664684634620728,0.4998055015282023,0.41483745484856904,0.14165045846068353,0.774937482634065,0.6095582106140595,0.3886635176437899,0.4911364267852181,0.1072520144484579,0.7660461239233121,0.632620172270075,0.4122256182272854,0.45640455682133924,0.18721867185329258,0.8021672686857461,0.574659627674354,0.4611280911364268,0.39138649624895805,0.2432342317310364
O2_theta_power,0.6268963601000278,0.5893303695470964,0.31764378994165043,0.277632675743262,0.3687135315365379,0.5836065573770491,0.5875520978049458,0.3323145318143929,0.1881633787163101,0.42828563489858296,0.5249235898860795,0.47935537649347043,0.3260350097249236,0.31103084190052793,0.2701305918310642,0.5560989163656571,0.5849958321756044,0.2341205890525146,0.31919977771603225,0.30652959155320925,0.5692136704640178,0.5860516810225063,0.2889691580994721,0.44012225618227285,0.3379272020005557,0.5156988052236733,0.5288135593220339,0.18855237565990554,0.34103917754931923,0.36787996665740486,0.6662961933870519,0.6844123367602112,0.46635176437899417,0.4714642956376771,0.27874409558210617,0.5698805223673242,0.6688524590163935,0.3837732703528758,0.3721589330369547,0.3792720200055571,0.7172547929980551,0.8062795220894693,0.6398444012225618,0.3907196443456516,0.3146985273687135,0.7966101694915254,1.0,0.7133092525701584,0.4612392331203112,0.43934426229508194,0.3812170047235343,0.5042511808835788,0.39866629619338706,0.35632120033342596,0.19466518477354822,0.3970547374270631,0.5039177549319256,0.40305640455682135,0.44962489580439013,0.16810225062517367,0.45395943317588217,0.5887746596276744,0.43262017227007504,0.23578771881078078,0.4187829952764657,0.41583773270352875,0.5027507641011392,0.308363434287302,0.24912475687691024,0.2764101139205335,0.5391497638232843,0.7510419560989163,0.5657126979716588,0.3971103084190053,0.34481800500138926,0.5554320644623506,0.7410391775493193,0.5517643789941651,0.4198944151153098,0.17126979716587942,0.668741317032509,0.6422895248680189,0.37232564601278134,0.4631842178382884,0.17538205056960265,0.5498749652681301,0.6734648513475966,0.42834120589052516,0.40100027785495973,0.26329535982217284,0.7202556265629342,0.6889691580994721,0.4924701305918311,0.3801055848846902,0.35865518199499863
O2_alpha_power,0.45156988052236735,0.39849958321756046,0.5117532647957767,0.2432342317310364,0.14987496526813004,0.4123367602111698,0.4068908030008336,0.4546818560711309,0.21778271742150598,0.20038899694359544,0.3847179772158933,0.4406779661016949,0.6128368991386496,0.5123645457071409,-0.05190330647402056,0.4387885523756599,0.4661294804112253,0.5768268963601,0.5786607390941928,-0.08407891080855794,0.4565712697971659,0.4631286468463462,0.6130036121144763,0.5932203389830508,-0.009335926646290637,0.36154487357599335,0.3515976660183384,0.4491247568769103,0.5121978327313143,-0.035898860794665186,0.47168657960544597,0.48880244512364546,0.6439010836343428,0.5873853848291192,-0.04990275076410114,0.4248958043901084,0.4639622117254793,0.6479577660461239,0.5584328980272298,-0.05779383161989442,0.5097527090858572,0.5744373437065852,0.6760766879688802,0.4711864406779661,0.05451514309530425,0.6018338427340928,0.7133092525701584,1.0,0.6133926090580717,0.04845790497360378,0.45507085301472633,0.462795220894693,0.5522089469297027,0.4416226729647124,0.08780216726868574,0.36988052236732427,0.37221450402889694,0.5654348430119478,0.5332036676854682,-0.05362600722422895,0.26612948041122536,0.3621005834954154,0.5544317866073909,0.35743262017227007,0.07907752153375938,0.14587385384829119,0.21411503195332038,0.4491803278688525,0.3522645179216449,-0.11514309530425118,0.37560433453737146,0.4775771047513198,0.660905807168658,0.3964434565156988,0.09680466796332314,0.47724367879966656,0.5293136982495138,0.7843845512642401,0.5899416504584607,-0.16699083078632954,0.510530702973048,0.5433731592108919,0.6239510975270909,0.6361767157543762,-0.13181439288691302,0.42645179216449014,0.4566268407891081,0.6117254792998055,0.6273964990275076,-0.11019727702139483,0.4278966379549875,0.4439566546262851,0.6589608224506808,0.5968324534592943,-0.08257849402611836
O2_beta_power,0.42189497082522925,0.35443178660739094,0.3223117532647958,0.3333148096693526,-0.039677688246735204,0.423728813559322,0.3763267574326202,0.3252570158377327,0.45190330647402055,-0.057682689636010004,0.2225618227285357,0.37799388719088634,0.28858016115587665,0.44529035843289805,-0.12825784940261184,0.3488191164212281,0.4188385662684079,0.3064184495693248,0.5410947485412615,-0.16071130869686023,0.3487079744373437,0.3775493192553487,0.28663517643789943,0.5144762434009447,-0.09474854126146151,0.2943595443178661,0.3156988052236732,0.19322033898305085,0.5871631008613504,-0.19222006112809115,0.4810780772436788,0.5093081411503195,0.4067240900250069,0.5901083634342873,-0.0621283689913865,0.37238121700472354,0.48457904973603777,0.37966101694915255,0.6866907474298416,-0.22195054181717144,0.33820505696026676,0.35365379272020003,0.3834954153931648,0.6632953598221728,-0.32264517921644903,0.470352875798833,0.4612392331203112,0.6133926090580717,1.0,-0.5176437899416505,0.3550430675187552,0.38627396499027505,0.3282578494026118,0.3601555987774382,0.038177271464295635,0.33848291191997776,0.3178105029174771,0.218060572381217,0.4605168102250625,-0.06496248958043901,0.15965545984995833,0.2872464573492637,0.22945262572936928,0.41894970825229233,-0.13353709363712143,0.19399833287024174,0.16965823839955543,0.1072520144484579,0.4514587385384829,-0.2619060850236177,0.3099194220616838,0.3645457071408725,0.28513475965545987,0.3578216171158655,-0.04162267296471242,0.31919977771603225,0.2777438177271464,0.34087246457349263,0.5898305084745763,-0.36815782161711585,0.3540983606557377,0.3262017227007502,0.24334537371492082,0.5156988052236733,-0.23934426229508196,0.3527090858571825,0.3189774937482634,0.27879966657404837,0.555265351486524,-0.20489024729091415,0.342039455404279,0.44123367602111696,0.34731869963878853,0.6597943873298139,-0.16721311475409836
O2_theta_beta_ratio,0.1748263406501806,0.19605445957210335,-0.008335648791330925,-0.03339816615726591,0.3972214504028897,0.13987218671853294,0.20116699083078632,0.023839955543206445,-0.22756321200333426,0.45768268963601,0.29497082522923035,0.12586829674909697,0.053570436232286744,-0.09580439010836343,0.423728813559322,0.17893859405390386,0.17777160322311752,-0.03634342873020283,-0.17493748263406503,0.4916921367046402,0.2081689358155043,0.22200611280911364,-0.002389552653514865,-0.07235343150875242,0.48869130313976106,0.21478188385662683,0.20583495415393166,-0.009947207557654904,-0.2477910530702973,0.5816060016671297,0.17727146429563767,0.16971380939149763,0.027174215059738816,-0.11875520978049459,0.3964434565156988,0.18305084745762712,0.1622117254792998,-0.011669908307863295,-0.30686301750486245,0.6073353709363712,0.30958599611003057,0.3567657682689636,0.1884412336760211,-0.2657960544595721,0.5984440122256183,0.2795776604612392,0.43934426229508194,0.04845790497360378,-0.5176437899416505,1.0,0.03584328980272298,0.13309252570158378,0.10080577938316199,0.053014726312864684,0.11203111975548763,0.08246735204223396,0.210780772436788,0.20238955265351485,0.011058627396499028,0.2573492636843568,0.24162267296471243,0.2657960544595721,0.17543762156154488,-0.15621005834954155,0.5244790219505419,0.21961656015559877,0.29686023895526537,0.15904417893859404,-0.2017782717421506,0.5219227563212003,0.2206724090025007,0.3370936371214226,0.22678521811614338,-0.0038343984440122256,0.4174492914698527,0.17982772992497917,0.37454848569046956,0.1467629897193665,-0.2450680744651292,0.5960544595721033,0.3027507641011392,0.31414281744929146,0.1298138371769936,-0.039622117254793,0.4425673798277299,0.1639899972214504,0.28774659627674354,0.09619338705195887,-0.13670464017782719,0.4257849402611837,0.2985829397054737,0.20950263962211726,0.09936093359266462,-0.2494581828285635,0.49936093359266465
F7_delta_power,0.6696860238955266,0.5264795776604613,0.5393164767991109,0.290302861906085,0.2500694637399278,0.4968602389552654,0.3593220338983051,0.3369824951375382,0.18866351764378994,0.21933870519588775,0.6201722700750208,0.41650458460683526,0.4546818560711309,0.37004723534315087,0.08752431230897471,0.5049736037788275,0.36704640177827175,0.2966379549874965,0.2640177827174215,0.11936649069185885,0.6388996943595443,0.4126146151708808,0.3856071130869686,0.3791608780216727,0.20839121978327313,0.5340928035565435,0.3219227563212003,0.2333425951653237,0.25707140872464573,0.17404834676298972,0.519422061683801,0.3610447346485135,0.4468463462072798,0.37871631008613504,0.09524868018894138,0.45929424840233396,0.2911364267852181,0.30664073353709365,0.33637121422617394,-0.014448457904973604,0.5987218671853293,0.5246457349263685,0.5316476799110864,0.3793275909974993,0.133425951653237,0.5677132536815782,0.3812170047235343,0.45507085301472633,0.3550430675187552,0.03584328980272298,1.0,0.7682133926090581,0.6107252014448458,0.42017227007502084,0.5158099472075577,0.6177827174215059,0.5099194220616838,0.4810225062517366,0.3035843289802723,0.3333148096693526,0.3232564601278133,0.3390386218393998,0.42950819672131146,0.34481800500138926,0.09502639622117255,0.44623506529591556,0.2625729369269241,0.30747429841622675,0.2743539872186719,0.05957210336204501,0.4775215337593776,0.3856626840789108,0.45790497360377885,0.446901917199222,0.012670186162823007,0.6921367046401778,0.47429841622672964,0.439622117254793,0.4549597110308419,0.0016115587663239788,0.5152542372881356,0.38927479855515423,0.3821061405946096,0.3580994720755766,0.05796054459572103,0.5866073909419283,0.38327313142539593,0.37004723534315087,0.37899416504584604,0.11558766323978883,0.46557377049180326,0.34542928591275357,0.41667129758266186,0.3846068352320089,-0.009947207557654904
F7_theta_power,0.6177271464295637,0.7333703806612948,0.68841344818005,0.43395387607668795,0.3303695470964157,0.46462906362878575,0.5788274520700194,0.5145318143928869,0.28257849402611834,0.33820505696026676,0.5907196443456516,0.6673520422339538,0.5564879133092526,0.5052514587385385,0.1532092247846624,0.4432342317310364,0.640177827174215,0.47735482078355096,0.3926646290636288,0.24262295081967214,0.5982772992497916,0.7227563212003334,0.45362600722422897,0.5462628507918866,0.3306474020561267,0.3941094748541262,0.5574881911642123,0.3243123089747152,0.3719366490691859,0.2920811336482356,0.5117532647957767,0.6347874409558211,0.5738260627952209,0.5328702417338149,0.2305640455682134,0.4685746040566824,0.5787718810780772,0.4649069185884968,0.4904695748819116,0.1251458738538483,0.5597666018338427,0.6515698805223673,0.607279799944429,0.4955821061405946,0.10758544040011114,0.4908030008335649,0.5042511808835788,0.462795220894693,0.38627396499027505,0.13309252570158378,0.7682133926090581,1.0,0.7982217282578494,0.5980550152820228,0.533981661572659,0.44623506529591556,0.5532647957766046,0.4989719366490692,0.34270630730758544,0.34170602945262574,0.15815504306751876,0.5284801333703807,0.5469297026951931,0.4226729647124201,0.15787718810780774,0.3794943039733259,0.44473464851347594,0.3729369269241456,0.2565712697971659,0.22395109752709086,0.5019171992220061,0.6332870241733815,0.5756043345373715,0.425062517365935,0.23745484856904694,0.5316476799110864,0.6386774103917755,0.4894692970269519,0.4666851903306474,0.09196999166435121,0.42728535704362325,0.5753820505696027,0.5317032509030286,0.49958321756043345,0.09919422061683801,0.4447902195054182,0.6137816060016671,0.47941094748541263,0.49196999166435124,0.20222283967768825,0.5107529869408169,0.6608502361767158,0.511864406779661,0.560933592664629,0.12108919144206724
F7_alpha_power,0.42133926090580714,0.5396499027507641,0.8030564045568214,0.4577382606279522,0.13170325090302862,0.2978605168102251,0.46762989719366493,0.6262295081967213,0.32114476243400947,0.1775493192553487,0.45379272020005557,0.6330091692136705,0.8176715754376216,0.7237565990552931,-0.11897749374826341,0.3029174770769658,0.5507085301472632,0.6977493748263407,0.626674076132259,-0.05284801333703806,0.4080577938316199,0.5551542095026396,0.6621839399833287,0.6405668241178105,0.027785495971103084,0.19894415115309808,0.4067240900250069,0.5151430953042512,0.5230341761600444,-0.01756043345373715,0.34926368435676575,0.4800777993887191,0.6835232008891359,0.596499027507641,-0.06585162545151431,0.27818838566268406,0.3854959711030842,0.597054737427063,0.602167268685746,-0.1641011392053348,0.35465407057515974,0.4702417338149486,0.6195054181717143,0.43300916921367044,-0.017393720477910532,0.37982772992497915,0.39866629619338706,0.5522089469297027,0.3282578494026118,0.10080577938316199,0.6107252014448458,0.7982217282578494,1.0,0.7076410113920534,0.2126146151708808,0.37143651014170603,0.46135037510419563,0.6985273687135315,0.4685190330647402,0.13809391497638232,0.08324534592942484,0.398110586273965,0.7516532370102806,0.5391497638232843,-0.03584328980272298,0.13998332870241734,0.28946929702695195,0.5612670186162823,0.36549041400389,-0.00405668241178105,0.34176160044456794,0.4729647124201167,0.7499861072520144,0.431008613503751,0.06435120866907475,0.354987496526813,0.47429841622672964,0.6666851903306474,0.47735482078355096,-0.09046957488191164,0.2550708530147263,0.5206446235065296,0.7507085301472631,0.6702973048068908,-0.15454292859127536,0.26607390941928316,0.44973603778827453,0.6801889413726036,0.6539594331758822,-0.09074742984162268,0.2683523200889136,0.46029452625729367,0.6661294804112253,0.6739649902750764,-0.17860516810225063
F7_beta_power,0.30969713809391497,0.42411781050291747,0.5465962767435398,0.6532925812725757,-0.18138371769936093,0.22828563489858295,0.3281467074187274,0.3709363712142262,0.41650458460683526,-0.1398166157265907,0.3273687135315365,0.47629897193664905,0.4705195887746596,0.7093637121422618,-0.29152542372881357,0.2007224228952487,0.40866907474298414,0.4903584328980272,0.6634620727979994,-0.19872186718532925,0.3200889135871075,0.4162823006390664,0.3431508752431231,0.5629341483745485,-0.06412892470130592,0.13926090580716866,0.2510141706029453,0.36276743539872186,0.514809669352598,-0.1982217282578494,0.25251458738538485,0.358488469019172,0.470075020839122,0.5687135315365379,-0.14926368435676576,0.2261739372047791,0.29330369547096413,0.41922756321200333,0.5498193942761879,-0.22095026396221173,0.270352875798833,0.358210614059461,0.5033620450125035,0.5415393164767991,-0.237732703528758,0.3054181717143651,0.35632120033342596,0.4416226729647124,0.3601555987774382,0.053014726312864684,0.42017227007502084,0.5980550152820228,0.7076410113920534,1.0,-0.26557377049180325,0.26018338427340926,0.36510141706029453,0.4172825784940261,0.56926924145596,-0.13537093637121422,-0.03567657682689636,0.18771881078077243,0.43373159210891915,0.5221450402889691,-0.23195332036676855,0.13453737149208114,0.2378994165045846,0.335037510419561,0.4620172270075021,-0.12559044178938594,0.28413448180050016,0.3503751041956099,0.4946373992775771,0.41139205334815226,-0.05929424840233398,0.2207835509863851,0.3548207835509864,0.42528480133370383,0.6527368713531536,-0.3108085579327591,0.26746318421783827,0.4100583495415393,0.5178105029174771,0.7055848846901918,-0.3443734370658516,0.14292859127535426,0.252292303417616,0.3125312586829675,0.5503195332036677,-0.1882745207001945,0.22311753264795778,0.31758821894970823,0.47502083912197834,0.6110030564045569,-0.27624340094470684
F7_theta_beta_ratio,0.43550986385106977,0.4186162823006391,0.25484856904695746,-0.13114754098360656,0.5996665740483468,0.3286468463462073,0.33287024173381496,0.2180050013892748,-0.10647402056126702,0.5692136704640178,0.33398166157265907,0.22100583495415393,0.16732425673798276,-0.1377604890247291,0.48046679633231454,0.2990830786329536,0.26429563767713254,0.053181439288691304,-0.20133370380661295,0.4607946651847735,0.36160044456793555,0.33753820505696025,0.14342873020283411,0.005334815226451792,0.45395943317588217,0.30130591831064185,0.2920255626562934,-0.04101139205334815,-0.14531814392886913,0.5122534037232565,0.34348430119477635,0.30853014726312866,0.1700472353431509,0.010169491525423728,0.42233953876076685,0.27274242845234786,0.2625729369269241,0.04929146985273687,-0.049958321756043346,0.3648235621005835,0.38332870241733813,0.3826618505140317,0.2478466240622395,0.03073075854404001,0.39244234509585996,0.26323978883023064,0.19466518477354822,0.08780216726868574,0.038177271464295635,0.11203111975548763,0.5158099472075577,0.533981661572659,0.2126146151708808,-0.26557377049180325,1.0,0.3080300083356488,0.29519310919699915,0.18149485968324536,-0.1918866351764379,0.6302306196165601,0.19210891914420672,0.33931647679911087,0.16354542928591276,-0.11869963878855237,0.4251736593498194,0.3165323701028063,0.26640733537093636,0.0882467352042234,-0.18621839399833287,0.4101139205334815,0.3152542372881356,0.34448457904973606,0.18705195887746595,0.08846901917199222,0.35337593776048903,0.43206446235065293,0.3827729924979161,0.1774381772714643,-0.06207279799944429,0.4375659905529314,0.24729091414281745,0.23834398444012225,0.08835787718810781,-0.12853570436232287,0.5114754098360655,0.35726590719644347,0.3774381772714643,0.17493748263406503,-0.01072520144484579,0.4397888302306196,0.34565156988052237,0.3654348430119478,0.08663517643789942,-0.014448457904973604,0.44562378438455125
F8_delta_power,0.6288969158099472,0.41050291747707696,0.38082800777993886,0.2153375937760489,0.24351208669074742,0.6038343984440122,0.4069463739927758,0.29524868018894135,0.16093359266462906,0.2514031675465407,0.6519033064740206,0.4671853292581273,0.4198388441233676,0.30964156710197277,0.19327590997499305,0.7403167546540705,0.5509863851069742,0.367657682689636,0.3370380661294804,0.1701028063350931,0.5938316198944151,0.48791330925257015,0.33659349819394274,0.3370380661294804,0.2927479855515421,0.5772158933036955,0.378160600166713,0.26963045290358434,0.29169213670464017,0.2377882745207002,0.6949152542372882,0.5014726312864685,0.41155876632397886,0.40133370380661293,0.19199777716032232,0.5804945818282856,0.38155043067518757,0.37760489024729094,0.3646012781328147,0.06046123923312031,0.6019449847179772,0.48685746040566824,0.4018338427340928,0.30458460683523203,0.18632953598221727,0.6785773826062795,0.3970547374270631,0.36988052236732427,0.33848291191997776,0.08246735204223396,0.6177827174215059,0.44623506529591556,0.37143651014170603,0.26018338427340926,0.3080300083356488,1.0,0.8415671019727702,0.6028896915809947,0.48063350930814114,0.563878855237566,0.361989441511531,0.459572103362045,0.43912197832731314,0.24367879966657405,0.25796054459572104,0.48352320088913586,0.3709363712142262,0.32475687691025285,0.3189774937482634,0.10313976104473464,0.5326479577660461,0.4314531814392887,0.4180050013892748,0.3782161711586552,0.11497638232842457,0.6771881078077243,0.44723534315087526,0.32036676854681856,0.2911919977771603,0.1279244234509586,0.6192831342039455,0.4385106974159489,0.3540983606557377,0.34087246457349263,0.13009169213670463,0.6509030286190608,0.4404556821339261,0.31225340372325644,0.30680744651292025,0.17554876354542928,0.5856071130869686,0.4071686579605446,0.3441511530980828,0.3269241455959989,0.10552931369824951
F8_theta_power,0.6036676854681856,0.5598777438177271,0.43934426229508194,0.35120866907474296,0.25168102250625174,0.5525423728813559,0.5204223395387607,0.3556543484301195,0.2694081689358155,0.25579327590997497,0.5696026674076132,0.6193387051958877,0.45012503473187,0.4171714365101417,0.23073075854404002,0.6452347874409559,0.684356765768269,0.43389830508474575,0.39166435120866905,0.25818282856348984,0.4894137260350097,0.6089469297026951,0.31225340372325644,0.41694915254237286,0.3305918310641845,0.521311475409836,0.5312031119755488,0.3443734370658516,0.3540427896637955,0.31608780216726867,0.6306196165601556,0.6693525979438733,0.47418727424284524,0.46329535982217285,0.29285912753542653,0.5252570158377327,0.5343706585162545,0.41394831897749373,0.4260627952208947,0.1558210614059461,0.5940539038621839,0.6348985829397055,0.4958599611003056,0.3759377604890247,0.22217282578494027,0.6012781328146708,0.5039177549319256,0.37221450402889694,0.3178105029174771,0.210780772436788,0.5099194220616838,0.5532647957766046,0.46135037510419563,0.36510141706029453,0.29519310919699915,0.8415671019727702,1.0,0.7183662128368992,0.6249513753820506,0.5964434565156989,0.2775215337593776,0.5684356765768269,0.47807724367879967,0.24712420116699083,0.3589886079466518,0.4194498471797722,0.5083078632953598,0.32559044178938595,0.3008613503751042,0.24556821339260906,0.4267852181161434,0.5854959711030842,0.4849680466796332,0.4927479855515421,0.14792998055015283,0.5608224506807447,0.5603778827452071,0.37966101694915255,0.33003612114476244,0.1593776048902473,0.5788830230619617,0.5581550430675187,0.4026118366212837,0.4406223951097527,0.15998888580161155,0.5817171436510141,0.5963323145318143,0.3333703806612948,0.3463184217838288,0.2810780772436788,0.56549041400389,0.5882745207001945,0.36526813003612113,0.3802722978605168,0.2278410669630453
F8_alpha_power,0.42228396776882465,0.42556265629341483,0.6385662684078911,0.32670186162823006,0.15998888580161155,0.31203111975548764,0.37243678799666574,0.5319811058627396,0.24034454015004167,0.18182828563489858,0.4145040288969158,0.529924979160878,0.7598221728257849,0.5579883300916921,-0.02278410669630453,0.45384829119199777,0.5205334815226452,0.6943039733259239,0.5265907196443457,-0.02900805779383162,0.3452625729369269,0.46990830786329535,0.6898582939705473,0.5490969713809392,0.039622117254793,0.33525979438732983,0.36810225062517365,0.5801611558766324,0.4494581828285635,0.02100583495415393,0.4108919144206724,0.4681300361211448,0.6384551264240067,0.5144206724090025,-0.024451236454570716,0.3051403167546541,0.32297860516810223,0.5677132536815782,0.4289524868018894,-0.06112809113642678,0.4077799388719089,0.497026951931092,0.6192831342039455,0.35020839121978325,0.10363989997221451,0.4610725201444846,0.40305640455682135,0.5654348430119478,0.218060572381217,0.20238955265351485,0.4810225062517366,0.4989719366490692,0.6985273687135315,0.4172825784940261,0.18149485968324536,0.6028896915809947,0.7183662128368992,1.0,0.7281467074187274,0.2045012503473187,0.22417338149485969,0.4287857738260628,0.7405390386218395,0.3791608780216727,0.14642956376771327,0.20255626562934148,0.3345929424840233,0.597054737427063,0.32653514865240346,0.0495137538205057,0.28152264517921644,0.42195054181717145,0.743651014170603,0.5109752709085857,-0.020283412058905253,0.4671853292581273,0.4810225062517366,0.7036398999722145,0.3570436232286746,0.025840511253125868,0.3414281744929147,0.47496526813003614,0.6950819672131148,0.5805501528202278,-0.0847457627118644,0.43045290358432897,0.4722978605168102,0.6453459294248403,0.520755765490414,0.02045012503473187,0.2890247290914143,0.3828841344818005,0.5996665740483468,0.436398999722145,-0.026785218116143372
F8_beta_power,0.4621839399833287,0.4351208669074743,0.45268130036121146,0.549597110308419,-0.08996943595443178,0.37265907196443454,0.374659627674354,0.37238121700472354,0.5180327868852459,-0.13453737149208114,0.2985273687135315,0.48068908030008334,0.45534870797443733,0.6110586273964991,-0.17399277577104752,0.446901917199222,0.47435398721867184,0.5091969991664351,0.6652959155320922,-0.1980550152820228,0.3115309808280078,0.4277299249791609,0.3867741039177549,0.5760489024729092,-0.05551542095026396,0.29408168935815504,0.30975270908585717,0.37460405668241176,0.5821617115865518,-0.15971103084190053,0.3928313420394554,0.4659627674353987,0.4261739372047791,0.5574881911642123,-0.0585718255070853,0.3273131425395943,0.39761044734648515,0.43195332036676853,0.5113642678521811,-0.11453181439288691,0.3632675743262017,0.4360655737704918,0.4439010836343429,0.4170047235343151,-0.04612392331203112,0.5019727702139484,0.44962489580439013,0.5332036676854682,0.4605168102250625,0.011058627396499028,0.3035843289802723,0.34270630730758544,0.4685190330647402,0.56926924145596,-0.1918866351764379,0.48063350930814114,0.6249513753820506,0.7281467074187274,1.0,-0.14487357599333148,0.17054737427063074,0.35198666296193387,0.4548485690469575,0.42856348985829396,0.0050569602667407615,0.13214781883856627,0.25151430953042514,0.3168102250625174,0.521311475409836,-0.19149763823284247,0.2306196165601556,0.38727424284523476,0.4979716587941095,0.5756043345373715,-0.13475965545984997,0.3215893303695471,0.3631008613503751,0.525590441789386,0.5455404278966379,-0.25568213392609057,0.36626840789108084,0.3910530702973048,0.41022506251736596,0.6639622117254793,-0.2720755765490414,0.38710752986940816,0.4556821339260906,0.41500416782439564,0.6254515143095304,-0.08335648791330925,0.30241733814948596,0.39605445957210333,0.40505696026674076,0.5231453181439288,-0.0846901917199222
F8_theta_beta_ratio,0.3114754098360656,0.28552375659905527,0.12492358988607946,-0.1180327868852459,0.4846901917199222,0.3118088357877188,0.2777438177271464,0.11631008613503752,-0.1314809669352598,0.5143651014170603,0.3918866351764379,0.29413726035009724,0.13042511808835788,-0.11986662961933871,0.5527646568491248,0.34281744929146984,0.3632675743262017,0.03456515698805224,-0.17438177271464295,0.5883856626840789,0.2923034176160044,0.3575993331480967,0.05684912475687691,-0.034009447068630176,0.54231731036399,0.32747985551542097,0.3144206724090025,0.02945262572936927,-0.14754098360655737,0.58866351764379,0.40105584884690193,0.3748819116421228,0.16054459572103363,0.031119755487635455,0.48958043901083637,0.33103639899972215,0.279244234509586,0.10080577938316199,0.03200889135871075,0.3802167268685746,0.359044178938594,0.35659905529313696,0.1748819116421228,0.0032231175326479576,0.40844679077521534,0.24206724090025006,0.16810225062517367,-0.05362600722422895,-0.06496248958043901,0.2573492636843568,0.3333148096693526,0.34170602945262574,0.13809391497638232,-0.13537093637121422,0.6302306196165601,0.563878855237566,0.5964434565156989,0.2045012503473187,-0.14487357599333148,1.0,0.19560989163656572,0.4003334259516532,0.17938316198944151,-0.11597666018338428,0.48235621005834955,0.35987774381772714,0.3643789941650458,0.08635732147818839,-0.17593776048902474,0.5264795776604613,0.31614337315921087,0.3452070019449847,0.13264795776604613,0.030953042511808835,0.38788552375659907,0.3007502083912198,0.29947207557654903,-0.0405112531258683,-0.15643234231731037,0.48569046957488193,0.3389274798555154,0.2746318421783829,0.07001944984717977,-0.11136426785218116,0.5393720477910531,0.2903584328980272,0.2924701305918311,0.053737149208113365,-0.12136704640177827,0.4682411781050292,0.3874965268130036,0.36710197277021395,0.102695193109197,-0.02539594331758822,0.45801611558766325
T7_delta_power,0.4999722145040289,0.2845790497360378,0.06963045290358433,-0.03989997221450403,0.38588496804667966,0.49619338705195887,0.2956376771325368,0.11403167546540706,0.0032231175326479576,0.27602111697693804,0.5413726035009725,0.2792998055015282,0.16910252848013338,0.07929980550152821,0.30575159766601834,0.5270352875798833,0.2561822728535704,-0.06946373992775771,-0.028341205890525144,0.3209224784662406,0.6515143095304251,0.39316476799110867,0.22133926090580716,0.2744651292025563,0.27268685746040566,0.6763545429285913,0.4406223951097527,0.07729924979160878,0.24134481800500138,0.39983328702417337,0.6272853570436232,0.3288135593220339,0.1622117254792998,0.18066129480411225,0.16660183384273408,0.45268130036121146,0.29146985273687137,0.10591831064184495,0.11758821894970825,0.2478466240622395,0.5716587941094748,0.44184495693248127,0.2315643234231731,0.05262572936926924,0.3931091969991664,0.5410947485412615,0.45395943317588217,0.26612948041122536,0.15965545984995833,0.24162267296471243,0.3232564601278133,0.15815504306751876,0.08324534592942484,-0.03567657682689636,0.19210891914420672,0.361989441511531,0.2775215337593776,0.22417338149485969,0.17054737427063074,0.19560989163656572,1.0,0.6933592664629064,0.37854959711030844,0.17082522923034177,0.5939983328702417,0.43284245623784384,0.35887746596276743,0.2809669352597944,0.23989997221450404,0.21328146707418727,0.6437899416504584,0.4310641844956932,0.31608780216726867,0.21750486246179496,0.23728813559322035,0.506751875520978,0.37882745207001944,0.20878021672686858,0.060683523200889135,0.2341761600444568,0.5708252292303417,0.3133092525701584,0.1252014448457905,0.22372881355932203,0.108085579327591,0.6549597110308419,0.4457349263684357,0.18049458182828562,0.2566824117810503,0.17938316198944151,0.5310919699916643,0.31614337315921087,0.21594887468741317,0.12136704640177827,0.18899694359544317
T7_theta_power,0.5771603223117533,0.5558766323978883,0.31103084190052793,0.16454570714087247,0.4675743262017227,0.5230897471519866,0.5527090858571826,0.35876632397888303,0.1884968046679633,0.3898305084745763,0.6726868574604057,0.711308696860239,0.46635176437899417,0.3282022784106696,0.4015559877743818,0.601333703806613,0.7014170602945262,0.25379272020005555,0.20144484579049737,0.4785773826062795,0.6481800500138928,0.8051681022506252,0.41394831897749373,0.490302861906085,0.4702973048068908,0.5901639344262295,0.7121978327313142,0.2018338427340928,0.35726590719644347,0.5314809669352598,0.7123645457071409,0.7210891914420673,0.4185607113086969,0.4670741872742428,0.34348430119477635,0.5740483467629898,0.6663517643789941,0.4173381494859683,0.4063906640733537,0.3413170325090303,0.6465684912475688,0.701083634342873,0.4724090025006946,0.3036398999722145,0.36382328424562377,0.5587107529869408,0.5887746596276744,0.3621005834954154,0.2872464573492637,0.2657960544595721,0.3390386218393998,0.5284801333703807,0.398110586273965,0.18771881078077243,0.33931647679911087,0.459572103362045,0.5684356765768269,0.4287857738260628,0.35198666296193387,0.4003334259516532,0.6933592664629064,1.0,0.6302861906085023,0.3828285634898583,0.6419560989163656,0.4549597110308419,0.6208391219783274,0.38682967490969716,0.2786329535982217,0.35537649347040845,0.6469574881911642,0.7592108919144207,0.5380383439844402,0.3883300916921367,0.4065573770491803,0.4650180605723812,0.6298971936649069,0.34176160044456794,0.17610447346485134,0.3101417060294526,0.5718810780772436,0.5884412336760211,0.3696582383995554,0.4127257571547652,0.21505973881633786,0.5668796888024451,0.7342039455404279,0.4185607113086969,0.4143928869130314,0.31742150597388163,0.6946929702695193,0.7567657682689636,0.4461239233120311,0.42122811892192275,0.34726312864684633
T7_alpha_power,0.3882745207001945,0.412670186162823,0.6246735204223396,0.24162267296471243,0.2313976104473465,0.33520422339538763,0.3941094748541262,0.5429285912753543,0.1737149208113365,0.24206724090025006,0.574381772714643,0.6411781050291747,0.845012503473187,0.6195054181717143,0.00477910530702973,0.4414003889969436,0.5440955821061406,0.6672964712420116,0.5093637121422617,0.039288691303139764,0.5030841900527925,0.6149485968324535,0.8195054181717144,0.6957488191164213,0.026118366212836898,0.31414281744929146,0.44667963323145315,0.5313142539594332,0.4998610725201445,0.07157543762156154,0.43189774937482633,0.5116421228118921,0.6830786329535983,0.5830508474576271,-0.06346207279799944,0.3613225896082245,0.38588496804667966,0.6761322589608224,0.535593220338983,-0.07185329258127257,0.42767435398721865,0.5105862739649902,0.6715754376215616,0.3801055848846902,0.08118921922756321,0.4296749096971381,0.43262017227007504,0.5544317866073909,0.22945262572936928,0.17543762156154488,0.42950819672131146,0.5469297026951931,0.7516532370102806,0.43373159210891915,0.16354542928591276,0.43912197832731314,0.47807724367879967,0.7405390386218395,0.4548485690469575,0.17938316198944151,0.37854959711030844,0.6302861906085023,1.0,0.6003889969435955,0.17449291469852737,0.17043623228674631,0.31753264795776603,0.6650180605723812,0.3343706585162545,0.028452347874409558,0.3991108641289247,0.5005834954153932,0.8283967768824674,0.47724367879966656,0.07079744373437066,0.4277299249791609,0.49852736871353154,0.6624617949430397,0.2840233398166157,0.09758266185051404,0.3209224784662406,0.45262572936926926,0.7446512920255627,0.6198388441233676,-0.18782995276465686,0.3244234509585996,0.44190052792442347,0.6546818560711308,0.5631008613503751,-0.05568213392609058,0.36510141706029453,0.4429008057793832,0.7523756599055293,0.5674909697138094,-0.11725479299805501
T7_beta_power,0.3308141150319533,0.31097527090858573,0.441511530980828,0.38060572381217006,-0.12647957766046125,0.18727424284523478,0.2342873020283412,0.3232008891358711,0.29597110308419006,-0.11642122811892193,0.3576549041400389,0.4988607946651848,0.5375937760489025,0.6960266740761323,-0.3116976938038344,0.2966935259794387,0.419672131147541,0.499194220616838,0.6399555432064462,-0.2494026118366213,0.3577104751319811,0.44634620727979996,0.5737704918032787,0.720200055570992,-0.21305918310641844,0.26351764378994164,0.3760489024729091,0.45379272020005557,0.6514587385384829,-0.17871631008613503,0.2764656849124757,0.3462072797999444,0.41750486246179497,0.6406779661016949,-0.3667129758266185,0.34153931647679914,0.3167546540705752,0.5044178938594054,0.6913031397610447,-0.3343150875243123,0.2270630730758544,0.2553487079744373,0.398110586273965,0.5593776048902472,-0.33620450125034734,0.2574604056682412,0.23578771881078078,0.35743262017227007,0.41894970825229233,-0.15621005834954155,0.34481800500138926,0.4226729647124201,0.5391497638232843,0.5221450402889691,-0.11869963878855237,0.24367879966657405,0.24712420116699083,0.3791608780216727,0.42856348985829396,-0.11597666018338428,0.17082522923034177,0.3828285634898583,0.6003889969435955,1.0,-0.37021394831897747,0.17871631008613503,0.24362322867463185,0.5244234509585997,0.6113920533481523,-0.1954431786607391,0.26235065295915533,0.2860238955265351,0.4297304806890803,0.4018338427340928,-0.16237843845512642,0.21322589608224507,0.22572936926924145,0.3070297304806891,0.30047235343150874,-0.11030841900527924,0.20572381217004723,0.33309252570158376,0.4895248680188941,0.6420116699083078,-0.39344262295081966,0.18066129480411225,0.21689358155043068,0.36182272853570435,0.5431508752431231,-0.3155876632397888,0.2287302028341206,0.3282022784106696,0.5475409836065573,0.6766323978883023,-0.34253959433175885
T7_theta_beta_ratio,0.3325923867741039,0.3091969991664351,-0.05640455682133926,-0.15004167824395664,0.601333703806613,0.38955265351486523,0.3706029452625729,0.09591553209224785,-0.058071686579605444,0.5103639899972214,0.3784940261183662,0.25384829119199775,0.026173937204779105,-0.23895526535148653,0.6909141428174493,0.38505140316754655,0.3200333425951653,-0.1413726035009725,-0.31414281744929146,0.7168102250625173,0.3641011392053348,0.38338427340928033,-0.04262295081967213,-0.1062517365934982,0.6606835232008892,0.4133926090580717,0.3764378994165046,-0.14342873020283411,-0.1790497360377883,0.7078632953598222,0.4594053903862184,0.37760489024729094,0.029119199777716032,-0.11425395943317589,0.652014448457905,0.33114754098360655,0.3577104751319811,0.021061405946096137,-0.194609613781606,0.6509030286190608,0.46229508196721314,0.49602667407613227,0.1809947207557655,-0.19494303973325924,0.7039177549319255,0.36387885523756597,0.4187829952764657,0.07907752153375938,-0.13353709363712143,0.5244790219505419,0.09502639622117255,0.15787718810780774,-0.03584328980272298,-0.23195332036676855,0.4251736593498194,0.25796054459572104,0.3589886079466518,0.14642956376771327,0.0050569602667407615,0.48235621005834955,0.5939983328702417,0.6419560989163656,0.17449291469852737,-0.37021394831897747,1.0,0.2986385106974159,0.35859961100305643,0.004556821339260906,-0.2099472075576549,0.5137538205056961,0.4335093081411503,0.49519310919699916,0.18393998332870243,0.06207279799944429,0.5686579605445957,0.3029174770769658,0.43273131425395944,0.12653514865240345,-0.13559322033898305,0.47735482078355096,0.40138927479855513,0.28130036121144764,-0.041567101972770214,-0.1262017227007502,0.567379827729925,0.4257849402611837,0.5035843289802723,0.06535148652403446,-0.08196721311475409,0.6001667129758266,0.47713253681578216,0.3980550152820228,0.0009447068630175048,-0.17165879410947485,0.6168935815504307
T8_delta_power,0.5581550430675187,0.4566268407891081,0.20422339538760767,0.1620450125034732,0.42839677688246736,0.42539594331758823,0.3525423728813559,0.11386496248958045,0.010836343428730202,0.4385106974159489,0.5424840233398166,0.3039177549319255,0.10208391219783274,-0.008446790775215337,0.4057793831619894,0.5409280355654349,0.41033620450125036,-0.009780494581828286,-0.02784106696304529,0.4702973048068908,0.621561544873576,0.4277854959711031,0.03934426229508197,0.1308141150319533,0.44856904695748817,0.6635176437899416,0.39961100305640457,0.033842734092803556,0.12447902195054182,0.4725201444845791,0.6654626285079188,0.46157265907196443,0.15859961100305642,0.1811614337315921,0.37249235898860794,0.5039733259238678,0.3548207835509864,0.09408168935815504,0.15643234231731037,0.32108919144206727,0.6748541261461517,0.5360377882745208,0.3168657960544596,0.2325646012781328,0.28130036121144764,0.5545429285912754,0.41583773270352875,0.14587385384829119,0.19399833287024174,0.21961656015559877,0.44623506529591556,0.3794943039733259,0.13998332870241734,0.13453737149208114,0.3165323701028063,0.48352320088913586,0.4194498471797722,0.20255626562934148,0.13214781883856627,0.35987774381772714,0.43284245623784384,0.4549597110308419,0.17043623228674631,0.17871631008613503,0.2986385106974159,1.0,0.8126146151708808,0.4180050013892748,0.2658516254515143,0.5872186718532926,0.6191719922200611,0.486524034454015,0.25179216449013614,0.19333148096693525,0.31392053348152266,0.6027229786051681,0.5397610447346485,0.21578216171158654,0.205390386218394,0.3100861350375104,0.6232842456237844,0.4439566546262851,0.15098638510697415,0.18049458182828562,0.282745207001945,0.567657682689636,0.3764378994165046,0.10780772436787997,0.13003612114476243,0.2081689358155043,0.6157821617115865,0.4873575993331481,0.17088080022228397,0.1693803834398444,0.30464017782717423
T8_theta_power,0.49196999166435124,0.5515976660183384,0.3317588218949708,0.270352875798833,0.42756321200333425,0.38338427340928033,0.47952208946929703,0.25568213392609057,0.10369547096415671,0.44984717977215893,0.511864406779661,0.5349263684356765,0.26635176437899416,0.15120866907474298,0.42856348985829396,0.4969158099472076,0.6531258682967491,0.2125034731869964,0.14170602945262573,0.4982495137538205,0.46990830786329535,0.6376771325368158,0.167379827729925,0.30308419005279247,0.4691303139761045,0.5900527924423451,0.6835787718810781,0.2881911642122812,0.32475687691025285,0.5631008613503751,0.6265073631564323,0.6385662684078911,0.3071964434565157,0.3187552097804946,0.3919977771603223,0.5054181717143651,0.5737704918032787,0.28424562378438456,0.28880244512364545,0.38621839399833285,0.6206168380105584,0.6308974715198666,0.3911642122811892,0.3040288969158099,0.2621283689913865,0.5137538205056961,0.5027507641011392,0.21411503195332038,0.16965823839955543,0.29686023895526537,0.2625729369269241,0.44473464851347594,0.28946929702695195,0.2378994165045846,0.26640733537093636,0.3709363712142262,0.5083078632953598,0.3345929424840233,0.25151430953042514,0.3643789941650458,0.35887746596276743,0.6208391219783274,0.31753264795776603,0.24362322867463185,0.35859961100305643,0.8126146151708808,1.0,0.5931091969991664,0.37660461239233123,0.657126979716588,0.5520978049458183,0.6386218393998333,0.3855515420950264,0.1891636565712698,0.42411781050291747,0.49235898860794663,0.6984717977215893,0.31297582661850515,0.180050013892748,0.4080577938316199,0.574381772714643,0.6615726590719644,0.3604334537371492,0.35871075298694083,0.30686301750486245,0.5217004723534315,0.6278410669630453,0.2998610725201445,0.2694637399277577,0.3219783273131425,0.6480689080300084,0.7046401778271743,0.3285357043623229,0.2999722145040289,0.3891636565712698
T8_alpha_power,0.3207001944984718,0.3053626007224229,0.5912753542650736,0.210780772436788,0.18238399555432064,0.1847735482078355,0.2792998055015282,0.45295915532092246,0.051458738538482915,0.2521811614337316,0.4122811892192276,0.4183939983328702,0.6581272575715477,0.4100583495415393,-0.007279799944429008,0.3991664351208669,0.47174215059738817,0.6570158377327036,0.46007224228952487,0.015170880800222284,0.3919977771603223,0.45368157821617117,0.663350930814115,0.5041400388996944,0.031119755487635455,0.4352875798833009,0.5149208113364824,0.739094192831342,0.5768268963601,0.12720200055570993,0.3706585162545151,0.3604890247290914,0.5579883300916921,0.424784662406224,-0.07318699638788552,0.40944706863017505,0.3186996387885524,0.6564045568213392,0.45929424840233396,-0.07185329258127257,0.34059460961378163,0.34609613781606,0.43817727146429564,0.212392331203112,0.07702139483189775,0.36693525979438735,0.308363434287302,0.4491803278688525,0.1072520144484579,0.15904417893859404,0.30747429841622675,0.3729369269241456,0.5612670186162823,0.335037510419561,0.0882467352042234,0.32475687691025285,0.32559044178938595,0.597054737427063,0.3168102250625174,0.08635732147818839,0.2809669352597944,0.38682967490969716,0.6650180605723812,0.5244234509585997,0.004556821339260906,0.4180050013892748,0.5931091969991664,1.0,0.5163656571269797,0.21428174492914698,0.33409280355654347,0.28791330925257014,0.588941372603501,0.17866073909419283,0.09441511530980828,0.45618227285357044,0.5011392053348153,0.6254515143095304,0.23078632953598222,0.19127535426507364,0.3465407057515977,0.47785495971103087,0.7350930814115032,0.49941650458460685,-0.04128924701305918,0.4332870241733815,0.4017782717421506,0.6429008057793831,0.49836065573770494,-0.0675743262017227,0.29302584051125313,0.31742150597388163,0.627507641011392,0.41689358155043066,-0.11653237010280633
T8_beta_power,0.36382328424562377,0.26535148652403445,0.32914698527368713,0.3240344540150042,-0.08669074742984162,0.3156988052236732,0.27885523756599057,0.26879688802445123,0.40511253125868296,-0.23928869130313976,0.35748819116421227,0.4544040011114198,0.3750486246179494,0.5288135593220339,-0.1595443178660739,0.3886079466518477,0.40200055570991944,0.4143373159210892,0.6027785495971103,-0.21767157543762156,0.32358988607946654,0.3888858016115588,0.3414837454848569,0.566046123923312,-0.16176715754376217,0.3917199222006113,0.38960822450680743,0.4683523200889136,0.7211447624340095,-0.18299527646568492,0.39127535426507365,0.30464017782717423,0.2669074742984162,0.45351486524034457,-0.2044456793553765,0.4215059738816338,0.3360377882745207,0.407001944984718,0.5687691025284801,-0.24706863017504863,0.28318977493748265,0.20694637399277577,0.1701028063350931,0.38071686579605446,-0.2026674076132259,0.42022784106696304,0.24912475687691024,0.3522645179216449,0.4514587385384829,-0.2017782717421506,0.2743539872186719,0.2565712697971659,0.36549041400389,0.4620172270075021,-0.18621839399833287,0.3189774937482634,0.3008613503751042,0.32653514865240346,0.521311475409836,-0.17593776048902474,0.23989997221450404,0.2786329535982217,0.3343706585162545,0.6113920533481523,-0.2099472075576549,0.2658516254515143,0.37660461239233123,0.5163656571269797,1.0,-0.36787996665740486,0.29936093359266464,0.19772158933036954,0.2351208669074743,0.2901361489302584,-0.13937204779105308,0.3570436232286746,0.29941650458460684,0.29519310919699915,0.44445679355376494,-0.23984440122256181,0.31314253959433175,0.33403723256460127,0.3253681578216171,0.5195887746596277,-0.2797999444290081,0.3687691025284801,0.31292025562656295,0.3578771881078077,0.5841622672964712,-0.26090580716865797,0.2709641567101973,0.3135871075298694,0.4173937204779105,0.5306474020561267,-0.21028063350930815
T8_theta_beta_ratio,0.201889413726035,0.33181439288691306,0.04517921644901361,0.03584328980272298,0.47168657960544597,0.1152542372881356,0.2225062517365935,-0.0025006946373992774,-0.26879688802445123,0.6368435676576827,0.1865518199499861,0.13459294248402334,-0.08057793831619894,-0.2618505140316755,0.5519310919699917,0.15432064462350653,0.25696026674076133,-0.1568213392609058,-0.3487635454292859,0.6675743262017227,0.19222006112809115,0.2745762711864407,-0.1413726035009725,-0.16326757432620173,0.6266185051403168,0.2755765490414004,0.35754376215615447,-0.02117254792998055,-0.20238955265351485,0.7195332036676855,0.2512920255626563,0.30658516254515145,-0.0042789663795498745,-0.11430953042511809,0.5450402889691581,0.14098360655737704,0.2452347874409558,-0.06507363156432343,-0.17043623228674631,0.5604334537371493,0.3846624062239511,0.4438455126424007,0.20494581828285635,-0.0784106696304529,0.4980272297860517,0.11553209224784662,0.2764101139205335,-0.11514309530425118,-0.2619060850236177,0.5219227563212003,0.05957210336204501,0.22395109752709086,-0.00405668241178105,-0.12559044178938594,0.4101139205334815,0.10313976104473464,0.24556821339260906,0.0495137538205057,-0.19149763823284247,0.5264795776604613,0.21328146707418727,0.35537649347040845,0.028452347874409558,-0.1954431786607391,0.5137538205056961,0.5872186718532926,0.657126979716588,0.21428174492914698,-0.36787996665740486,1.0,0.28752431230897474,0.4063906640733537,0.1540427896637955,-0.10930814115031953,0.5383161989441512,0.1884968046679633,0.43061961656015557,0.04540150041678244,-0.2313976104473465,0.6363434287302029,0.290025006946374,0.3343150875243123,0.035898860794665186,-0.10930814115031953,0.5652681300361212,0.19322033898305085,0.32270075020839123,-0.04345651569880522,-0.20794665184773548,0.513198110586274,0.36526813003612113,0.37660461239233123,-0.05418171714365101,-0.15982217282578495,0.5206446235065296
P7_delta_power,0.7160878021672686,0.6367879966657405,0.39849958321756046,0.1711030841900528,0.5417060294526257,0.7652681300361212,0.6621839399833287,0.44123367602111696,0.198110586273965,0.4848569046957488,0.6716310086135038,0.4163378716310086,0.2561267018616282,0.15532092247846624,0.3954987496526813,0.7277021394831897,0.5599333148096693,0.12675743262017228,0.11647679911086413,0.4736871353153654,0.7792720200055571,0.5872742428452348,0.21305918310641844,0.29952764656849123,0.45790497360377885,0.7025840511253126,0.4569046957488191,0.05084745762711865,0.21467074187274243,0.4386218393998333,0.8074465129202556,0.5383161989441512,0.2801333703806613,0.2710752986940817,0.4014448457904974,0.6686301750486247,0.504584606835232,0.2808002222839678,0.22278410669630452,0.3876632397888302,0.7796610169491526,0.6315643234231731,0.424784662406224,0.30458460683523203,0.32920255626562933,0.6935815504306752,0.5391497638232843,0.37560433453737146,0.3099194220616838,0.2206724090025007,0.4775215337593776,0.5019171992220061,0.34176160044456794,0.28413448180050016,0.3152542372881356,0.5326479577660461,0.4267852181161434,0.28152264517921644,0.2306196165601556,0.31614337315921087,0.6437899416504584,0.6469574881911642,0.3991108641289247,0.26235065295915533,0.4335093081411503,0.6191719922200611,0.5520978049458183,0.33409280355654347,0.29936093359266464,0.28752431230897474,1.0,0.7735482078355098,0.5365379272020006,0.31208669074742984,0.5089747151986663,0.7240900250069464,0.6281744929146985,0.38293970547374273,0.30875243123089746,0.2316198944151153,0.7425395943317589,0.559544317866074,0.2936926924145596,0.3889969435954432,0.2135037510419561,0.6732981383717699,0.5038621839399833,0.18571825507085302,0.27785495971103086,0.3070853014726313,0.7889969435954431,0.5419283134203946,0.32681300361211446,0.28752431230897474,0.272242289524868
P7_theta_power,0.6748541261461517,0.7711030841900528,0.4558488469019172,0.30941928313420397,0.5181994998610725,0.6705195887746597,0.7818838566268408,0.5135315365379272,0.3079744373437066,0.5119755487635455,0.5884968046679633,0.6125034731869964,0.362267296471242,0.27707696582383995,0.4233953876076688,0.5857738260627953,0.7517088080022228,0.2485690469574882,0.21639344262295082,0.5273687135315366,0.6010558488469019,0.7206446235065296,0.246901917199222,0.4142261739372048,0.4732981383717699,0.5208669074742984,0.6217838288413449,0.10847457627118644,0.2627396499027508,0.5085857182550708,0.7229786051681022,0.7694915254237288,0.41594887468741315,0.43450958599611,0.4855793275909975,0.5963323145318143,0.714031675465407,0.36260072242289526,0.35737704918032787,0.4414559599888858,0.7916087802167269,0.8782439566546263,0.6445679355376494,0.4736315643234232,0.3230897471519867,0.6421228118921922,0.7510419560989163,0.4775771047513198,0.3645457071408725,0.3370936371214226,0.3856626840789108,0.6332870241733815,0.4729647124201167,0.3503751041956099,0.34448457904973606,0.4314531814392887,0.5854959711030842,0.42195054181717145,0.38727424284523476,0.3452070019449847,0.4310641844956932,0.7592108919144207,0.5005834954153932,0.2860238955265351,0.49519310919699916,0.486524034454015,0.6386218393998333,0.28791330925257014,0.19772158933036954,0.4063906640733537,0.7735482078355098,1.0,0.6802445123645458,0.43578771881078077,0.5527646568491248,0.5714920811336482,0.7757154765212559,0.46635176437899417,0.3273687135315365,0.27385384829119197,0.6900805779383162,0.7106418449569325,0.3898305084745763,0.47151986662961937,0.2810225062517366,0.5234787440955821,0.7196443456515699,0.29491525423728815,0.30752986940816895,0.46990830786329535,0.8052792442345096,0.8082800777993887,0.4306751875520978,0.3865518199499861,0.44862461794943037
P7_alpha_power,0.4903584328980272,0.5524312308974715,0.7066407335370937,0.36721311475409835,0.25996110030564046,0.4441233676021117,0.5217004723534315,0.604056682411781,0.21283689913864962,0.3285912753542651,0.49397054737427065,0.5309808280077799,0.7288135593220338,0.5143095304251181,0.04406779661016949,0.43073075854404,0.5262572936926924,0.5587107529869408,0.44751319811058626,0.09119199777716032,0.5463184217838288,0.5360377882745208,0.6218393998332871,0.5792720200055571,0.07318699638788552,0.34259516532370105,0.40727979994442903,0.4141150319533204,0.436398999722145,0.09524868018894138,0.46796332314531813,0.4955265351486524,0.6066685190330647,0.4855793275909975,0.0892470130591831,0.3750486246179494,0.41683801055848846,0.5957210336204501,0.48858016115587666,-0.0007224228952486802,0.5958321756043345,0.6472909141428175,0.7558210614059461,0.39149763823284245,0.18938594053903862,0.4936926924145596,0.5657126979716588,0.660905807168658,0.28513475965545987,0.22678521811614338,0.45790497360377885,0.5756043345373715,0.7499861072520144,0.4946373992775771,0.18705195887746595,0.4180050013892748,0.4849680466796332,0.743651014170603,0.4979716587941095,0.13264795776604613,0.31608780216726867,0.5380383439844402,0.8283967768824674,0.4297304806890803,0.18393998332870243,0.25179216449013614,0.3855515420950264,0.588941372603501,0.2351208669074743,0.1540427896637955,0.5365379272020006,0.6802445123645458,1.0,0.5511530980828008,0.17071408724645734,0.5062517365934982,0.5907752153375938,0.7767713253681579,0.4479577660461239,0.0034454015004167825,0.48569046957488193,0.520477910530703,0.6973603778827452,0.6319533203667685,-0.11725479299805501,0.3527090858571825,0.4451792164490136,0.5628230063906641,0.5113642678521811,0.06268407891080856,0.4963601000277855,0.4831897749374826,0.6702973048068908,0.5100861350375104,-0.01722700750208391
P7_beta_power,0.3774381772714643,0.3884968046679633,0.36493470408446793,0.3640455682133926,0.04856904695748819,0.31191997777160324,0.3155320922478466,0.3422061683801056,0.3703806612948041,-0.04617949430397333,0.3262572936926924,0.4004445679355377,0.43395387607668795,0.4737982772992498,-0.12986940816893583,0.46335093081411505,0.4047235343150875,0.3233120311197555,0.39038621839399834,-0.029563767713253683,0.4025006946373993,0.3390386218393998,0.3345929424840233,0.38971936649069183,0.01856071130869686,0.4047235343150875,0.2729091414281745,0.14531814392886913,0.32747985551542097,-0.028841344818005002,0.3475409836065574,0.36593498193942764,0.34265073631564325,0.39772158933036955,0.025118088357877186,0.2820227841066963,0.3504306751875521,0.35448735759933314,0.4442345095859961,-0.11736593498193942,0.392998055015282,0.41255904417893857,0.5113086968602389,0.42411781050291747,-0.03567657682689636,0.3961100305640456,0.3971103084190053,0.3964434565156988,0.3578216171158655,-0.0038343984440122256,0.446901917199222,0.425062517365935,0.431008613503751,0.41139205334815226,0.08846901917199222,0.3782161711586552,0.4927479855515421,0.5109752709085857,0.5756043345373715,0.030953042511808835,0.21750486246179496,0.3883300916921367,0.47724367879966656,0.4018338427340928,0.06207279799944429,0.19333148096693525,0.1891636565712698,0.17866073909419283,0.2901361489302584,-0.10930814115031953,0.31208669074742984,0.43578771881078077,0.5511530980828008,1.0,-0.39355376493470406,0.3631564323423173,0.3400944706863018,0.424784662406224,0.4802445123645457,-0.20727979994442902,0.3143095304251181,0.28669074742984163,0.30119477632675745,0.468463462072798,-0.20394554042789664,0.358488469019172,0.3090302861906085,0.22311753264795778,0.32575715476521255,0.08991386496248958,0.3517643789941651,0.358210614059461,0.4132814670741873,0.436398999722145,-0.08669074742984162
P7_theta_beta_ratio,0.3297026951931092,0.3991664351208669,0.11197554876354543,-0.058071686579605444,0.5677132536815782,0.3731592108919144,0.4666851903306474,0.17165879410947485,-0.08307863295359823,0.6464017782717422,0.3231453181439289,0.2478466240622395,-0.010280633509308142,-0.20583495415393166,0.6559044178938594,0.24490136148930258,0.3633787163100861,-0.05557099194220617,-0.2017227007502084,0.656348985829397,0.25784940261183664,0.4090025006946374,-0.042678521811614335,-0.00022228396776882467,0.5637121422617394,0.1902195054181717,0.3232008891358711,-0.07563212003334259,-0.1180327868852459,0.5892747985551542,0.3854959711030842,0.40227841066963044,0.08613503751041957,-0.016615726590719644,0.5944429008057793,0.3494303973325924,0.38049458182828566,0.05718255070853015,-0.13225896082245067,0.66524034454015,0.41133648235621006,0.45907196443456516,0.15059738816337873,-0.01233676021116977,0.5001944984717978,0.28524590163934427,0.34481800500138926,0.09680466796332314,-0.04162267296471242,0.4174492914698527,0.012670186162823007,0.23745484856904694,0.06435120866907475,-0.05929424840233398,0.35337593776048903,0.11497638232842457,0.14792998055015283,-0.020283412058905253,-0.13475965545984997,0.38788552375659907,0.23728813559322035,0.4065573770491803,0.07079744373437066,-0.16237843845512642,0.5686579605445957,0.31392053348152266,0.42411781050291747,0.09441511530980828,-0.13937204779105308,0.5383161989441512,0.5089747151986663,0.5527646568491248,0.17071408724645734,-0.39355376493470406,1.0,0.26624062239510976,0.45929424840233396,0.10825229230341761,-0.1558210614059461,0.5664906918588497,0.3865518199499861,0.41906085023617673,0.09430397332592387,-0.0031119755487635454,0.5753264795776605,0.21578216171158654,0.39594331758821893,0.06474020561267019,-0.02378438455126424,0.4739094192831342,0.44556821339260905,0.4225618227285357,0.014170602945262572,-0.06951931091969991,0.5838844123367603
P8_delta_power,0.7340928035565435,0.5504306751875521,0.4205056960266741,0.10013892747985552,0.4903584328980272,0.7280911364267852,0.5541539316476799,0.4141706029452626,0.10997499305362601,0.4530702973048069,0.6903584328980272,0.39155320922478465,0.35520978049458185,0.17599333148096694,0.3145318143928869,0.780050013892748,0.5146429563767714,0.26618505140316756,0.18777438177271463,0.30341761600444567,0.716421228118922,0.4820783550986385,0.3089191442067241,0.2764656849124757,0.3590997499305363,0.7461517088080022,0.4525145873853848,0.24562378438455126,0.30030564045568214,0.31747707696582383,0.7504862461794943,0.4871908863573215,0.38516254515143095,0.2777438177271464,0.2829119199777716,0.6696304529035844,0.4501806057238122,0.3332592386774104,0.2090580716865796,0.2666296193387052,0.7762711864406779,0.6117254792998055,0.497026951931092,0.3036398999722145,0.26323978883023064,0.7613225896082245,0.5554320644623506,0.47724367879966656,0.31919977771603225,0.17982772992497917,0.6921367046401778,0.5316476799110864,0.354987496526813,0.2207835509863851,0.43206446235065293,0.6771881078077243,0.5608224506807447,0.4671853292581273,0.3215893303695471,0.3007502083912198,0.506751875520978,0.4650180605723812,0.4277299249791609,0.21322589608224507,0.3029174770769658,0.6027229786051681,0.49235898860794663,0.45618227285357044,0.3570436232286746,0.1884968046679633,0.7240900250069464,0.5714920811336482,0.5062517365934982,0.3631564323423173,0.26624062239510976,1.0,0.7741039177549319,0.5613781606001668,0.40500138927479856,0.26001667129758266,0.7044734648513475,0.5020283412058906,0.34487357599333146,0.3040288969158099,0.2243400944706863,0.805112531258683,0.5173103639899972,0.34231731036399,0.30113920533481525,0.25712697971658793,0.7292581272575716,0.45012503473187,0.3704918032786885,0.23217560433453738,0.20422339538760767
P8_theta_power,0.631786607390942,0.6930258405112532,0.46001667129758267,0.2161155876632398,0.5384829119199778,0.5583773270352875,0.6454570714087247,0.4457904973603779,0.11514309530425118,0.5655459849958322,0.614003889969436,0.610502917477077,0.42017227007502084,0.2566268407891081,0.4332870241733815,0.6571825507085302,0.739094192831342,0.36282300639066406,0.2541261461517088,0.4883023061961656,0.548541261461517,0.6900805779383162,0.31736593498193943,0.3685468185607113,0.5190886357321478,0.6070575159766601,0.6501806057238122,0.31197554876354544,0.3647124201166991,0.4667963323145318,0.6819116421228119,0.7019171992220061,0.47796610169491527,0.3750486246179494,0.39583217560433454,0.5782717421505974,0.6636843567657683,0.4057793831619894,0.29502639622117255,0.4195609891636566,0.7473742706307308,0.8002222839677688,0.6281189219227563,0.35354265073631563,0.34993053626007226,0.664684634620728,0.7410391775493193,0.5293136982495138,0.2777438177271464,0.37454848569046956,0.47429841622672964,0.6386774103917755,0.47429841622672964,0.3548207835509864,0.3827729924979161,0.44723534315087526,0.5603778827452071,0.4810225062517366,0.3631008613503751,0.29947207557654903,0.37882745207001944,0.6298971936649069,0.49852736871353154,0.22572936926924145,0.43273131425395944,0.5397610447346485,0.6984717977215893,0.5011392053348153,0.29941650458460684,0.43061961656015557,0.6281744929146985,0.7757154765212559,0.5907752153375938,0.3400944706863018,0.45929424840233396,0.7741039177549319,1.0,0.6571825507085302,0.44540150041678245,0.3580439010836343,0.6019449847179772,0.6966379549874965,0.4426785218116143,0.39322033898305087,0.3493748263406502,0.6193942761878299,0.7465407057515977,0.44106696304529036,0.3632120033342595,0.38727424284523476,0.7781050291747708,0.7540983606557377,0.47935537649347043,0.32681300361211446,0.4449013614893026
P8_alpha_power,0.43373159210891915,0.45290358432898026,0.6261739372047791,0.27063073075854405,0.2342873020283412,0.36260072242289526,0.46168380105584883,0.582217282578494,0.1964434565156988,0.306474020561267,0.36521255904417893,0.42289524868018896,0.6892470130591831,0.4764656849124757,0.005334815226451792,0.43495415393164766,0.4694637399277577,0.6370102806335093,0.5101417060294526,-0.010836343428730202,0.4267852181161434,0.4530702973048069,0.6042789663795499,0.49413726035009725,0.08524590163934426,0.35959988885801614,0.3284245623784385,0.48257849402611835,0.48168935815504305,-0.02361767157543762,0.4182272853570436,0.43995554320644625,0.6441233676021118,0.42639622117254794,0.018727424284523477,0.2980272297860517,0.3240900250069464,0.5969991664351209,0.418060572381217,-0.05568213392609058,0.45729369269241454,0.5107529869408169,0.652014448457905,0.26751875520978047,0.18455126424006668,0.4998055015282023,0.5517643789941651,0.7843845512642401,0.34087246457349263,0.1467629897193665,0.439622117254793,0.4894692970269519,0.6666851903306474,0.42528480133370383,0.1774381772714643,0.32036676854681856,0.37966101694915255,0.7036398999722145,0.525590441789386,-0.0405112531258683,0.20878021672686858,0.34176160044456794,0.6624617949430397,0.3070297304806891,0.12653514865240345,0.21578216171158654,0.31297582661850515,0.6254515143095304,0.29519310919699915,0.04540150041678244,0.38293970547374273,0.46635176437899417,0.7767713253681579,0.424784662406224,0.10825229230341761,0.5613781606001668,0.6571825507085302,1.0,0.6039455404278966,-0.07063073075854404,0.35976660183384274,0.4846901917199222,0.6665184773548208,0.5754376215615449,-0.06807446512920255,0.42628507918866354,0.4540150041678244,0.6521255904417894,0.5971658794109475,-0.08413448180050014,0.3771047513198111,0.3812170047235343,0.6258960822450681,0.46985273687135315,-0.03839955543206446
P8_beta_power,0.4522367324256738,0.42383995554320647,0.47151986662961937,0.4747429841622673,-0.10514031675465407,0.3665462628507919,0.3548207835509864,0.3664351208669075,0.4451236454570714,-0.1287579883300917,0.28685746040566823,0.38188385662684077,0.3580994720755766,0.5111975548763545,-0.20050013892747987,0.3216449013614893,0.3583773270352876,0.3687135315365379,0.5490969713809392,-0.19966657404834676,0.39316476799110867,0.336926924145596,0.23995554320644624,0.4511253125868297,-0.08446790775215338,0.21661572659071965,0.12725757154765213,0.1863851069741595,0.4611280911364268,-0.32742428452347877,0.336926924145596,0.34565156988052237,0.4352320088913587,0.4467907752153376,-0.10025006946373993,0.23123089747151987,0.25062517365934983,0.33759377604890245,0.4724645734926368,-0.26735204223395387,0.390830786329536,0.3883856626840789,0.484912475687691,0.4524034454015004,-0.12686857460405668,0.41483745484856904,0.4198944151153098,0.5899416504584607,0.5898305084745763,-0.2450680744651292,0.4549597110308419,0.4666851903306474,0.47735482078355096,0.6527368713531536,-0.06207279799944429,0.2911919977771603,0.33003612114476244,0.3570436232286746,0.5455404278966379,-0.15643234231731037,0.060683523200889135,0.17610447346485134,0.2840233398166157,0.30047235343150874,-0.13559322033898305,0.205390386218394,0.180050013892748,0.23078632953598222,0.44445679355376494,-0.2313976104473465,0.30875243123089746,0.3273687135315365,0.4479577660461239,0.4802445123645457,-0.1558210614059461,0.40500138927479856,0.44540150041678245,0.6039455404278966,1.0,-0.6128924701305918,0.34709641567101973,0.3040288969158099,0.3424284523478744,0.5661572659071964,-0.32025562656293416,0.26629619338705196,0.2785218116143373,0.32892470130591833,0.5419283134203946,-0.21372603500972492,0.313753820505696,0.31925534870797445,0.383828841344818,0.5192553487079744,-0.18066129480411225
P8_theta_beta_ratio,0.11191997777160323,0.13726035009724924,-0.08980272297860517,-0.24612392331203112,0.547985551542095,0.10680744651292026,0.16799110864128924,-0.0055015282022784105,-0.35220894692970267,0.6274520700194498,0.239622117254793,0.10958599611003056,-0.03212003334259517,-0.3036954709641567,0.5887190886357322,0.2532925812725757,0.24795776604612393,-0.07991108641289248,-0.32909141428174493,0.6223951097527091,0.1170880800222284,0.23500972492358987,0.01611558766323979,-0.15732147818838566,0.5580994720755765,0.3295359822172826,0.40611280911364267,0.07263128646846347,-0.18221728257849404,0.7663795498749653,0.25257015837732705,0.23545429285912753,-0.007168657960544595,-0.12636843567657682,0.4758544040011114,0.26518477354820785,0.28657960544595723,-0.007891080855793276,-0.24373437065851625,0.656849124756877,0.22656293414837456,0.23445401500416782,0.02439566546262851,-0.17171436510141705,0.4414559599888858,0.14165045846068353,0.17126979716587942,-0.16699083078632954,-0.36815782161711585,0.5960544595721033,0.0016115587663239788,0.09196999166435121,-0.09046957488191164,-0.3108085579327591,0.4375659905529314,0.1279244234509586,0.1593776048902473,0.025840511253125868,-0.25568213392609057,0.48569046957488193,0.2341761600444568,0.3101417060294526,0.09758266185051404,-0.11030841900527924,0.47735482078355096,0.3100861350375104,0.4080577938316199,0.19127535426507364,-0.23984440122256181,0.6363434287302029,0.2316198944151153,0.27385384829119197,0.0034454015004167825,-0.20727979994442902,0.5664906918588497,0.26001667129758266,0.3580439010836343,-0.07063073075854404,-0.6128924701305918,1.0,0.20605723812170046,0.2839121978327313,0.030063906640733537,-0.20727979994442902,0.6394554042789664,0.28696860238955263,0.3115309808280078,0.011003056404556821,-0.23028619060850236,0.5448180050013893,0.3153098082800778,0.28252292303417614,-0.015282022784106696,-0.2523478744095582,0.5806612948041122
Fz_delta_power,0.7725479299805501,0.5708808002222839,0.34909697138093915,0.22128368991386496,0.4064462350652959,0.7240344540150042,0.5685468185607113,0.3104195609891637,0.1324256737982773,0.3964434565156988,0.6760766879688802,0.47096415671019726,0.25923867741039175,0.19394276187829954,0.3450402889691581,0.7018616282300639,0.5532092247846624,0.1837176993609336,0.2271742150597388,0.33948318977493747,0.7377604890247291,0.5620450125034732,0.17982772992497917,0.3044178938594054,0.4133370380661295,0.7344262295081967,0.5412614615170881,0.13092525701583774,0.2710197277021395,0.4352875798833009,0.7898860794665185,0.5796054459572103,0.32475687691025285,0.34826340650180604,0.3697138093914976,0.7342595165323701,0.5787718810780772,0.26440677966101694,0.24912475687691024,0.360377882745207,0.8635732147818839,0.7294804112253404,0.5109196999166435,0.30969713809391497,0.36076687968880244,0.774937482634065,0.668741317032509,0.510530702973048,0.3540983606557377,0.3027507641011392,0.5152542372881356,0.42728535704362325,0.2550708530147263,0.26746318421783827,0.24729091414281745,0.6192831342039455,0.5788830230619617,0.3414281744929147,0.36626840789108084,0.3389274798555154,0.5708252292303417,0.5718810780772436,0.3209224784662406,0.20572381217004723,0.40138927479855513,0.6232842456237844,0.574381772714643,0.3465407057515977,0.31314253959433175,0.290025006946374,0.7425395943317589,0.6900805779383162,0.48569046957488193,0.3143095304251181,0.3865518199499861,0.7044734648513475,0.6019449847179772,0.35976660183384274,0.34709641567101973,0.20605723812170046,1.0,0.709419283134204,0.3748263406501806,0.4313976104473465,0.24667963323145317,0.7100305640455682,0.5827729924979161,0.23673242567379826,0.35198666296193387,0.26974159488746874,0.752042233953876,0.5504306751875521,0.30130591831064185,0.2648513475965546,0.2810225062517366
Fz_theta_power,0.5703806612948041,0.6453459294248403,0.5038621839399833,0.3115309808280078,0.36993609335926647,0.5282022784106696,0.664684634620728,0.5204223395387607,0.20305640455682133,0.43739927757710473,0.5647679911086413,0.7274798555154209,0.5185329258127258,0.46451792164490135,0.25790497360377884,0.5434843011947763,0.7922756321200334,0.5009724923589886,0.4322311753264796,0.33831619894415116,0.46151708808002223,0.7414281744929146,0.3863295359822173,0.49502639622117256,0.41039177549319256,0.5254237288135594,0.7068630175048625,0.3887190886357321,0.40411225340372325,0.45195887746596275,0.6189497082522923,0.739372047791053,0.5836065573770491,0.5625451514309531,0.25445957210336206,0.5189219227563212,0.6707974437343707,0.4280633509308141,0.38782995276465687,0.30880800222283966,0.6662961933870519,0.6954709641567102,0.5579883300916921,0.4647402056126702,0.1702695193109197,0.6095582106140595,0.6422895248680189,0.5433731592108919,0.3262017227007502,0.31414281744929146,0.38927479855515423,0.5753820505696027,0.5206446235065296,0.4100583495415393,0.23834398444012225,0.4385106974159489,0.5581550430675187,0.47496526813003614,0.3910530702973048,0.2746318421783829,0.3133092525701584,0.5884412336760211,0.45262572936926926,0.33309252570158376,0.28130036121144764,0.4439566546262851,0.6615726590719644,0.47785495971103087,0.33403723256460127,0.3343150875243123,0.559544317866074,0.7106418449569325,0.520477910530703,0.28669074742984163,0.41906085023617673,0.5020283412058906,0.6966379549874965,0.4846901917199222,0.3040288969158099,0.2839121978327313,0.709419283134204,1.0,0.693525979438733,0.6425673798277299,0.30230619616560156,0.5454292859127535,0.7728257849402612,0.48135593220338985,0.48341205890525146,0.2816893581550431,0.6451236454570715,0.74609613781606,0.5130869686023896,0.48268963601000275,0.2944706863017505
Fz_alpha_power,0.3104751319811059,0.38049458182828566,0.7109752709085857,0.3180327868852459,0.10953042511808836,0.2107252014448458,0.3874965268130036,0.6009447068630175,0.13942761878299528,0.23284245623784386,0.42728535704362325,0.6117810502917477,0.8716865796054459,0.6351208669074743,-0.0937482634065018,0.3370936371214226,0.5733259238677411,0.8363434287302028,0.616171158655182,-0.07001944984717977,0.33720477910530705,0.5718810780772436,0.8206168380105585,0.6491803278688525,-0.01044734648513476,0.2477354820783551,0.4426785218116143,0.6521811614337316,0.4966935259794387,0.004223395387607669,0.35715476521255907,0.5029730480689081,0.8245623784384551,0.6629619338705196,-0.16615726590719646,0.3280911364267852,0.37877188107807724,0.7038621839399833,0.5137538205056961,-0.1162545151430953,0.3494303973325924,0.43584328980272297,0.612670186162823,0.42961933870519586,-0.05156988052236732,0.3886635176437899,0.37232564601278134,0.6239510975270909,0.24334537371492082,0.1298138371769936,0.3821061405946096,0.5317032509030286,0.7507085301472631,0.5178105029174771,0.08835787718810781,0.3540983606557377,0.4026118366212837,0.6950819672131148,0.41022506251736596,0.07001944984717977,0.1252014448457905,0.3696582383995554,0.7446512920255627,0.4895248680188941,-0.041567101972770214,0.15098638510697415,0.3604334537371492,0.7350930814115032,0.3253681578216171,0.035898860794665186,0.2936926924145596,0.3898305084745763,0.6973603778827452,0.30119477632675745,0.09430397332592387,0.34487357599333146,0.4426785218116143,0.6665184773548208,0.3424284523478744,0.030063906640733537,0.3748263406501806,0.693525979438733,1.0,0.7410391775493193,-0.13442622950819672,0.3464851347596555,0.4838010558488469,0.7653237010280634,0.6100027785495971,-0.11742150597388164,0.2636843567657683,0.408891358710753,0.7653237010280634,0.5726590719644346,-0.16921367046401778
Fz_beta_power,0.4637954987496527,0.5202000555709919,0.6346207279799945,0.6103917754931926,-0.0964156710197277,0.376271186440678,0.45507085301472633,0.5079744373437066,0.4489580439010836,-0.0297304806890803,0.3694359544317866,0.6132258960822451,0.6497916087802167,0.8220061128091136,-0.2772992497916088,0.36493470408446793,0.554987496526813,0.6311753264795776,0.8081689358155043,-0.246901917199222,0.4207835509863851,0.5962767435398721,0.6127257571547652,0.8477354820783551,-0.1611558766323979,0.27246457349263686,0.4479577660461239,0.4710752986940817,0.7205890525145874,-0.15904417893859404,0.4502917477076966,0.5968324534592943,0.7021950541817171,0.8386218393998333,-0.2514587385384829,0.33320366768546816,0.4308974715198666,0.5962767435398721,0.722645179216449,-0.2720200055570992,0.39783273131425395,0.45990552931369827,0.5944984717977216,0.6253959433175882,-0.2097249235898861,0.4911364267852181,0.4631842178382884,0.6361767157543762,0.5156988052236733,-0.039622117254793,0.3580994720755766,0.49958321756043345,0.6702973048068908,0.7055848846901918,-0.12853570436232287,0.34087246457349263,0.4406223951097527,0.5805501528202278,0.6639622117254793,-0.11136426785218116,0.22372881355932203,0.4127257571547652,0.6198388441233676,0.6420116699083078,-0.1262017227007502,0.18049458182828562,0.35871075298694083,0.49941650458460685,0.5195887746596277,-0.10930814115031953,0.3889969435954432,0.47151986662961937,0.6319533203667685,0.468463462072798,-0.0031119755487635454,0.3040288969158099,0.39322033898305087,0.5754376215615449,0.5661572659071964,-0.20727979994442902,0.4313976104473465,0.6425673798277299,0.7410391775493193,1.0,-0.454459572103362,0.3463184217838288,0.5036398999722145,0.5510975270908586,0.8009447068630176,-0.24740205612670185,0.37004723534315087,0.48963601000277857,0.6686857460405669,0.8392331203111976,-0.290025006946374
Fz_theta_beta_ratio,0.13492636843567657,0.15559877743817727,-0.17249235898860796,-0.3550986385106974,0.637454848569047,0.17799388719088635,0.2552375659905529,0.03145318143928869,-0.26607390941928316,0.6273409280355654,0.1827174215059739,0.08885801611558766,-0.16799110864128924,-0.45201444845790495,0.7289247013059184,0.1963323145318144,0.23467629897193665,-0.17510419560989163,-0.4514587385384829,0.7470408446790775,0.03884412336760211,0.14353987218671854,-0.26073909419283137,-0.443123089747152,0.7718810780772437,0.26240622395109753,0.23989997221450404,-0.13820505696026675,-0.3973881633787163,0.7524312308974715,0.18666296193387052,0.15237565990552931,-0.17399277577104752,-0.36176715754376215,0.7096415671019728,0.15793275909974994,0.20422339538760767,-0.21311475409836064,-0.4188941372603501,0.7000277854959711,0.27596554598499584,0.2562378438455126,-0.07229786051681023,-0.24740205612670185,0.5513753820505696,0.1072520144484579,0.17538205056960265,-0.13181439288691302,-0.23934426229508196,0.4425673798277299,0.05796054459572103,0.09919422061683801,-0.15454292859127536,-0.3443734370658516,0.5114754098360655,0.13009169213670463,0.15998888580161155,-0.0847457627118644,-0.2720755765490414,0.5393720477910531,0.108085579327591,0.21505973881633786,-0.18782995276465686,-0.39344262295081966,0.567379827729925,0.282745207001945,0.30686301750486245,-0.04128924701305918,-0.2797999444290081,0.5652681300361212,0.2135037510419561,0.2810225062517366,-0.11725479299805501,-0.20394554042789664,0.5753264795776605,0.2243400944706863,0.3493748263406502,-0.06807446512920255,-0.32025562656293416,0.6394554042789664,0.24667963323145317,0.30230619616560156,-0.13442622950819672,-0.454459572103362,1.0,0.2298971936649069,0.2648513475965546,-0.12786885245901639,-0.3898305084745763,0.7129758266185051,0.2964156710197277,0.2638510697415949,-0.2107252014448458,-0.4300639066407335,0.7497082522923034
Cz_delta_power,0.680300083356488,0.46974159488746875,0.3133092525701584,0.1440400111141984,0.3866629619338705,0.6554042789663795,0.5196999166435121,0.3611003056404557,0.1369824951375382,0.3938871908863573,0.6646290636287858,0.4216726868574604,0.31842178382884134,0.1694359544317866,0.32470130591831065,0.7959988885801611,0.5767713253681578,0.27813281467074186,0.21683801055848848,0.3042511808835788,0.7043067518755209,0.5472075576549041,0.33125868296749095,0.29719366490691856,0.41589330369547095,0.8895804390108364,0.6236176715754376,0.29924979160878024,0.3843845512642401,0.43723256460127813,0.8166712975826619,0.5679911086412892,0.4187274242845235,0.3528757988330092,0.2577382606279522,0.7142539594331759,0.5520422339538761,0.3461517088080022,0.26885245901639343,0.29936093359266464,0.6818005001389275,0.5589330369547096,0.36065573770491804,0.2362322867463184,0.29397054737427064,0.7660461239233121,0.5498749652681301,0.42645179216449014,0.3527090858571825,0.1639899972214504,0.5866073909419283,0.4447902195054182,0.26607390941928316,0.14292859127535426,0.35726590719644347,0.6509030286190608,0.5817171436510141,0.43045290358432897,0.38710752986940816,0.2903584328980272,0.6549597110308419,0.5668796888024451,0.3244234509585996,0.18066129480411225,0.4257849402611837,0.567657682689636,0.5217004723534315,0.4332870241733815,0.3687691025284801,0.19322033898305085,0.6732981383717699,0.5234787440955821,0.3527090858571825,0.358488469019172,0.21578216171158654,0.805112531258683,0.6193942761878299,0.42628507918866354,0.26629619338705196,0.28696860238955263,0.7100305640455682,0.5454292859127535,0.3464851347596555,0.3463184217838288,0.2298971936649069,1.0,0.6839677688246735,0.3687135315365379,0.3901639344262295,0.2764656849124757,0.6968602389552654,0.5179772158933037,0.3719922200611281,0.25357043623228676,0.27352042233953877
Cz_theta_power,0.6231731036399,0.6861906085023618,0.4621283689913865,0.33009169213670464,0.3930536260072242,0.5383161989441512,0.6631286468463462,0.4774103917754932,0.28669074742984163,0.4091136426785218,0.5606557377049181,0.7030286190608502,0.4321200333425952,0.3523200889135871,0.35026396221172545,0.5728257849402612,0.7817727146429564,0.4297860516810225,0.3377049180327869,0.3774937482634065,0.49202556265629344,0.8040011114198389,0.37671575437621563,0.5001944984717978,0.4586829674909697,0.5694915254237288,0.8564045568213393,0.4131147540983607,0.4865796054459572,0.5414837454848569,0.6844123367602112,0.8026674076132259,0.570102806335093,0.5489302584051126,0.32586829674909695,0.584662406223951,0.7894415115309809,0.45718255070853014,0.4018338427340928,0.39222006112809116,0.6345651569880523,0.7378716310086135,0.5089191442067241,0.3461517088080022,0.29619338705195886,0.632620172270075,0.6734648513475966,0.4566268407891081,0.3189774937482634,0.28774659627674354,0.38327313142539593,0.6137816060016671,0.44973603778827453,0.252292303417616,0.3774381772714643,0.4404556821339261,0.5963323145318143,0.4722978605168102,0.4556821339260906,0.2924701305918311,0.4457349263684357,0.7342039455404279,0.44190052792442347,0.21689358155043068,0.5035843289802723,0.3764378994165046,0.6278410669630453,0.4017782717421506,0.31292025562656295,0.32270075020839123,0.5038621839399833,0.7196443456515699,0.4451792164490136,0.3090302861906085,0.39594331758821893,0.5173103639899972,0.7465407057515977,0.4540150041678244,0.2785218116143373,0.3115309808280078,0.5827729924979161,0.7728257849402612,0.4838010558488469,0.5036398999722145,0.2648513475965546,0.6839677688246735,1.0,0.5652125590441789,0.5295359822172826,0.43473186996387886,0.6988607946651848,0.8363434287302028,0.4905251458738539,0.45612670186162824,0.42106140594609615
Cz_alpha_power,0.3243678799666574,0.31614337315921087,0.6292859127535426,0.20861350375104196,0.15698805223673243,0.21933870519588775,0.35115309808280076,0.5723812170047236,0.18316198944151152,0.21305918310641844,0.3610447346485135,0.5029730480689081,0.771436510141706,0.5090302861906085,-0.059349819394276186,0.3019171992220061,0.44623506529591556,0.6941372603500973,0.5109752709085857,-0.08841344818005001,0.29163656571269797,0.5013059183106419,0.7725479299805501,0.5400944706863018,0.0006112809113642679,0.23445401500416782,0.42856348985829396,0.648513475965546,0.5237565990552931,-0.005612670186162823,0.3674909697138094,0.4430119477632676,0.7746040566824118,0.5989441511530981,-0.192720200055571,0.3287579883300917,0.42106140594609615,0.7011947763267574,0.5155876632397889,-0.08074465129202556,0.27685468185607115,0.37432620172270076,0.5004167824395666,0.26518477354820785,0.0414559599888858,0.4122256182272854,0.42834120589052516,0.6117254792998055,0.27879966657404837,0.09619338705195887,0.37004723534315087,0.47941094748541263,0.6801889413726036,0.3125312586829675,0.17493748263406503,0.31225340372325644,0.3333703806612948,0.6453459294248403,0.41500416782439564,0.053737149208113365,0.18049458182828562,0.4185607113086969,0.6546818560711308,0.36182272853570435,0.06535148652403446,0.10780772436787997,0.2998610725201445,0.6429008057793831,0.3578771881078077,-0.04345651569880522,0.18571825507085302,0.29491525423728815,0.5628230063906641,0.22311753264795778,0.06474020561267019,0.34231731036399,0.44106696304529036,0.6521255904417894,0.32892470130591833,0.011003056404556821,0.23673242567379826,0.48135593220338985,0.7653237010280634,0.5510975270908586,-0.12786885245901639,0.3687135315365379,0.5652125590441789,1.0,0.702973048068908,-0.1440400111141984,0.24429008057793833,0.4027229786051681,0.7208669074742984,0.5351486524034454,-0.12525701583773272
Cz_beta_power,0.4388441233676021,0.4066685190330647,0.5809391497638233,0.42828563489858296,-0.02856348985829397,0.35026396221172545,0.39033064740205614,0.47424284523478744,0.37871631008613504,-0.026007224228952488,0.37343706585162545,0.557154765212559,0.6325090302861907,0.7450958599611003,-0.2799666574048347,0.36893581550430676,0.47096415671019726,0.6492358988607947,0.8170602945262573,-0.3054181717143651,0.44223395387607667,0.5732703528757989,0.6029452625729369,0.7693248124479022,-0.13025840511253126,0.3070853014726313,0.43912197832731314,0.4955821061405946,0.8097249235898861,-0.2153931647679911,0.44667963323145315,0.5187552097804946,0.6421228118921922,0.7675465407057516,-0.2910252848013337,0.35871075298694083,0.4631286468463462,0.5890525145873854,0.7425395943317589,-0.2845790497360378,0.31203111975548764,0.3379272020005557,0.45284801333703806,0.4127257571547652,-0.10586273964990275,0.45640455682133924,0.40100027785495973,0.6273964990275076,0.555265351486524,-0.13670464017782719,0.37899416504584604,0.49196999166435124,0.6539594331758822,0.5503195332036677,-0.01072520144484579,0.30680744651292025,0.3463184217838288,0.520755765490414,0.6254515143095304,-0.12136704640177827,0.2566824117810503,0.4143928869130314,0.5631008613503751,0.5431508752431231,-0.08196721311475409,0.13003612114476243,0.2694637399277577,0.49836065573770494,0.5841622672964712,-0.20794665184773548,0.27785495971103086,0.30752986940816895,0.5113642678521811,0.32575715476521255,-0.02378438455126424,0.30113920533481525,0.3632120033342595,0.5971658794109475,0.5419283134203946,-0.23028619060850236,0.35198666296193387,0.48341205890525146,0.6100027785495971,0.8009447068630176,-0.3898305084745763,0.3901639344262295,0.5295359822172826,0.702973048068908,1.0,-0.4277854959711031,0.27379827729924977,0.4365101417060295,0.589497082522923,0.7956098916365657,-0.302695193109197
Cz_theta_beta_ratio,0.262795220894693,0.3764378994165046,0.02045012503473187,-0.020561267018616283,0.4894137260350097,0.28130036121144764,0.3453181439288691,0.11041956098916365,0.008224506807446514,0.4756876910252848,0.1955543206446235,0.14609613781606,-0.16832453459294247,-0.33720477910530705,0.6345095859961101,0.2182272853570436,0.30241733814948596,-0.19299805501528203,-0.4217838288413448,0.6936926924145596,0.09619338705195887,0.21222561822728536,-0.21161433731592108,-0.25357043623228676,0.6105584884690192,0.24895804390108364,0.40094470686301753,-0.0486246179494304,-0.2870241733814949,0.7710475131981106,0.214559599888858,0.24973603778827452,-0.07968880244512365,-0.2378994165045846,0.7655459849958322,0.2162267296471242,0.31725479299805504,-0.07768824673520422,-0.29597110308419006,0.6737982772992498,0.36704640177827175,0.41689358155043066,0.10191719922200611,-0.06079466518477355,0.470075020839122,0.18721867185329258,0.26329535982217284,-0.11019727702139483,-0.20489024729091415,0.4257849402611837,0.11558766323978883,0.20222283967768825,-0.09074742984162268,-0.1882745207001945,0.4397888302306196,0.17554876354542928,0.2810780772436788,0.02045012503473187,-0.08335648791330925,0.4682411781050292,0.17938316198944151,0.31742150597388163,-0.05568213392609058,-0.3155876632397888,0.6001667129758266,0.2081689358155043,0.3219783273131425,-0.0675743262017227,-0.26090580716865797,0.513198110586274,0.3070853014726313,0.46990830786329535,0.06268407891080856,0.08991386496248958,0.4739094192831342,0.25712697971658793,0.38727424284523476,-0.08413448180050014,-0.21372603500972492,0.5448180050013893,0.26974159488746874,0.2816893581550431,-0.11742150597388164,-0.24740205612670185,0.7129758266185051,0.2764656849124757,0.43473186996387886,-0.1440400111141984,-0.4277854959711031,1.0,0.4457349263684357,0.3620450125034732,-0.08858016115587664,-0.29413726035009724,0.7139761044734648
Pz_delta_power,0.7438177271464296,0.7085301472631287,0.34692970269519313,0.20161155876632397,0.5357043623228674,0.7357043623228675,0.6517365934981939,0.33642678521811614,0.1685468185607113,0.505918310641845,0.7008613503751042,0.5576549041400389,0.25823839955543204,0.1874409558210614,0.4618505140316755,0.7365379272020005,0.690580716865796,0.1612670186162823,0.18293970547374272,0.505918310641845,0.7263684356765768,0.678188385662684,0.17271464295637678,0.3488191164212281,0.5018616282300639,0.6879133092525701,0.6185607113086968,0.07729924979160878,0.27696582383995555,0.5550986385106974,0.8245623784384551,0.6964156710197277,0.34548485690469577,0.3611003056404557,0.4701305918310642,0.7097527090858572,0.6730758544040011,0.2998055015282023,0.3177549319255349,0.43595443178660737,0.8405112531258683,0.7370936371214226,0.46335093081411505,0.3091414281744929,0.3614893025840511,0.8021672686857461,0.7202556265629342,0.4278966379549875,0.342039455404279,0.2985829397054737,0.46557377049180326,0.5107529869408169,0.2683523200889136,0.22311753264795778,0.34565156988052237,0.5856071130869686,0.56549041400389,0.2890247290914143,0.30241733814948596,0.3874965268130036,0.5310919699916643,0.6946929702695193,0.36510141706029453,0.2287302028341206,0.47713253681578216,0.6157821617115865,0.6480689080300084,0.29302584051125313,0.2709641567101973,0.36526813003612113,0.7889969435954431,0.8052792442345096,0.4963601000277855,0.3517643789941651,0.44556821339260905,0.7292581272575716,0.7781050291747708,0.3771047513198111,0.313753820505696,0.3153098082800778,0.752042233953876,0.6451236454570715,0.2636843567657683,0.37004723534315087,0.2964156710197277,0.6968602389552654,0.6988607946651848,0.24429008057793833,0.27379827729924977,0.4457349263684357,1.0,0.7624340094470686,0.388941372603501,0.3410947485412615,0.4734092803556543
Pz_theta_power,0.5592664629063628,0.7070297304806891,0.4196165601555988,0.3349263684356766,0.41678243956654626,0.4798555154209503,0.6348430119477633,0.4116699083078633,0.27279799944429006,0.40427896637954985,0.559044178938594,0.7701583773270353,0.4135037510419561,0.34287302028341204,0.4306751875520978,0.5409280355654349,0.8258405112531259,0.3551542095026396,0.30675187552097805,0.48074465129202554,0.5138093914976383,0.8419005279244235,0.3220338983050847,0.525868296749097,0.48607946651847733,0.4890803000833565,0.7503195332036677,0.234231731036399,0.4027785495971103,0.5186440677966102,0.6818560711308697,0.8873575993331481,0.5212559044178938,0.5761600444567936,0.40200055570991944,0.5763823284245624,0.8397888302306196,0.4332870241733815,0.5099194220616838,0.3846624062239511,0.6606279522089469,0.7729924979160878,0.5227007502083912,0.47729924979160876,0.22695193109196998,0.574659627674354,0.6889691580994721,0.4439566546262851,0.44123367602111696,0.20950263962211726,0.34542928591275357,0.6608502361767158,0.46029452625729367,0.31758821894970823,0.3654348430119478,0.4071686579605446,0.5882745207001945,0.3828841344818005,0.39605445957210333,0.36710197277021395,0.31614337315921087,0.7567657682689636,0.4429008057793832,0.3282022784106696,0.3980550152820228,0.4873575993331481,0.7046401778271743,0.31742150597388163,0.3135871075298694,0.37660461239233123,0.5419283134203946,0.8082800777993887,0.4831897749374826,0.358210614059461,0.4225618227285357,0.45012503473187,0.7540983606557377,0.3812170047235343,0.31925534870797445,0.28252292303417614,0.5504306751875521,0.74609613781606,0.408891358710753,0.48963601000277857,0.2638510697415949,0.5179772158933037,0.8363434287302028,0.4027229786051681,0.4365101417060295,0.3620450125034732,0.7624340094470686,1.0,0.5165879410947486,0.542039455404279,0.514809669352598
Pz_alpha_power,0.3610447346485135,0.425062517365935,0.6097804945818283,0.2973603778827452,0.15276465684912477,0.26851903306474023,0.39160878021672685,0.5941650458460683,0.2694637399277577,0.15104195609891635,0.4307863295359822,0.5414281744929147,0.7664351208669075,0.5899416504584607,-0.05907196443456516,0.3390386218393998,0.525090302861906,0.7228118921922756,0.5602111697693803,-0.017671575437621562,0.4043345373714921,0.5969435954431787,0.8455126424006668,0.7003056404556821,0.010391775493192553,0.288135593220339,0.42395109752709087,0.5889969435954432,0.4946373992775771,0.035176437899416504,0.4610169491525424,0.5879410947485413,0.7992220061128091,0.7054737427063074,-0.14831897749374826,0.42417338149485967,0.45373714920811337,0.7876632397888302,0.6223395387607669,-0.10313976104473464,0.3677688246735204,0.482745207001945,0.692747985551542,0.5227007502083912,-0.0784106696304529,0.4611280911364268,0.4924701305918311,0.6589608224506808,0.34731869963878853,0.09936093359266462,0.41667129758266186,0.511864406779661,0.6661294804112253,0.47502083912197834,0.08663517643789942,0.3441511530980828,0.36526813003612113,0.5996665740483468,0.40505696026674076,0.102695193109197,0.21594887468741317,0.4461239233120311,0.7523756599055293,0.5475409836065573,0.0009447068630175048,0.17088080022228397,0.3285357043623229,0.627507641011392,0.4173937204779105,-0.05418171714365101,0.32681300361211446,0.4306751875520978,0.6702973048068908,0.4132814670741873,0.014170602945262572,0.3704918032786885,0.47935537649347043,0.6258960822450681,0.383828841344818,-0.015282022784106696,0.30130591831064185,0.5130869686023896,0.7653237010280634,0.6686857460405669,-0.2107252014448458,0.3719922200611281,0.4905251458738539,0.7208669074742984,0.589497082522923,-0.08858016115587664,0.388941372603501,0.5165879410947486,1.0,0.6717977215893304,-0.10858571825507085
Pz_beta_power,0.3954431786607391,0.48869130313976106,0.6216726868574604,0.5344818005001389,-0.07891080855793275,0.31091969991664353,0.4124479021950542,0.5049736037788275,0.5063073075854404,-0.08280077799388719,0.33414837454848567,0.6156710197277021,0.6353431508752431,0.8137816060016672,-0.29291469852736873,0.3316476799110864,0.5635454292859128,0.6276187829952765,0.7982217282578494,-0.2334537371492081,0.39883300916921366,0.594609613781606,0.5963878855237565,0.832898027229786,-0.17271464295637678,0.2081133648235621,0.46551819949986106,0.45257015837732706,0.7408168935815505,-0.15337593776048902,0.4310641844956932,0.6081689358155044,0.6381772714642956,0.8391775493192554,-0.22472909141428174,0.360377882745207,0.5077521533759377,0.6693525979438733,0.8929702695193109,-0.3577660461239233,0.28157821617115864,0.365768268963601,0.5175882189497083,0.6418449569324812,-0.31214226173937204,0.39138649624895805,0.3801055848846902,0.5968324534592943,0.6597943873298139,-0.2494581828285635,0.3846068352320089,0.560933592664629,0.6739649902750764,0.6110030564045569,-0.014448457904973604,0.3269241455959989,0.3802722978605168,0.436398999722145,0.5231453181439288,-0.02539594331758822,0.12136704640177827,0.42122811892192275,0.5674909697138094,0.6766323978883023,-0.17165879410947485,0.1693803834398444,0.2999722145040289,0.41689358155043066,0.5306474020561267,-0.15982217282578495,0.28752431230897474,0.3865518199499861,0.5100861350375104,0.436398999722145,-0.06951931091969991,0.23217560433453738,0.32681300361211446,0.46985273687135315,0.5192553487079744,-0.2523478744095582,0.2648513475965546,0.48268963601000275,0.5726590719644346,0.8392331203111976,-0.4300639066407335,0.25357043623228676,0.45612670186162824,0.5351486524034454,0.7956098916365657,-0.29413726035009724,0.3410947485412615,0.542039455404279,0.6717977215893304,1.0,-0.37443734370658516
Pz_theta_beta_ratio,0.22684078910808558,0.2828563489858294,-0.1658794109474854,-0.15354265073631565,0.5254237288135594,0.20522367324256738,0.2744095582106141,-0.062350652959155324,-0.17499305362600723,0.546373992775771,0.24134481800500138,0.20066685190330646,-0.1927757710475132,-0.40944706863017505,0.7779383161989442,0.22684078910808558,0.3162545151430953,-0.2325090302861906,-0.40322311753264795,0.752820227841067,0.12375659905529314,0.28691303139761043,-0.2542372881355932,-0.23867741039177548,0.7015837732703529,0.26729647124201167,0.29330369547096413,-0.24267852181161434,-0.30141706029452625,0.720755765490414,0.286246179494304,0.3453737149208113,-0.07379827729924979,-0.2044456793553765,0.6944706863017505,0.21505973881633786,0.34898582939705475,-0.20889135871075298,-0.3297582661850514,0.7817727146429564,0.37165879410947483,0.4128368991386496,0.011225340372325646,-0.16593498193942763,0.5911642122811892,0.2432342317310364,0.35865518199499863,-0.08257849402611836,-0.16721311475409836,0.49936093359266465,-0.009947207557654904,0.12108919144206724,-0.17860516810225063,-0.27624340094470684,0.44562378438455125,0.10552931369824951,0.2278410669630453,-0.026785218116143372,-0.0846901917199222,0.45801611558766325,0.18899694359544317,0.34726312864684633,-0.11725479299805501,-0.34253959433175885,0.6168935815504307,0.30464017782717423,0.3891636565712698,-0.11653237010280633,-0.21028063350930815,0.5206446235065296,0.272242289524868,0.44862461794943037,-0.01722700750208391,-0.08669074742984162,0.5838844123367603,0.20422339538760767,0.4449013614893026,-0.03839955543206446,-0.18066129480411225,0.5806612948041122,0.2810225062517366,0.2944706863017505,-0.16921367046401778,-0.290025006946374,0.7497082522923034,0.27352042233953877,0.42106140594609615,-0.12525701583773272,-0.302695193109197,0.7139761044734648,0.4734092803556543,0.514809669352598,-0.10858571825507085,-0.37443734370658516,1.0
