mean_fit_time,std_fit_time,mean_score_time,std_score_time,param_max_depth,param_max_features,param_min_samples_leaf,param_min_samples_split,param_n_estimators,params,split0_test_score,split1_test_score,split2_test_score,split3_test_score,split4_test_score,mean_test_score,std_test_score,rank_test_score,split0_train_score,split1_train_score,split2_train_score,split3_train_score,split4_train_score,mean_train_score,std_train_score
3.5772700786590574,0.055871755046380416,0.13286247253417968,0.020352696009324822,15,log2,2,5,1021,"{'max_depth': 15, 'max_features': 'log2', 'min_samples_leaf': 2, 'min_samples_split': 5, 'n_estimators': 1021}",0.8500000000000001,0.5944444444444444,0.6333333333333333,0.8333333333333333,0.7333333333333334,0.7288888888888889,0.10276426337574993,1,1.0,1.0,1.0,1.0,1.0,1.0,0.0
3.3782522678375244,0.10882127499298806,0.11038498878479004,0.006663668461301921,15,sqrt,2,2,1021,"{'max_depth': 15, 'max_features': 'sqrt', 'min_samples_leaf': 2, 'min_samples_split': 2, 'n_estimators': 1021}",0.8500000000000001,0.5944444444444444,0.6333333333333333,0.8333333333333333,0.7333333333333334,0.7288888888888889,0.10276426337574993,1,1.0,1.0,1.0,1.0,1.0,1.0,0.0
2.7372250080108644,0.09460106503661043,0.09465861320495605,0.013797091955214842,15,sqrt,2,2,821,"{'max_depth': 15, 'max_features': 'sqrt', 'min_samples_leaf': 2, 'min_samples_split': 2, 'n_estimators': 821}",0.8500000000000001,0.5944444444444444,0.6333333333333333,0.8333333333333333,0.7333333333333334,0.7288888888888889,0.10276426337574993,1,1.0,1.0,1.0,1.0,1.0,1.0,0.0
5.4183669090271,1.667380933656964,0.3162877082824707,0.22697141434310308,10,log2,2,2,1021,"{'max_depth': 10, 'max_features': 'log2', 'min_samples_leaf': 2, 'min_samples_split': 2, 'n_estimators': 1021}",0.8500000000000001,0.5944444444444444,0.6333333333333333,0.8333333333333333,0.7333333333333334,0.7288888888888889,0.10276426337574993,1,1.0,1.0,1.0,1.0,1.0,1.0,0.0
3.0392282485961912,0.07352638298705869,0.10225210189819336,0.005079400409233222,15,log2,2,3,1021,"{'max_depth': 15, 'max_features': 'log2', 'min_samples_leaf': 2, 'min_samples_split': 3, 'n_estimators': 1021}",0.8500000000000001,0.5944444444444444,0.6333333333333333,0.8333333333333333,0.7333333333333334,0.7288888888888889,0.10276426337574993,1,1.0,1.0,1.0,1.0,1.0,1.0,0.0
2.3895677089691163,0.060173700385253596,0.08392119407653809,0.00770473174344047,15,log2,2,3,821,"{'max_depth': 15, 'max_features': 'log2', 'min_samples_leaf': 2, 'min_samples_split': 3, 'n_estimators': 821}",0.8500000000000001,0.5944444444444444,0.6333333333333333,0.8333333333333333,0.7333333333333334,0.7288888888888889,0.10276426337574993,1,1.0,1.0,1.0,1.0,1.0,1.0,0.0
3.201452350616455,0.08747695793735526,0.14242949485778808,0.03294926282434763,15,log2,2,2,1021,"{'max_depth': 15, 'max_features': 'log2', 'min_samples_leaf': 2, 'min_samples_split': 2, 'n_estimators': 1021}",0.8500000000000001,0.5944444444444444,0.6333333333333333,0.8333333333333333,0.7333333333333334,0.7288888888888889,0.10276426337574993,1,1.0,1.0,1.0,1.0,1.0,1.0,0.0
2.783591079711914,0.1196271966949774,0.08409314155578614,0.006871138709496791,15,log2,2,2,821,"{'max_depth': 15, 'max_features': 'log2', 'min_samples_leaf': 2, 'min_samples_split': 2, 'n_estimators': 821}",0.8500000000000001,0.5944444444444444,0.6333333333333333,0.8333333333333333,0.7333333333333334,0.7288888888888889,0.10276426337574993,1,1.0,1.0,1.0,1.0,1.0,1.0,0.0
3.3413575172424315,0.10430644298863818,0.11302995681762695,0.003828743617695416,,sqrt,2,2,1021,"{'max_depth': None, 'max_features': 'sqrt', 'min_samples_leaf': 2, 'min_samples_split': 2, 'n_estimators': 1021}",0.8500000000000001,0.5944444444444444,0.6333333333333333,0.8333333333333333,0.7333333333333334,0.7288888888888889,0.10276426337574993,1,1.0,1.0,1.0,1.0,1.0,1.0,0.0
2.9116776466369627,0.3106747120624241,0.10217828750610351,0.020907754479991575,5,sqrt,2,5,821,"{'max_depth': 5, 'max_features': 'sqrt', 'min_samples_leaf': 2, 'min_samples_split': 5, 'n_estimators': 821}",0.8500000000000001,0.65,0.6333333333333333,0.8333333333333333,0.6777777777777778,0.7288888888888889,0.09332010488264919,1,1.0,0.986842105263158,0.986842105263158,0.9743589743589743,0.9871794871794872,0.9870445344129555,0.00811008865340974
3.5049861907958983,0.16173373995338453,0.11511507034301757,0.009140111156703998,10,sqrt,2,5,1021,"{'max_depth': 10, 'max_features': 'sqrt', 'min_samples_leaf': 2, 'min_samples_split': 5, 'n_estimators': 1021}",0.8500000000000001,0.5944444444444444,0.6333333333333333,0.8333333333333333,0.7333333333333334,0.7288888888888889,0.10276426337574993,1,1.0,1.0,1.0,1.0,1.0,1.0,0.0
3.4546713829040527,0.14071961311142203,0.11514806747436523,0.010363451509219702,10,sqrt,2,3,1021,"{'max_depth': 10, 'max_features': 'sqrt', 'min_samples_leaf': 2, 'min_samples_split': 3, 'n_estimators': 1021}",0.8500000000000001,0.5944444444444444,0.6333333333333333,0.8333333333333333,0.7333333333333334,0.7288888888888889,0.10276426337574993,1,1.0,1.0,1.0,1.0,1.0,1.0,0.0
2.8174197673797607,0.11783207797548631,0.09477877616882324,0.0058603424071328744,10,sqrt,2,3,821,"{'max_depth': 10, 'max_features': 'sqrt', 'min_samples_leaf': 2, 'min_samples_split': 3, 'n_estimators': 821}",0.8500000000000001,0.5944444444444444,0.6333333333333333,0.8333333333333333,0.7333333333333334,0.7288888888888889,0.10276426337574993,1,1.0,1.0,1.0,1.0,1.0,1.0,0.0
3.4306190490722654,0.059690175355754715,0.11957802772521972,0.008609593798229552,10,sqrt,2,2,1021,"{'max_depth': 10, 'max_features': 'sqrt', 'min_samples_leaf': 2, 'min_samples_split': 2, 'n_estimators': 1021}",0.8500000000000001,0.5944444444444444,0.6333333333333333,0.8333333333333333,0.7333333333333334,0.7288888888888889,0.10276426337574993,1,1.0,1.0,1.0,1.0,1.0,1.0,0.0
3.2881237506866454,0.25722420666333357,0.09566969871520996,0.006871206613794015,10,sqrt,2,2,821,"{'max_depth': 10, 'max_features': 'sqrt', 'min_samples_leaf': 2, 'min_samples_split': 2, 'n_estimators': 821}",0.8500000000000001,0.5944444444444444,0.6333333333333333,0.8333333333333333,0.7333333333333334,0.7288888888888889,0.10276426337574993,1,1.0,1.0,1.0,1.0,1.0,1.0,0.0
3.418714189529419,0.5151793267611121,0.12496776580810547,0.04210258554003591,10,log2,2,5,1021,"{'max_depth': 10, 'max_features': 'log2', 'min_samples_leaf': 2, 'min_samples_split': 5, 'n_estimators': 1021}",0.8500000000000001,0.5944444444444444,0.6333333333333333,0.8333333333333333,0.7333333333333334,0.7288888888888889,0.10276426337574993,1,1.0,1.0,1.0,1.0,1.0,1.0,0.0
3.8854794979095457,0.3883843864967651,0.11239919662475586,0.02021904419872456,10,log2,2,3,1021,"{'max_depth': 10, 'max_features': 'log2', 'min_samples_leaf': 2, 'min_samples_split': 3, 'n_estimators': 1021}",0.8500000000000001,0.5944444444444444,0.6333333333333333,0.8333333333333333,0.7333333333333334,0.7288888888888889,0.10276426337574993,1,1.0,1.0,1.0,1.0,1.0,1.0,0.0
3.3752028465271,0.40099057425614026,0.12366676330566406,0.03503510623607068,10,log2,2,3,821,"{'max_depth': 10, 'max_features': 'log2', 'min_samples_leaf': 2, 'min_samples_split': 3, 'n_estimators': 821}",0.8500000000000001,0.5944444444444444,0.6333333333333333,0.8333333333333333,0.7333333333333334,0.7288888888888889,0.10276426337574993,1,1.0,1.0,1.0,1.0,1.0,1.0,0.0
2.669445610046387,0.08786296240466757,0.0901534080505371,0.006054584148223923,15,sqrt,2,3,821,"{'max_depth': 15, 'max_features': 'sqrt', 'min_samples_leaf': 2, 'min_samples_split': 3, 'n_estimators': 821}",0.8500000000000001,0.5944444444444444,0.6333333333333333,0.8333333333333333,0.7333333333333334,0.7288888888888889,0.10276426337574993,1,1.0,1.0,1.0,1.0,1.0,1.0,0.0
3.3697153091430665,0.08652949586870526,0.1055746078491211,0.0024657630889795674,15,sqrt,2,3,1021,"{'max_depth': 15, 'max_features': 'sqrt', 'min_samples_leaf': 2, 'min_samples_split': 3, 'n_estimators': 1021}",0.8500000000000001,0.5944444444444444,0.6333333333333333,0.8333333333333333,0.7333333333333334,0.7288888888888889,0.10276426337574993,1,1.0,1.0,1.0,1.0,1.0,1.0,0.0
2.724952983856201,0.1133936286057157,0.10145201683044433,0.024662564426572803,10,log2,2,2,821,"{'max_depth': 10, 'max_features': 'log2', 'min_samples_leaf': 2, 'min_samples_split': 2, 'n_estimators': 821}",0.8500000000000001,0.5944444444444444,0.6333333333333333,0.8333333333333333,0.7333333333333334,0.7288888888888889,0.10276426337574993,1,1.0,1.0,1.0,1.0,1.0,1.0,0.0
3.289867639541626,0.11272036179546491,0.10970659255981445,0.0028130107760639587,,log2,2,2,1021,"{'max_depth': None, 'max_features': 'log2', 'min_samples_leaf': 2, 'min_samples_split': 2, 'n_estimators': 1021}",0.8500000000000001,0.5944444444444444,0.6333333333333333,0.8333333333333333,0.7333333333333334,0.7288888888888889,0.10276426337574993,1,1.0,1.0,1.0,1.0,1.0,1.0,0.0
3.3658061981201173,0.10298328149098104,0.11652579307556152,0.0038312198730839453,,sqrt,2,5,1021,"{'max_depth': None, 'max_features': 'sqrt', 'min_samples_leaf': 2, 'min_samples_split': 5, 'n_estimators': 1021}",0.8500000000000001,0.5944444444444444,0.6333333333333333,0.8333333333333333,0.7333333333333334,0.7288888888888889,0.10276426337574993,1,1.0,1.0,1.0,1.0,1.0,1.0,0.0
2.6441973209381104,0.08131521679935702,0.09104909896850585,0.001540732711160159,,sqrt,2,2,821,"{'max_depth': None, 'max_features': 'sqrt', 'min_samples_leaf': 2, 'min_samples_split': 2, 'n_estimators': 821}",0.8500000000000001,0.5944444444444444,0.6333333333333333,0.8333333333333333,0.7333333333333334,0.7288888888888889,0.10276426337574993,1,1.0,1.0,1.0,1.0,1.0,1.0,0.0
3.2917742252349855,0.10308989273041366,0.10724005699157715,0.0055984737628716,,log2,2,5,1021,"{'max_depth': None, 'max_features': 'log2', 'min_samples_leaf': 2, 'min_samples_split': 5, 'n_estimators': 1021}",0.8500000000000001,0.5944444444444444,0.6333333333333333,0.8333333333333333,0.7333333333333334,0.7288888888888889,0.10276426337574993,1,1.0,1.0,1.0,1.0,1.0,1.0,0.0
3.333186626434326,0.09010360086083267,0.11187095642089843,0.009641449382676042,,sqrt,2,3,1021,"{'max_depth': None, 'max_features': 'sqrt', 'min_samples_leaf': 2, 'min_samples_split': 3, 'n_estimators': 1021}",0.8500000000000001,0.5944444444444444,0.6333333333333333,0.8333333333333333,0.7333333333333334,0.7288888888888889,0.10276426337574993,1,1.0,1.0,1.0,1.0,1.0,1.0,0.0
2.658930015563965,0.07550882455203177,0.0879127025604248,0.005760766019395768,,sqrt,2,3,821,"{'max_depth': None, 'max_features': 'sqrt', 'min_samples_leaf': 2, 'min_samples_split': 3, 'n_estimators': 821}",0.8500000000000001,0.5944444444444444,0.6333333333333333,0.8333333333333333,0.7333333333333334,0.7288888888888889,0.10276426337574993,1,1.0,1.0,1.0,1.0,1.0,1.0,0.0
2.507717752456665,0.10736911625057446,0.10510869026184082,0.04399140481341481,5,log2,2,5,821,"{'max_depth': 5, 'max_features': 'log2', 'min_samples_leaf': 2, 'min_samples_split': 5, 'n_estimators': 821}",0.8500000000000001,0.65,0.6333333333333333,0.8333333333333333,0.6777777777777778,0.7288888888888889,0.09332010488264919,1,1.0,0.986842105263158,0.986842105263158,0.9743589743589743,0.9871794871794872,0.9870445344129555,0.00811008865340974
3.923412227630615,0.7281434291748142,0.1196591854095459,0.008049917373453631,,log2,2,3,1021,"{'max_depth': None, 'max_features': 'log2', 'min_samples_leaf': 2, 'min_samples_split': 3, 'n_estimators': 1021}",0.8500000000000001,0.5944444444444444,0.6333333333333333,0.8333333333333333,0.7333333333333334,0.7288888888888889,0.10276426337574993,1,1.0,1.0,1.0,1.0,1.0,1.0,0.0
2.7072527408599854,0.08769742098901322,0.09115991592407227,0.006229958970945232,,log2,2,2,821,"{'max_depth': None, 'max_features': 'log2', 'min_samples_leaf': 2, 'min_samples_split': 2, 'n_estimators': 821}",0.8500000000000001,0.5944444444444444,0.6333333333333333,0.8333333333333333,0.7333333333333334,0.7288888888888889,0.10276426337574993,1,1.0,1.0,1.0,1.0,1.0,1.0,0.0
3.9063080310821534,0.6886592245116514,0.08615813255310059,0.005560367626426934,,log2,2,3,821,"{'max_depth': None, 'max_features': 'log2', 'min_samples_leaf': 2, 'min_samples_split': 3, 'n_estimators': 821}",0.8500000000000001,0.5944444444444444,0.6333333333333333,0.8333333333333333,0.7333333333333334,0.7288888888888889,0.10276426337574993,1,1.0,1.0,1.0,1.0,1.0,1.0,0.0
3.38999490737915,0.1132097078503436,0.11416258811950683,0.010111009840230072,15,sqrt,2,5,1021,"{'max_depth': 15, 'max_features': 'sqrt', 'min_samples_leaf': 2, 'min_samples_split': 5, 'n_estimators': 1021}",0.8500000000000001,0.5944444444444444,0.6333333333333333,0.8333333333333333,0.7333333333333334,0.7288888888888889,0.10276426337574993,1,1.0,1.0,1.0,1.0,1.0,1.0,0.0
3.241313934326172,0.22355185625682442,0.09540472030639649,0.004950632279417547,5,log2,1,3,1021,"{'max_depth': 5, 'max_features': 'log2', 'min_samples_leaf': 1, 'min_samples_split': 3, 'n_estimators': 1021}",0.8500000000000001,0.6,0.6888888888888889,0.7777777777777778,0.6777777777777778,0.718888888888889,0.08646700648152766,33,1.0,0.986842105263158,1.0,0.9871794871794872,0.9871794871794872,0.9922402159244263,0.00633703475404796
2.554152250289917,0.0923497160059071,0.08354353904724121,0.0060478754716052855,5,log2,2,2,821,"{'max_depth': 5, 'max_features': 'log2', 'min_samples_leaf': 2, 'min_samples_split': 2, 'n_estimators': 821}",0.8500000000000001,0.6,0.6333333333333333,0.8333333333333333,0.6777777777777778,0.718888888888889,0.10337514088544897,33,1.0,0.986842105263158,0.986842105263158,0.9743589743589743,0.9871794871794872,0.9870445344129555,0.00811008865340974
2.9176213264465334,0.06930600132363958,0.0930283546447754,0.007542751895500511,5,log2,2,2,1021,"{'max_depth': 5, 'max_features': 'log2', 'min_samples_leaf': 2, 'min_samples_split': 2, 'n_estimators': 1021}",0.8500000000000001,0.6,0.6333333333333333,0.8333333333333333,0.6777777777777778,0.718888888888889,0.10337514088544897,33,1.0,0.986842105263158,0.986842105263158,0.9743589743589743,0.9871794871794872,0.9870445344129555,0.00811008865340974
5.584296417236328,0.9472662624716222,0.18465218544006348,0.05366388386981352,5,sqrt,2,3,1021,"{'max_depth': 5, 'max_features': 'sqrt', 'min_samples_leaf': 2, 'min_samples_split': 3, 'n_estimators': 1021}",0.8500000000000001,0.6,0.6333333333333333,0.8333333333333333,0.6777777777777778,0.718888888888889,0.10337514088544897,33,1.0,0.986842105263158,0.986842105263158,0.9743589743589743,0.9871794871794872,0.9870445344129555,0.00811008865340974
3.017952585220337,0.24684533788785695,0.09133663177490234,0.006846795803504725,5,sqrt,2,3,821,"{'max_depth': 5, 'max_features': 'sqrt', 'min_samples_leaf': 2, 'min_samples_split': 3, 'n_estimators': 821}",0.8500000000000001,0.6,0.6333333333333333,0.8333333333333333,0.6777777777777778,0.718888888888889,0.10337514088544897,33,1.0,0.986842105263158,0.986842105263158,0.9743589743589743,0.9871794871794872,0.9870445344129555,0.00811008865340974
3.65505051612854,0.05872575674478842,0.13146228790283204,0.02101628162505467,5,log2,1,2,821,"{'max_depth': 5, 'max_features': 'log2', 'min_samples_leaf': 1, 'min_samples_split': 2, 'n_estimators': 821}",0.8500000000000001,0.6,0.6888888888888889,0.7777777777777778,0.6777777777777778,0.718888888888889,0.08646700648152766,33,1.0,0.986842105263158,1.0,0.9871794871794872,0.9871794871794872,0.9922402159244263,0.00633703475404796
4.180113410949707,0.915103135328062,0.12962594032287597,0.027767171239209066,5,sqrt,2,2,821,"{'max_depth': 5, 'max_features': 'sqrt', 'min_samples_leaf': 2, 'min_samples_split': 2, 'n_estimators': 821}",0.8500000000000001,0.6,0.6333333333333333,0.8333333333333333,0.6777777777777778,0.718888888888889,0.10337514088544897,33,1.0,0.986842105263158,0.986842105263158,0.9743589743589743,0.9871794871794872,0.9870445344129555,0.00811008865340974
2.363141965866089,0.12434238597436786,0.10080866813659668,0.032635863398408654,5,log2,2,3,821,"{'max_depth': 5, 'max_features': 'log2', 'min_samples_leaf': 2, 'min_samples_split': 3, 'n_estimators': 821}",0.8500000000000001,0.6,0.6333333333333333,0.8333333333333333,0.6777777777777778,0.718888888888889,0.10337514088544897,33,1.0,0.986842105263158,0.986842105263158,0.9743589743589743,0.9871794871794872,0.9870445344129555,0.00811008865340974
3.523375940322876,0.06639185187557259,0.1093752384185791,0.01333063021779353,5,log2,2,3,1021,"{'max_depth': 5, 'max_features': 'log2', 'min_samples_leaf': 2, 'min_samples_split': 3, 'n_estimators': 1021}",0.8500000000000001,0.6,0.6333333333333333,0.8333333333333333,0.6777777777777778,0.718888888888889,0.10337514088544897,33,1.0,0.986842105263158,0.986842105263158,0.9743589743589743,0.9871794871794872,0.9870445344129555,0.00811008865340974
3.463855838775635,0.06752908691399247,0.10940556526184082,0.01758738481008613,5,sqrt,1,3,1021,"{'max_depth': 5, 'max_features': 'sqrt', 'min_samples_leaf': 1, 'min_samples_split': 3, 'n_estimators': 1021}",0.8500000000000001,0.6,0.6888888888888889,0.7777777777777778,0.6777777777777778,0.718888888888889,0.08646700648152766,33,1.0,0.986842105263158,1.0,0.9871794871794872,0.9871794871794872,0.9922402159244263,0.00633703475404796
4.105829524993896,0.5096504277571056,0.15304250717163087,0.03905004237195297,5,sqrt,2,2,1021,"{'max_depth': 5, 'max_features': 'sqrt', 'min_samples_leaf': 2, 'min_samples_split': 2, 'n_estimators': 1021}",0.8500000000000001,0.6,0.6333333333333333,0.8333333333333333,0.6777777777777778,0.718888888888889,0.10337514088544897,33,1.0,0.986842105263158,0.986842105263158,0.9743589743589743,0.9871794871794872,0.9870445344129555,0.00811008865340974
2.3808233737945557,0.04284598854956585,0.08298993110656738,0.010943422349705387,5,sqrt,1,2,821,"{'max_depth': 5, 'max_features': 'sqrt', 'min_samples_leaf': 1, 'min_samples_split': 2, 'n_estimators': 821}",0.8500000000000001,0.6,0.6888888888888889,0.7777777777777778,0.6777777777777778,0.718888888888889,0.08646700648152766,33,1.0,0.986842105263158,1.0,0.9871794871794872,0.9871794871794872,0.9922402159244263,0.00633703475404796
2.5817090034484864,0.11934048726471755,0.09032583236694336,0.017554563996981108,5,sqrt,1,5,821,"{'max_depth': 5, 'max_features': 'sqrt', 'min_samples_leaf': 1, 'min_samples_split': 5, 'n_estimators': 821}",0.8500000000000001,0.65,0.6888888888888889,0.7777777777777778,0.6277777777777778,0.7188888888888889,0.08319247354371062,45,1.0,0.986842105263158,0.986842105263158,0.9743589743589743,0.9871794871794872,0.9870445344129555,0.00811008865340974
2.658804988861084,0.2897833205262956,0.11154289245605468,0.03654057635236144,5,log2,1,5,821,"{'max_depth': 5, 'max_features': 'log2', 'min_samples_leaf': 1, 'min_samples_split': 5, 'n_estimators': 821}",0.8500000000000001,0.65,0.6888888888888889,0.7777777777777778,0.6277777777777778,0.7188888888888889,0.08319247354371062,45,1.0,0.986842105263158,0.986842105263158,0.9743589743589743,0.9871794871794872,0.9870445344129555,0.00811008865340974
7.694173860549927,0.8151926990109163,0.19398283958435059,0.02286054875990781,10,log2,2,2,1221,"{'max_depth': 10, 'max_features': 'log2', 'min_samples_leaf': 2, 'min_samples_split': 2, 'n_estimators': 1221}",0.8500000000000001,0.5444444444444444,0.6333333333333333,0.8333333333333333,0.7333333333333334,0.7188888888888888,0.11683057269417704,47,1.0,1.0,1.0,1.0,1.0,1.0,0.0
4.008506011962891,0.08278284413526518,0.1350029468536377,0.0064277155648582865,,sqrt,2,3,1221,"{'max_depth': None, 'max_features': 'sqrt', 'min_samples_leaf': 2, 'min_samples_split': 3, 'n_estimators': 1221}",0.8500000000000001,0.5444444444444444,0.6333333333333333,0.8333333333333333,0.7333333333333334,0.7188888888888888,0.11683057269417704,47,1.0,1.0,1.0,1.0,1.0,1.0,0.0
4.043284273147583,0.1311721719349093,0.13161025047302247,0.007340944132417301,15,sqrt,2,2,1221,"{'max_depth': 15, 'max_features': 'sqrt', 'min_samples_leaf': 2, 'min_samples_split': 2, 'n_estimators': 1221}",0.8500000000000001,0.5444444444444444,0.6333333333333333,0.8333333333333333,0.7333333333333334,0.7188888888888888,0.11683057269417704,47,1.0,1.0,1.0,1.0,1.0,1.0,0.0
4.5104528903961185,0.6252180873133941,0.14205942153930665,0.028350665677098763,10,log2,2,3,1221,"{'max_depth': 10, 'max_features': 'log2', 'min_samples_leaf': 2, 'min_samples_split': 3, 'n_estimators': 1221}",0.8500000000000001,0.5444444444444444,0.6333333333333333,0.8333333333333333,0.7333333333333334,0.7188888888888888,0.11683057269417704,47,1.0,1.0,1.0,1.0,1.0,1.0,0.0
4.225872755050659,0.11142271433333326,0.14931650161743165,0.009711807857320376,10,sqrt,2,2,1221,"{'max_depth': 10, 'max_features': 'sqrt', 'min_samples_leaf': 2, 'min_samples_split': 2, 'n_estimators': 1221}",0.8500000000000001,0.5444444444444444,0.6333333333333333,0.8333333333333333,0.7333333333333334,0.7188888888888888,0.11683057269417704,47,1.0,1.0,1.0,1.0,1.0,1.0,0.0
3.8598764419555662,0.12031896853822607,0.12277255058288575,0.02318965043313494,15,log2,2,3,1221,"{'max_depth': 15, 'max_features': 'log2', 'min_samples_leaf': 2, 'min_samples_split': 3, 'n_estimators': 1221}",0.8500000000000001,0.5444444444444444,0.6333333333333333,0.8333333333333333,0.7333333333333334,0.7188888888888888,0.11683057269417704,47,1.0,1.0,1.0,1.0,1.0,1.0,0.0
4.125729703903199,0.19226883726978258,0.13916363716125488,0.008263850032669835,10,sqrt,2,3,1221,"{'max_depth': 10, 'max_features': 'sqrt', 'min_samples_leaf': 2, 'min_samples_split': 3, 'n_estimators': 1221}",0.8500000000000001,0.5444444444444444,0.6333333333333333,0.8333333333333333,0.7333333333333334,0.7188888888888888,0.11683057269417704,47,1.0,1.0,1.0,1.0,1.0,1.0,0.0
4.576193332672119,0.7109735404986218,0.13676862716674804,0.01191752768097373,,log2,2,2,1221,"{'max_depth': None, 'max_features': 'log2', 'min_samples_leaf': 2, 'min_samples_split': 2, 'n_estimators': 1221}",0.8500000000000001,0.5444444444444444,0.6333333333333333,0.8333333333333333,0.7333333333333334,0.7188888888888888,0.11683057269417704,47,1.0,1.0,1.0,1.0,1.0,1.0,0.0
3.7459002494812013,0.10242418687395644,0.11564769744873046,0.003697335290950299,15,log2,2,2,1221,"{'max_depth': 15, 'max_features': 'log2', 'min_samples_leaf': 2, 'min_samples_split': 2, 'n_estimators': 1221}",0.8500000000000001,0.5444444444444444,0.6333333333333333,0.8333333333333333,0.7333333333333334,0.7188888888888888,0.11683057269417704,47,1.0,1.0,1.0,1.0,1.0,1.0,0.0
3.937391424179077,0.11624643060067252,0.1397235870361328,0.008048232369683349,,log2,2,3,1221,"{'max_depth': None, 'max_features': 'log2', 'min_samples_leaf': 2, 'min_samples_split': 3, 'n_estimators': 1221}",0.8500000000000001,0.5444444444444444,0.6333333333333333,0.8333333333333333,0.7333333333333334,0.7188888888888888,0.11683057269417704,47,1.0,1.0,1.0,1.0,1.0,1.0,0.0
4.032921314239502,0.1351014927793401,0.13456597328186035,0.0066570844335576045,15,sqrt,2,3,1221,"{'max_depth': 15, 'max_features': 'sqrt', 'min_samples_leaf': 2, 'min_samples_split': 3, 'n_estimators': 1221}",0.8500000000000001,0.5444444444444444,0.6333333333333333,0.8333333333333333,0.7333333333333334,0.7188888888888888,0.11683057269417704,47,1.0,1.0,1.0,1.0,1.0,1.0,0.0
3.9528713703155516,0.14013903866193433,0.126236629486084,0.008360157706329079,,sqrt,2,2,1221,"{'max_depth': None, 'max_features': 'sqrt', 'min_samples_leaf': 2, 'min_samples_split': 2, 'n_estimators': 1221}",0.8500000000000001,0.5444444444444444,0.6333333333333333,0.8333333333333333,0.7333333333333334,0.7188888888888888,0.11683057269417704,47,1.0,1.0,1.0,1.0,1.0,1.0,0.0
2.72815260887146,0.4345967350941634,0.09954419136047363,0.02232945328322931,10,log2,2,5,821,"{'max_depth': 10, 'max_features': 'log2', 'min_samples_leaf': 2, 'min_samples_split': 5, 'n_estimators': 821}",0.8500000000000001,0.5944444444444444,0.6333333333333333,0.8333333333333333,0.6777777777777778,0.7177777777777778,0.10466878978738388,59,1.0,1.0,1.0,1.0,1.0,1.0,0.0
4.10100622177124,0.143002711024709,0.14177970886230468,0.011116100044030663,15,sqrt,2,5,1221,"{'max_depth': 15, 'max_features': 'sqrt', 'min_samples_leaf': 2, 'min_samples_split': 5, 'n_estimators': 1221}",0.8500000000000001,0.5944444444444444,0.6333333333333333,0.8333333333333333,0.6777777777777778,0.7177777777777778,0.10466878978738388,59,1.0,1.0,1.0,1.0,1.0,1.0,0.0
4.359812545776367,0.1964618689591738,0.14327917098999024,0.016396869165859525,15,log2,2,5,1221,"{'max_depth': 15, 'max_features': 'log2', 'min_samples_leaf': 2, 'min_samples_split': 5, 'n_estimators': 1221}",0.8500000000000001,0.5944444444444444,0.6333333333333333,0.8333333333333333,0.6777777777777778,0.7177777777777778,0.10466878978738388,59,1.0,1.0,1.0,1.0,1.0,1.0,0.0
2.730994129180908,0.04969075650538736,0.13431696891784667,0.03004115748548126,15,log2,2,5,821,"{'max_depth': 15, 'max_features': 'log2', 'min_samples_leaf': 2, 'min_samples_split': 5, 'n_estimators': 821}",0.8500000000000001,0.5944444444444444,0.6333333333333333,0.8333333333333333,0.6777777777777778,0.7177777777777778,0.10466878978738388,59,1.0,1.0,1.0,1.0,1.0,1.0,0.0
4.629726409912109,0.3777452863572015,0.13969769477844238,0.01616209682957359,10,log2,2,5,1221,"{'max_depth': 10, 'max_features': 'log2', 'min_samples_leaf': 2, 'min_samples_split': 5, 'n_estimators': 1221}",0.8500000000000001,0.5944444444444444,0.6333333333333333,0.8333333333333333,0.6777777777777778,0.7177777777777778,0.10466878978738388,59,1.0,1.0,1.0,1.0,1.0,1.0,0.0
2.6938950538635256,0.07628355129315591,0.09734206199645996,0.007733519307610935,,sqrt,2,5,821,"{'max_depth': None, 'max_features': 'sqrt', 'min_samples_leaf': 2, 'min_samples_split': 5, 'n_estimators': 821}",0.8500000000000001,0.5944444444444444,0.6333333333333333,0.8333333333333333,0.6777777777777778,0.7177777777777778,0.10466878978738388,59,1.0,1.0,1.0,1.0,1.0,1.0,0.0
2.7230176448822023,0.08588078607182897,0.08944535255432129,0.004233879072929104,,log2,2,5,821,"{'max_depth': None, 'max_features': 'log2', 'min_samples_leaf': 2, 'min_samples_split': 5, 'n_estimators': 821}",0.8500000000000001,0.5944444444444444,0.6333333333333333,0.8333333333333333,0.6777777777777778,0.7177777777777778,0.10466878978738388,59,1.0,1.0,1.0,1.0,1.0,1.0,0.0
3.963475561141968,0.11566645022550023,0.13337993621826172,0.005348910121724236,,sqrt,2,5,1221,"{'max_depth': None, 'max_features': 'sqrt', 'min_samples_leaf': 2, 'min_samples_split': 5, 'n_estimators': 1221}",0.8500000000000001,0.5944444444444444,0.6333333333333333,0.8333333333333333,0.6777777777777778,0.7177777777777778,0.10466878978738388,59,1.0,1.0,1.0,1.0,1.0,1.0,0.0
2.6912413597106934,0.1203014126494926,0.09876484870910644,0.013962783675985253,15,sqrt,2,5,821,"{'max_depth': 15, 'max_features': 'sqrt', 'min_samples_leaf': 2, 'min_samples_split': 5, 'n_estimators': 821}",0.8500000000000001,0.5944444444444444,0.6333333333333333,0.8333333333333333,0.6777777777777778,0.7177777777777778,0.10466878978738388,59,1.0,1.0,1.0,1.0,1.0,1.0,0.0
2.8054494857788086,0.1299475654802279,0.09559454917907714,0.004737106123985716,10,sqrt,2,5,821,"{'max_depth': 10, 'max_features': 'sqrt', 'min_samples_leaf': 2, 'min_samples_split': 5, 'n_estimators': 821}",0.8500000000000001,0.5944444444444444,0.6333333333333333,0.8333333333333333,0.6777777777777778,0.7177777777777778,0.10466878978738388,59,1.0,1.0,1.0,1.0,1.0,1.0,0.0
3.9353357791900634,0.10777177404498108,0.1314490795135498,0.005896932521502672,,log2,2,5,1221,"{'max_depth': None, 'max_features': 'log2', 'min_samples_leaf': 2, 'min_samples_split': 5, 'n_estimators': 1221}",0.8500000000000001,0.5944444444444444,0.6333333333333333,0.8333333333333333,0.6777777777777778,0.7177777777777778,0.10466878978738388,59,1.0,1.0,1.0,1.0,1.0,1.0,0.0
4.177057218551636,0.17158812123064157,0.13471736907958984,0.004759895968958288,10,sqrt,2,5,1221,"{'max_depth': 10, 'max_features': 'sqrt', 'min_samples_leaf': 2, 'min_samples_split': 5, 'n_estimators': 1221}",0.8500000000000001,0.5944444444444444,0.6333333333333333,0.8333333333333333,0.6777777777777778,0.7177777777777778,0.10466878978738388,59,1.0,1.0,1.0,1.0,1.0,1.0,0.0
3.379009246826172,0.13998488272537937,0.12254385948181153,0.015393447406117127,10,log2,1,3,1021,"{'max_depth': 10, 'max_features': 'log2', 'min_samples_leaf': 1, 'min_samples_split': 3, 'n_estimators': 1021}",0.8500000000000001,0.5444444444444444,0.6333333333333333,0.8333333333333333,0.6833333333333333,0.7088888888888889,0.11730513129083697,71,1.0,1.0,1.0,1.0,1.0,1.0,0.0
4.104174661636352,0.14071470919848061,0.13981404304504394,0.0156461161343764,10,log2,1,3,1221,"{'max_depth': 10, 'max_features': 'log2', 'min_samples_leaf': 1, 'min_samples_split': 3, 'n_estimators': 1221}",0.8500000000000001,0.5444444444444444,0.6333333333333333,0.8333333333333333,0.6833333333333333,0.7088888888888889,0.11730513129083697,71,1.0,1.0,1.0,1.0,1.0,1.0,0.0
3.371347713470459,0.08065378831023368,0.11278109550476074,0.004344694510653074,,log2,1,3,1021,"{'max_depth': None, 'max_features': 'log2', 'min_samples_leaf': 1, 'min_samples_split': 3, 'n_estimators': 1021}",0.8500000000000001,0.5444444444444444,0.6333333333333333,0.8333333333333333,0.6833333333333333,0.7088888888888889,0.11730513129083697,71,1.0,1.0,1.0,1.0,1.0,1.0,0.0
3.8403412818908693,0.3428244220361069,0.13116674423217772,0.02112417614793682,10,sqrt,1,3,1021,"{'max_depth': 10, 'max_features': 'sqrt', 'min_samples_leaf': 1, 'min_samples_split': 3, 'n_estimators': 1021}",0.8500000000000001,0.5444444444444444,0.6333333333333333,0.8333333333333333,0.6833333333333333,0.7088888888888889,0.11730513129083697,71,1.0,1.0,1.0,1.0,1.0,1.0,0.0
4.003570127487182,0.09257887175569406,0.13566784858703612,0.0060927638359660015,15,sqrt,1,3,1221,"{'max_depth': 15, 'max_features': 'sqrt', 'min_samples_leaf': 1, 'min_samples_split': 3, 'n_estimators': 1221}",0.8500000000000001,0.5444444444444444,0.6333333333333333,0.8333333333333333,0.6833333333333333,0.7088888888888889,0.11730513129083697,71,1.0,1.0,1.0,1.0,1.0,1.0,0.0
3.354112386703491,0.09513789071830912,0.11164469718933105,0.005531315964663709,15,sqrt,1,3,1021,"{'max_depth': 15, 'max_features': 'sqrt', 'min_samples_leaf': 1, 'min_samples_split': 3, 'n_estimators': 1021}",0.8500000000000001,0.5444444444444444,0.6333333333333333,0.8333333333333333,0.6833333333333333,0.7088888888888889,0.11730513129083697,71,1.0,1.0,1.0,1.0,1.0,1.0,0.0
3.045500946044922,0.05135900619929025,0.11227650642395019,0.01353575329088223,5,sqrt,1,2,1021,"{'max_depth': 5, 'max_features': 'sqrt', 'min_samples_leaf': 1, 'min_samples_split': 2, 'n_estimators': 1021}",0.8500000000000001,0.6,0.6888888888888889,0.7777777777777778,0.6277777777777778,0.7088888888888889,0.09326717231748143,71,1.0,0.986842105263158,1.0,0.9871794871794872,0.9871794871794872,0.9922402159244263,0.00633703475404796
4.14713077545166,0.2484627630527593,0.1357729434967041,0.017297501608454936,10,sqrt,1,3,1221,"{'max_depth': 10, 'max_features': 'sqrt', 'min_samples_leaf': 1, 'min_samples_split': 3, 'n_estimators': 1221}",0.8500000000000001,0.5444444444444444,0.6333333333333333,0.8333333333333333,0.6833333333333333,0.7088888888888889,0.11730513129083697,71,1.0,1.0,1.0,1.0,1.0,1.0,0.0
3.906947660446167,0.13639166301481717,0.12899327278137207,0.007547611455490285,5,sqrt,1,2,1221,"{'max_depth': 5, 'max_features': 'sqrt', 'min_samples_leaf': 1, 'min_samples_split': 2, 'n_estimators': 1221}",0.8500000000000001,0.6,0.6888888888888889,0.7777777777777778,0.6277777777777778,0.7088888888888889,0.09326717231748143,71,1.0,0.986842105263158,1.0,0.9871794871794872,0.9871794871794872,0.9922402159244263,0.00633703475404796
4.781726551055908,0.8052452556518988,0.1856991767883301,0.0823178133616742,5,sqrt,1,5,1221,"{'max_depth': 5, 'max_features': 'sqrt', 'min_samples_leaf': 1, 'min_samples_split': 5, 'n_estimators': 1221}",0.8500000000000001,0.6,0.6333333333333333,0.8333333333333333,0.6277777777777778,0.7088888888888889,0.1091267243864153,71,1.0,0.986842105263158,1.0,0.9871794871794872,0.9871794871794872,0.9922402159244263,0.00633703475404796
2.701053094863892,0.11769607259352301,0.0921438217163086,0.012254337254317802,5,sqrt,1,3,821,"{'max_depth': 5, 'max_features': 'sqrt', 'min_samples_leaf': 1, 'min_samples_split': 3, 'n_estimators': 821}",0.8500000000000001,0.6,0.6888888888888889,0.7777777777777778,0.6277777777777778,0.7088888888888889,0.09326717231748143,71,1.0,0.986842105263158,1.0,0.9871794871794872,0.9871794871794872,0.9922402159244263,0.00633703475404796
2.7978951930999756,0.12817545255131188,0.09161195755004883,0.011716473498064395,5,log2,1,3,821,"{'max_depth': 5, 'max_features': 'log2', 'min_samples_leaf': 1, 'min_samples_split': 3, 'n_estimators': 821}",0.8500000000000001,0.6,0.6888888888888889,0.7777777777777778,0.6277777777777778,0.7088888888888889,0.09326717231748143,71,1.0,0.986842105263158,1.0,0.9871794871794872,0.9871794871794872,0.9922402159244263,0.00633703475404796
4.0033022403717045,0.1422316125741812,0.13527064323425292,0.006800621843025715,,log2,1,3,1221,"{'max_depth': None, 'max_features': 'log2', 'min_samples_leaf': 1, 'min_samples_split': 3, 'n_estimators': 1221}",0.8500000000000001,0.5444444444444444,0.6333333333333333,0.8333333333333333,0.6833333333333333,0.7088888888888889,0.11730513129083697,71,1.0,1.0,1.0,1.0,1.0,1.0,0.0
4.008254528045654,0.10108006052901261,0.1309587001800537,0.00367701409790057,,sqrt,1,3,1221,"{'max_depth': None, 'max_features': 'sqrt', 'min_samples_leaf': 1, 'min_samples_split': 3, 'n_estimators': 1221}",0.8500000000000001,0.5444444444444444,0.6333333333333333,0.8333333333333333,0.6833333333333333,0.7088888888888889,0.11730513129083697,71,1.0,1.0,1.0,1.0,1.0,1.0,0.0
3.6602463722229004,0.26705725652985346,0.11387867927551269,0.003750710444442673,15,log2,1,3,1221,"{'max_depth': 15, 'max_features': 'log2', 'min_samples_leaf': 1, 'min_samples_split': 3, 'n_estimators': 1221}",0.8500000000000001,0.5444444444444444,0.6333333333333333,0.8333333333333333,0.6833333333333333,0.7088888888888889,0.11730513129083697,71,1.0,1.0,1.0,1.0,1.0,1.0,0.0
3.969832944869995,0.41239243787086344,0.09774909019470215,0.009475974123697502,5,log2,1,2,1021,"{'max_depth': 5, 'max_features': 'log2', 'min_samples_leaf': 1, 'min_samples_split': 2, 'n_estimators': 1021}",0.8500000000000001,0.6,0.6888888888888889,0.7777777777777778,0.6277777777777778,0.7088888888888889,0.09326717231748143,71,1.0,0.986842105263158,1.0,0.9871794871794872,0.9871794871794872,0.9922402159244263,0.00633703475404796
4.0367895603179935,0.10272564230039768,0.1357868194580078,0.03250579816735037,5,log2,1,5,1221,"{'max_depth': 5, 'max_features': 'log2', 'min_samples_leaf': 1, 'min_samples_split': 5, 'n_estimators': 1221}",0.8500000000000001,0.6,0.6333333333333333,0.8333333333333333,0.6277777777777778,0.7088888888888889,0.1091267243864153,71,1.0,0.986842105263158,1.0,0.9871794871794872,0.9871794871794872,0.9922402159244263,0.00633703475404796
3.2497846126556396,0.10154647304898545,0.10693578720092774,0.0071634920847372646,,sqrt,1,3,1021,"{'max_depth': None, 'max_features': 'sqrt', 'min_samples_leaf': 1, 'min_samples_split': 3, 'n_estimators': 1021}",0.8500000000000001,0.5444444444444444,0.6333333333333333,0.8333333333333333,0.6833333333333333,0.7088888888888889,0.11730513129083697,71,1.0,1.0,1.0,1.0,1.0,1.0,0.0
3.3711240768432615,0.35098509220250174,0.10800461769104004,0.010757436799237956,15,log2,1,3,1021,"{'max_depth': 15, 'max_features': 'log2', 'min_samples_leaf': 1, 'min_samples_split': 3, 'n_estimators': 1021}",0.8500000000000001,0.5444444444444444,0.6333333333333333,0.8333333333333333,0.6833333333333333,0.7088888888888889,0.11730513129083697,71,1.0,1.0,1.0,1.0,1.0,1.0,0.0
4.047702169418335,0.20373872613031915,0.1342012882232666,0.01098234609972131,5,log2,1,2,1221,"{'max_depth': 5, 'max_features': 'log2', 'min_samples_leaf': 1, 'min_samples_split': 2, 'n_estimators': 1221}",0.8500000000000001,0.6,0.6888888888888889,0.7777777777777778,0.6277777777777778,0.7088888888888889,0.09326717231748143,71,1.0,0.986842105263158,1.0,0.9871794871794872,0.9871794871794872,0.9922402159244263,0.00633703475404796
3.910691022872925,0.08969367037791871,0.11070771217346191,0.006360193922200325,5,log2,2,3,1221,"{'max_depth': 5, 'max_features': 'log2', 'min_samples_leaf': 2, 'min_samples_split': 3, 'n_estimators': 1221}",0.8500000000000001,0.5444444444444444,0.6333333333333333,0.8333333333333333,0.6777777777777778,0.7077777777777777,0.11756794725698934,91,1.0,0.986842105263158,0.986842105263158,0.9871794871794872,0.9871794871794872,0.989608636977058,0.005197871841449574
4.8655104637146,0.26951156497030127,0.1499034881591797,0.01902678685606246,5,sqrt,2,2,1221,"{'max_depth': 5, 'max_features': 'sqrt', 'min_samples_leaf': 2, 'min_samples_split': 2, 'n_estimators': 1221}",0.8500000000000001,0.5444444444444444,0.6333333333333333,0.8333333333333333,0.6777777777777778,0.7077777777777777,0.11756794725698934,91,1.0,0.986842105263158,0.986842105263158,0.9871794871794872,0.9871794871794872,0.989608636977058,0.005197871841449574
4.139617109298706,0.20269591552069155,0.14108614921569823,0.025242786680750178,5,sqrt,2,5,1221,"{'max_depth': 5, 'max_features': 'sqrt', 'min_samples_leaf': 2, 'min_samples_split': 5, 'n_estimators': 1221}",0.8500000000000001,0.5444444444444444,0.6333333333333333,0.8333333333333333,0.6777777777777778,0.7077777777777777,0.11756794725698934,91,1.0,0.986842105263158,0.986842105263158,0.9743589743589743,0.9871794871794872,0.9870445344129555,0.00811008865340974
4.046981620788574,0.21253607908641767,0.13675131797790527,0.025481125609744054,5,log2,2,5,1221,"{'max_depth': 5, 'max_features': 'log2', 'min_samples_leaf': 2, 'min_samples_split': 5, 'n_estimators': 1221}",0.8500000000000001,0.5444444444444444,0.6333333333333333,0.8333333333333333,0.6777777777777778,0.7077777777777777,0.11756794725698934,91,1.0,0.986842105263158,0.986842105263158,0.9743589743589743,0.9871794871794872,0.9870445344129555,0.00811008865340974
3.339755582809448,0.09377807524302018,0.11621685028076172,0.004399816404458778,5,log2,2,2,1221,"{'max_depth': 5, 'max_features': 'log2', 'min_samples_leaf': 2, 'min_samples_split': 2, 'n_estimators': 1221}",0.8500000000000001,0.5444444444444444,0.6333333333333333,0.8333333333333333,0.6777777777777778,0.7077777777777777,0.11756794725698934,91,1.0,0.986842105263158,0.986842105263158,0.9871794871794872,0.9871794871794872,0.989608636977058,0.005197871841449574
3.522361421585083,0.1057638235560195,0.09846038818359375,0.01172078634556583,5,log2,2,5,1021,"{'max_depth': 5, 'max_features': 'log2', 'min_samples_leaf': 2, 'min_samples_split': 5, 'n_estimators': 1021}",0.8500000000000001,0.5444444444444444,0.6333333333333333,0.8333333333333333,0.6777777777777778,0.7077777777777777,0.11756794725698934,91,1.0,0.986842105263158,0.986842105263158,0.9743589743589743,0.9871794871794872,0.9870445344129555,0.00811008865340974
5.173009920120239,0.8476169572468916,0.15502362251281737,0.02684542966579319,5,sqrt,2,3,1221,"{'max_depth': 5, 'max_features': 'sqrt', 'min_samples_leaf': 2, 'min_samples_split': 3, 'n_estimators': 1221}",0.8500000000000001,0.5444444444444444,0.6333333333333333,0.8333333333333333,0.6777777777777778,0.7077777777777777,0.11756794725698934,91,1.0,0.986842105263158,0.986842105263158,0.9871794871794872,0.9871794871794872,0.989608636977058,0.005197871841449574
3.6544387340545654,0.17539861387951403,0.12012901306152343,0.018710645448727033,5,sqrt,2,5,1021,"{'max_depth': 5, 'max_features': 'sqrt', 'min_samples_leaf': 2, 'min_samples_split': 5, 'n_estimators': 1021}",0.8500000000000001,0.5444444444444444,0.6333333333333333,0.8333333333333333,0.6777777777777778,0.7077777777777777,0.11756794725698934,91,1.0,0.986842105263158,0.986842105263158,0.9743589743589743,0.9871794871794872,0.9870445344129555,0.00811008865340974
4.361909341812134,0.1593331938276125,0.13021297454833985,0.010413348946610949,5,sqrt,3,3,1021,"{'max_depth': 5, 'max_features': 'sqrt', 'min_samples_leaf': 3, 'min_samples_split': 3, 'n_estimators': 1021}",0.8500000000000001,0.5944444444444444,0.6333333333333333,0.8333333333333333,0.6222222222222222,0.7066666666666668,0.11107777277627723,99,1.0,0.986842105263158,0.986842105263158,0.9612010796221322,0.9743589743589743,0.9818488529014845,0.0131282756008834
2.728115749359131,0.0908172003362078,0.097007417678833,0.01796266815509584,15,log2,3,2,821,"{'max_depth': 15, 'max_features': 'log2', 'min_samples_leaf': 3, 'min_samples_split': 2, 'n_estimators': 821}",0.8500000000000001,0.5944444444444444,0.6333333333333333,0.8333333333333333,0.6222222222222222,0.7066666666666668,0.11107777277627723,99,1.0,0.986842105263158,1.0,0.986842105263158,1.0,0.9947368421052631,0.006446025638903066
2.9429938316345217,0.30724446806746464,0.12345247268676758,0.021644644377389097,5,sqrt,3,3,821,"{'max_depth': 5, 'max_features': 'sqrt', 'min_samples_leaf': 3, 'min_samples_split': 3, 'n_estimators': 821}",0.8500000000000001,0.5944444444444444,0.6333333333333333,0.8333333333333333,0.6222222222222222,0.7066666666666668,0.11107777277627723,99,1.0,0.986842105263158,0.986842105263158,0.9612010796221322,0.9743589743589743,0.9818488529014845,0.0131282756008834
2.642307472229004,0.06676129600836568,0.09327516555786133,0.00932904700485454,,log2,3,5,821,"{'max_depth': None, 'max_features': 'log2', 'min_samples_leaf': 3, 'min_samples_split': 5, 'n_estimators': 821}",0.8500000000000001,0.5944444444444444,0.6333333333333333,0.8333333333333333,0.6222222222222222,0.7066666666666668,0.11107777277627723,99,1.0,0.986842105263158,1.0,0.986842105263158,1.0,0.9947368421052631,0.006446025638903066
2.8092445373535155,0.3499130819040843,0.11050806045532227,0.0150609271855611,5,sqrt,3,2,821,"{'max_depth': 5, 'max_features': 'sqrt', 'min_samples_leaf': 3, 'min_samples_split': 2, 'n_estimators': 821}",0.8500000000000001,0.5944444444444444,0.6333333333333333,0.8333333333333333,0.6222222222222222,0.7066666666666668,0.11107777277627723,99,1.0,0.986842105263158,0.986842105263158,0.9612010796221322,0.9743589743589743,0.9818488529014845,0.0131282756008834
2.7797598361968996,0.11451281303929513,0.09716129302978516,0.013848860709437806,10,sqrt,3,2,821,"{'max_depth': 10, 'max_features': 'sqrt', 'min_samples_leaf': 3, 'min_samples_split': 2, 'n_estimators': 821}",0.8500000000000001,0.5944444444444444,0.6333333333333333,0.8333333333333333,0.6222222222222222,0.7066666666666668,0.11107777277627723,99,1.0,0.986842105263158,1.0,0.986842105263158,1.0,0.9947368421052631,0.006446025638903066
2.7717151641845703,0.11481532212689825,0.0953300952911377,0.008370589335299468,10,sqrt,3,3,821,"{'max_depth': 10, 'max_features': 'sqrt', 'min_samples_leaf': 3, 'min_samples_split': 3, 'n_estimators': 821}",0.8500000000000001,0.5944444444444444,0.6333333333333333,0.8333333333333333,0.6222222222222222,0.7066666666666668,0.11107777277627723,99,1.0,0.986842105263158,1.0,0.986842105263158,1.0,0.9947368421052631,0.006446025638903066
2.644469738006592,0.1008379664089768,0.09467244148254395,0.008243413530922802,,log2,3,2,821,"{'max_depth': None, 'max_features': 'log2', 'min_samples_leaf': 3, 'min_samples_split': 2, 'n_estimators': 821}",0.8500000000000001,0.5944444444444444,0.6333333333333333,0.8333333333333333,0.6222222222222222,0.7066666666666668,0.11107777277627723,99,1.0,0.986842105263158,1.0,0.986842105263158,1.0,0.9947368421052631,0.006446025638903066
2.685859203338623,0.10687199502998607,0.08722333908081055,0.0033925000319558977,,log2,3,3,821,"{'max_depth': None, 'max_features': 'log2', 'min_samples_leaf': 3, 'min_samples_split': 3, 'n_estimators': 821}",0.8500000000000001,0.5944444444444444,0.6333333333333333,0.8333333333333333,0.6222222222222222,0.7066666666666668,0.11107777277627723,99,1.0,0.986842105263158,1.0,0.986842105263158,1.0,0.9947368421052631,0.006446025638903066
2.7597662448883056,0.09274432343056827,0.08883285522460938,0.004995833779480026,10,sqrt,3,5,821,"{'max_depth': 10, 'max_features': 'sqrt', 'min_samples_leaf': 3, 'min_samples_split': 5, 'n_estimators': 821}",0.8500000000000001,0.5944444444444444,0.6333333333333333,0.8333333333333333,0.6222222222222222,0.7066666666666668,0.11107777277627723,99,1.0,0.986842105263158,1.0,0.986842105263158,1.0,0.9947368421052631,0.006446025638903066
3.915837526321411,0.39449719028719277,0.11953353881835938,0.014686016588874182,5,sqrt,3,2,1021,"{'max_depth': 5, 'max_features': 'sqrt', 'min_samples_leaf': 3, 'min_samples_split': 2, 'n_estimators': 1021}",0.8500000000000001,0.5944444444444444,0.6333333333333333,0.8333333333333333,0.6222222222222222,0.7066666666666668,0.11107777277627723,99,1.0,0.986842105263158,0.986842105263158,0.9612010796221322,0.9743589743589743,0.9818488529014845,0.0131282756008834
3.2947830677032472,0.557183733304097,0.11524777412414551,0.033670794243103354,15,log2,3,3,821,"{'max_depth': 15, 'max_features': 'log2', 'min_samples_leaf': 3, 'min_samples_split': 3, 'n_estimators': 821}",0.8500000000000001,0.5944444444444444,0.6333333333333333,0.8333333333333333,0.6222222222222222,0.7066666666666668,0.11107777277627723,99,1.0,0.986842105263158,1.0,0.986842105263158,1.0,0.9947368421052631,0.006446025638903066
4.4525152206420895,1.2270383213507983,0.48574342727661135,0.7769990645372353,10,log2,3,5,821,"{'max_depth': 10, 'max_features': 'log2', 'min_samples_leaf': 3, 'min_samples_split': 5, 'n_estimators': 821}",0.8500000000000001,0.5944444444444444,0.6333333333333333,0.8333333333333333,0.6222222222222222,0.7066666666666668,0.11107777277627723,99,1.0,0.986842105263158,1.0,0.986842105263158,1.0,0.9947368421052631,0.006446025638903066
2.713945484161377,0.07231527369272364,0.09236197471618653,0.0037410587597804463,,sqrt,3,5,821,"{'max_depth': None, 'max_features': 'sqrt', 'min_samples_leaf': 3, 'min_samples_split': 5, 'n_estimators': 821}",0.8500000000000001,0.5944444444444444,0.6333333333333333,0.8333333333333333,0.6222222222222222,0.7066666666666668,0.11107777277627723,99,1.0,0.986842105263158,1.0,0.986842105263158,1.0,0.9947368421052631,0.006446025638903066
3.33380765914917,0.28498062820454684,0.12195806503295899,0.011284086063304423,15,sqrt,3,5,821,"{'max_depth': 15, 'max_features': 'sqrt', 'min_samples_leaf': 3, 'min_samples_split': 5, 'n_estimators': 821}",0.8500000000000001,0.5944444444444444,0.6333333333333333,0.8333333333333333,0.6222222222222222,0.7066666666666668,0.11107777277627723,99,1.0,0.986842105263158,1.0,0.986842105263158,1.0,0.9947368421052631,0.006446025638903066
2.7282650470733643,0.11039325603561262,0.09742164611816406,0.0076299640726055695,15,sqrt,3,2,821,"{'max_depth': 15, 'max_features': 'sqrt', 'min_samples_leaf': 3, 'min_samples_split': 2, 'n_estimators': 821}",0.8500000000000001,0.5944444444444444,0.6333333333333333,0.8333333333333333,0.6222222222222222,0.7066666666666668,0.11107777277627723,99,1.0,0.986842105263158,1.0,0.986842105263158,1.0,0.9947368421052631,0.006446025638903066
2.600921869277954,0.13816640321989218,0.08157815933227539,0.006236966634057794,5,log2,3,3,821,"{'max_depth': 5, 'max_features': 'log2', 'min_samples_leaf': 3, 'min_samples_split': 3, 'n_estimators': 821}",0.8500000000000001,0.5944444444444444,0.6333333333333333,0.8333333333333333,0.6222222222222222,0.7066666666666668,0.11107777277627723,99,1.0,0.986842105263158,0.986842105263158,0.9612010796221322,0.9743589743589743,0.9818488529014845,0.0131282756008834
3.032595157623291,0.05000051648286626,0.09485468864440919,0.004677782546235834,5,log2,3,3,1021,"{'max_depth': 5, 'max_features': 'log2', 'min_samples_leaf': 3, 'min_samples_split': 3, 'n_estimators': 1021}",0.8500000000000001,0.5944444444444444,0.6333333333333333,0.8333333333333333,0.6222222222222222,0.7066666666666668,0.11107777277627723,99,1.0,0.986842105263158,0.986842105263158,0.9612010796221322,0.9743589743589743,0.9818488529014845,0.0131282756008834
2.4340822219848635,0.05699250563170961,0.07854576110839843,0.004992356784652216,5,log2,3,5,821,"{'max_depth': 5, 'max_features': 'log2', 'min_samples_leaf': 3, 'min_samples_split': 5, 'n_estimators': 821}",0.8500000000000001,0.5944444444444444,0.6333333333333333,0.8333333333333333,0.6222222222222222,0.7066666666666668,0.11107777277627723,99,1.0,0.986842105263158,0.986842105263158,0.9612010796221322,0.9743589743589743,0.9818488529014845,0.0131282756008834
2.880697154998779,0.041441327812101,0.09702067375183106,0.004385680301740468,5,log2,3,5,1021,"{'max_depth': 5, 'max_features': 'log2', 'min_samples_leaf': 3, 'min_samples_split': 5, 'n_estimators': 1021}",0.8500000000000001,0.5944444444444444,0.6333333333333333,0.8333333333333333,0.6222222222222222,0.7066666666666668,0.11107777277627723,99,1.0,0.986842105263158,0.986842105263158,0.9612010796221322,0.9743589743589743,0.9818488529014845,0.0131282756008834
2.679110288619995,0.08881273354888304,0.09329619407653808,0.0026555442516203033,,sqrt,3,3,821,"{'max_depth': None, 'max_features': 'sqrt', 'min_samples_leaf': 3, 'min_samples_split': 3, 'n_estimators': 821}",0.8500000000000001,0.5944444444444444,0.6333333333333333,0.8333333333333333,0.6222222222222222,0.7066666666666668,0.11107777277627723,99,1.0,0.986842105263158,1.0,0.986842105263158,1.0,0.9947368421052631,0.006446025638903066
2.737671661376953,0.1003490306725927,0.09151525497436523,0.003730631613625567,15,sqrt,3,3,821,"{'max_depth': 15, 'max_features': 'sqrt', 'min_samples_leaf': 3, 'min_samples_split': 3, 'n_estimators': 821}",0.8500000000000001,0.5944444444444444,0.6333333333333333,0.8333333333333333,0.6222222222222222,0.7066666666666668,0.11107777277627723,99,1.0,0.986842105263158,1.0,0.986842105263158,1.0,0.9947368421052631,0.006446025638903066
3.791851615905762,0.4713800795666482,0.14407997131347655,0.041569162623419725,5,sqrt,3,5,821,"{'max_depth': 5, 'max_features': 'sqrt', 'min_samples_leaf': 3, 'min_samples_split': 5, 'n_estimators': 821}",0.8500000000000001,0.5944444444444444,0.6333333333333333,0.8333333333333333,0.6222222222222222,0.7066666666666668,0.11107777277627723,99,1.0,0.986842105263158,0.986842105263158,0.9612010796221322,0.9743589743589743,0.9818488529014845,0.0131282756008834
4.273489379882813,0.390800693447741,0.16091198921203614,0.033266634198162226,5,sqrt,3,5,1021,"{'max_depth': 5, 'max_features': 'sqrt', 'min_samples_leaf': 3, 'min_samples_split': 5, 'n_estimators': 1021}",0.8500000000000001,0.5944444444444444,0.6333333333333333,0.8333333333333333,0.6222222222222222,0.7066666666666668,0.11107777277627723,99,1.0,0.986842105263158,0.986842105263158,0.9612010796221322,0.9743589743589743,0.9818488529014845,0.0131282756008834
4.0377110004425045,0.10821844289279764,0.15313334465026857,0.039981992426419186,10,log2,3,3,821,"{'max_depth': 10, 'max_features': 'log2', 'min_samples_leaf': 3, 'min_samples_split': 3, 'n_estimators': 821}",0.8500000000000001,0.5944444444444444,0.6333333333333333,0.8333333333333333,0.6222222222222222,0.7066666666666668,0.11107777277627723,99,1.0,0.986842105263158,1.0,0.986842105263158,1.0,0.9947368421052631,0.006446025638903066
2.6557733058929442,0.06998757636088346,0.08821229934692383,0.004055658792037848,,sqrt,3,2,821,"{'max_depth': None, 'max_features': 'sqrt', 'min_samples_leaf': 3, 'min_samples_split': 2, 'n_estimators': 821}",0.8500000000000001,0.5944444444444444,0.6333333333333333,0.8333333333333333,0.6222222222222222,0.7066666666666668,0.11107777277627723,99,1.0,0.986842105263158,1.0,0.986842105263158,1.0,0.9947368421052631,0.006446025638903066
3.1591154098510743,0.07963266919384258,0.11628475189208984,0.01723350165586172,5,log2,3,2,1021,"{'max_depth': 5, 'max_features': 'log2', 'min_samples_leaf': 3, 'min_samples_split': 2, 'n_estimators': 1021}",0.8500000000000001,0.5944444444444444,0.6333333333333333,0.8333333333333333,0.6222222222222222,0.7066666666666668,0.11107777277627723,99,1.0,0.986842105263158,0.986842105263158,0.9612010796221322,0.9743589743589743,0.9818488529014845,0.0131282756008834
2.6461989879608154,0.11813372910052647,0.0901191234588623,0.011876012783108436,5,log2,3,2,821,"{'max_depth': 5, 'max_features': 'log2', 'min_samples_leaf': 3, 'min_samples_split': 2, 'n_estimators': 821}",0.8500000000000001,0.5944444444444444,0.6333333333333333,0.8333333333333333,0.6222222222222222,0.7066666666666668,0.11107777277627723,99,1.0,0.986842105263158,0.986842105263158,0.9612010796221322,0.9743589743589743,0.9818488529014845,0.0131282756008834
3.0894957542419434,0.3073085155950311,0.0860560417175293,0.016626050847959494,15,log2,3,5,821,"{'max_depth': 15, 'max_features': 'log2', 'min_samples_leaf': 3, 'min_samples_split': 5, 'n_estimators': 821}",0.8500000000000001,0.5944444444444444,0.6333333333333333,0.8333333333333333,0.6222222222222222,0.7066666666666668,0.11107777277627723,99,1.0,0.986842105263158,1.0,0.986842105263158,1.0,0.9947368421052631,0.006446025638903066
2.9947001934051514,0.2752290669232271,0.12130751609802246,0.027194150612010748,10,log2,3,2,821,"{'max_depth': 10, 'max_features': 'log2', 'min_samples_leaf': 3, 'min_samples_split': 2, 'n_estimators': 821}",0.8500000000000001,0.5944444444444444,0.6333333333333333,0.8333333333333333,0.6222222222222222,0.7066666666666668,0.11107777277627723,99,1.0,0.986842105263158,1.0,0.986842105263158,1.0,0.9947368421052631,0.006446025638903066
3.9576470851898193,0.11723225420135534,0.13781042098999025,0.007394930774193997,,log2,3,2,1221,"{'max_depth': None, 'max_features': 'log2', 'min_samples_leaf': 3, 'min_samples_split': 2, 'n_estimators': 1221}",0.8500000000000001,0.5388888888888889,0.6333333333333333,0.8333333333333333,0.6777777777777778,0.7066666666666667,0.11912230461500536,129,1.0,0.986842105263158,1.0,0.986842105263158,1.0,0.9947368421052631,0.006446025638903066
4.6854057788848875,0.4115523960284199,0.14678411483764647,0.02916637093115031,15,sqrt,3,5,1221,"{'max_depth': 15, 'max_features': 'sqrt', 'min_samples_leaf': 3, 'min_samples_split': 5, 'n_estimators': 1221}",0.8500000000000001,0.5388888888888889,0.6333333333333333,0.8333333333333333,0.6777777777777778,0.7066666666666667,0.11912230461500536,129,1.0,0.986842105263158,1.0,0.986842105263158,1.0,0.9947368421052631,0.006446025638903066
3.9748971939086912,0.04977384422888835,0.13458452224731446,0.009008192236838271,,sqrt,3,2,1221,"{'max_depth': None, 'max_features': 'sqrt', 'min_samples_leaf': 3, 'min_samples_split': 2, 'n_estimators': 1221}",0.8500000000000001,0.5388888888888889,0.6333333333333333,0.8333333333333333,0.6777777777777778,0.7066666666666667,0.11912230461500536,129,1.0,0.986842105263158,1.0,0.986842105263158,1.0,0.9947368421052631,0.006446025638903066
3.9998987197875975,0.07400436215297386,0.1287623405456543,0.0074396105513110855,,log2,3,3,1221,"{'max_depth': None, 'max_features': 'log2', 'min_samples_leaf': 3, 'min_samples_split': 3, 'n_estimators': 1221}",0.8500000000000001,0.5388888888888889,0.6333333333333333,0.8333333333333333,0.6777777777777778,0.7066666666666667,0.11912230461500536,129,1.0,0.986842105263158,1.0,0.986842105263158,1.0,0.9947368421052631,0.006446025638903066
4.130496025085449,0.1527782485474474,0.14905753135681152,0.019888443700079767,,sqrt,3,5,1221,"{'max_depth': None, 'max_features': 'sqrt', 'min_samples_leaf': 3, 'min_samples_split': 5, 'n_estimators': 1221}",0.8500000000000001,0.5388888888888889,0.6333333333333333,0.8333333333333333,0.6777777777777778,0.7066666666666667,0.11912230461500536,129,1.0,0.986842105263158,1.0,0.986842105263158,1.0,0.9947368421052631,0.006446025638903066
4.367347860336304,0.3029183450429018,0.16636271476745607,0.02505427710147392,15,sqrt,3,3,1221,"{'max_depth': 15, 'max_features': 'sqrt', 'min_samples_leaf': 3, 'min_samples_split': 3, 'n_estimators': 1221}",0.8500000000000001,0.5388888888888889,0.6333333333333333,0.8333333333333333,0.6777777777777778,0.7066666666666667,0.11912230461500536,129,1.0,0.986842105263158,1.0,0.986842105263158,1.0,0.9947368421052631,0.006446025638903066
3.92663631439209,0.07268993884400911,0.13246865272521974,0.004675335687810684,,log2,3,5,1221,"{'max_depth': None, 'max_features': 'log2', 'min_samples_leaf': 3, 'min_samples_split': 5, 'n_estimators': 1221}",0.8500000000000001,0.5388888888888889,0.6333333333333333,0.8333333333333333,0.6777777777777778,0.7066666666666667,0.11912230461500536,129,1.0,0.986842105263158,1.0,0.986842105263158,1.0,0.9947368421052631,0.006446025638903066
5.216622352600098,0.6221817567299162,0.22783193588256836,0.11931883982062644,15,log2,3,2,1221,"{'max_depth': 15, 'max_features': 'log2', 'min_samples_leaf': 3, 'min_samples_split': 2, 'n_estimators': 1221}",0.8500000000000001,0.5388888888888889,0.6333333333333333,0.8333333333333333,0.6777777777777778,0.7066666666666667,0.11912230461500536,129,1.0,0.986842105263158,1.0,0.986842105263158,1.0,0.9947368421052631,0.006446025638903066
4.564800834655761,0.18740843232955795,0.19513721466064454,0.08329705061424508,15,log2,3,3,1221,"{'max_depth': 15, 'max_features': 'log2', 'min_samples_leaf': 3, 'min_samples_split': 3, 'n_estimators': 1221}",0.8500000000000001,0.5388888888888889,0.6333333333333333,0.8333333333333333,0.6777777777777778,0.7066666666666667,0.11912230461500536,129,1.0,0.986842105263158,1.0,0.986842105263158,1.0,0.9947368421052631,0.006446025638903066
5.720005321502685,0.629443302326772,0.1550154685974121,0.013418736153866778,10,log2,3,5,1221,"{'max_depth': 10, 'max_features': 'log2', 'min_samples_leaf': 3, 'min_samples_split': 5, 'n_estimators': 1221}",0.8500000000000001,0.5388888888888889,0.6333333333333333,0.8333333333333333,0.6777777777777778,0.7066666666666667,0.11912230461500536,129,1.0,0.986842105263158,1.0,0.986842105263158,1.0,0.9947368421052631,0.006446025638903066
4.141423606872559,0.18457925022093832,0.154569673538208,0.011659598363566188,15,log2,3,5,1221,"{'max_depth': 15, 'max_features': 'log2', 'min_samples_leaf': 3, 'min_samples_split': 5, 'n_estimators': 1221}",0.8500000000000001,0.5388888888888889,0.6333333333333333,0.8333333333333333,0.6777777777777778,0.7066666666666667,0.11912230461500536,129,1.0,0.986842105263158,1.0,0.986842105263158,1.0,0.9947368421052631,0.006446025638903066
4.175178861618042,0.16524067325112865,0.1315924644470215,0.005612755935807023,,sqrt,3,3,1221,"{'max_depth': None, 'max_features': 'sqrt', 'min_samples_leaf': 3, 'min_samples_split': 3, 'n_estimators': 1221}",0.8500000000000001,0.5388888888888889,0.6333333333333333,0.8333333333333333,0.6777777777777778,0.7066666666666667,0.11912230461500536,129,1.0,0.986842105263158,1.0,0.986842105263158,1.0,0.9947368421052631,0.006446025638903066
3.991994571685791,0.1568874668350458,0.12568392753601074,0.006077404254222042,10,sqrt,3,5,1221,"{'max_depth': 10, 'max_features': 'sqrt', 'min_samples_leaf': 3, 'min_samples_split': 5, 'n_estimators': 1221}",0.8500000000000001,0.5388888888888889,0.6333333333333333,0.8333333333333333,0.6777777777777778,0.7066666666666667,0.11912230461500536,129,1.0,0.986842105263158,1.0,0.986842105263158,1.0,0.9947368421052631,0.006446025638903066
5.954508447647095,0.22771595011857612,0.22011170387268067,0.02223615237090486,10,log2,3,2,1221,"{'max_depth': 10, 'max_features': 'log2', 'min_samples_leaf': 3, 'min_samples_split': 2, 'n_estimators': 1221}",0.8500000000000001,0.5388888888888889,0.6333333333333333,0.8333333333333333,0.6777777777777778,0.7066666666666667,0.11912230461500536,129,1.0,0.986842105263158,1.0,0.986842105263158,1.0,0.9947368421052631,0.006446025638903066
5.216353988647461,0.11162919527703907,0.1802976608276367,0.061116145109373715,10,log2,3,3,1221,"{'max_depth': 10, 'max_features': 'log2', 'min_samples_leaf': 3, 'min_samples_split': 3, 'n_estimators': 1221}",0.8500000000000001,0.5388888888888889,0.6333333333333333,0.8333333333333333,0.6777777777777778,0.7066666666666667,0.11912230461500536,129,1.0,0.986842105263158,1.0,0.986842105263158,1.0,0.9947368421052631,0.006446025638903066
4.086885404586792,0.11508664414680432,0.13842005729675294,0.010905974653856041,10,sqrt,3,2,1221,"{'max_depth': 10, 'max_features': 'sqrt', 'min_samples_leaf': 3, 'min_samples_split': 2, 'n_estimators': 1221}",0.8500000000000001,0.5388888888888889,0.6333333333333333,0.8333333333333333,0.6777777777777778,0.7066666666666667,0.11912230461500536,129,1.0,0.986842105263158,1.0,0.986842105263158,1.0,0.9947368421052631,0.006446025638903066
4.0840291500091555,0.18424097819548682,0.13439006805419923,0.0070871140393381485,10,sqrt,3,3,1221,"{'max_depth': 10, 'max_features': 'sqrt', 'min_samples_leaf': 3, 'min_samples_split': 3, 'n_estimators': 1221}",0.8500000000000001,0.5388888888888889,0.6333333333333333,0.8333333333333333,0.6777777777777778,0.7066666666666667,0.11912230461500536,129,1.0,0.986842105263158,1.0,0.986842105263158,1.0,0.9947368421052631,0.006446025638903066
4.0805487632751465,0.13035388274245274,0.13524532318115234,0.007403288072272232,15,sqrt,3,2,1221,"{'max_depth': 15, 'max_features': 'sqrt', 'min_samples_leaf': 3, 'min_samples_split': 2, 'n_estimators': 1221}",0.8500000000000001,0.5388888888888889,0.6333333333333333,0.8333333333333333,0.6777777777777778,0.7066666666666667,0.11912230461500536,129,1.0,0.986842105263158,1.0,0.986842105263158,1.0,0.9947368421052631,0.006446025638903066
4.2182940483093265,0.17164892512695776,0.14379687309265138,0.02743925421637732,15,sqrt,1,2,1221,"{'max_depth': 15, 'max_features': 'sqrt', 'min_samples_leaf': 1, 'min_samples_split': 2, 'n_estimators': 1221}",0.8,0.5444444444444444,0.6333333333333333,0.8333333333333333,0.6833333333333333,0.6988888888888889,0.10648132045076392,147,1.0,1.0,1.0,1.0,1.0,1.0,0.0
3.353249740600586,0.10914895061196289,0.11436853408813477,0.007596359088926668,15,sqrt,1,5,1021,"{'max_depth': 15, 'max_features': 'sqrt', 'min_samples_leaf': 1, 'min_samples_split': 5, 'n_estimators': 1021}",0.8500000000000001,0.65,0.6333333333333333,0.7833333333333333,0.5777777777777777,0.6988888888888889,0.10131237600048774,147,1.0,1.0,1.0,1.0,1.0,1.0,0.0
2.362531900405884,0.09196096308956954,0.07883563041687011,0.002802219700728728,15,log2,1,5,821,"{'max_depth': 15, 'max_features': 'log2', 'min_samples_leaf': 1, 'min_samples_split': 5, 'n_estimators': 821}",0.8500000000000001,0.65,0.6333333333333333,0.7833333333333333,0.5777777777777777,0.6988888888888889,0.10131237600048774,147,1.0,1.0,1.0,1.0,1.0,1.0,0.0
3.3819158554077147,0.1256362538160901,0.11501660346984863,0.008562773620036875,,log2,1,5,1021,"{'max_depth': None, 'max_features': 'log2', 'min_samples_leaf': 1, 'min_samples_split': 5, 'n_estimators': 1021}",0.8500000000000001,0.65,0.6333333333333333,0.7833333333333333,0.5777777777777777,0.6988888888888889,0.10131237600048774,147,1.0,1.0,1.0,1.0,1.0,1.0,0.0
2.6539915084838865,0.05623178680951779,0.09097237586975097,0.0034232507936977634,,log2,1,5,821,"{'max_depth': None, 'max_features': 'log2', 'min_samples_leaf': 1, 'min_samples_split': 5, 'n_estimators': 821}",0.8500000000000001,0.65,0.6333333333333333,0.7833333333333333,0.5777777777777777,0.6988888888888889,0.10131237600048774,147,1.0,1.0,1.0,1.0,1.0,1.0,0.0
4.005781602859497,0.1326597805445512,0.13033175468444824,0.005945359268367926,,log2,1,2,1221,"{'max_depth': None, 'max_features': 'log2', 'min_samples_leaf': 1, 'min_samples_split': 2, 'n_estimators': 1221}",0.8,0.5444444444444444,0.6333333333333333,0.8333333333333333,0.6833333333333333,0.6988888888888889,0.10648132045076392,147,1.0,1.0,1.0,1.0,1.0,1.0,0.0
4.342234706878662,0.473113596983268,0.1486593246459961,0.032468711272536276,15,log2,1,2,1221,"{'max_depth': 15, 'max_features': 'log2', 'min_samples_leaf': 1, 'min_samples_split': 2, 'n_estimators': 1221}",0.8,0.5444444444444444,0.6333333333333333,0.8333333333333333,0.6833333333333333,0.6988888888888889,0.10648132045076392,147,1.0,1.0,1.0,1.0,1.0,1.0,0.0
2.723106861114502,0.08580498412072592,0.092669677734375,0.009083432867190511,15,sqrt,1,5,821,"{'max_depth': 15, 'max_features': 'sqrt', 'min_samples_leaf': 1, 'min_samples_split': 5, 'n_estimators': 821}",0.8500000000000001,0.65,0.6333333333333333,0.7833333333333333,0.5777777777777777,0.6988888888888889,0.10131237600048774,147,1.0,1.0,1.0,1.0,1.0,1.0,0.0
2.878116226196289,0.022815042461252592,0.09503121376037597,0.004211035272816812,15,log2,1,5,1021,"{'max_depth': 15, 'max_features': 'log2', 'min_samples_leaf': 1, 'min_samples_split': 5, 'n_estimators': 1021}",0.8500000000000001,0.65,0.6333333333333333,0.7833333333333333,0.5777777777777777,0.6988888888888889,0.10131237600048774,147,1.0,1.0,1.0,1.0,1.0,1.0,0.0
5.638050699234009,0.6103875151619262,0.19811501502990722,0.03580190154848606,10,sqrt,1,2,1221,"{'max_depth': 10, 'max_features': 'sqrt', 'min_samples_leaf': 1, 'min_samples_split': 2, 'n_estimators': 1221}",0.8,0.5444444444444444,0.6333333333333333,0.8333333333333333,0.6833333333333333,0.6988888888888889,0.10648132045076392,147,1.0,1.0,1.0,1.0,1.0,1.0,0.0
3.9586276531219484,0.09789693783040547,0.13529691696166993,0.007379389192351223,,sqrt,1,2,1221,"{'max_depth': None, 'max_features': 'sqrt', 'min_samples_leaf': 1, 'min_samples_split': 2, 'n_estimators': 1221}",0.8,0.5444444444444444,0.6333333333333333,0.8333333333333333,0.6833333333333333,0.6988888888888889,0.10648132045076392,147,1.0,1.0,1.0,1.0,1.0,1.0,0.0
2.8626872539520263,0.16633908163665787,0.08373489379882812,0.0028624700724983803,10,sqrt,1,5,821,"{'max_depth': 10, 'max_features': 'sqrt', 'min_samples_leaf': 1, 'min_samples_split': 5, 'n_estimators': 821}",0.8500000000000001,0.65,0.6333333333333333,0.7833333333333333,0.5777777777777777,0.6988888888888889,0.10131237600048774,147,1.0,1.0,1.0,1.0,1.0,1.0,0.0
3.081450891494751,0.16834483448174767,0.111397123336792,0.00709971232380393,10,sqrt,1,5,1021,"{'max_depth': 10, 'max_features': 'sqrt', 'min_samples_leaf': 1, 'min_samples_split': 5, 'n_estimators': 1021}",0.8500000000000001,0.65,0.6333333333333333,0.7833333333333333,0.5777777777777777,0.6988888888888889,0.10131237600048774,147,1.0,1.0,1.0,1.0,1.0,1.0,0.0
3.9834101676940916,0.10140595353229631,0.13097219467163085,0.005057927021368177,10,log2,1,2,1221,"{'max_depth': 10, 'max_features': 'log2', 'min_samples_leaf': 1, 'min_samples_split': 2, 'n_estimators': 1221}",0.8,0.5444444444444444,0.6333333333333333,0.8333333333333333,0.6833333333333333,0.6988888888888889,0.10648132045076392,147,1.0,1.0,1.0,1.0,1.0,1.0,0.0
3.3313241481781004,0.12431100665154532,0.11275086402893067,0.011585069922849037,,sqrt,1,5,1021,"{'max_depth': None, 'max_features': 'sqrt', 'min_samples_leaf': 1, 'min_samples_split': 5, 'n_estimators': 1021}",0.8500000000000001,0.65,0.6333333333333333,0.7833333333333333,0.5777777777777777,0.6988888888888889,0.10131237600048774,147,1.0,1.0,1.0,1.0,1.0,1.0,0.0
3.601495361328125,1.1027542334309348,0.09222373962402344,0.007957209365066003,10,log2,1,5,821,"{'max_depth': 10, 'max_features': 'log2', 'min_samples_leaf': 1, 'min_samples_split': 5, 'n_estimators': 821}",0.8500000000000001,0.65,0.6333333333333333,0.7833333333333333,0.5777777777777777,0.6988888888888889,0.10131237600048774,147,1.0,1.0,1.0,1.0,1.0,1.0,0.0
2.696942901611328,0.07283466777117172,0.09038295745849609,0.004239545812897894,,sqrt,1,5,821,"{'max_depth': None, 'max_features': 'sqrt', 'min_samples_leaf': 1, 'min_samples_split': 5, 'n_estimators': 821}",0.8500000000000001,0.65,0.6333333333333333,0.7833333333333333,0.5777777777777777,0.6988888888888889,0.10131237600048774,147,1.0,1.0,1.0,1.0,1.0,1.0,0.0
5.542763805389404,0.144713168806095,0.11273841857910157,0.007637448660182242,10,log2,1,5,1021,"{'max_depth': 10, 'max_features': 'log2', 'min_samples_leaf': 1, 'min_samples_split': 5, 'n_estimators': 1021}",0.8500000000000001,0.65,0.6333333333333333,0.7833333333333333,0.5777777777777777,0.6988888888888889,0.10131237600048774,147,1.0,1.0,1.0,1.0,1.0,1.0,0.0
4.506357479095459,0.1267082135859933,0.1541290283203125,0.02058199498939078,10,sqrt,1,5,1221,"{'max_depth': 10, 'max_features': 'sqrt', 'min_samples_leaf': 1, 'min_samples_split': 5, 'n_estimators': 1221}",0.8500000000000001,0.5944444444444444,0.6333333333333333,0.8333333333333333,0.5777777777777777,0.6977777777777778,0.11897712198383166,165,1.0,1.0,1.0,1.0,1.0,1.0,0.0
3.8805813789367676,0.16562201503843918,0.14498777389526368,0.024638947482734323,5,sqrt,1,3,1221,"{'max_depth': 5, 'max_features': 'sqrt', 'min_samples_leaf': 1, 'min_samples_split': 3, 'n_estimators': 1221}",0.8500000000000001,0.6,0.6333333333333333,0.7777777777777778,0.6277777777777778,0.6977777777777778,0.09816841160494064,165,1.0,0.986842105263158,1.0,0.9871794871794872,0.9871794871794872,0.9922402159244263,0.00633703475404796
3.417796421051025,0.19482412614660205,0.12034673690795898,0.01313494786244442,5,sqrt,1,5,1021,"{'max_depth': 5, 'max_features': 'sqrt', 'min_samples_leaf': 1, 'min_samples_split': 5, 'n_estimators': 1021}",0.8500000000000001,0.6,0.6333333333333333,0.7777777777777778,0.6277777777777778,0.6977777777777778,0.09816841160494064,165,1.0,0.986842105263158,0.986842105263158,0.9743589743589743,0.9871794871794872,0.9870445344129555,0.00811008865340974
4.028224468231201,0.1074098792753992,0.139107608795166,0.007238978838967753,15,sqrt,1,5,1221,"{'max_depth': 15, 'max_features': 'sqrt', 'min_samples_leaf': 1, 'min_samples_split': 5, 'n_estimators': 1221}",0.8500000000000001,0.5944444444444444,0.6333333333333333,0.8333333333333333,0.5777777777777777,0.6977777777777778,0.11897712198383166,165,1.0,1.0,1.0,1.0,1.0,1.0,0.0
3.67767448425293,0.03794298664041987,0.13093948364257812,0.03191359795050493,5,log2,1,5,1021,"{'max_depth': 5, 'max_features': 'log2', 'min_samples_leaf': 1, 'min_samples_split': 5, 'n_estimators': 1021}",0.8500000000000001,0.6,0.6333333333333333,0.7777777777777778,0.6277777777777778,0.6977777777777778,0.09816841160494064,165,1.0,0.986842105263158,0.986842105263158,0.9743589743589743,0.9871794871794872,0.9870445344129555,0.00811008865340974
3.7162793636322022,0.17643790078161195,0.13921651840209961,0.021038135611306928,15,log2,1,5,1221,"{'max_depth': 15, 'max_features': 'log2', 'min_samples_leaf': 1, 'min_samples_split': 5, 'n_estimators': 1221}",0.8500000000000001,0.5944444444444444,0.6333333333333333,0.8333333333333333,0.5777777777777777,0.6977777777777778,0.11897712198383166,165,1.0,1.0,1.0,1.0,1.0,1.0,0.0
4.429525089263916,0.7776914289935419,0.13670268058776855,0.009488211570651809,10,log2,1,5,1221,"{'max_depth': 10, 'max_features': 'log2', 'min_samples_leaf': 1, 'min_samples_split': 5, 'n_estimators': 1221}",0.8500000000000001,0.5944444444444444,0.6333333333333333,0.8333333333333333,0.5777777777777777,0.6977777777777778,0.11897712198383166,165,1.0,1.0,1.0,1.0,1.0,1.0,0.0
4.0074068069458,0.1325833207791165,0.1325322151184082,0.0054505007135736,,sqrt,1,5,1221,"{'max_depth': None, 'max_features': 'sqrt', 'min_samples_leaf': 1, 'min_samples_split': 5, 'n_estimators': 1221}",0.8500000000000001,0.5944444444444444,0.6333333333333333,0.8333333333333333,0.5777777777777777,0.6977777777777778,0.11897712198383166,165,1.0,1.0,1.0,1.0,1.0,1.0,0.0
3.6106706142425535,0.13536014138479682,0.1427849769592285,0.0219233171283796,5,log2,1,3,1221,"{'max_depth': 5, 'max_features': 'log2', 'min_samples_leaf': 1, 'min_samples_split': 3, 'n_estimators': 1221}",0.8500000000000001,0.6,0.6333333333333333,0.7777777777777778,0.6277777777777778,0.6977777777777778,0.09816841160494064,165,1.0,0.986842105263158,1.0,0.9871794871794872,0.9871794871794872,0.9922402159244263,0.00633703475404796
3.977850389480591,0.1150235056874066,0.1309424877166748,0.004933829455024647,,log2,1,5,1221,"{'max_depth': None, 'max_features': 'log2', 'min_samples_leaf': 1, 'min_samples_split': 5, 'n_estimators': 1221}",0.8500000000000001,0.5944444444444444,0.6333333333333333,0.8333333333333333,0.5777777777777777,0.6977777777777778,0.11897712198383166,165,1.0,1.0,1.0,1.0,1.0,1.0,0.0
3.4632150650024416,0.0469536989145241,0.11556034088134766,0.005728943395632126,5,log2,3,5,1221,"{'max_depth': 5, 'max_features': 'log2', 'min_samples_leaf': 3, 'min_samples_split': 5, 'n_estimators': 1221}",0.8500000000000001,0.5388888888888889,0.6333333333333333,0.8333333333333333,0.6222222222222222,0.6955555555555555,0.12379792375450377,175,1.0,0.986842105263158,0.986842105263158,0.9612010796221322,0.9743589743589743,0.9818488529014845,0.0131282756008834
3.2995160102844237,0.1278422946078219,0.13335700035095216,0.02483449410192522,,sqrt,3,3,1021,"{'max_depth': None, 'max_features': 'sqrt', 'min_samples_leaf': 3, 'min_samples_split': 3, 'n_estimators': 1021}",0.8500000000000001,0.5388888888888889,0.6333333333333333,0.8333333333333333,0.6222222222222222,0.6955555555555555,0.12379792375450377,175,1.0,0.986842105263158,1.0,0.986842105263158,1.0,0.9947368421052631,0.006446025638903066
3.452284240722656,0.10487960489559757,0.10980854034423829,0.005663825766503003,,sqrt,3,2,1021,"{'max_depth': None, 'max_features': 'sqrt', 'min_samples_leaf': 3, 'min_samples_split': 2, 'n_estimators': 1021}",0.8500000000000001,0.5388888888888889,0.6333333333333333,0.8333333333333333,0.6222222222222222,0.6955555555555555,0.12379792375450377,175,1.0,0.986842105263158,1.0,0.986842105263158,1.0,0.9947368421052631,0.006446025638903066
3.7876080513000487,0.1110550409822843,0.12603116035461426,0.010804470643760647,5,log2,3,2,1221,"{'max_depth': 5, 'max_features': 'log2', 'min_samples_leaf': 3, 'min_samples_split': 2, 'n_estimators': 1221}",0.8500000000000001,0.5388888888888889,0.6333333333333333,0.8333333333333333,0.6222222222222222,0.6955555555555555,0.12379792375450377,175,1.0,0.986842105263158,0.986842105263158,0.9612010796221322,0.9743589743589743,0.9818488529014845,0.0131282756008834
5.673733806610107,0.6741188085849152,0.21332712173461915,0.0744288624677652,5,sqrt,3,5,1221,"{'max_depth': 5, 'max_features': 'sqrt', 'min_samples_leaf': 3, 'min_samples_split': 5, 'n_estimators': 1221}",0.8500000000000001,0.5388888888888889,0.6333333333333333,0.8333333333333333,0.6222222222222222,0.6955555555555555,0.12379792375450377,175,1.0,0.986842105263158,0.986842105263158,0.9612010796221322,0.9743589743589743,0.9818488529014845,0.0131282756008834
5.376537132263183,0.5579613802976302,0.20093121528625488,0.04193430265694169,5,sqrt,3,3,1221,"{'max_depth': 5, 'max_features': 'sqrt', 'min_samples_leaf': 3, 'min_samples_split': 3, 'n_estimators': 1221}",0.8500000000000001,0.5388888888888889,0.6333333333333333,0.8333333333333333,0.6222222222222222,0.6955555555555555,0.12379792375450377,175,1.0,0.986842105263158,0.986842105263158,0.9612010796221322,0.9743589743589743,0.9818488529014845,0.0131282756008834
4.316048240661621,0.06155066574777228,0.17316274642944335,0.05360820658258224,10,log2,3,2,1021,"{'max_depth': 10, 'max_features': 'log2', 'min_samples_leaf': 3, 'min_samples_split': 2, 'n_estimators': 1021}",0.8500000000000001,0.5388888888888889,0.6333333333333333,0.8333333333333333,0.6222222222222222,0.6955555555555555,0.12379792375450377,175,1.0,0.986842105263158,1.0,0.986842105263158,1.0,0.9947368421052631,0.006446025638903066
3.29209942817688,0.1064621065408075,0.1096773624420166,0.00854461098375749,15,sqrt,3,2,1021,"{'max_depth': 15, 'max_features': 'sqrt', 'min_samples_leaf': 3, 'min_samples_split': 2, 'n_estimators': 1021}",0.8500000000000001,0.5388888888888889,0.6333333333333333,0.8333333333333333,0.6222222222222222,0.6955555555555555,0.12379792375450377,175,1.0,0.986842105263158,1.0,0.986842105263158,1.0,0.9947368421052631,0.006446025638903066
3.837692975997925,0.4124121980190172,0.13242850303649903,0.022946298403544535,15,sqrt,3,5,1021,"{'max_depth': 15, 'max_features': 'sqrt', 'min_samples_leaf': 3, 'min_samples_split': 5, 'n_estimators': 1021}",0.8500000000000001,0.5388888888888889,0.6333333333333333,0.8333333333333333,0.6222222222222222,0.6955555555555555,0.12379792375450377,175,1.0,0.986842105263158,1.0,0.986842105263158,1.0,0.9947368421052631,0.006446025638903066
5.006896829605102,0.1253672118867783,0.13151931762695312,0.013011584719200685,10,log2,3,3,1021,"{'max_depth': 10, 'max_features': 'log2', 'min_samples_leaf': 3, 'min_samples_split': 3, 'n_estimators': 1021}",0.8500000000000001,0.5388888888888889,0.6333333333333333,0.8333333333333333,0.6222222222222222,0.6955555555555555,0.12379792375450377,175,1.0,0.986842105263158,1.0,0.986842105263158,1.0,0.9947368421052631,0.006446025638903066
7.822422122955322,0.4243537722789156,0.18937673568725585,0.06549128223561723,10,log2,3,5,1021,"{'max_depth': 10, 'max_features': 'log2', 'min_samples_leaf': 3, 'min_samples_split': 5, 'n_estimators': 1021}",0.8500000000000001,0.5388888888888889,0.6333333333333333,0.8333333333333333,0.6222222222222222,0.6955555555555555,0.12379792375450377,175,1.0,0.986842105263158,1.0,0.986842105263158,1.0,0.9947368421052631,0.006446025638903066
3.241058588027954,0.05743290987213599,0.11112923622131347,0.016055155180878126,15,log2,3,5,1021,"{'max_depth': 15, 'max_features': 'log2', 'min_samples_leaf': 3, 'min_samples_split': 5, 'n_estimators': 1021}",0.8500000000000001,0.5388888888888889,0.6333333333333333,0.8333333333333333,0.6222222222222222,0.6955555555555555,0.12379792375450377,175,1.0,0.986842105263158,1.0,0.986842105263158,1.0,0.9947368421052631,0.006446025638903066
3.6477078914642336,0.10888744484366057,0.11452393531799317,0.00537562450009306,5,log2,3,3,1221,"{'max_depth': 5, 'max_features': 'log2', 'min_samples_leaf': 3, 'min_samples_split': 3, 'n_estimators': 1221}",0.8500000000000001,0.5388888888888889,0.6333333333333333,0.8333333333333333,0.6222222222222222,0.6955555555555555,0.12379792375450377,175,1.0,0.986842105263158,0.986842105263158,0.9612010796221322,0.9743589743589743,0.9818488529014845,0.0131282756008834
3.2737027168273927,0.13510774057090358,0.12143793106079101,0.024232999313820273,15,sqrt,3,3,1021,"{'max_depth': 15, 'max_features': 'sqrt', 'min_samples_leaf': 3, 'min_samples_split': 3, 'n_estimators': 1021}",0.8500000000000001,0.5388888888888889,0.6333333333333333,0.8333333333333333,0.6222222222222222,0.6955555555555555,0.12379792375450377,175,1.0,0.986842105263158,1.0,0.986842105263158,1.0,0.9947368421052631,0.006446025638903066
3.234834575653076,0.06913856282934337,0.10888428688049316,0.008768858100641179,,sqrt,3,5,1021,"{'max_depth': None, 'max_features': 'sqrt', 'min_samples_leaf': 3, 'min_samples_split': 5, 'n_estimators': 1021}",0.8500000000000001,0.5388888888888889,0.6333333333333333,0.8333333333333333,0.6222222222222222,0.6955555555555555,0.12379792375450377,175,1.0,0.986842105263158,1.0,0.986842105263158,1.0,0.9947368421052631,0.006446025638903066
3.4616040706634523,0.11947440366865325,0.1161036491394043,0.023008110239773904,15,log2,3,2,1021,"{'max_depth': 15, 'max_features': 'log2', 'min_samples_leaf': 3, 'min_samples_split': 2, 'n_estimators': 1021}",0.8500000000000001,0.5388888888888889,0.6333333333333333,0.8333333333333333,0.6222222222222222,0.6955555555555555,0.12379792375450377,175,1.0,0.986842105263158,1.0,0.986842105263158,1.0,0.9947368421052631,0.006446025638903066
3.2613229751586914,0.10634331251669644,0.10901370048522949,0.006499569568532592,,log2,3,2,1021,"{'max_depth': None, 'max_features': 'log2', 'min_samples_leaf': 3, 'min_samples_split': 2, 'n_estimators': 1021}",0.8500000000000001,0.5388888888888889,0.6333333333333333,0.8333333333333333,0.6222222222222222,0.6955555555555555,0.12379792375450377,175,1.0,0.986842105263158,1.0,0.986842105263158,1.0,0.9947368421052631,0.006446025638903066
4.2678920269012455,0.17156997392556486,0.16207175254821776,0.03381832208349232,5,sqrt,3,2,1221,"{'max_depth': 5, 'max_features': 'sqrt', 'min_samples_leaf': 3, 'min_samples_split': 2, 'n_estimators': 1221}",0.8500000000000001,0.5388888888888889,0.6333333333333333,0.8333333333333333,0.6222222222222222,0.6955555555555555,0.12379792375450377,175,1.0,0.986842105263158,0.986842105263158,0.9612010796221322,0.9743589743589743,0.9818488529014845,0.0131282756008834
3.4648129463195803,0.15830708462055126,0.12268939018249511,0.010697611846691655,10,sqrt,3,2,1021,"{'max_depth': 10, 'max_features': 'sqrt', 'min_samples_leaf': 3, 'min_samples_split': 2, 'n_estimators': 1021}",0.8500000000000001,0.5388888888888889,0.6333333333333333,0.8333333333333333,0.6222222222222222,0.6955555555555555,0.12379792375450377,175,1.0,0.986842105263158,1.0,0.986842105263158,1.0,0.9947368421052631,0.006446025638903066
3.4511454105377197,0.12141340339759871,0.11264963150024414,0.0076512498065773775,10,sqrt,3,3,1021,"{'max_depth': 10, 'max_features': 'sqrt', 'min_samples_leaf': 3, 'min_samples_split': 3, 'n_estimators': 1021}",0.8500000000000001,0.5388888888888889,0.6333333333333333,0.8333333333333333,0.6222222222222222,0.6955555555555555,0.12379792375450377,175,1.0,0.986842105263158,1.0,0.986842105263158,1.0,0.9947368421052631,0.006446025638903066
3.4396129608154298,0.11302431817244374,0.11577091217041016,0.003882767913170449,10,sqrt,3,5,1021,"{'max_depth': 10, 'max_features': 'sqrt', 'min_samples_leaf': 3, 'min_samples_split': 5, 'n_estimators': 1021}",0.8500000000000001,0.5388888888888889,0.6333333333333333,0.8333333333333333,0.6222222222222222,0.6955555555555555,0.12379792375450377,175,1.0,0.986842105263158,1.0,0.986842105263158,1.0,0.9947368421052631,0.006446025638903066
3.257582950592041,0.0964779070600326,0.11067194938659668,0.009740493205639664,,log2,3,5,1021,"{'max_depth': None, 'max_features': 'log2', 'min_samples_leaf': 3, 'min_samples_split': 5, 'n_estimators': 1021}",0.8500000000000001,0.5388888888888889,0.6333333333333333,0.8333333333333333,0.6222222222222222,0.6955555555555555,0.12379792375450377,175,1.0,0.986842105263158,1.0,0.986842105263158,1.0,0.9947368421052631,0.006446025638903066
3.3275131702423097,0.09267130988428891,0.11769766807556152,0.012013982649791734,,log2,3,3,1021,"{'max_depth': None, 'max_features': 'log2', 'min_samples_leaf': 3, 'min_samples_split': 3, 'n_estimators': 1021}",0.8500000000000001,0.5388888888888889,0.6333333333333333,0.8333333333333333,0.6222222222222222,0.6955555555555555,0.12379792375450377,175,1.0,0.986842105263158,1.0,0.986842105263158,1.0,0.9947368421052631,0.006446025638903066
3.2291619300842287,0.165997835614201,0.10554184913635253,0.014883088627474676,15,log2,3,3,1021,"{'max_depth': 15, 'max_features': 'log2', 'min_samples_leaf': 3, 'min_samples_split': 3, 'n_estimators': 1021}",0.8500000000000001,0.5388888888888889,0.6333333333333333,0.8333333333333333,0.6222222222222222,0.6955555555555555,0.12379792375450377,175,1.0,0.986842105263158,1.0,0.986842105263158,1.0,0.9947368421052631,0.006446025638903066
3.262335729598999,0.12097478267904312,0.10611810684204101,0.0034091020532821498,,log2,1,2,1021,"{'max_depth': None, 'max_features': 'log2', 'min_samples_leaf': 1, 'min_samples_split': 2, 'n_estimators': 1021}",0.8,0.5444444444444444,0.6333333333333333,0.8333333333333333,0.6333333333333333,0.6888888888888889,0.10976968031314195,199,1.0,1.0,1.0,1.0,1.0,1.0,0.0
3.3908389091491697,0.3660764432605648,0.10506172180175781,0.012904609266175922,15,log2,1,2,1021,"{'max_depth': 15, 'max_features': 'log2', 'min_samples_leaf': 1, 'min_samples_split': 2, 'n_estimators': 1021}",0.8,0.5444444444444444,0.6333333333333333,0.8333333333333333,0.6333333333333333,0.6888888888888889,0.10976968031314195,199,1.0,1.0,1.0,1.0,1.0,1.0,0.0
3.3423232555389406,0.0836503672311177,0.11247973442077637,0.008282253311327276,,sqrt,1,2,1021,"{'max_depth': None, 'max_features': 'sqrt', 'min_samples_leaf': 1, 'min_samples_split': 2, 'n_estimators': 1021}",0.8,0.5444444444444444,0.6333333333333333,0.8333333333333333,0.6333333333333333,0.6888888888888889,0.10976968031314195,199,1.0,1.0,1.0,1.0,1.0,1.0,0.0
3.7151143074035646,0.14576151100767698,0.12829122543334961,0.013118805268499895,15,sqrt,1,2,1021,"{'max_depth': 15, 'max_features': 'sqrt', 'min_samples_leaf': 1, 'min_samples_split': 2, 'n_estimators': 1021}",0.8,0.5444444444444444,0.6333333333333333,0.8333333333333333,0.6333333333333333,0.6888888888888889,0.10976968031314195,199,1.0,1.0,1.0,1.0,1.0,1.0,0.0
2.9770223617553713,0.30394388188765814,0.10426692962646485,0.020710201826566795,15,log2,1,3,821,"{'max_depth': 15, 'max_features': 'log2', 'min_samples_leaf': 1, 'min_samples_split': 3, 'n_estimators': 821}",0.8,0.5444444444444444,0.6333333333333333,0.7777777777777778,0.6833333333333333,0.6877777777777778,0.09404490653110592,203,1.0,1.0,1.0,1.0,1.0,1.0,0.0
2.6956695079803468,0.04523467051417794,0.08705029487609864,0.0032932324231602895,,sqrt,1,3,821,"{'max_depth': None, 'max_features': 'sqrt', 'min_samples_leaf': 1, 'min_samples_split': 3, 'n_estimators': 821}",0.8,0.5444444444444444,0.6333333333333333,0.7777777777777778,0.6833333333333333,0.6877777777777778,0.09404490653110592,203,1.0,1.0,1.0,1.0,1.0,1.0,0.0
2.745736074447632,0.07320857193401678,0.09230732917785645,0.004422896492219956,10,log2,1,3,821,"{'max_depth': 10, 'max_features': 'log2', 'min_samples_leaf': 1, 'min_samples_split': 3, 'n_estimators': 821}",0.8,0.5444444444444444,0.6333333333333333,0.7777777777777778,0.6833333333333333,0.6877777777777778,0.09404490653110592,203,1.0,1.0,1.0,1.0,1.0,1.0,0.0
2.6305654048919678,0.10758078277812541,0.08999047279357911,0.0037102263027293937,,log2,1,3,821,"{'max_depth': None, 'max_features': 'log2', 'min_samples_leaf': 1, 'min_samples_split': 3, 'n_estimators': 821}",0.8,0.5444444444444444,0.6333333333333333,0.7777777777777778,0.6833333333333333,0.6877777777777778,0.09404490653110592,203,1.0,1.0,1.0,1.0,1.0,1.0,0.0
3.90661301612854,0.8351244487546987,0.11993842124938965,0.0307529842337077,10,sqrt,1,3,821,"{'max_depth': 10, 'max_features': 'sqrt', 'min_samples_leaf': 1, 'min_samples_split': 3, 'n_estimators': 821}",0.8,0.5444444444444444,0.6333333333333333,0.7777777777777778,0.6833333333333333,0.6877777777777778,0.09404490653110592,203,1.0,1.0,1.0,1.0,1.0,1.0,0.0
2.8327149868011476,0.07866527005321909,0.0863266944885254,0.006209293155358691,15,sqrt,1,3,821,"{'max_depth': 15, 'max_features': 'sqrt', 'min_samples_leaf': 1, 'min_samples_split': 3, 'n_estimators': 821}",0.8,0.5444444444444444,0.6333333333333333,0.7777777777777778,0.6833333333333333,0.6877777777777778,0.09404490653110592,203,1.0,1.0,1.0,1.0,1.0,1.0,0.0
3.4009771823883055,0.09418511108607582,0.10760660171508789,0.010062183398462219,,,2,5,1021,"{'max_depth': None, 'max_features': None, 'min_samples_leaf': 2, 'min_samples_split': 5, 'n_estimators': 1021}",0.75,0.6444444444444444,0.7388888888888889,0.7833333333333333,0.4722222222222222,0.6777777777777778,0.11265592760565846,209,1.0,0.986842105263158,1.0,1.0,0.9871794871794872,0.9948043184885289,0.006364278608664801
3.9077104568481444,0.1467116309130009,0.11381773948669434,0.006024685476594531,15,,2,5,1021,"{'max_depth': 15, 'max_features': None, 'min_samples_leaf': 2, 'min_samples_split': 5, 'n_estimators': 1021}",0.75,0.6444444444444444,0.7388888888888889,0.7833333333333333,0.4722222222222222,0.6777777777777778,0.11265592760565846,209,1.0,0.986842105263158,1.0,1.0,0.9871794871794872,0.9948043184885289,0.006364278608664801
4.73995885848999,0.11919851263748427,0.13688883781433106,0.010199905856216794,15,,2,5,1221,"{'max_depth': 15, 'max_features': None, 'min_samples_leaf': 2, 'min_samples_split': 5, 'n_estimators': 1221}",0.75,0.6444444444444444,0.7388888888888889,0.7833333333333333,0.4722222222222222,0.6777777777777778,0.11265592760565846,209,1.0,0.986842105263158,1.0,1.0,0.9871794871794872,0.9948043184885289,0.006364278608664801
2.7235103130340574,0.1189156416021056,0.0888211727142334,0.006010176541418789,,log2,1,2,821,"{'max_depth': None, 'max_features': 'log2', 'min_samples_leaf': 1, 'min_samples_split': 2, 'n_estimators': 821}",0.8,0.5444444444444444,0.6333333333333333,0.7777777777777778,0.6333333333333333,0.6777777777777778,0.09660917830792962,209,1.0,1.0,1.0,1.0,1.0,1.0,0.0
4.941179895401001,0.5527354164217256,0.13990073204040526,0.005103404288076682,,,2,5,1221,"{'max_depth': None, 'max_features': None, 'min_samples_leaf': 2, 'min_samples_split': 5, 'n_estimators': 1221}",0.75,0.6444444444444444,0.7388888888888889,0.7833333333333333,0.4722222222222222,0.6777777777777778,0.11265592760565846,209,1.0,0.986842105263158,1.0,1.0,0.9871794871794872,0.9948043184885289,0.006364278608664801
5.045556163787841,0.40825878170284075,0.1520984172821045,0.02552987462644768,10,,2,5,1221,"{'max_depth': 10, 'max_features': None, 'min_samples_leaf': 2, 'min_samples_split': 5, 'n_estimators': 1221}",0.75,0.6444444444444444,0.7388888888888889,0.7833333333333333,0.4722222222222222,0.6777777777777778,0.11265592760565846,209,1.0,0.986842105263158,1.0,1.0,0.9871794871794872,0.9948043184885289,0.006364278608664801
3.396987962722778,0.10597807056851206,0.11412992477416992,0.004584175259680539,10,log2,1,2,1021,"{'max_depth': 10, 'max_features': 'log2', 'min_samples_leaf': 1, 'min_samples_split': 2, 'n_estimators': 1021}",0.8,0.5444444444444444,0.6333333333333333,0.7777777777777778,0.6333333333333333,0.6777777777777778,0.09660917830792962,209,1.0,1.0,1.0,1.0,1.0,1.0,0.0
4.894542217254639,1.243906086443305,0.09301786422729492,0.008992380154620045,15,log2,1,2,821,"{'max_depth': 15, 'max_features': 'log2', 'min_samples_leaf': 1, 'min_samples_split': 2, 'n_estimators': 821}",0.8,0.5444444444444444,0.6333333333333333,0.7777777777777778,0.6333333333333333,0.6777777777777778,0.09660917830792962,209,1.0,1.0,1.0,1.0,1.0,1.0,0.0
2.779213619232178,0.10841086250128558,0.09244012832641602,0.007525370746377059,10,log2,1,2,821,"{'max_depth': 10, 'max_features': 'log2', 'min_samples_leaf': 1, 'min_samples_split': 2, 'n_estimators': 821}",0.8,0.5444444444444444,0.6333333333333333,0.7777777777777778,0.6333333333333333,0.6777777777777778,0.09660917830792962,209,1.0,1.0,1.0,1.0,1.0,1.0,0.0
4.295788192749024,0.5609107216814195,0.18254852294921875,0.048874676899016915,10,sqrt,1,2,1021,"{'max_depth': 10, 'max_features': 'sqrt', 'min_samples_leaf': 1, 'min_samples_split': 2, 'n_estimators': 1021}",0.8,0.5444444444444444,0.6333333333333333,0.7777777777777778,0.6333333333333333,0.6777777777777778,0.09660917830792962,209,1.0,1.0,1.0,1.0,1.0,1.0,0.0
2.9545127391815185,0.2610537105952932,0.10076146125793457,0.019839421162693337,10,sqrt,1,2,821,"{'max_depth': 10, 'max_features': 'sqrt', 'min_samples_leaf': 1, 'min_samples_split': 2, 'n_estimators': 821}",0.8,0.5444444444444444,0.6333333333333333,0.7777777777777778,0.6333333333333333,0.6777777777777778,0.09660917830792962,209,1.0,1.0,1.0,1.0,1.0,1.0,0.0
2.9873863220214845,0.12503165794462423,0.10517444610595703,0.0257605898431638,15,sqrt,1,2,821,"{'max_depth': 15, 'max_features': 'sqrt', 'min_samples_leaf': 1, 'min_samples_split': 2, 'n_estimators': 821}",0.8,0.5444444444444444,0.6333333333333333,0.7777777777777778,0.6333333333333333,0.6777777777777778,0.09660917830792962,209,1.0,1.0,1.0,1.0,1.0,1.0,0.0
4.036772966384888,0.15786220047690405,0.12111806869506836,0.007298933583537014,10,,2,5,1021,"{'max_depth': 10, 'max_features': None, 'min_samples_leaf': 2, 'min_samples_split': 5, 'n_estimators': 1021}",0.75,0.6444444444444444,0.7388888888888889,0.7833333333333333,0.4722222222222222,0.6777777777777778,0.11265592760565846,209,1.0,0.986842105263158,1.0,1.0,0.9871794871794872,0.9948043184885289,0.006364278608664801
2.6852368831634523,0.07779643628794364,0.08823447227478028,0.004261637204854312,,sqrt,1,2,821,"{'max_depth': None, 'max_features': 'sqrt', 'min_samples_leaf': 1, 'min_samples_split': 2, 'n_estimators': 821}",0.8,0.5444444444444444,0.6333333333333333,0.7777777777777778,0.6333333333333333,0.6777777777777778,0.09660917830792962,209,1.0,1.0,1.0,1.0,1.0,1.0,0.0
5.856104564666748,0.600716505569162,0.16485443115234374,0.029915614780433065,5,,1,3,1221,"{'max_depth': 5, 'max_features': None, 'min_samples_leaf': 1, 'min_samples_split': 3, 'n_estimators': 1221}",0.75,0.6444444444444444,0.6888888888888889,0.7833333333333333,0.5222222222222221,0.6777777777777777,0.09142223302544096,223,0.986842105263158,0.986842105263158,1.0,0.9871794871794872,0.9871794871794872,0.989608636977058,0.005197871841449574
4.930051231384278,0.17904460028517816,0.14197897911071777,0.008449108177115543,5,,2,5,1221,"{'max_depth': 5, 'max_features': None, 'min_samples_leaf': 2, 'min_samples_split': 5, 'n_estimators': 1221}",0.75,0.6444444444444444,0.6888888888888889,0.7833333333333333,0.5222222222222221,0.6777777777777777,0.09142223302544096,223,1.0,0.986842105263158,1.0,0.9871794871794872,0.9743589743589743,0.9896761133603238,0.009612957526859986
4.159368085861206,0.1783131018695077,0.11710901260375976,0.005990043597831402,5,,2,5,1021,"{'max_depth': 5, 'max_features': None, 'min_samples_leaf': 2, 'min_samples_split': 5, 'n_estimators': 1021}",0.75,0.6444444444444444,0.6888888888888889,0.7833333333333333,0.5222222222222221,0.6777777777777777,0.09142223302544096,223,1.0,0.986842105263158,1.0,0.9871794871794872,0.9743589743589743,0.9896761133603238,0.009612957526859986
3.1646602153778076,0.12488633385006964,0.09821171760559082,0.011413794552005798,5,,2,5,821,"{'max_depth': 5, 'max_features': None, 'min_samples_leaf': 2, 'min_samples_split': 5, 'n_estimators': 821}",0.75,0.6444444444444444,0.6888888888888889,0.7833333333333333,0.5222222222222221,0.6777777777777777,0.09142223302544096,223,1.0,0.986842105263158,1.0,0.9871794871794872,0.9743589743589743,0.9896761133603238,0.009612957526859986
3.4665009498596193,0.20591400278381863,0.09294700622558594,0.00532737382206574,5,,2,3,821,"{'max_depth': 5, 'max_features': None, 'min_samples_leaf': 2, 'min_samples_split': 3, 'n_estimators': 821}",0.75,0.6444444444444444,0.6888888888888889,0.7833333333333333,0.5222222222222221,0.6777777777777777,0.09142223302544096,223,1.0,0.986842105263158,1.0,0.9871794871794872,0.9871794871794872,0.9922402159244263,0.00633703475404796
5.2008568286895756,0.1993169622942154,0.14983777999877929,0.022565516012948653,5,,1,2,1221,"{'max_depth': 5, 'max_features': None, 'min_samples_leaf': 1, 'min_samples_split': 2, 'n_estimators': 1221}",0.75,0.6444444444444444,0.6888888888888889,0.7833333333333333,0.5222222222222221,0.6777777777777777,0.09142223302544096,223,0.986842105263158,0.986842105263158,1.0,0.9871794871794872,0.9871794871794872,0.989608636977058,0.005197871841449574
5.272837448120117,0.2819329946694155,0.13272619247436523,0.003996395145837994,5,,1,5,1221,"{'max_depth': 5, 'max_features': None, 'min_samples_leaf': 1, 'min_samples_split': 5, 'n_estimators': 1221}",0.75,0.6444444444444444,0.6888888888888889,0.7833333333333333,0.5222222222222221,0.6777777777777777,0.09142223302544096,223,0.986842105263158,0.986842105263158,1.0,0.9871794871794872,0.9871794871794872,0.989608636977058,0.005197871841449574
3.19773588180542,0.1296701312291844,0.0898979663848877,0.013238299444601831,5,,2,2,821,"{'max_depth': 5, 'max_features': None, 'min_samples_leaf': 2, 'min_samples_split': 2, 'n_estimators': 821}",0.75,0.6444444444444444,0.6888888888888889,0.7833333333333333,0.5222222222222221,0.6777777777777777,0.09142223302544096,223,1.0,0.986842105263158,1.0,0.9871794871794872,0.9871794871794872,0.9922402159244263,0.00633703475404796
3.443155813217163,0.16368954586359455,0.10587878227233886,0.01121502860260805,,,3,5,821,"{'max_depth': None, 'max_features': None, 'min_samples_leaf': 3, 'min_samples_split': 5, 'n_estimators': 821}",0.75,0.6388888888888888,0.7388888888888889,0.7833333333333333,0.4722222222222222,0.6766666666666666,0.11300606342303218,231,1.0,0.986842105263158,0.9871794871794872,0.9740215924426451,0.9871794871794872,0.9870445344129555,0.008216063634104154
3.2744918346405028,0.23432152139643747,0.10365934371948242,0.013055369842835573,10,,3,3,821,"{'max_depth': 10, 'max_features': None, 'min_samples_leaf': 3, 'min_samples_split': 3, 'n_estimators': 821}",0.75,0.6388888888888888,0.7388888888888889,0.7833333333333333,0.4722222222222222,0.6766666666666666,0.11300606342303218,231,1.0,0.986842105263158,0.9871794871794872,0.9740215924426451,0.9871794871794872,0.9870445344129555,0.008216063634104154
3.9896467208862303,0.23973254741376462,0.13371639251708983,0.01625904909842688,10,,3,3,1021,"{'max_depth': 10, 'max_features': None, 'min_samples_leaf': 3, 'min_samples_split': 3, 'n_estimators': 1021}",0.75,0.6944444444444444,0.6833333333333333,0.7833333333333333,0.4722222222222222,0.6766666666666666,0.10854821992728722,231,1.0,0.986842105263158,0.9871794871794872,0.9740215924426451,0.9871794871794872,0.9870445344129555,0.008216063634104154
4.706781482696533,1.3846453085313908,0.10689778327941894,0.0340348111523956,10,,3,5,821,"{'max_depth': 10, 'max_features': None, 'min_samples_leaf': 3, 'min_samples_split': 5, 'n_estimators': 821}",0.75,0.6388888888888888,0.7388888888888889,0.7833333333333333,0.4722222222222222,0.6766666666666666,0.11300606342303218,231,1.0,0.986842105263158,0.9871794871794872,0.9740215924426451,0.9871794871794872,0.9870445344129555,0.008216063634104154
3.8350964546203614,0.16534243839095503,0.1094907283782959,0.0037337325303831936,15,,3,5,1021,"{'max_depth': 15, 'max_features': None, 'min_samples_leaf': 3, 'min_samples_split': 5, 'n_estimators': 1021}",0.75,0.6944444444444444,0.6833333333333333,0.7833333333333333,0.4722222222222222,0.6766666666666666,0.10854821992728722,231,1.0,0.986842105263158,0.9871794871794872,0.9740215924426451,0.9871794871794872,0.9870445344129555,0.008216063634104154
3.168189525604248,0.13093347913954312,0.08933396339416504,0.008752002611127584,15,,3,5,821,"{'max_depth': 15, 'max_features': None, 'min_samples_leaf': 3, 'min_samples_split': 5, 'n_estimators': 821}",0.75,0.6388888888888888,0.7388888888888889,0.7833333333333333,0.4722222222222222,0.6766666666666666,0.11300606342303218,231,1.0,0.986842105263158,0.9871794871794872,0.9740215924426451,0.9871794871794872,0.9870445344129555,0.008216063634104154
3.8415225028991697,0.13989325155797053,0.10950646400451661,0.008604859510031372,15,,3,3,1021,"{'max_depth': 15, 'max_features': None, 'min_samples_leaf': 3, 'min_samples_split': 3, 'n_estimators': 1021}",0.75,0.6944444444444444,0.6833333333333333,0.7833333333333333,0.4722222222222222,0.6766666666666666,0.10854821992728722,231,1.0,0.986842105263158,0.9871794871794872,0.9740215924426451,0.9871794871794872,0.9870445344129555,0.008216063634104154
3.0547432899475098,0.11510097892122331,0.08553690910339355,0.0078812107520351,15,,3,2,821,"{'max_depth': 15, 'max_features': None, 'min_samples_leaf': 3, 'min_samples_split': 2, 'n_estimators': 821}",0.75,0.6388888888888888,0.7388888888888889,0.7833333333333333,0.4722222222222222,0.6766666666666666,0.11300606342303218,231,1.0,0.986842105263158,0.9871794871794872,0.9740215924426451,0.9871794871794872,0.9870445344129555,0.008216063634104154
3.8646926403045656,0.14965100331087394,0.10932450294494629,0.005389638195731697,15,,3,2,1021,"{'max_depth': 15, 'max_features': None, 'min_samples_leaf': 3, 'min_samples_split': 2, 'n_estimators': 1021}",0.75,0.6944444444444444,0.6833333333333333,0.7833333333333333,0.4722222222222222,0.6766666666666666,0.10854821992728722,231,1.0,0.986842105263158,0.9871794871794872,0.9740215924426451,0.9871794871794872,0.9870445344129555,0.008216063634104154
4.537282276153564,0.4958594723143564,0.17893757820129394,0.07026780626706053,,,3,2,1021,"{'max_depth': None, 'max_features': None, 'min_samples_leaf': 3, 'min_samples_split': 2, 'n_estimators': 1021}",0.75,0.6944444444444444,0.6833333333333333,0.7833333333333333,0.4722222222222222,0.6766666666666666,0.10854821992728722,231,1.0,0.986842105263158,0.9871794871794872,0.9740215924426451,0.9871794871794872,0.9870445344129555,0.008216063634104154
7.595938634872437,0.14482391108335138,0.17605223655700683,0.012288504299268593,10,,3,5,1021,"{'max_depth': 10, 'max_features': None, 'min_samples_leaf': 3, 'min_samples_split': 5, 'n_estimators': 1021}",0.75,0.6944444444444444,0.6833333333333333,0.7833333333333333,0.4722222222222222,0.6766666666666666,0.10854821992728722,231,1.0,0.986842105263158,0.9871794871794872,0.9740215924426451,0.9871794871794872,0.9870445344129555,0.008216063634104154
4.305873870849609,0.18228820492237388,0.1328359603881836,0.0055092403107124465,,,3,5,1021,"{'max_depth': None, 'max_features': None, 'min_samples_leaf': 3, 'min_samples_split': 5, 'n_estimators': 1021}",0.75,0.6944444444444444,0.6833333333333333,0.7833333333333333,0.4722222222222222,0.6766666666666666,0.10854821992728722,231,1.0,0.986842105263158,0.9871794871794872,0.9740215924426451,0.9871794871794872,0.9870445344129555,0.008216063634104154
4.220066499710083,0.345098586965004,0.11388845443725586,0.015227870700873818,10,,3,2,1021,"{'max_depth': 10, 'max_features': None, 'min_samples_leaf': 3, 'min_samples_split': 2, 'n_estimators': 1021}",0.75,0.6944444444444444,0.6833333333333333,0.7833333333333333,0.4722222222222222,0.6766666666666666,0.10854821992728722,231,1.0,0.986842105263158,0.9871794871794872,0.9740215924426451,0.9871794871794872,0.9870445344129555,0.008216063634104154
6.511507177352906,0.8907382764512699,0.1336115837097168,0.01289054269498665,,,3,3,1021,"{'max_depth': None, 'max_features': None, 'min_samples_leaf': 3, 'min_samples_split': 3, 'n_estimators': 1021}",0.75,0.6944444444444444,0.6833333333333333,0.7833333333333333,0.4722222222222222,0.6766666666666666,0.10854821992728722,231,1.0,0.986842105263158,0.9871794871794872,0.9740215924426451,0.9871794871794872,0.9870445344129555,0.008216063634104154
6.277499485015869,0.20787992735170324,0.11537809371948242,0.02749058169161195,,,3,3,821,"{'max_depth': None, 'max_features': None, 'min_samples_leaf': 3, 'min_samples_split': 3, 'n_estimators': 821}",0.75,0.6388888888888888,0.7388888888888889,0.7833333333333333,0.4722222222222222,0.6766666666666666,0.11300606342303218,231,1.0,0.986842105263158,0.9871794871794872,0.9740215924426451,0.9871794871794872,0.9870445344129555,0.008216063634104154
3.8225325107574464,0.2062243014979922,0.1214134693145752,0.01964065012507895,,,3,2,821,"{'max_depth': None, 'max_features': None, 'min_samples_leaf': 3, 'min_samples_split': 2, 'n_estimators': 821}",0.75,0.6388888888888888,0.7388888888888889,0.7833333333333333,0.4722222222222222,0.6766666666666666,0.11300606342303218,231,1.0,0.986842105263158,0.9871794871794872,0.9740215924426451,0.9871794871794872,0.9870445344129555,0.008216063634104154
3.083384609222412,0.10813542706508095,0.08767337799072265,0.004123178923972405,15,,3,3,821,"{'max_depth': 15, 'max_features': None, 'min_samples_leaf': 3, 'min_samples_split': 3, 'n_estimators': 821}",0.75,0.6388888888888888,0.7388888888888889,0.7833333333333333,0.4722222222222222,0.6766666666666666,0.11300606342303218,231,1.0,0.986842105263158,0.9871794871794872,0.9740215924426451,0.9871794871794872,0.9870445344129555,0.008216063634104154
3.4568308353424073,0.36341383922458054,0.09830636978149414,0.01744988762031341,10,,3,2,821,"{'max_depth': 10, 'max_features': None, 'min_samples_leaf': 3, 'min_samples_split': 2, 'n_estimators': 821}",0.75,0.6388888888888888,0.7388888888888889,0.7833333333333333,0.4722222222222222,0.6766666666666666,0.11300606342303218,231,1.0,0.986842105263158,0.9871794871794872,0.9740215924426451,0.9871794871794872,0.9870445344129555,0.008216063634104154
4.397616720199585,0.21320966469178898,0.1541745185852051,0.023657642688471647,5,,1,3,1021,"{'max_depth': 5, 'max_features': None, 'min_samples_leaf': 1, 'min_samples_split': 3, 'n_estimators': 1021}",0.75,0.5944444444444444,0.6888888888888889,0.7833333333333333,0.5222222222222221,0.6677777777777777,0.09708084959467905,249,0.986842105263158,0.986842105263158,1.0,0.9871794871794872,0.9871794871794872,0.989608636977058,0.005197871841449574
4.052340412139893,0.05739551392575138,0.11362757682800292,0.0032805081780560535,15,,2,3,1021,"{'max_depth': 15, 'max_features': None, 'min_samples_leaf': 2, 'min_samples_split': 3, 'n_estimators': 1021}",0.75,0.6444444444444444,0.6888888888888889,0.7833333333333333,0.4722222222222222,0.6677777777777777,0.10894556348226916,249,1.0,0.986842105263158,1.0,1.0,1.0,0.9973684210526315,0.005263157894736814
3.86914005279541,0.5129865664891351,0.11434726715087891,0.02762985302173151,5,,1,5,821,"{'max_depth': 5, 'max_features': None, 'min_samples_leaf': 1, 'min_samples_split': 5, 'n_estimators': 821}",0.75,0.6444444444444444,0.6888888888888889,0.7833333333333333,0.4722222222222222,0.6677777777777777,0.10894556348226916,249,0.986842105263158,0.986842105263158,1.0,0.9871794871794872,0.9871794871794872,0.989608636977058,0.005197871841449574
4.779511833190918,0.31245596494935707,0.12902636528015138,0.014262467963707393,5,,1,5,1021,"{'max_depth': 5, 'max_features': None, 'min_samples_leaf': 1, 'min_samples_split': 5, 'n_estimators': 1021}",0.75,0.6444444444444444,0.6888888888888889,0.7833333333333333,0.4722222222222222,0.6677777777777777,0.10894556348226916,249,0.986842105263158,0.986842105263158,1.0,0.9871794871794872,0.9871794871794872,0.989608636977058,0.005197871841449574
4.115038251876831,0.21476160529902147,0.12268133163452148,0.00889408519484086,5,,2,2,1021,"{'max_depth': 5, 'max_features': None, 'min_samples_leaf': 2, 'min_samples_split': 2, 'n_estimators': 1021}",0.75,0.6444444444444444,0.6888888888888889,0.7833333333333333,0.4722222222222222,0.6677777777777777,0.10894556348226916,249,1.0,0.986842105263158,1.0,0.9871794871794872,0.9871794871794872,0.9922402159244263,0.00633703475404796
4.91920313835144,0.2852772035630728,0.13588852882385255,0.008408794115230118,5,,2,2,1221,"{'max_depth': 5, 'max_features': None, 'min_samples_leaf': 2, 'min_samples_split': 2, 'n_estimators': 1221}",0.75,0.5944444444444444,0.6888888888888889,0.7833333333333333,0.5222222222222221,0.6677777777777777,0.09708084959467905,249,1.0,0.986842105263158,1.0,0.9871794871794872,0.9871794871794872,0.9922402159244263,0.00633703475404796
4.074268579483032,0.165740939602185,0.1200596809387207,0.008018484108222305,5,,2,3,1021,"{'max_depth': 5, 'max_features': None, 'min_samples_leaf': 2, 'min_samples_split': 3, 'n_estimators': 1021}",0.75,0.6444444444444444,0.6888888888888889,0.7833333333333333,0.4722222222222222,0.6677777777777777,0.10894556348226916,249,1.0,0.986842105263158,1.0,0.9871794871794872,0.9871794871794872,0.9922402159244263,0.00633703475404796
4.922036933898926,0.24561907415942494,0.13797526359558104,0.00695757782457375,5,,2,3,1221,"{'max_depth': 5, 'max_features': None, 'min_samples_leaf': 2, 'min_samples_split': 3, 'n_estimators': 1221}",0.75,0.5944444444444444,0.6888888888888889,0.7833333333333333,0.5222222222222221,0.6677777777777777,0.09708084959467905,249,1.0,0.986842105263158,1.0,0.9871794871794872,0.9871794871794872,0.9922402159244263,0.00633703475404796
2.70397834777832,0.044772864558349106,0.07504701614379883,0.0023737247039159882,,,2,5,821,"{'max_depth': None, 'max_features': None, 'min_samples_leaf': 2, 'min_samples_split': 5, 'n_estimators': 821}",0.75,0.6444444444444444,0.6888888888888889,0.7833333333333333,0.4722222222222222,0.6677777777777777,0.10894556348226916,249,1.0,0.986842105263158,1.0,1.0,0.9871794871794872,0.9948043184885289,0.006364278608664801
3.329064464569092,0.053328405906460256,0.0948561191558838,0.004192366804478765,,,2,3,1021,"{'max_depth': None, 'max_features': None, 'min_samples_leaf': 2, 'min_samples_split': 3, 'n_estimators': 1021}",0.75,0.6444444444444444,0.6888888888888889,0.7833333333333333,0.4722222222222222,0.6677777777777777,0.10894556348226916,249,1.0,0.986842105263158,1.0,1.0,1.0,0.9973684210526315,0.005263157894736814
4.456902503967285,0.425625294427559,0.12488741874694824,0.03216910310961225,5,,1,2,1021,"{'max_depth': 5, 'max_features': None, 'min_samples_leaf': 1, 'min_samples_split': 2, 'n_estimators': 1021}",0.75,0.5944444444444444,0.6888888888888889,0.7833333333333333,0.5222222222222221,0.6677777777777777,0.09708084959467905,249,0.986842105263158,0.986842105263158,1.0,0.9871794871794872,0.9871794871794872,0.989608636977058,0.005197871841449574
2.7170559406280517,0.03978490522071103,0.07678394317626953,0.002849862222325846,,,2,3,821,"{'max_depth': None, 'max_features': None, 'min_samples_leaf': 2, 'min_samples_split': 3, 'n_estimators': 821}",0.75,0.6444444444444444,0.6888888888888889,0.7833333333333333,0.4722222222222222,0.6677777777777777,0.10894556348226916,249,1.0,0.986842105263158,1.0,1.0,1.0,0.9973684210526315,0.005263157894736814
3.367833471298218,0.03485440416666712,0.09641571044921875,0.0037756884842661963,,,2,2,1021,"{'max_depth': None, 'max_features': None, 'min_samples_leaf': 2, 'min_samples_split': 2, 'n_estimators': 1021}",0.75,0.6444444444444444,0.6888888888888889,0.7833333333333333,0.4722222222222222,0.6677777777777777,0.10894556348226916,249,1.0,0.986842105263158,1.0,1.0,1.0,0.9973684210526315,0.005263157894736814
2.797031116485596,0.13146343862982873,0.07855825424194336,0.0026352414042551623,,,2,2,821,"{'max_depth': None, 'max_features': None, 'min_samples_leaf': 2, 'min_samples_split': 2, 'n_estimators': 821}",0.75,0.6444444444444444,0.6888888888888889,0.7833333333333333,0.4722222222222222,0.6677777777777777,0.10894556348226916,249,1.0,0.986842105263158,1.0,1.0,1.0,0.9973684210526315,0.005263157894736814
4.318714809417725,0.09326751813604696,0.12320451736450196,0.010940407581789255,,,1,5,1221,"{'max_depth': None, 'max_features': None, 'min_samples_leaf': 1, 'min_samples_split': 5, 'n_estimators': 1221}",0.75,0.6444444444444444,0.6888888888888889,0.7833333333333333,0.4722222222222222,0.6677777777777777,0.10894556348226916,249,1.0,0.986842105263158,1.0,1.0,0.9871794871794872,0.9948043184885289,0.006364278608664801
3.152896356582642,0.11819736462916407,0.08866415023803711,0.0077330887276654495,15,,2,5,821,"{'max_depth': 15, 'max_features': None, 'min_samples_leaf': 2, 'min_samples_split': 5, 'n_estimators': 821}",0.75,0.6444444444444444,0.6888888888888889,0.7833333333333333,0.4722222222222222,0.6677777777777777,0.10894556348226916,249,1.0,0.986842105263158,1.0,1.0,0.9871794871794872,0.9948043184885289,0.006364278608664801
3.436039352416992,0.08273761430109502,0.09736638069152832,0.005915259821006787,,,1,5,1021,"{'max_depth': None, 'max_features': None, 'min_samples_leaf': 1, 'min_samples_split': 5, 'n_estimators': 1021}",0.75,0.6444444444444444,0.6888888888888889,0.7833333333333333,0.4722222222222222,0.6677777777777777,0.10894556348226916,249,1.0,0.986842105263158,1.0,1.0,0.9871794871794872,0.9948043184885289,0.006364278608664801
5.087836885452271,0.4036484543376506,0.1242396354675293,0.026548395791059703,10,,1,5,1021,"{'max_depth': 10, 'max_features': None, 'min_samples_leaf': 1, 'min_samples_split': 5, 'n_estimators': 1021}",0.75,0.6444444444444444,0.6888888888888889,0.7833333333333333,0.4722222222222222,0.6677777777777777,0.10894556348226916,249,1.0,0.986842105263158,1.0,1.0,0.9871794871794872,0.9948043184885289,0.006364278608664801
3.207919549942017,0.11719868933830381,0.08847699165344239,0.003638867587478625,15,,2,3,821,"{'max_depth': 15, 'max_features': None, 'min_samples_leaf': 2, 'min_samples_split': 3, 'n_estimators': 821}",0.75,0.6444444444444444,0.6888888888888889,0.7833333333333333,0.4722222222222222,0.6677777777777777,0.10894556348226916,249,1.0,0.986842105263158,1.0,1.0,1.0,0.9973684210526315,0.005263157894736814
3.92341628074646,0.10834721787791382,0.10414996147155761,0.00495907426007537,15,,2,2,1021,"{'max_depth': 15, 'max_features': None, 'min_samples_leaf': 2, 'min_samples_split': 2, 'n_estimators': 1021}",0.75,0.6444444444444444,0.6888888888888889,0.7833333333333333,0.4722222222222222,0.6677777777777777,0.10894556348226916,249,1.0,0.986842105263158,1.0,1.0,1.0,0.9973684210526315,0.005263157894736814
3.2061154365539553,0.08351852367805754,0.08929767608642578,0.006205576940536004,15,,2,2,821,"{'max_depth': 15, 'max_features': None, 'min_samples_leaf': 2, 'min_samples_split': 2, 'n_estimators': 821}",0.75,0.6444444444444444,0.6888888888888889,0.7833333333333333,0.4722222222222222,0.6677777777777777,0.10894556348226916,249,1.0,0.986842105263158,1.0,1.0,1.0,0.9973684210526315,0.005263157894736814
4.672053384780884,0.12742099724873543,0.13358206748962403,0.007766843320417578,15,,1,5,1221,"{'max_depth': 15, 'max_features': None, 'min_samples_leaf': 1, 'min_samples_split': 5, 'n_estimators': 1221}",0.75,0.6444444444444444,0.6888888888888889,0.7833333333333333,0.4722222222222222,0.6677777777777777,0.10894556348226916,249,1.0,0.986842105263158,1.0,1.0,0.9871794871794872,0.9948043184885289,0.006364278608664801
3.941204071044922,0.09250552503898687,0.10880756378173828,0.007676116952775037,15,,1,5,1021,"{'max_depth': 15, 'max_features': None, 'min_samples_leaf': 1, 'min_samples_split': 5, 'n_estimators': 1021}",0.75,0.6444444444444444,0.6888888888888889,0.7833333333333333,0.4722222222222222,0.6677777777777777,0.10894556348226916,249,1.0,0.986842105263158,1.0,1.0,0.9871794871794872,0.9948043184885289,0.006364278608664801
3.210905647277832,0.11196766110305624,0.08964605331420898,0.008680537969376798,15,,1,5,821,"{'max_depth': 15, 'max_features': None, 'min_samples_leaf': 1, 'min_samples_split': 5, 'n_estimators': 821}",0.75,0.6444444444444444,0.6888888888888889,0.7833333333333333,0.4722222222222222,0.6677777777777777,0.10894556348226916,249,1.0,0.986842105263158,1.0,1.0,0.9871794871794872,0.9948043184885289,0.006364278608664801
3.4588383197784425,0.16177274292902002,0.12148861885070801,0.016681321690774728,10,,1,5,821,"{'max_depth': 10, 'max_features': None, 'min_samples_leaf': 1, 'min_samples_split': 5, 'n_estimators': 821}",0.75,0.6444444444444444,0.6888888888888889,0.7833333333333333,0.4722222222222222,0.6677777777777777,0.10894556348226916,249,1.0,0.986842105263158,1.0,1.0,0.9871794871794872,0.9948043184885289,0.006364278608664801
2.746399259567261,0.04973968250630939,0.08186888694763184,0.005457188013392037,,,1,5,821,"{'max_depth': None, 'max_features': None, 'min_samples_leaf': 1, 'min_samples_split': 5, 'n_estimators': 821}",0.75,0.6444444444444444,0.6888888888888889,0.7833333333333333,0.4722222222222222,0.6677777777777777,0.10894556348226916,249,1.0,0.986842105263158,1.0,1.0,0.9871794871794872,0.9948043184885289,0.006364278608664801
3.2319396495819093,0.12220184111998628,0.08969969749450683,0.007196194476981675,10,,2,5,821,"{'max_depth': 10, 'max_features': None, 'min_samples_leaf': 2, 'min_samples_split': 5, 'n_estimators': 821}",0.75,0.6444444444444444,0.6888888888888889,0.7833333333333333,0.4722222222222222,0.6677777777777777,0.10894556348226916,249,1.0,0.986842105263158,1.0,1.0,0.9871794871794872,0.9948043184885289,0.006364278608664801
5.316330146789551,0.7023216778031605,0.11340231895446777,0.009838386490596082,10,,2,3,1021,"{'max_depth': 10, 'max_features': None, 'min_samples_leaf': 2, 'min_samples_split': 3, 'n_estimators': 1021}",0.75,0.6444444444444444,0.6888888888888889,0.7833333333333333,0.4722222222222222,0.6677777777777777,0.10894556348226916,249,1.0,0.986842105263158,1.0,1.0,1.0,0.9973684210526315,0.005263157894736814
5.258018684387207,1.1962361746165293,0.16519646644592284,0.03744181578446667,10,,2,3,821,"{'max_depth': 10, 'max_features': None, 'min_samples_leaf': 2, 'min_samples_split': 3, 'n_estimators': 821}",0.75,0.6444444444444444,0.6888888888888889,0.7833333333333333,0.4722222222222222,0.6677777777777777,0.10894556348226916,249,1.0,0.986842105263158,1.0,1.0,1.0,0.9973684210526315,0.005263157894736814
5.3640265464782715,0.6001578839765396,0.1641608715057373,0.05801716212055256,10,,2,2,1021,"{'max_depth': 10, 'max_features': None, 'min_samples_leaf': 2, 'min_samples_split': 2, 'n_estimators': 1021}",0.75,0.6444444444444444,0.6888888888888889,0.7833333333333333,0.4722222222222222,0.6677777777777777,0.10894556348226916,249,1.0,0.986842105263158,1.0,1.0,1.0,0.9973684210526315,0.005263157894736814
4.7945037364959715,0.686692728329628,0.10910191535949706,0.02248078155285228,10,,2,2,821,"{'max_depth': 10, 'max_features': None, 'min_samples_leaf': 2, 'min_samples_split': 2, 'n_estimators': 821}",0.75,0.6444444444444444,0.6888888888888889,0.7833333333333333,0.4722222222222222,0.6677777777777777,0.10894556348226916,249,1.0,0.986842105263158,1.0,1.0,1.0,0.9973684210526315,0.005263157894736814
7.089339399337769,0.744503969108744,0.19778714179992676,0.076994091348194,10,,1,5,1221,"{'max_depth': 10, 'max_features': None, 'min_samples_leaf': 1, 'min_samples_split': 5, 'n_estimators': 1221}",0.75,0.6444444444444444,0.6888888888888889,0.7833333333333333,0.4722222222222222,0.6677777777777777,0.10894556348226916,249,1.0,0.986842105263158,1.0,1.0,0.9871794871794872,0.9948043184885289,0.006364278608664801
5.490131998062134,0.27133295276983965,0.14764347076416015,0.013123324678724305,,,3,3,1221,"{'max_depth': None, 'max_features': None, 'min_samples_leaf': 3, 'min_samples_split': 3, 'n_estimators': 1221}",0.75,0.6388888888888888,0.6833333333333333,0.7833333333333333,0.4722222222222222,0.6655555555555555,0.10900220860827309,281,1.0,0.986842105263158,0.9871794871794872,0.9740215924426451,0.9871794871794872,0.9870445344129555,0.008216063634104154
9.091576862335206,1.0237040817406704,0.2531150817871094,0.18480755257018883,,,3,2,1221,"{'max_depth': None, 'max_features': None, 'min_samples_leaf': 3, 'min_samples_split': 2, 'n_estimators': 1221}",0.75,0.6388888888888888,0.6833333333333333,0.7833333333333333,0.4722222222222222,0.6655555555555555,0.10900220860827309,281,1.0,0.986842105263158,0.9871794871794872,0.9740215924426451,0.9871794871794872,0.9870445344129555,0.008216063634104154
8.539965867996216,1.2968733843909444,0.14790000915527343,0.027539924404088426,10,,3,5,1221,"{'max_depth': 10, 'max_features': None, 'min_samples_leaf': 3, 'min_samples_split': 5, 'n_estimators': 1221}",0.75,0.6388888888888888,0.6833333333333333,0.7833333333333333,0.4722222222222222,0.6655555555555555,0.10900220860827309,281,1.0,0.986842105263158,0.9871794871794872,0.9740215924426451,0.9871794871794872,0.9870445344129555,0.008216063634104154
4.724680852890015,0.18031990066775536,0.13288044929504395,0.00712709430931528,15,,3,3,1221,"{'max_depth': 15, 'max_features': None, 'min_samples_leaf': 3, 'min_samples_split': 3, 'n_estimators': 1221}",0.75,0.6388888888888888,0.6833333333333333,0.7833333333333333,0.4722222222222222,0.6655555555555555,0.10900220860827309,281,1.0,0.986842105263158,0.9871794871794872,0.9740215924426451,0.9871794871794872,0.9870445344129555,0.008216063634104154
3.9407445430755614,0.15264205853832916,0.11893243789672851,0.011352052520548795,5,,3,2,1021,"{'max_depth': 5, 'max_features': None, 'min_samples_leaf': 3, 'min_samples_split': 2, 'n_estimators': 1021}",0.8,0.6388888888888888,0.6333333333333333,0.7833333333333333,0.4722222222222222,0.6655555555555555,0.11922589825543282,281,1.0,0.9736842105263157,0.9740215924426451,0.9740215924426451,0.9743589743589743,0.979217273954116,0.010393553583714873
3.9295730590820312,0.15510490546983083,0.10921702384948731,0.008114612362808154,5,,3,3,1021,"{'max_depth': 5, 'max_features': None, 'min_samples_leaf': 3, 'min_samples_split': 3, 'n_estimators': 1021}",0.8,0.6388888888888888,0.6333333333333333,0.7833333333333333,0.4722222222222222,0.6655555555555555,0.11922589825543282,281,1.0,0.9736842105263157,0.9740215924426451,0.9740215924426451,0.9743589743589743,0.979217273954116,0.010393553583714873
3.9951539516448973,0.1679629268640494,0.11833004951477051,0.0033386006535146523,5,,3,5,1021,"{'max_depth': 5, 'max_features': None, 'min_samples_leaf': 3, 'min_samples_split': 5, 'n_estimators': 1021}",0.8,0.6388888888888888,0.6333333333333333,0.7833333333333333,0.4722222222222222,0.6655555555555555,0.11922589825543282,281,1.0,0.9736842105263157,0.9740215924426451,0.9740215924426451,0.9743589743589743,0.979217273954116,0.010393553583714873
4.5850364685058596,0.13616703615809939,0.13331036567687987,0.0069653777561722195,15,,3,5,1221,"{'max_depth': 15, 'max_features': None, 'min_samples_leaf': 3, 'min_samples_split': 5, 'n_estimators': 1221}",0.75,0.6388888888888888,0.6833333333333333,0.7833333333333333,0.4722222222222222,0.6655555555555555,0.10900220860827309,281,1.0,0.986842105263158,0.9871794871794872,0.9740215924426451,0.9871794871794872,0.9870445344129555,0.008216063634104154
4.593975496292114,0.33855569993459156,0.1294454574584961,0.010720166069289555,10,,3,2,1221,"{'max_depth': 10, 'max_features': None, 'min_samples_leaf': 3, 'min_samples_split': 2, 'n_estimators': 1221}",0.75,0.6388888888888888,0.6833333333333333,0.7833333333333333,0.4722222222222222,0.6655555555555555,0.10900220860827309,281,1.0,0.986842105263158,0.9871794871794872,0.9740215924426451,0.9871794871794872,0.9870445344129555,0.008216063634104154
5.560277462005615,0.2887976503932739,0.1378263473510742,0.018594259608997125,10,,3,3,1221,"{'max_depth': 10, 'max_features': None, 'min_samples_leaf': 3, 'min_samples_split': 3, 'n_estimators': 1221}",0.75,0.6388888888888888,0.6833333333333333,0.7833333333333333,0.4722222222222222,0.6655555555555555,0.10900220860827309,281,1.0,0.986842105263158,0.9871794871794872,0.9740215924426451,0.9871794871794872,0.9870445344129555,0.008216063634104154
5.058855438232422,0.1595681783363381,0.1484424114227295,0.024398844044964698,,,3,5,1221,"{'max_depth': None, 'max_features': None, 'min_samples_leaf': 3, 'min_samples_split': 5, 'n_estimators': 1221}",0.75,0.6388888888888888,0.6833333333333333,0.7833333333333333,0.4722222222222222,0.6655555555555555,0.10900220860827309,281,1.0,0.986842105263158,0.9871794871794872,0.9740215924426451,0.9871794871794872,0.9870445344129555,0.008216063634104154
4.597557210922242,0.17432276583053918,0.1289008617401123,0.0025570394169200502,15,,3,2,1221,"{'max_depth': 15, 'max_features': None, 'min_samples_leaf': 3, 'min_samples_split': 2, 'n_estimators': 1221}",0.75,0.6388888888888888,0.6833333333333333,0.7833333333333333,0.4722222222222222,0.6655555555555555,0.10900220860827309,281,1.0,0.986842105263158,0.9871794871794872,0.9740215924426451,0.9871794871794872,0.9870445344129555,0.008216063634104154
3.963230609893799,0.1602550107234427,0.10625858306884765,0.00790014225379288,15,,1,2,1021,"{'max_depth': 15, 'max_features': None, 'min_samples_leaf': 1, 'min_samples_split': 2, 'n_estimators': 1021}",0.75,0.5944444444444444,0.6888888888888889,0.7833333333333333,0.4722222222222222,0.6577777777777778,0.11285301267195219,293,1.0,1.0,1.0,1.0,1.0,1.0,0.0
4.17735185623169,0.37175122823460266,0.10095467567443847,0.01975391391230481,5,,1,2,821,"{'max_depth': 5, 'max_features': None, 'min_samples_leaf': 1, 'min_samples_split': 2, 'n_estimators': 821}",0.75,0.5944444444444444,0.6888888888888889,0.7833333333333333,0.4722222222222222,0.6577777777777778,0.11285301267195219,293,0.986842105263158,0.986842105263158,1.0,0.9871794871794872,0.9871794871794872,0.989608636977058,0.005197871841449574
3.16597056388855,0.15897556972944724,0.0892484188079834,0.006190688639014699,5,,1,3,821,"{'max_depth': 5, 'max_features': None, 'min_samples_leaf': 1, 'min_samples_split': 3, 'n_estimators': 821}",0.75,0.5944444444444444,0.6888888888888889,0.7833333333333333,0.4722222222222222,0.6577777777777778,0.11285301267195219,293,0.986842105263158,0.986842105263158,1.0,0.9871794871794872,0.9871794871794872,0.989608636977058,0.005197871841449574
4.579568767547608,0.1358679569816501,0.13350067138671876,0.003093022711650164,15,,2,3,1221,"{'max_depth': 15, 'max_features': None, 'min_samples_leaf': 2, 'min_samples_split': 3, 'n_estimators': 1221}",0.75,0.5944444444444444,0.6888888888888889,0.7833333333333333,0.4722222222222222,0.6577777777777778,0.11285301267195219,293,1.0,0.986842105263158,1.0,1.0,1.0,0.9973684210526315,0.005263157894736814
4.67510986328125,0.13608880653037,0.1307069778442383,0.004641851167267792,15,,2,2,1221,"{'max_depth': 15, 'max_features': None, 'min_samples_leaf': 2, 'min_samples_split': 2, 'n_estimators': 1221}",0.75,0.5944444444444444,0.6888888888888889,0.7833333333333333,0.4722222222222222,0.6577777777777778,0.11285301267195219,293,1.0,0.986842105263158,1.0,1.0,1.0,0.9973684210526315,0.005263157894736814
3.9793872833251953,0.07827902188347582,0.111126708984375,0.003548051721112862,,,2,3,1221,"{'max_depth': None, 'max_features': None, 'min_samples_leaf': 2, 'min_samples_split': 3, 'n_estimators': 1221}",0.75,0.5944444444444444,0.6888888888888889,0.7833333333333333,0.4722222222222222,0.6577777777777778,0.11285301267195219,293,1.0,0.986842105263158,1.0,1.0,1.0,0.9973684210526315,0.005263157894736814
3.297987699508667,0.13957262591708344,0.08635411262512208,0.001078042708513714,10,,1,2,821,"{'max_depth': 10, 'max_features': None, 'min_samples_leaf': 1, 'min_samples_split': 2, 'n_estimators': 821}",0.75,0.5944444444444444,0.6888888888888889,0.7833333333333333,0.4722222222222222,0.6577777777777778,0.11285301267195219,293,1.0,1.0,1.0,1.0,1.0,1.0,0.0
4.003069591522217,0.06616736147659569,0.11183147430419922,0.004492238793310262,,,2,2,1221,"{'max_depth': None, 'max_features': None, 'min_samples_leaf': 2, 'min_samples_split': 2, 'n_estimators': 1221}",0.75,0.5944444444444444,0.6888888888888889,0.7833333333333333,0.4722222222222222,0.6577777777777778,0.11285301267195219,293,1.0,0.986842105263158,1.0,1.0,1.0,0.9973684210526315,0.005263157894736814
4.735227584838867,0.11823246986445943,0.1377857208251953,0.015287265114692172,15,,1,2,1221,"{'max_depth': 15, 'max_features': None, 'min_samples_leaf': 1, 'min_samples_split': 2, 'n_estimators': 1221}",0.75,0.5944444444444444,0.6888888888888889,0.7833333333333333,0.4722222222222222,0.6577777777777778,0.11285301267195219,293,1.0,1.0,1.0,1.0,1.0,1.0,0.0
4.641308736801148,0.03910116180319407,0.1303426742553711,0.01223714084666817,10,,1,2,1221,"{'max_depth': 10, 'max_features': None, 'min_samples_leaf': 1, 'min_samples_split': 2, 'n_estimators': 1221}",0.75,0.5944444444444444,0.6888888888888889,0.7833333333333333,0.4722222222222222,0.6577777777777778,0.11285301267195219,293,1.0,1.0,1.0,1.0,1.0,1.0,0.0
3.3781136512756347,0.09135767420769263,0.09475879669189453,0.005997218191199941,10,,1,3,821,"{'max_depth': 10, 'max_features': None, 'min_samples_leaf': 1, 'min_samples_split': 3, 'n_estimators': 821}",0.75,0.5944444444444444,0.6888888888888889,0.7833333333333333,0.4722222222222222,0.6577777777777778,0.11285301267195219,293,1.0,1.0,1.0,1.0,1.0,1.0,0.0
4.117271852493286,0.1918289543192135,0.1185379981994629,0.011879106408358334,10,,1,3,1021,"{'max_depth': 10, 'max_features': None, 'min_samples_leaf': 1, 'min_samples_split': 3, 'n_estimators': 1021}",0.75,0.5944444444444444,0.6888888888888889,0.7833333333333333,0.4722222222222222,0.6577777777777778,0.11285301267195219,293,1.0,1.0,1.0,1.0,1.0,1.0,0.0
4.126950311660766,0.16154188724185703,0.11044483184814453,0.004512575567112289,10,,1,2,1021,"{'max_depth': 10, 'max_features': None, 'min_samples_leaf': 1, 'min_samples_split': 2, 'n_estimators': 1021}",0.75,0.5944444444444444,0.6888888888888889,0.7833333333333333,0.4722222222222222,0.6577777777777778,0.11285301267195219,293,1.0,1.0,1.0,1.0,1.0,1.0,0.0
4.401531314849853,0.18392972732706397,0.10887622833251953,0.002928458323201585,,,1,3,1221,"{'max_depth': None, 'max_features': None, 'min_samples_leaf': 1, 'min_samples_split': 3, 'n_estimators': 1221}",0.75,0.5944444444444444,0.6888888888888889,0.7833333333333333,0.4722222222222222,0.6577777777777778,0.11285301267195219,293,1.0,1.0,1.0,1.0,1.0,1.0,0.0
3.392671823501587,0.14688355550228607,0.09699673652648926,0.014195514960354002,15,,1,2,821,"{'max_depth': 15, 'max_features': None, 'min_samples_leaf': 1, 'min_samples_split': 2, 'n_estimators': 821}",0.75,0.5944444444444444,0.6888888888888889,0.7833333333333333,0.4722222222222222,0.6577777777777778,0.11285301267195219,293,1.0,1.0,1.0,1.0,1.0,1.0,0.0
3.3018556118011473,0.046985030992039094,0.08800954818725586,0.0035808316539332405,15,,1,3,821,"{'max_depth': 15, 'max_features': None, 'min_samples_leaf': 1, 'min_samples_split': 3, 'n_estimators': 821}",0.75,0.5944444444444444,0.6888888888888889,0.7833333333333333,0.4722222222222222,0.6577777777777778,0.11285301267195219,293,1.0,1.0,1.0,1.0,1.0,1.0,0.0
4.0075634002685545,0.11103178840203835,0.12607216835021973,0.013540710276790019,15,,1,3,1021,"{'max_depth': 15, 'max_features': None, 'min_samples_leaf': 1, 'min_samples_split': 3, 'n_estimators': 1021}",0.75,0.5944444444444444,0.6888888888888889,0.7833333333333333,0.4722222222222222,0.6577777777777778,0.11285301267195219,293,1.0,1.0,1.0,1.0,1.0,1.0,0.0
5.107471179962158,0.26778942017707524,0.13456463813781738,0.0064120914814786625,10,,2,3,1221,"{'max_depth': 10, 'max_features': None, 'min_samples_leaf': 2, 'min_samples_split': 3, 'n_estimators': 1221}",0.75,0.5944444444444444,0.6888888888888889,0.7833333333333333,0.4722222222222222,0.6577777777777778,0.11285301267195219,293,1.0,0.986842105263158,1.0,1.0,1.0,0.9973684210526315,0.005263157894736814
4.792723894119263,0.13457993526732098,0.13794941902160646,0.006649129175363348,15,,1,3,1221,"{'max_depth': 15, 'max_features': None, 'min_samples_leaf': 1, 'min_samples_split': 3, 'n_estimators': 1221}",0.75,0.5944444444444444,0.6888888888888889,0.7833333333333333,0.4722222222222222,0.6577777777777778,0.11285301267195219,293,1.0,1.0,1.0,1.0,1.0,1.0,0.0
6.3418971538543705,1.2394704456053693,0.17715897560119628,0.042337485669071404,10,,2,2,1221,"{'max_depth': 10, 'max_features': None, 'min_samples_leaf': 2, 'min_samples_split': 2, 'n_estimators': 1221}",0.75,0.5944444444444444,0.6888888888888889,0.7833333333333333,0.4722222222222222,0.6577777777777778,0.11285301267195219,293,1.0,0.986842105263158,1.0,1.0,1.0,0.9973684210526315,0.005263157894736814
4.7516320705413815,0.16688552521540595,0.1308137893676758,0.007172095433048354,10,,1,3,1221,"{'max_depth': 10, 'max_features': None, 'min_samples_leaf': 1, 'min_samples_split': 3, 'n_estimators': 1221}",0.75,0.5944444444444444,0.6888888888888889,0.7833333333333333,0.4722222222222222,0.6577777777777778,0.11285301267195219,293,1.0,1.0,1.0,1.0,1.0,1.0,0.0
4.324066543579102,0.11838839689535108,0.10015244483947754,0.007492335499110167,,,1,2,1021,"{'max_depth': None, 'max_features': None, 'min_samples_leaf': 1, 'min_samples_split': 2, 'n_estimators': 1021}",0.75,0.5944444444444444,0.6888888888888889,0.7833333333333333,0.4722222222222222,0.6577777777777778,0.11285301267195219,293,1.0,1.0,1.0,1.0,1.0,1.0,0.0
4.720858526229859,0.08025606388338093,0.1463484287261963,0.027419227048253395,,,1,2,1221,"{'max_depth': None, 'max_features': None, 'min_samples_leaf': 1, 'min_samples_split': 2, 'n_estimators': 1221}",0.75,0.5944444444444444,0.6888888888888889,0.7833333333333333,0.4722222222222222,0.6577777777777778,0.11285301267195219,293,1.0,1.0,1.0,1.0,1.0,1.0,0.0
3.1055562019348146,0.03348238359217003,0.08061590194702148,0.006841560145831979,,,1,3,821,"{'max_depth': None, 'max_features': None, 'min_samples_leaf': 1, 'min_samples_split': 3, 'n_estimators': 821}",0.75,0.5944444444444444,0.6888888888888889,0.7833333333333333,0.4722222222222222,0.6577777777777778,0.11285301267195219,293,1.0,1.0,1.0,1.0,1.0,1.0,0.0
4.129570436477661,0.18403770622056317,0.0976783275604248,0.0032137693143283615,,,1,3,1021,"{'max_depth': None, 'max_features': None, 'min_samples_leaf': 1, 'min_samples_split': 3, 'n_estimators': 1021}",0.75,0.5944444444444444,0.6888888888888889,0.7833333333333333,0.4722222222222222,0.6577777777777778,0.11285301267195219,293,1.0,1.0,1.0,1.0,1.0,1.0,0.0
3.401261329650879,0.24122613038518295,0.09526352882385254,0.00831714919031009,,,1,2,821,"{'max_depth': None, 'max_features': None, 'min_samples_leaf': 1, 'min_samples_split': 2, 'n_estimators': 821}",0.75,0.5944444444444444,0.6888888888888889,0.7833333333333333,0.4722222222222222,0.6577777777777778,0.11285301267195219,293,1.0,1.0,1.0,1.0,1.0,1.0,0.0
3.138543224334717,0.08664620799658795,0.09198660850524902,0.006902731114412955,5,,3,5,821,"{'max_depth': 5, 'max_features': None, 'min_samples_leaf': 3, 'min_samples_split': 5, 'n_estimators': 821}",0.75,0.5888888888888889,0.6888888888888889,0.7833333333333333,0.4722222222222222,0.6566666666666666,0.11349661440537107,319,1.0,0.9736842105263157,0.9740215924426451,0.9740215924426451,0.9743589743589743,0.979217273954116,0.010393553583714873
3.027293872833252,0.07569011176364195,0.0931884765625,0.009598381129634992,5,,3,3,821,"{'max_depth': 5, 'max_features': None, 'min_samples_leaf': 3, 'min_samples_split': 3, 'n_estimators': 821}",0.75,0.5888888888888889,0.6888888888888889,0.7833333333333333,0.4722222222222222,0.6566666666666666,0.11349661440537107,319,1.0,0.9736842105263157,0.9740215924426451,0.9740215924426451,0.9743589743589743,0.979217273954116,0.010393553583714873
3.2819331645965577,0.1430868936186551,0.10101518630981446,0.01055170581076704,5,,3,2,821,"{'max_depth': 5, 'max_features': None, 'min_samples_leaf': 3, 'min_samples_split': 2, 'n_estimators': 821}",0.75,0.5888888888888889,0.6888888888888889,0.7833333333333333,0.4722222222222222,0.6566666666666666,0.11349661440537107,319,1.0,0.9736842105263157,0.9740215924426451,0.9740215924426451,0.9743589743589743,0.979217273954116,0.010393553583714873
4.711454772949219,0.1340990524236537,0.13119845390319823,0.0041209080961085685,5,,3,5,1221,"{'max_depth': 5, 'max_features': None, 'min_samples_leaf': 3, 'min_samples_split': 5, 'n_estimators': 1221}",0.75,0.6388888888888888,0.6333333333333333,0.7833333333333333,0.4722222222222222,0.6555555555555556,0.10920588778049435,322,1.0,0.9736842105263157,0.9740215924426451,0.9740215924426451,0.9743589743589743,0.979217273954116,0.010393553583714873
4.652313661575318,0.14128727197506827,0.13355531692504882,0.00429496233411501,5,,3,2,1221,"{'max_depth': 5, 'max_features': None, 'min_samples_leaf': 3, 'min_samples_split': 2, 'n_estimators': 1221}",0.75,0.6388888888888888,0.6333333333333333,0.7833333333333333,0.4722222222222222,0.6555555555555556,0.10920588778049435,322,1.0,0.9736842105263157,0.9740215924426451,0.9740215924426451,0.9743589743589743,0.979217273954116,0.010393553583714873
4.664649772644043,0.14559931201248344,0.13251323699951173,0.006269906838721549,5,,3,3,1221,"{'max_depth': 5, 'max_features': None, 'min_samples_leaf': 3, 'min_samples_split': 3, 'n_estimators': 1221}",0.75,0.6388888888888888,0.6333333333333333,0.7833333333333333,0.4722222222222222,0.6555555555555556,0.10920588778049435,322,1.0,0.9736842105263157,0.9740215924426451,0.9740215924426451,0.9743589743589743,0.979217273954116,0.010393553583714873
