mean_fit_time,std_fit_time,mean_score_time,std_score_time,param_max_depth,param_max_features,param_min_samples_leaf,param_min_samples_split,param_n_estimators,params,split0_test_score,split1_test_score,split2_test_score,split3_test_score,split4_test_score,mean_test_score,std_test_score,rank_test_score,split0_train_score,split1_train_score,split2_train_score,split3_train_score,split4_train_score,mean_train_score,std_train_score
1.118407392501831,0.020387740865924486,0.04148974418640137,0.002998518035264343,30,,9,11,386,"{'max_depth': 30, 'max_features': None, 'min_samples_leaf': 9, 'min_samples_split': 11, 'n_estimators': 386}",0.5,0.5888888888888889,0.6277777777777778,0.5888888888888889,0.6777777777777778,0.5966666666666667,0.05833068777069639,1,0.6973684210526316,0.6734143049932524,0.6346153846153846,0.6366396761133604,0.6902834008097165,0.666464237516869,0.02636125350571087
0.5146233558654785,0.006764508031500939,0.022540521621704102,0.0010176634835404963,30,,10,15,186,"{'max_depth': 30, 'max_features': None, 'min_samples_leaf': 10, 'min_samples_split': 15, 'n_estimators': 186}",0.5,0.6388888888888888,0.6222222222222222,0.6444444444444444,0.5777777777777777,0.5966666666666667,0.0537024265493092,1,0.6842105263157895,0.6484480431848854,0.6106612685560053,0.6234817813765182,0.6352901484480432,0.6404183535762483,0.025222451835919743
0.5174947261810303,0.01128737664627935,0.022151088714599608,0.0024139404814930536,30,,10,13,186,"{'max_depth': 30, 'max_features': None, 'min_samples_leaf': 10, 'min_samples_split': 13, 'n_estimators': 186}",0.5,0.6388888888888888,0.6222222222222222,0.6444444444444444,0.5777777777777777,0.5966666666666667,0.0537024265493092,1,0.6842105263157895,0.6484480431848854,0.6106612685560053,0.6234817813765182,0.6352901484480432,0.6404183535762483,0.025222451835919743
0.5138247013092041,0.003240382636951575,0.022340106964111327,0.0011972428792522225,30,,10,11,186,"{'max_depth': 30, 'max_features': None, 'min_samples_leaf': 10, 'min_samples_split': 11, 'n_estimators': 186}",0.5,0.6388888888888888,0.6222222222222222,0.6444444444444444,0.5777777777777777,0.5966666666666667,0.0537024265493092,1,0.6842105263157895,0.6484480431848854,0.6106612685560053,0.6234817813765182,0.6352901484480432,0.6404183535762483,0.025222451835919743
1.073331642150879,0.008305816711524997,0.03949384689331055,0.002718415560384764,30,,9,15,386,"{'max_depth': 30, 'max_features': None, 'min_samples_leaf': 9, 'min_samples_split': 15, 'n_estimators': 386}",0.5,0.5888888888888889,0.6277777777777778,0.5888888888888889,0.6777777777777778,0.5966666666666667,0.05833068777069639,1,0.6973684210526316,0.6734143049932524,0.6346153846153846,0.6366396761133604,0.6902834008097165,0.666464237516869,0.02636125350571087
1.0783851146697998,0.01508225447877286,0.04288601875305176,0.0016680131368910906,30,,9,13,386,"{'max_depth': 30, 'max_features': None, 'min_samples_leaf': 9, 'min_samples_split': 13, 'n_estimators': 386}",0.5,0.5888888888888889,0.6277777777777778,0.5888888888888889,0.6777777777777778,0.5966666666666667,0.05833068777069639,1,0.6973684210526316,0.6734143049932524,0.6346153846153846,0.6366396761133604,0.6902834008097165,0.666464237516869,0.02636125350571087
1.091680383682251,0.010279653602544722,0.042287015914916994,0.0027205159744572134,,,9,11,386,"{'max_depth': None, 'max_features': None, 'min_samples_leaf': 9, 'min_samples_split': 11, 'n_estimators': 386}",0.5,0.5888888888888889,0.6277777777777778,0.5888888888888889,0.6777777777777778,0.5966666666666667,0.05833068777069639,1,0.6973684210526316,0.6734143049932524,0.6346153846153846,0.6366396761133604,0.6902834008097165,0.666464237516869,0.02636125350571087
0.5220041275024414,0.004575297401152558,0.020745086669921874,0.0007465607542131858,30,log2,10,15,186,"{'max_depth': 30, 'max_features': 'log2', 'min_samples_leaf': 10, 'min_samples_split': 15, 'n_estimators': 186}",0.5,0.6388888888888888,0.6222222222222222,0.6444444444444444,0.5777777777777777,0.5966666666666667,0.0537024265493092,1,0.6842105263157895,0.6484480431848854,0.6106612685560053,0.6234817813765182,0.6352901484480432,0.6404183535762483,0.025222451835919743
0.5202083587646484,0.004617509772872342,0.023137903213500975,0.002129240764528146,30,log2,10,13,186,"{'max_depth': 30, 'max_features': 'log2', 'min_samples_leaf': 10, 'min_samples_split': 13, 'n_estimators': 186}",0.5,0.6388888888888888,0.6222222222222222,0.6444444444444444,0.5777777777777777,0.5966666666666667,0.0537024265493092,1,0.6842105263157895,0.6484480431848854,0.6106612685560053,0.6234817813765182,0.6352901484480432,0.6404183535762483,0.025222451835919743
0.5309811115264893,0.01352342562361759,0.021142292022705077,0.0009772761608500705,30,log2,10,11,186,"{'max_depth': 30, 'max_features': 'log2', 'min_samples_leaf': 10, 'min_samples_split': 11, 'n_estimators': 186}",0.5,0.6388888888888888,0.6222222222222222,0.6444444444444444,0.5777777777777777,0.5966666666666667,0.0537024265493092,1,0.6842105263157895,0.6484480431848854,0.6106612685560053,0.6234817813765182,0.6352901484480432,0.6404183535762483,0.025222451835919743
1.0811072826385497,0.00829767888206687,0.04029250144958496,0.0034902380107553156,30,log2,9,15,386,"{'max_depth': 30, 'max_features': 'log2', 'min_samples_leaf': 9, 'min_samples_split': 15, 'n_estimators': 386}",0.5,0.5888888888888889,0.6277777777777778,0.5888888888888889,0.6777777777777778,0.5966666666666667,0.05833068777069639,1,0.6973684210526316,0.6734143049932524,0.6346153846153846,0.6366396761133604,0.6902834008097165,0.666464237516869,0.02636125350571087
1.0807952404022216,0.022982861848545685,0.03929576873779297,0.0016210923163797427,30,log2,9,13,386,"{'max_depth': 30, 'max_features': 'log2', 'min_samples_leaf': 9, 'min_samples_split': 13, 'n_estimators': 386}",0.5,0.5888888888888889,0.6277777777777778,0.5888888888888889,0.6777777777777778,0.5966666666666667,0.05833068777069639,1,0.6973684210526316,0.6734143049932524,0.6346153846153846,0.6366396761133604,0.6902834008097165,0.666464237516869,0.02636125350571087
1.1174017906188964,0.037849534242392284,0.042450666427612305,0.0035017508538547656,30,log2,9,11,386,"{'max_depth': 30, 'max_features': 'log2', 'min_samples_leaf': 9, 'min_samples_split': 11, 'n_estimators': 386}",0.5,0.5888888888888889,0.6277777777777778,0.5888888888888889,0.6777777777777778,0.5966666666666667,0.05833068777069639,1,0.6973684210526316,0.6734143049932524,0.6346153846153846,0.6366396761133604,0.6902834008097165,0.666464237516869,0.02636125350571087
1.0891502380371094,0.025419347780988474,0.04109082221984863,0.0015959625896233992,,,9,13,386,"{'max_depth': None, 'max_features': None, 'min_samples_leaf': 9, 'min_samples_split': 13, 'n_estimators': 386}",0.5,0.5888888888888889,0.6277777777777778,0.5888888888888889,0.6777777777777778,0.5966666666666667,0.05833068777069639,1,0.6973684210526316,0.6734143049932524,0.6346153846153846,0.6366396761133604,0.6902834008097165,0.666464237516869,0.02636125350571087
0.5257951736450195,0.012477295600110632,0.022339057922363282,0.001196045515862087,30,sqrt,10,15,186,"{'max_depth': 30, 'max_features': 'sqrt', 'min_samples_leaf': 10, 'min_samples_split': 15, 'n_estimators': 186}",0.5,0.6388888888888888,0.6222222222222222,0.6444444444444444,0.5777777777777777,0.5966666666666667,0.0537024265493092,1,0.6842105263157895,0.6484480431848854,0.6106612685560053,0.6234817813765182,0.6352901484480432,0.6404183535762483,0.025222451835919743
0.5180143356323242,0.006782025476488546,0.02254009246826172,0.0010167936404801398,30,sqrt,10,13,186,"{'max_depth': 30, 'max_features': 'sqrt', 'min_samples_leaf': 10, 'min_samples_split': 13, 'n_estimators': 186}",0.5,0.6388888888888888,0.6222222222222222,0.6444444444444444,0.5777777777777777,0.5966666666666667,0.0537024265493092,1,0.6842105263157895,0.6484480431848854,0.6106612685560053,0.6234817813765182,0.6352901484480432,0.6404183535762483,0.025222451835919743
0.5206073760986328,0.009292417895691841,0.02353672981262207,0.0028628336517164403,30,sqrt,10,11,186,"{'max_depth': 30, 'max_features': 'sqrt', 'min_samples_leaf': 10, 'min_samples_split': 11, 'n_estimators': 186}",0.5,0.6388888888888888,0.6222222222222222,0.6444444444444444,0.5777777777777777,0.5966666666666667,0.0537024265493092,1,0.6842105263157895,0.6484480431848854,0.6106612685560053,0.6234817813765182,0.6352901484480432,0.6404183535762483,0.025222451835919743
1.1007675647735595,0.020943090133050023,0.039693689346313475,0.0013235058748709103,30,sqrt,9,15,386,"{'max_depth': 30, 'max_features': 'sqrt', 'min_samples_leaf': 9, 'min_samples_split': 15, 'n_estimators': 386}",0.5,0.5888888888888889,0.6277777777777778,0.5888888888888889,0.6777777777777778,0.5966666666666667,0.05833068777069639,1,0.6973684210526316,0.6734143049932524,0.6346153846153846,0.6366396761133604,0.6902834008097165,0.666464237516869,0.02636125350571087
1.1973986148834228,0.06509612336356782,0.04328312873840332,0.003313841450043741,30,sqrt,9,13,386,"{'max_depth': 30, 'max_features': 'sqrt', 'min_samples_leaf': 9, 'min_samples_split': 13, 'n_estimators': 386}",0.5,0.5888888888888889,0.6277777777777778,0.5888888888888889,0.6777777777777778,0.5966666666666667,0.05833068777069639,1,0.6973684210526316,0.6734143049932524,0.6346153846153846,0.6366396761133604,0.6902834008097165,0.666464237516869,0.02636125350571087
1.0862916469573975,0.009961396332434055,0.04129047393798828,0.00232553923694253,30,sqrt,9,11,386,"{'max_depth': 30, 'max_features': 'sqrt', 'min_samples_leaf': 9, 'min_samples_split': 11, 'n_estimators': 386}",0.5,0.5888888888888889,0.6277777777777778,0.5888888888888889,0.6777777777777778,0.5966666666666667,0.05833068777069639,1,0.6973684210526316,0.6734143049932524,0.6346153846153846,0.6366396761133604,0.6902834008097165,0.666464237516869,0.02636125350571087
1.0767197608947754,0.01374227455528776,0.0394953727722168,0.0020524099421274145,,,9,15,386,"{'max_depth': None, 'max_features': None, 'min_samples_leaf': 9, 'min_samples_split': 15, 'n_estimators': 386}",0.5,0.5888888888888889,0.6277777777777778,0.5888888888888889,0.6777777777777778,0.5966666666666667,0.05833068777069639,1,0.6973684210526316,0.6734143049932524,0.6346153846153846,0.6366396761133604,0.6902834008097165,0.666464237516869,0.02636125350571087
0.5168160438537598,0.007122554572089212,0.02175149917602539,0.0011579668475682231,25,,10,15,186,"{'max_depth': 25, 'max_features': None, 'min_samples_leaf': 10, 'min_samples_split': 15, 'n_estimators': 186}",0.5,0.6388888888888888,0.6222222222222222,0.6444444444444444,0.5777777777777777,0.5966666666666667,0.0537024265493092,1,0.6842105263157895,0.6484480431848854,0.6106612685560053,0.6234817813765182,0.6352901484480432,0.6404183535762483,0.025222451835919743
0.5136260986328125,0.0053146325498849385,0.021940946578979492,0.001092493901881478,25,,10,13,186,"{'max_depth': 25, 'max_features': None, 'min_samples_leaf': 10, 'min_samples_split': 13, 'n_estimators': 186}",0.5,0.6388888888888888,0.6222222222222222,0.6444444444444444,0.5777777777777777,0.5966666666666667,0.0537024265493092,1,0.6842105263157895,0.6484480431848854,0.6106612685560053,0.6234817813765182,0.6352901484480432,0.6404183535762483,0.025222451835919743
0.5317779541015625,0.010467182218531004,0.024534320831298827,0.001954924019859383,,,10,11,186,"{'max_depth': None, 'max_features': None, 'min_samples_leaf': 10, 'min_samples_split': 11, 'n_estimators': 186}",0.5,0.6388888888888888,0.6222222222222222,0.6444444444444444,0.5777777777777777,0.5966666666666667,0.0537024265493092,1,0.6842105263157895,0.6484480431848854,0.6106612685560053,0.6234817813765182,0.6352901484480432,0.6404183535762483,0.025222451835919743
0.5211368560791015,0.008745476743349627,0.02054619789123535,0.0004897994600866227,25,,10,11,186,"{'max_depth': 25, 'max_features': None, 'min_samples_leaf': 10, 'min_samples_split': 11, 'n_estimators': 186}",0.5,0.6388888888888888,0.6222222222222222,0.6444444444444444,0.5777777777777777,0.5966666666666667,0.0537024265493092,1,0.6842105263157895,0.6484480431848854,0.6106612685560053,0.6234817813765182,0.6352901484480432,0.6404183535762483,0.025222451835919743
1.0837006568908691,0.014309028291227365,0.04368300437927246,0.00364501375599749,25,,9,15,386,"{'max_depth': 25, 'max_features': None, 'min_samples_leaf': 9, 'min_samples_split': 15, 'n_estimators': 386}",0.5,0.5888888888888889,0.6277777777777778,0.5888888888888889,0.6777777777777778,0.5966666666666667,0.05833068777069639,1,0.6973684210526316,0.6734143049932524,0.6346153846153846,0.6366396761133604,0.6902834008097165,0.666464237516869,0.02636125350571087
1.0747259616851808,0.02198365532165079,0.04128994941711426,0.002646386440564018,35,sqrt,9,11,386,"{'max_depth': 35, 'max_features': 'sqrt', 'min_samples_leaf': 9, 'min_samples_split': 11, 'n_estimators': 386}",0.5,0.5888888888888889,0.6277777777777778,0.5888888888888889,0.6777777777777778,0.5966666666666667,0.05833068777069639,1,0.6973684210526316,0.6734143049932524,0.6346153846153846,0.6366396761133604,0.6902834008097165,0.666464237516869,0.02636125350571087
1.0769060611724854,0.018478335134660368,0.04047040939331055,0.0023818710219660655,25,,9,13,386,"{'max_depth': 25, 'max_features': None, 'min_samples_leaf': 9, 'min_samples_split': 13, 'n_estimators': 386}",0.5,0.5888888888888889,0.6277777777777778,0.5888888888888889,0.6777777777777778,0.5966666666666667,0.05833068777069639,1,0.6973684210526316,0.6734143049932524,0.6346153846153846,0.6366396761133604,0.6902834008097165,0.666464237516869,0.02636125350571087
1.0980655193328857,0.029608667064399075,0.043282365798950194,0.0035992306929540935,35,sqrt,9,13,386,"{'max_depth': 35, 'max_features': 'sqrt', 'min_samples_leaf': 9, 'min_samples_split': 13, 'n_estimators': 386}",0.5,0.5888888888888889,0.6277777777777778,0.5888888888888889,0.6777777777777778,0.5966666666666667,0.05833068777069639,1,0.6973684210526316,0.6734143049932524,0.6346153846153846,0.6366396761133604,0.6902834008097165,0.666464237516869,0.02636125350571087
0.5200090885162354,0.00861579614609688,0.022739171981811523,0.001595914394804298,35,sqrt,10,11,186,"{'max_depth': 35, 'max_features': 'sqrt', 'min_samples_leaf': 10, 'min_samples_split': 11, 'n_estimators': 186}",0.5,0.6388888888888888,0.6222222222222222,0.6444444444444444,0.5777777777777777,0.5966666666666667,0.0537024265493092,1,0.6842105263157895,0.6484480431848854,0.6106612685560053,0.6234817813765182,0.6352901484480432,0.6404183535762483,0.025222451835919743
0.5292081832885742,0.021870273689774747,0.023350000381469727,0.00224891576445199,,log2,10,11,186,"{'max_depth': None, 'max_features': 'log2', 'min_samples_leaf': 10, 'min_samples_split': 11, 'n_estimators': 186}",0.5,0.6388888888888888,0.6222222222222222,0.6444444444444444,0.5777777777777777,0.5966666666666667,0.0537024265493092,1,0.6842105263157895,0.6484480431848854,0.6106612685560053,0.6234817813765182,0.6352901484480432,0.6404183535762483,0.025222451835919743
1.1074865818023683,0.029079998612584024,0.040091419219970705,0.0024754583337237607,,log2,9,15,386,"{'max_depth': None, 'max_features': 'log2', 'min_samples_leaf': 9, 'min_samples_split': 15, 'n_estimators': 386}",0.5,0.5888888888888889,0.6277777777777778,0.5888888888888889,0.6777777777777778,0.5966666666666667,0.05833068777069639,1,0.6973684210526316,0.6734143049932524,0.6346153846153846,0.6366396761133604,0.6902834008097165,0.666464237516869,0.02636125350571087
1.1662817478179932,0.022053506246730373,0.053457450866699216,0.025281038317253396,,log2,9,13,386,"{'max_depth': None, 'max_features': 'log2', 'min_samples_leaf': 9, 'min_samples_split': 13, 'n_estimators': 386}",0.5,0.5888888888888889,0.6277777777777778,0.5888888888888889,0.6777777777777778,0.5966666666666667,0.05833068777069639,1,0.6973684210526316,0.6734143049932524,0.6346153846153846,0.6366396761133604,0.6902834008097165,0.666464237516869,0.02636125350571087
1.1392114162445068,0.028299005331242494,0.04168963432312012,0.0029851249738995843,,log2,9,11,386,"{'max_depth': None, 'max_features': 'log2', 'min_samples_leaf': 9, 'min_samples_split': 11, 'n_estimators': 386}",0.5,0.5888888888888889,0.6277777777777778,0.5888888888888889,0.6777777777777778,0.5966666666666667,0.05833068777069639,1,0.6973684210526316,0.6734143049932524,0.6346153846153846,0.6366396761133604,0.6902834008097165,0.666464237516869,0.02636125350571087
0.5331743717193603,0.008684960927682934,0.020943212509155273,0.0012620300115602186,,sqrt,10,15,186,"{'max_depth': None, 'max_features': 'sqrt', 'min_samples_leaf': 10, 'min_samples_split': 15, 'n_estimators': 186}",0.5,0.6388888888888888,0.6222222222222222,0.6444444444444444,0.5777777777777777,0.5966666666666667,0.0537024265493092,1,0.6842105263157895,0.6484480431848854,0.6106612685560053,0.6234817813765182,0.6352901484480432,0.6404183535762483,0.025222451835919743
0.5265832424163819,0.005333256632339951,0.022340917587280275,0.001493495927479764,,log2,10,15,186,"{'max_depth': None, 'max_features': 'log2', 'min_samples_leaf': 10, 'min_samples_split': 15, 'n_estimators': 186}",0.5,0.6388888888888888,0.6222222222222222,0.6444444444444444,0.5777777777777777,0.5966666666666667,0.0537024265493092,1,0.6842105263157895,0.6484480431848854,0.6106612685560053,0.6234817813765182,0.6352901484480432,0.6404183535762483,0.025222451835919743
0.5202076435089111,0.007505257805068157,0.021343231201171875,0.001197144676180548,,sqrt,10,13,186,"{'max_depth': None, 'max_features': 'sqrt', 'min_samples_leaf': 10, 'min_samples_split': 13, 'n_estimators': 186}",0.5,0.6388888888888888,0.6222222222222222,0.6444444444444444,0.5777777777777777,0.5966666666666667,0.0537024265493092,1,0.6842105263157895,0.6484480431848854,0.6106612685560053,0.6234817813765182,0.6352901484480432,0.6404183535762483,0.025222451835919743
0.5743410587310791,0.06668326869810604,0.025986528396606444,0.008172767870973607,,sqrt,10,11,186,"{'max_depth': None, 'max_features': 'sqrt', 'min_samples_leaf': 10, 'min_samples_split': 11, 'n_estimators': 186}",0.5,0.6388888888888888,0.6222222222222222,0.6444444444444444,0.5777777777777777,0.5966666666666667,0.0537024265493092,1,0.6842105263157895,0.6484480431848854,0.6106612685560053,0.6234817813765182,0.6352901484480432,0.6404183535762483,0.025222451835919743
1.3281273365020752,0.17841735207446888,0.042749881744384766,0.004382593280737111,,sqrt,9,15,386,"{'max_depth': None, 'max_features': 'sqrt', 'min_samples_leaf': 9, 'min_samples_split': 15, 'n_estimators': 386}",0.5,0.5888888888888889,0.6277777777777778,0.5888888888888889,0.6777777777777778,0.5966666666666667,0.05833068777069639,1,0.6973684210526316,0.6734143049932524,0.6346153846153846,0.6366396761133604,0.6902834008097165,0.666464237516869,0.02636125350571087
1.0964672565460205,0.03696586953478581,0.04328432083129883,0.007318339846980329,,sqrt,9,13,386,"{'max_depth': None, 'max_features': 'sqrt', 'min_samples_leaf': 9, 'min_samples_split': 13, 'n_estimators': 386}",0.5,0.5888888888888889,0.6277777777777778,0.5888888888888889,0.6777777777777778,0.5966666666666667,0.05833068777069639,1,0.6973684210526316,0.6734143049932524,0.6346153846153846,0.6366396761133604,0.6902834008097165,0.666464237516869,0.02636125350571087
1.0860745429992675,0.016562915657843427,0.043683433532714845,0.0031791871754112046,,sqrt,9,11,386,"{'max_depth': None, 'max_features': 'sqrt', 'min_samples_leaf': 9, 'min_samples_split': 11, 'n_estimators': 386}",0.5,0.5888888888888889,0.6277777777777778,0.5888888888888889,0.6777777777777778,0.5966666666666667,0.05833068777069639,1,0.6973684210526316,0.6734143049932524,0.6346153846153846,0.6366396761133604,0.6902834008097165,0.666464237516869,0.02636125350571087
0.5153676033020019,0.015529555832204278,0.021940135955810548,0.0017852063704525477,35,,10,15,186,"{'max_depth': 35, 'max_features': None, 'min_samples_leaf': 10, 'min_samples_split': 15, 'n_estimators': 186}",0.5,0.6388888888888888,0.6222222222222222,0.6444444444444444,0.5777777777777777,0.5966666666666667,0.0537024265493092,1,0.6842105263157895,0.6484480431848854,0.6106612685560053,0.6234817813765182,0.6352901484480432,0.6404183535762483,0.025222451835919743
0.527588176727295,0.013185541250357296,0.022740936279296874,0.0023105358493393786,35,,10,13,186,"{'max_depth': 35, 'max_features': None, 'min_samples_leaf': 10, 'min_samples_split': 13, 'n_estimators': 186}",0.5,0.6388888888888888,0.6222222222222222,0.6444444444444444,0.5777777777777777,0.5966666666666667,0.0537024265493092,1,0.6842105263157895,0.6484480431848854,0.6106612685560053,0.6234817813765182,0.6352901484480432,0.6404183535762483,0.025222451835919743
0.5214048385620117,0.008494530804140197,0.022339916229248045,0.0017392598747596644,35,,10,11,186,"{'max_depth': 35, 'max_features': None, 'min_samples_leaf': 10, 'min_samples_split': 11, 'n_estimators': 186}",0.5,0.6388888888888888,0.6222222222222222,0.6444444444444444,0.5777777777777777,0.5966666666666667,0.0537024265493092,1,0.6842105263157895,0.6484480431848854,0.6106612685560053,0.6234817813765182,0.6352901484480432,0.6404183535762483,0.025222451835919743
1.079313325881958,0.022667120963252515,0.04208817481994629,0.0031174052834799294,35,,9,15,386,"{'max_depth': 35, 'max_features': None, 'min_samples_leaf': 9, 'min_samples_split': 15, 'n_estimators': 386}",0.5,0.5888888888888889,0.6277777777777778,0.5888888888888889,0.6777777777777778,0.5966666666666667,0.05833068777069639,1,0.6973684210526316,0.6734143049932524,0.6346153846153846,0.6366396761133604,0.6902834008097165,0.666464237516869,0.02636125350571087
1.075866174697876,0.0238536043100678,0.04348645210266113,0.005884769542134645,35,,9,13,386,"{'max_depth': 35, 'max_features': None, 'min_samples_leaf': 9, 'min_samples_split': 13, 'n_estimators': 386}",0.5,0.5888888888888889,0.6277777777777778,0.5888888888888889,0.6777777777777778,0.5966666666666667,0.05833068777069639,1,0.6973684210526316,0.6734143049932524,0.6346153846153846,0.6366396761133604,0.6902834008097165,0.666464237516869,0.02636125350571087
1.0735284328460692,0.020897345770048592,0.04049229621887207,0.0023260212716626895,35,,9,11,386,"{'max_depth': 35, 'max_features': None, 'min_samples_leaf': 9, 'min_samples_split': 11, 'n_estimators': 386}",0.5,0.5888888888888889,0.6277777777777778,0.5888888888888889,0.6777777777777778,0.5966666666666667,0.05833068777069639,1,0.6973684210526316,0.6734143049932524,0.6346153846153846,0.6366396761133604,0.6902834008097165,0.666464237516869,0.02636125350571087
0.5279854297637939,0.007793436829382277,0.022539854049682617,0.001849966945456143,35,log2,10,15,186,"{'max_depth': 35, 'max_features': 'log2', 'min_samples_leaf': 10, 'min_samples_split': 15, 'n_estimators': 186}",0.5,0.6388888888888888,0.6222222222222222,0.6444444444444444,0.5777777777777777,0.5966666666666667,0.0537024265493092,1,0.6842105263157895,0.6484480431848854,0.6106612685560053,0.6234817813765182,0.6352901484480432,0.6404183535762483,0.025222451835919743
0.5241974353790283,0.012624787694020779,0.02234025001525879,0.0028625346060592236,35,log2,10,13,186,"{'max_depth': 35, 'max_features': 'log2', 'min_samples_leaf': 10, 'min_samples_split': 13, 'n_estimators': 186}",0.5,0.6388888888888888,0.6222222222222222,0.6444444444444444,0.5777777777777777,0.5966666666666667,0.0537024265493092,1,0.6842105263157895,0.6484480431848854,0.6106612685560053,0.6234817813765182,0.6352901484480432,0.6404183535762483,0.025222451835919743
0.519012451171875,0.008799965385908519,0.022140121459960936,0.0019345888953904921,35,log2,10,11,186,"{'max_depth': 35, 'max_features': 'log2', 'min_samples_leaf': 10, 'min_samples_split': 11, 'n_estimators': 186}",0.5,0.6388888888888888,0.6222222222222222,0.6444444444444444,0.5777777777777777,0.5966666666666667,0.0537024265493092,1,0.6842105263157895,0.6484480431848854,0.6106612685560053,0.6234817813765182,0.6352901484480432,0.6404183535762483,0.025222451835919743
1.0775187969207765,0.007262152392436323,0.04188761711120605,0.002677170079114965,35,log2,9,15,386,"{'max_depth': 35, 'max_features': 'log2', 'min_samples_leaf': 9, 'min_samples_split': 15, 'n_estimators': 386}",0.5,0.5888888888888889,0.6277777777777778,0.5888888888888889,0.6777777777777778,0.5966666666666667,0.05833068777069639,1,0.6973684210526316,0.6734143049932524,0.6346153846153846,0.6366396761133604,0.6902834008097165,0.666464237516869,0.02636125350571087
1.0734544277191163,0.023025828159028833,0.039493227005004884,0.0014901969933497732,35,log2,9,13,386,"{'max_depth': 35, 'max_features': 'log2', 'min_samples_leaf': 9, 'min_samples_split': 13, 'n_estimators': 386}",0.5,0.5888888888888889,0.6277777777777778,0.5888888888888889,0.6777777777777778,0.5966666666666667,0.05833068777069639,1,0.6973684210526316,0.6734143049932524,0.6346153846153846,0.6366396761133604,0.6902834008097165,0.666464237516869,0.02636125350571087
1.1355631828308106,0.049677954519713054,0.039694690704345705,0.0011636699424170795,35,log2,9,11,386,"{'max_depth': 35, 'max_features': 'log2', 'min_samples_leaf': 9, 'min_samples_split': 11, 'n_estimators': 386}",0.5,0.5888888888888889,0.6277777777777778,0.5888888888888889,0.6777777777777778,0.5966666666666667,0.05833068777069639,1,0.6973684210526316,0.6734143049932524,0.6346153846153846,0.6366396761133604,0.6902834008097165,0.666464237516869,0.02636125350571087
0.5226015090942383,0.008200186535149704,0.021342992782592773,0.0007974505936834809,35,sqrt,10,15,186,"{'max_depth': 35, 'max_features': 'sqrt', 'min_samples_leaf': 10, 'min_samples_split': 15, 'n_estimators': 186}",0.5,0.6388888888888888,0.6222222222222222,0.6444444444444444,0.5777777777777777,0.5966666666666667,0.0537024265493092,1,0.6842105263157895,0.6484480431848854,0.6106612685560053,0.6234817813765182,0.6352901484480432,0.6404183535762483,0.025222451835919743
0.5254528045654296,0.018137214726974025,0.02194046974182129,0.0017832070736870567,35,sqrt,10,13,186,"{'max_depth': 35, 'max_features': 'sqrt', 'min_samples_leaf': 10, 'min_samples_split': 13, 'n_estimators': 186}",0.5,0.6388888888888888,0.6222222222222222,0.6444444444444444,0.5777777777777777,0.5966666666666667,0.0537024265493092,1,0.6842105263157895,0.6484480431848854,0.6106612685560053,0.6234817813765182,0.6352901484480432,0.6404183535762483,0.025222451835919743
1.0946722984313966,0.013359591179039083,0.041488933563232425,0.002646630634722013,35,sqrt,9,15,386,"{'max_depth': 35, 'max_features': 'sqrt', 'min_samples_leaf': 9, 'min_samples_split': 15, 'n_estimators': 386}",0.5,0.5888888888888889,0.6277777777777778,0.5888888888888889,0.6777777777777778,0.5966666666666667,0.05833068777069639,1,0.6973684210526316,0.6734143049932524,0.6346153846153846,0.6366396761133604,0.6902834008097165,0.666464237516869,0.02636125350571087
1.0930859565734863,0.010208111527416451,0.03905854225158691,0.00424526332158182,25,,9,11,386,"{'max_depth': 25, 'max_features': None, 'min_samples_leaf': 9, 'min_samples_split': 11, 'n_estimators': 386}",0.5,0.5888888888888889,0.6277777777777778,0.5888888888888889,0.6777777777777778,0.5966666666666667,0.05833068777069639,1,0.6973684210526316,0.6734143049932524,0.6346153846153846,0.6366396761133604,0.6902834008097165,0.666464237516869,0.02636125350571087
0.5291841983795166,0.0070408954367572035,0.02074422836303711,0.0014658691699550872,,log2,10,13,186,"{'max_depth': None, 'max_features': 'log2', 'min_samples_leaf': 10, 'min_samples_split': 13, 'n_estimators': 186}",0.5,0.6388888888888888,0.6222222222222222,0.6444444444444444,0.5777777777777777,0.5966666666666667,0.0537024265493092,1,0.6842105263157895,0.6484480431848854,0.6106612685560053,0.6234817813765182,0.6352901484480432,0.6404183535762483,0.025222451835919743
1.1047926902770997,0.02569130731865187,0.03989367485046387,0.0015452645230821867,25,log2,9,11,386,"{'max_depth': 25, 'max_features': 'log2', 'min_samples_leaf': 9, 'min_samples_split': 11, 'n_estimators': 386}",0.5,0.5888888888888889,0.6277777777777778,0.5888888888888889,0.6777777777777778,0.5966666666666667,0.05833068777069639,1,0.6973684210526316,0.6734143049932524,0.6346153846153846,0.6366396761133604,0.6902834008097165,0.666464237516869,0.02636125350571087
0.5232082843780518,0.005975994779471185,0.02074604034423828,0.0007447123816624308,,,10,13,186,"{'max_depth': None, 'max_features': None, 'min_samples_leaf': 10, 'min_samples_split': 13, 'n_estimators': 186}",0.5,0.6388888888888888,0.6222222222222222,0.6444444444444444,0.5777777777777777,0.5966666666666667,0.0537024265493092,1,0.6842105263157895,0.6484480431848854,0.6106612685560053,0.6234817813765182,0.6352901484480432,0.6404183535762483,0.025222451835919743
0.5231663227081299,0.0070108990171064214,0.020496654510498046,0.004011509121056801,25,log2,10,13,186,"{'max_depth': 25, 'max_features': 'log2', 'min_samples_leaf': 10, 'min_samples_split': 13, 'n_estimators': 186}",0.5,0.6388888888888888,0.6222222222222222,0.6444444444444444,0.5777777777777777,0.5966666666666667,0.0537024265493092,1,0.6842105263157895,0.6484480431848854,0.6106612685560053,0.6234817813765182,0.6352901484480432,0.6404183535762483,0.025222451835919743
0.525592851638794,0.003510357244118056,0.022838497161865236,0.002408788483407556,25,sqrt,10,13,186,"{'max_depth': 25, 'max_features': 'sqrt', 'min_samples_leaf': 10, 'min_samples_split': 13, 'n_estimators': 186}",0.5,0.6388888888888888,0.6222222222222222,0.6444444444444444,0.5777777777777777,0.5966666666666667,0.0537024265493092,1,0.6842105263157895,0.6484480431848854,0.6106612685560053,0.6234817813765182,0.6352901484480432,0.6404183535762483,0.025222451835919743
0.5226018905639649,0.008297019672497798,0.02194070816040039,0.0017842999756828878,25,log2,10,11,186,"{'max_depth': 25, 'max_features': 'log2', 'min_samples_leaf': 10, 'min_samples_split': 11, 'n_estimators': 186}",0.5,0.6388888888888888,0.6222222222222222,0.6444444444444444,0.5777777777777777,0.5966666666666667,0.0537024265493092,1,0.6842105263157895,0.6484480431848854,0.6106612685560053,0.6234817813765182,0.6352901484480432,0.6404183535762483,0.025222451835919743
1.0829310417175293,0.008351997341370458,0.04128994941711426,0.004259044191980475,25,log2,9,13,386,"{'max_depth': 25, 'max_features': 'log2', 'min_samples_leaf': 9, 'min_samples_split': 13, 'n_estimators': 386}",0.5,0.5888888888888889,0.6277777777777778,0.5888888888888889,0.6777777777777778,0.5966666666666667,0.05833068777069639,1,0.6973684210526316,0.6734143049932524,0.6346153846153846,0.6366396761133604,0.6902834008097165,0.666464237516869,0.02636125350571087
0.5168155670166016,0.004252657110223087,0.022741222381591798,0.0011620805511480049,25,sqrt,10,15,186,"{'max_depth': 25, 'max_features': 'sqrt', 'min_samples_leaf': 10, 'min_samples_split': 15, 'n_estimators': 186}",0.5,0.6388888888888888,0.6222222222222222,0.6444444444444444,0.5777777777777777,0.5966666666666667,0.0537024265493092,1,0.6842105263157895,0.6484480431848854,0.6106612685560053,0.6234817813765182,0.6352901484480432,0.6404183535762483,0.025222451835919743
0.5251945972442627,0.016322917044991895,0.022938966751098633,0.0023604169265943097,,,10,15,186,"{'max_depth': None, 'max_features': None, 'min_samples_leaf': 10, 'min_samples_split': 15, 'n_estimators': 186}",0.5,0.6388888888888888,0.6222222222222222,0.6444444444444444,0.5777777777777777,0.5966666666666667,0.0537024265493092,1,0.6842105263157895,0.6484480431848854,0.6106612685560053,0.6234817813765182,0.6352901484480432,0.6404183535762483,0.025222451835919743
1.0976638793945312,0.01259285443339965,0.04408268928527832,0.0019341018089925172,25,sqrt,9,11,386,"{'max_depth': 25, 'max_features': 'sqrt', 'min_samples_leaf': 9, 'min_samples_split': 11, 'n_estimators': 386}",0.5,0.5888888888888889,0.6277777777777778,0.5888888888888889,0.6777777777777778,0.5966666666666667,0.05833068777069639,1,0.6973684210526316,0.6734143049932524,0.6346153846153846,0.6366396761133604,0.6902834008097165,0.666464237516869,0.02636125350571087
1.0872912883758545,0.004477998427090564,0.0424868106842041,0.0028632123382209703,25,sqrt,9,13,386,"{'max_depth': 25, 'max_features': 'sqrt', 'min_samples_leaf': 9, 'min_samples_split': 13, 'n_estimators': 386}",0.5,0.5888888888888889,0.6277777777777778,0.5888888888888889,0.6777777777777778,0.5966666666666667,0.05833068777069639,1,0.6973684210526316,0.6734143049932524,0.6346153846153846,0.6366396761133604,0.6902834008097165,0.666464237516869,0.02636125350571087
1.0954704761505127,0.013957103739770138,0.040293645858764646,0.0010162997310417708,25,log2,9,15,386,"{'max_depth': 25, 'max_features': 'log2', 'min_samples_leaf': 9, 'min_samples_split': 15, 'n_estimators': 386}",0.5,0.5888888888888889,0.6277777777777778,0.5888888888888889,0.6777777777777778,0.5966666666666667,0.05833068777069639,1,0.6973684210526316,0.6734143049932524,0.6346153846153846,0.6366396761133604,0.6902834008097165,0.666464237516869,0.02636125350571087
1.082759714126587,0.017345110770999705,0.04188556671142578,0.0033370824432451545,25,sqrt,9,15,386,"{'max_depth': 25, 'max_features': 'sqrt', 'min_samples_leaf': 9, 'min_samples_split': 15, 'n_estimators': 386}",0.5,0.5888888888888889,0.6277777777777778,0.5888888888888889,0.6777777777777778,0.5966666666666667,0.05833068777069639,1,0.6973684210526316,0.6734143049932524,0.6346153846153846,0.6366396761133604,0.6902834008097165,0.666464237516869,0.02636125350571087
0.5230013847351074,0.005299906999984997,0.02333798408508301,0.0028639041562977625,25,sqrt,10,11,186,"{'max_depth': 25, 'max_features': 'sqrt', 'min_samples_leaf': 10, 'min_samples_split': 11, 'n_estimators': 186}",0.5,0.6388888888888888,0.6222222222222222,0.6444444444444444,0.5777777777777777,0.5966666666666667,0.0537024265493092,1,0.6842105263157895,0.6484480431848854,0.6106612685560053,0.6234817813765182,0.6352901484480432,0.6404183535762483,0.025222451835919743
0.5277918338775635,0.00988010721952871,0.021140432357788085,0.000748877555676339,25,log2,10,15,186,"{'max_depth': 25, 'max_features': 'log2', 'min_samples_leaf': 10, 'min_samples_split': 15, 'n_estimators': 186}",0.5,0.6388888888888888,0.6222222222222222,0.6444444444444444,0.5777777777777777,0.5966666666666667,0.0537024265493092,1,0.6842105263157895,0.6484480431848854,0.6106612685560053,0.6234817813765182,0.6352901484480432,0.6404183535762483,0.025222451835919743
0.5249953269958496,0.013507649429865674,0.022740745544433595,0.001827705678350977,25,log2,9,13,186,"{'max_depth': 25, 'max_features': 'log2', 'min_samples_leaf': 9, 'min_samples_split': 13, 'n_estimators': 186}",0.5,0.5888888888888889,0.6222222222222222,0.5888888888888889,0.6777777777777778,0.5955555555555556,0.05777777777777779,73,0.6973684210526316,0.6474358974358974,0.6349527665317138,0.6366396761133604,0.6902834008097165,0.6613360323886639,0.02696473123765834
1.6300408363342285,0.026399066903358265,0.059042501449584964,0.003591071431988775,30,log2,9,15,586,"{'max_depth': 30, 'max_features': 'log2', 'min_samples_leaf': 9, 'min_samples_split': 15, 'n_estimators': 586}",0.5,0.5888888888888889,0.6222222222222222,0.5888888888888889,0.6777777777777778,0.5955555555555556,0.05777777777777779,73,0.6973684210526316,0.6734143049932524,0.6349527665317138,0.6497975708502024,0.6902834008097165,0.6691632928475033,0.02368565228549402
0.5188966751098633,0.01354287441104553,0.02093338966369629,0.0011014119443961618,30,log2,9,15,186,"{'max_depth': 30, 'max_features': 'log2', 'min_samples_leaf': 9, 'min_samples_split': 15, 'n_estimators': 186}",0.5,0.5888888888888889,0.6222222222222222,0.5888888888888889,0.6777777777777778,0.5955555555555556,0.05777777777777779,73,0.6973684210526316,0.6474358974358974,0.6349527665317138,0.6366396761133604,0.6902834008097165,0.6613360323886639,0.02696473123765834
0.5122280120849609,0.012689382913027007,0.021943092346191406,0.0015447433427378935,35,sqrt,9,13,186,"{'max_depth': 35, 'max_features': 'sqrt', 'min_samples_leaf': 9, 'min_samples_split': 13, 'n_estimators': 186}",0.5,0.5888888888888889,0.6222222222222222,0.5888888888888889,0.6777777777777778,0.5955555555555556,0.05777777777777779,73,0.6973684210526316,0.6474358974358974,0.6349527665317138,0.6366396761133604,0.6902834008097165,0.6613360323886639,0.02696473123765834
1.6595791339874268,0.024391820672672728,0.060638046264648436,0.003534417280292205,25,log2,9,11,586,"{'max_depth': 25, 'max_features': 'log2', 'min_samples_leaf': 9, 'min_samples_split': 11, 'n_estimators': 586}",0.5,0.5888888888888889,0.6222222222222222,0.5888888888888889,0.6777777777777778,0.5955555555555556,0.05777777777777779,73,0.6973684210526316,0.6734143049932524,0.6349527665317138,0.6497975708502024,0.6902834008097165,0.6691632928475033,0.02368565228549402
1.6608828067779542,0.03412118962946304,0.057468223571777347,0.005067596978218143,30,log2,9,11,586,"{'max_depth': 30, 'max_features': 'log2', 'min_samples_leaf': 9, 'min_samples_split': 11, 'n_estimators': 586}",0.5,0.5888888888888889,0.6222222222222222,0.5888888888888889,0.6777777777777778,0.5955555555555556,0.05777777777777779,73,0.6973684210526316,0.6734143049932524,0.6349527665317138,0.6497975708502024,0.6902834008097165,0.6691632928475033,0.02368565228549402
1.667956256866455,0.008406006597492481,0.05884256362915039,0.002442868875869156,25,log2,9,13,586,"{'max_depth': 25, 'max_features': 'log2', 'min_samples_leaf': 9, 'min_samples_split': 13, 'n_estimators': 586}",0.5,0.5888888888888889,0.6222222222222222,0.5888888888888889,0.6777777777777778,0.5955555555555556,0.05777777777777779,73,0.6973684210526316,0.6734143049932524,0.6349527665317138,0.6497975708502024,0.6902834008097165,0.6691632928475033,0.02368565228549402
0.524158239364624,0.01163824386521181,0.018712902069091798,0.0016128352892361923,30,log2,9,11,186,"{'max_depth': 30, 'max_features': 'log2', 'min_samples_leaf': 9, 'min_samples_split': 11, 'n_estimators': 186}",0.5,0.5888888888888889,0.6222222222222222,0.5888888888888889,0.6777777777777778,0.5955555555555556,0.05777777777777779,73,0.6973684210526316,0.6474358974358974,0.6349527665317138,0.6366396761133604,0.6902834008097165,0.6613360323886639,0.02696473123765834
0.5146237850189209,0.0041357316455527615,0.021744394302368165,0.0014656491272837383,35,,9,11,186,"{'max_depth': 35, 'max_features': None, 'min_samples_leaf': 9, 'min_samples_split': 11, 'n_estimators': 186}",0.5,0.5888888888888889,0.6222222222222222,0.5888888888888889,0.6777777777777778,0.5955555555555556,0.05777777777777779,73,0.6973684210526316,0.6474358974358974,0.6349527665317138,0.6366396761133604,0.6902834008097165,0.6613360323886639,0.02696473123765834
1.637420415878296,0.028860455068436645,0.059241437911987306,0.00544819408396618,25,sqrt,9,15,586,"{'max_depth': 25, 'max_features': 'sqrt', 'min_samples_leaf': 9, 'min_samples_split': 15, 'n_estimators': 586}",0.5,0.5888888888888889,0.6222222222222222,0.5888888888888889,0.6777777777777778,0.5955555555555556,0.05777777777777779,73,0.6973684210526316,0.6734143049932524,0.6349527665317138,0.6497975708502024,0.6902834008097165,0.6691632928475033,0.02368565228549402
1.6211043834686278,0.03171620675493476,0.05816397666931152,0.004659428209013581,35,,9,11,586,"{'max_depth': 35, 'max_features': None, 'min_samples_leaf': 9, 'min_samples_split': 11, 'n_estimators': 586}",0.5,0.5888888888888889,0.6222222222222222,0.5888888888888889,0.6777777777777778,0.5955555555555556,0.05777777777777779,73,0.6973684210526316,0.6734143049932524,0.6349527665317138,0.6497975708502024,0.6902834008097165,0.6691632928475033,0.02368565228549402
0.5095592021942139,0.006679836263468063,0.022534513473510744,0.002004323714862187,35,,9,13,186,"{'max_depth': 35, 'max_features': None, 'min_samples_leaf': 9, 'min_samples_split': 13, 'n_estimators': 186}",0.5,0.5888888888888889,0.6222222222222222,0.5888888888888889,0.6777777777777778,0.5955555555555556,0.05777777777777779,73,0.6973684210526316,0.6474358974358974,0.6349527665317138,0.6366396761133604,0.6902834008097165,0.6613360323886639,0.02696473123765834
1.6431920051574707,0.02069887098310463,0.058842945098876956,0.0019939010821396802,30,log2,9,13,586,"{'max_depth': 30, 'max_features': 'log2', 'min_samples_leaf': 9, 'min_samples_split': 13, 'n_estimators': 586}",0.5,0.5888888888888889,0.6222222222222222,0.5888888888888889,0.6777777777777778,0.5955555555555556,0.05777777777777779,73,0.6973684210526316,0.6734143049932524,0.6349527665317138,0.6497975708502024,0.6902834008097165,0.6691632928475033,0.02368565228549402
0.5195372104644775,0.009890955396329053,0.020989656448364258,0.0031512939377524437,30,log2,9,13,186,"{'max_depth': 30, 'max_features': 'log2', 'min_samples_leaf': 9, 'min_samples_split': 13, 'n_estimators': 186}",0.5,0.5888888888888889,0.6222222222222222,0.5888888888888889,0.6777777777777778,0.5955555555555556,0.05777777777777779,73,0.6973684210526316,0.6474358974358974,0.6349527665317138,0.6366396761133604,0.6902834008097165,0.6613360323886639,0.02696473123765834
0.530638313293457,0.028025904659047658,0.021941661834716797,0.0019930607530015696,25,log2,9,11,186,"{'max_depth': 25, 'max_features': 'log2', 'min_samples_leaf': 9, 'min_samples_split': 11, 'n_estimators': 186}",0.5,0.5888888888888889,0.6222222222222222,0.5888888888888889,0.6777777777777778,0.5955555555555556,0.05777777777777779,73,0.6973684210526316,0.6474358974358974,0.6349527665317138,0.6366396761133604,0.6902834008097165,0.6613360323886639,0.02696473123765834
1.6619972705841064,0.0237029291465699,0.06243343353271484,0.0026464545378683405,,,9,11,586,"{'max_depth': None, 'max_features': None, 'min_samples_leaf': 9, 'min_samples_split': 11, 'n_estimators': 586}",0.5,0.5888888888888889,0.6222222222222222,0.5888888888888889,0.6777777777777778,0.5955555555555556,0.05777777777777779,73,0.6973684210526316,0.6734143049932524,0.6349527665317138,0.6497975708502024,0.6902834008097165,0.6691632928475033,0.02368565228549402
0.527211332321167,0.010434634468373703,0.02373528480529785,0.003361995180342308,35,sqrt,9,11,186,"{'max_depth': 35, 'max_features': 'sqrt', 'min_samples_leaf': 9, 'min_samples_split': 11, 'n_estimators': 186}",0.5,0.5888888888888889,0.6222222222222222,0.5888888888888889,0.6777777777777778,0.5955555555555556,0.05777777777777779,73,0.6973684210526316,0.6474358974358974,0.6349527665317138,0.6366396761133604,0.6902834008097165,0.6613360323886639,0.02696473123765834
1.6844954013824462,0.03559709161901009,0.06203494071960449,0.006095772243166293,35,sqrt,9,11,586,"{'max_depth': 35, 'max_features': 'sqrt', 'min_samples_leaf': 9, 'min_samples_split': 11, 'n_estimators': 586}",0.5,0.5888888888888889,0.6222222222222222,0.5888888888888889,0.6777777777777778,0.5955555555555556,0.05777777777777779,73,0.6973684210526316,0.6734143049932524,0.6349527665317138,0.6497975708502024,0.6902834008097165,0.6691632928475033,0.02368565228549402
1.6751734733581543,0.028140300096001217,0.06123385429382324,0.005661353499888269,35,sqrt,9,13,586,"{'max_depth': 35, 'max_features': 'sqrt', 'min_samples_leaf': 9, 'min_samples_split': 13, 'n_estimators': 586}",0.5,0.5888888888888889,0.6222222222222222,0.5888888888888889,0.6777777777777778,0.5955555555555556,0.05777777777777779,73,0.6973684210526316,0.6734143049932524,0.6349527665317138,0.6497975708502024,0.6902834008097165,0.6691632928475033,0.02368565228549402
0.520361852645874,0.01587193257646247,0.023536205291748047,0.0029345733506245288,35,sqrt,9,15,186,"{'max_depth': 35, 'max_features': 'sqrt', 'min_samples_leaf': 9, 'min_samples_split': 15, 'n_estimators': 186}",0.5,0.5888888888888889,0.6222222222222222,0.5888888888888889,0.6777777777777778,0.5955555555555556,0.05777777777777779,73,0.6973684210526316,0.6474358974358974,0.6349527665317138,0.6366396761133604,0.6902834008097165,0.6613360323886639,0.02696473123765834
1.6681388854980468,0.031065550430095817,0.062034988403320314,0.0029856583050482124,35,sqrt,9,15,586,"{'max_depth': 35, 'max_features': 'sqrt', 'min_samples_leaf': 9, 'min_samples_split': 15, 'n_estimators': 586}",0.5,0.5888888888888889,0.6222222222222222,0.5888888888888889,0.6777777777777778,0.5955555555555556,0.05777777777777779,73,0.6973684210526316,0.6734143049932524,0.6349527665317138,0.6497975708502024,0.6902834008097165,0.6691632928475033,0.02368565228549402
0.5313788414001465,0.0068916768282865255,0.02174267768859863,0.0007451054840253445,,,9,11,186,"{'max_depth': None, 'max_features': None, 'min_samples_leaf': 9, 'min_samples_split': 11, 'n_estimators': 186}",0.5,0.5888888888888889,0.6222222222222222,0.5888888888888889,0.6777777777777778,0.5955555555555556,0.05777777777777779,73,0.6973684210526316,0.6474358974358974,0.6349527665317138,0.6366396761133604,0.6902834008097165,0.6613360323886639,0.02696473123765834
1.6364235877990723,0.030404100590540963,0.06108236312866211,0.003056899161799177,30,,9,15,586,"{'max_depth': 30, 'max_features': None, 'min_samples_leaf': 9, 'min_samples_split': 15, 'n_estimators': 586}",0.5,0.5888888888888889,0.6222222222222222,0.5888888888888889,0.6777777777777778,0.5955555555555556,0.05777777777777779,73,0.6973684210526316,0.6734143049932524,0.6349527665317138,0.6497975708502024,0.6902834008097165,0.6691632928475033,0.02368565228549402
0.5277876853942871,0.010504431651255594,0.021543312072753906,0.0018523682988733335,30,,9,15,186,"{'max_depth': 30, 'max_features': None, 'min_samples_leaf': 9, 'min_samples_split': 15, 'n_estimators': 186}",0.5,0.5888888888888889,0.6222222222222222,0.5888888888888889,0.6777777777777778,0.5955555555555556,0.05777777777777779,73,0.6973684210526316,0.6474358974358974,0.6349527665317138,0.6366396761133604,0.6902834008097165,0.6613360323886639,0.02696473123765834
1.6187392711639403,0.026465122541404824,0.061435890197753903,0.0033141826973051747,30,,9,13,586,"{'max_depth': 30, 'max_features': None, 'min_samples_leaf': 9, 'min_samples_split': 13, 'n_estimators': 586}",0.5,0.5888888888888889,0.6222222222222222,0.5888888888888889,0.6777777777777778,0.5955555555555556,0.05777777777777779,73,0.6973684210526316,0.6734143049932524,0.6349527665317138,0.6497975708502024,0.6902834008097165,0.6691632928475033,0.02368565228549402
0.5232000350952148,0.018123888229847077,0.02254776954650879,0.0012038998918165553,30,,9,13,186,"{'max_depth': 30, 'max_features': None, 'min_samples_leaf': 9, 'min_samples_split': 13, 'n_estimators': 186}",0.5,0.5888888888888889,0.6222222222222222,0.5888888888888889,0.6777777777777778,0.5955555555555556,0.05777777777777779,73,0.6973684210526316,0.6474358974358974,0.6349527665317138,0.6366396761133604,0.6902834008097165,0.6613360323886639,0.02696473123765834
1.6575672149658203,0.01987608064868375,0.06243290901184082,0.004019744581733965,30,,9,11,586,"{'max_depth': 30, 'max_features': None, 'min_samples_leaf': 9, 'min_samples_split': 11, 'n_estimators': 586}",0.5,0.5888888888888889,0.6222222222222222,0.5888888888888889,0.6777777777777778,0.5955555555555556,0.05777777777777779,73,0.6973684210526316,0.6734143049932524,0.6349527665317138,0.6497975708502024,0.6902834008097165,0.6691632928475033,0.02368565228549402
0.5914280414581299,0.04577388855362944,0.025437211990356444,0.0031162349235525936,30,,9,11,186,"{'max_depth': 30, 'max_features': None, 'min_samples_leaf': 9, 'min_samples_split': 11, 'n_estimators': 186}",0.5,0.5888888888888889,0.6222222222222222,0.5888888888888889,0.6777777777777778,0.5955555555555556,0.05777777777777779,73,0.6973684210526316,0.6474358974358974,0.6349527665317138,0.6366396761133604,0.6902834008097165,0.6613360323886639,0.02696473123765834
0.5249969482421875,0.010529937669057203,0.02174100875854492,0.0022201834652909214,35,log2,9,11,186,"{'max_depth': 35, 'max_features': 'log2', 'min_samples_leaf': 9, 'min_samples_split': 11, 'n_estimators': 186}",0.5,0.5888888888888889,0.6222222222222222,0.5888888888888889,0.6777777777777778,0.5955555555555556,0.05777777777777779,73,0.6973684210526316,0.6474358974358974,0.6349527665317138,0.6366396761133604,0.6902834008097165,0.6613360323886639,0.02696473123765834
1.6464218139648437,0.03876286527867996,0.06146130561828613,0.0046198323435293525,35,log2,9,11,586,"{'max_depth': 35, 'max_features': 'log2', 'min_samples_leaf': 9, 'min_samples_split': 11, 'n_estimators': 586}",0.5,0.5888888888888889,0.6222222222222222,0.5888888888888889,0.6777777777777778,0.5955555555555556,0.05777777777777779,73,0.6973684210526316,0.6734143049932524,0.6349527665317138,0.6497975708502024,0.6902834008097165,0.6691632928475033,0.02368565228549402
0.521999454498291,0.00828339506160486,0.022142457962036132,0.0011622478369656588,35,log2,9,13,186,"{'max_depth': 35, 'max_features': 'log2', 'min_samples_leaf': 9, 'min_samples_split': 13, 'n_estimators': 186}",0.5,0.5888888888888889,0.6222222222222222,0.5888888888888889,0.6777777777777778,0.5955555555555556,0.05777777777777779,73,0.6973684210526316,0.6474358974358974,0.6349527665317138,0.6366396761133604,0.6902834008097165,0.6613360323886639,0.02696473123765834
1.6448259830474854,0.025092566668857376,0.0602384090423584,0.004487135250639642,35,log2,9,13,586,"{'max_depth': 35, 'max_features': 'log2', 'min_samples_leaf': 9, 'min_samples_split': 13, 'n_estimators': 586}",0.5,0.5888888888888889,0.6222222222222222,0.5888888888888889,0.6777777777777778,0.5955555555555556,0.05777777777777779,73,0.6973684210526316,0.6734143049932524,0.6349527665317138,0.6497975708502024,0.6902834008097165,0.6691632928475033,0.02368565228549402
0.5136263370513916,0.008003879777736103,0.021542072296142578,0.0013522969902347605,35,log2,9,15,186,"{'max_depth': 35, 'max_features': 'log2', 'min_samples_leaf': 9, 'min_samples_split': 15, 'n_estimators': 186}",0.5,0.5888888888888889,0.6222222222222222,0.5888888888888889,0.6777777777777778,0.5955555555555556,0.05777777777777779,73,0.6973684210526316,0.6474358974358974,0.6349527665317138,0.6366396761133604,0.6902834008097165,0.6613360323886639,0.02696473123765834
1.6489892482757569,0.036997852083074545,0.05984001159667969,0.004184406327441556,35,log2,9,15,586,"{'max_depth': 35, 'max_features': 'log2', 'min_samples_leaf': 9, 'min_samples_split': 15, 'n_estimators': 586}",0.5,0.5888888888888889,0.6222222222222222,0.5888888888888889,0.6777777777777778,0.5955555555555556,0.05777777777777779,73,0.6973684210526316,0.6734143049932524,0.6349527665317138,0.6497975708502024,0.6902834008097165,0.6691632928475033,0.02368565228549402
0.5202106952667236,0.009476005327385038,0.022340011596679688,0.0018514177618496662,35,,9,15,186,"{'max_depth': 35, 'max_features': None, 'min_samples_leaf': 9, 'min_samples_split': 15, 'n_estimators': 186}",0.5,0.5888888888888889,0.6222222222222222,0.5888888888888889,0.6777777777777778,0.5955555555555556,0.05777777777777779,73,0.6973684210526316,0.6474358974358974,0.6349527665317138,0.6366396761133604,0.6902834008097165,0.6613360323886639,0.02696473123765834
0.5198093891143799,0.005101133334212989,0.021565008163452148,0.00046187394309862097,,,9,13,186,"{'max_depth': None, 'max_features': None, 'min_samples_leaf': 9, 'min_samples_split': 13, 'n_estimators': 186}",0.5,0.5888888888888889,0.6222222222222222,0.5888888888888889,0.6777777777777778,0.5955555555555556,0.05777777777777779,73,0.6973684210526316,0.6474358974358974,0.6349527665317138,0.6366396761133604,0.6902834008097165,0.6613360323886639,0.02696473123765834
0.5284051418304443,0.00363166693551605,0.02214183807373047,0.0019342891746480957,25,sqrt,9,15,186,"{'max_depth': 25, 'max_features': 'sqrt', 'min_samples_leaf': 9, 'min_samples_split': 15, 'n_estimators': 186}",0.5,0.5888888888888889,0.6222222222222222,0.5888888888888889,0.6777777777777778,0.5955555555555556,0.05777777777777779,73,0.6973684210526316,0.6474358974358974,0.6349527665317138,0.6366396761133604,0.6902834008097165,0.6613360323886639,0.02696473123765834
1.6715439319610597,0.03903771670135766,0.061236333847045896,0.0027198272253044996,35,,9,13,586,"{'max_depth': 35, 'max_features': None, 'min_samples_leaf': 9, 'min_samples_split': 13, 'n_estimators': 586}",0.5,0.5888888888888889,0.6222222222222222,0.5888888888888889,0.6777777777777778,0.5955555555555556,0.05777777777777779,73,0.6973684210526316,0.6734143049932524,0.6349527665317138,0.6497975708502024,0.6902834008097165,0.6691632928475033,0.02368565228549402
0.5124284744262695,0.008064282824933343,0.021741914749145507,0.0018285011849730462,25,log2,9,15,186,"{'max_depth': 25, 'max_features': 'log2', 'min_samples_leaf': 9, 'min_samples_split': 15, 'n_estimators': 186}",0.5,0.5888888888888889,0.6222222222222222,0.5888888888888889,0.6777777777777778,0.5955555555555556,0.05777777777777779,73,0.6973684210526316,0.6474358974358974,0.6349527665317138,0.6366396761133604,0.6902834008097165,0.6613360323886639,0.02696473123765834
1.7526893138885498,0.08921281037853196,0.06721506118774415,0.012206853482136648,,sqrt,9,13,586,"{'max_depth': None, 'max_features': 'sqrt', 'min_samples_leaf': 9, 'min_samples_split': 13, 'n_estimators': 586}",0.5,0.5888888888888889,0.6222222222222222,0.5888888888888889,0.6777777777777778,0.5955555555555556,0.05777777777777779,73,0.6973684210526316,0.6734143049932524,0.6349527665317138,0.6497975708502024,0.6902834008097165,0.6691632928475033,0.02368565228549402
0.5447944641113281,0.04766492906953012,0.02237238883972168,0.0018678385133454574,,sqrt,9,15,186,"{'max_depth': None, 'max_features': 'sqrt', 'min_samples_leaf': 9, 'min_samples_split': 15, 'n_estimators': 186}",0.5,0.5888888888888889,0.6222222222222222,0.5888888888888889,0.6777777777777778,0.5955555555555556,0.05777777777777779,73,0.6973684210526316,0.6474358974358974,0.6349527665317138,0.6366396761133604,0.6902834008097165,0.6613360323886639,0.02696473123765834
1.64220871925354,0.024629001017273736,0.062034082412719724,0.002778681062264896,35,,9,15,586,"{'max_depth': 35, 'max_features': None, 'min_samples_leaf': 9, 'min_samples_split': 15, 'n_estimators': 586}",0.5,0.5888888888888889,0.6222222222222222,0.5888888888888889,0.6777777777777778,0.5955555555555556,0.05777777777777779,73,0.6973684210526316,0.6734143049932524,0.6349527665317138,0.6497975708502024,0.6902834008097165,0.6691632928475033,0.02368565228549402
1.8528529167175294,0.1436083207733353,0.06551742553710938,0.01242527160871843,,sqrt,9,15,586,"{'max_depth': None, 'max_features': 'sqrt', 'min_samples_leaf': 9, 'min_samples_split': 15, 'n_estimators': 586}",0.5,0.5888888888888889,0.6222222222222222,0.5888888888888889,0.6777777777777778,0.5955555555555556,0.05777777777777779,73,0.6973684210526316,0.6734143049932524,0.6349527665317138,0.6497975708502024,0.6902834008097165,0.6691632928475033,0.02368565228549402
1.6511845111846923,0.032972479820102506,0.06043839454650879,0.0018511498840147519,,,9,15,586,"{'max_depth': None, 'max_features': None, 'min_samples_leaf': 9, 'min_samples_split': 15, 'n_estimators': 586}",0.5,0.5888888888888889,0.6222222222222222,0.5888888888888889,0.6777777777777778,0.5955555555555556,0.05777777777777779,73,0.6973684210526316,0.6734143049932524,0.6349527665317138,0.6497975708502024,0.6902834008097165,0.6691632928475033,0.02368565228549402
1.6256361961364747,0.019542311640197527,0.060437774658203124,0.0019542191058421186,25,,9,15,586,"{'max_depth': 25, 'max_features': None, 'min_samples_leaf': 9, 'min_samples_split': 15, 'n_estimators': 586}",0.5,0.5888888888888889,0.6222222222222222,0.5888888888888889,0.6777777777777778,0.5955555555555556,0.05777777777777779,73,0.6973684210526316,0.6734143049932524,0.6349527665317138,0.6497975708502024,0.6902834008097165,0.6691632928475033,0.02368565228549402
0.5208071708679199,0.005997104231028478,0.022140884399414064,0.001933550896833506,,log2,9,11,186,"{'max_depth': None, 'max_features': 'log2', 'min_samples_leaf': 9, 'min_samples_split': 11, 'n_estimators': 186}",0.5,0.5888888888888889,0.6222222222222222,0.5888888888888889,0.6777777777777778,0.5955555555555556,0.05777777777777779,73,0.6973684210526316,0.6474358974358974,0.6349527665317138,0.6366396761133604,0.6902834008097165,0.6613360323886639,0.02696473123765834
0.5187548637390137,0.013922309986706516,0.02076263427734375,0.0026056920127998724,25,,9,15,186,"{'max_depth': 25, 'max_features': None, 'min_samples_leaf': 9, 'min_samples_split': 15, 'n_estimators': 186}",0.5,0.5888888888888889,0.6222222222222222,0.5888888888888889,0.6777777777777778,0.5955555555555556,0.05777777777777779,73,0.6973684210526316,0.6474358974358974,0.6349527665317138,0.6366396761133604,0.6902834008097165,0.6613360323886639,0.02696473123765834
1.632050085067749,0.021352515787460478,0.060239219665527345,0.003431728600740377,25,,9,13,586,"{'max_depth': 25, 'max_features': None, 'min_samples_leaf': 9, 'min_samples_split': 13, 'n_estimators': 586}",0.5,0.5888888888888889,0.6222222222222222,0.5888888888888889,0.6777777777777778,0.5955555555555556,0.05777777777777779,73,0.6973684210526316,0.6734143049932524,0.6349527665317138,0.6497975708502024,0.6902834008097165,0.6691632928475033,0.02368565228549402
1.756002712249756,0.03637556954068474,0.061235475540161136,0.001740120041514173,,log2,9,11,586,"{'max_depth': None, 'max_features': 'log2', 'min_samples_leaf': 9, 'min_samples_split': 11, 'n_estimators': 586}",0.5,0.5888888888888889,0.6222222222222222,0.5888888888888889,0.6777777777777778,0.5955555555555556,0.05777777777777779,73,0.6973684210526316,0.6734143049932524,0.6349527665317138,0.6497975708502024,0.6902834008097165,0.6691632928475033,0.02368565228549402
0.5232168197631836,0.015021863264957363,0.02338299751281738,0.003217031151189307,25,,9,13,186,"{'max_depth': 25, 'max_features': None, 'min_samples_leaf': 9, 'min_samples_split': 13, 'n_estimators': 186}",0.5,0.5888888888888889,0.6222222222222222,0.5888888888888889,0.6777777777777778,0.5955555555555556,0.05777777777777779,73,0.6973684210526316,0.6474358974358974,0.6349527665317138,0.6366396761133604,0.6902834008097165,0.6613360323886639,0.02696473123765834
1.6585747241973876,0.03019602540875299,0.06121735572814942,0.0034071026987910896,25,,9,11,586,"{'max_depth': 25, 'max_features': None, 'min_samples_leaf': 9, 'min_samples_split': 11, 'n_estimators': 586}",0.5,0.5888888888888889,0.6222222222222222,0.5888888888888889,0.6777777777777778,0.5955555555555556,0.05777777777777779,73,0.6973684210526316,0.6734143049932524,0.6349527665317138,0.6497975708502024,0.6902834008097165,0.6691632928475033,0.02368565228549402
0.5746608257293702,0.030264636205205298,0.022340059280395508,0.0025699749400611093,,log2,9,13,186,"{'max_depth': None, 'max_features': 'log2', 'min_samples_leaf': 9, 'min_samples_split': 13, 'n_estimators': 186}",0.5,0.5888888888888889,0.6222222222222222,0.5888888888888889,0.6777777777777778,0.5955555555555556,0.05777777777777779,73,0.6973684210526316,0.6474358974358974,0.6349527665317138,0.6366396761133604,0.6902834008097165,0.6613360323886639,0.02696473123765834
0.56551513671875,0.0330236968991836,0.019974279403686523,0.006296615828775142,25,,9,11,186,"{'max_depth': 25, 'max_features': None, 'min_samples_leaf': 9, 'min_samples_split': 11, 'n_estimators': 186}",0.5,0.5888888888888889,0.6222222222222222,0.5888888888888889,0.6777777777777778,0.5955555555555556,0.05777777777777779,73,0.6973684210526316,0.6474358974358974,0.6349527665317138,0.6366396761133604,0.6902834008097165,0.6613360323886639,0.02696473123765834
1.696064281463623,0.0358623813002593,0.0634303092956543,0.003815369940099828,,log2,9,13,586,"{'max_depth': None, 'max_features': 'log2', 'min_samples_leaf': 9, 'min_samples_split': 13, 'n_estimators': 586}",0.5,0.5888888888888889,0.6222222222222222,0.5888888888888889,0.6777777777777778,0.5955555555555556,0.05777777777777779,73,0.6973684210526316,0.6734143049932524,0.6349527665317138,0.6497975708502024,0.6902834008097165,0.6691632928475033,0.02368565228549402
0.5293842315673828,0.01259058836551204,0.02094378471374512,0.0019945383663264806,,log2,9,15,186,"{'max_depth': None, 'max_features': 'log2', 'min_samples_leaf': 9, 'min_samples_split': 15, 'n_estimators': 186}",0.5,0.5888888888888889,0.6222222222222222,0.5888888888888889,0.6777777777777778,0.5955555555555556,0.05777777777777779,73,0.6973684210526316,0.6474358974358974,0.6349527665317138,0.6366396761133604,0.6902834008097165,0.6613360323886639,0.02696473123765834
1.6874074459075927,0.017945149727339144,0.06084475517272949,0.002966599133768073,,log2,9,15,586,"{'max_depth': None, 'max_features': 'log2', 'min_samples_leaf': 9, 'min_samples_split': 15, 'n_estimators': 586}",0.5,0.5888888888888889,0.6222222222222222,0.5888888888888889,0.6777777777777778,0.5955555555555556,0.05777777777777779,73,0.6973684210526316,0.6734143049932524,0.6349527665317138,0.6497975708502024,0.6902834008097165,0.6691632928475033,0.02368565228549402
0.5190114974975586,0.0077919881920553305,0.023139810562133788,0.0020334400766437734,,sqrt,9,13,186,"{'max_depth': None, 'max_features': 'sqrt', 'min_samples_leaf': 9, 'min_samples_split': 13, 'n_estimators': 186}",0.5,0.5888888888888889,0.6222222222222222,0.5888888888888889,0.6777777777777778,0.5955555555555556,0.05777777777777779,73,0.6973684210526316,0.6474358974358974,0.6349527665317138,0.6366396761133604,0.6902834008097165,0.6613360323886639,0.02696473123765834
1.6450014591217041,0.03165438698927949,0.057844352722167966,0.0031546002048069284,,sqrt,9,11,586,"{'max_depth': None, 'max_features': 'sqrt', 'min_samples_leaf': 9, 'min_samples_split': 11, 'n_estimators': 586}",0.5,0.5888888888888889,0.6222222222222222,0.5888888888888889,0.6777777777777778,0.5955555555555556,0.05777777777777779,73,0.6973684210526316,0.6734143049932524,0.6349527665317138,0.6497975708502024,0.6902834008097165,0.6691632928475033,0.02368565228549402
0.5388888359069824,0.010121516031336637,0.022739076614379884,0.0018279652721497753,25,sqrt,9,11,186,"{'max_depth': 25, 'max_features': 'sqrt', 'min_samples_leaf': 9, 'min_samples_split': 11, 'n_estimators': 186}",0.5,0.5888888888888889,0.6222222222222222,0.5888888888888889,0.6777777777777778,0.5955555555555556,0.05777777777777779,73,0.6973684210526316,0.6474358974358974,0.6349527665317138,0.6366396761133604,0.6902834008097165,0.6613360323886639,0.02696473123765834
1.7076382160186767,0.058917648031236565,0.06282734870910645,0.006614233134076147,25,sqrt,9,11,586,"{'max_depth': 25, 'max_features': 'sqrt', 'min_samples_leaf': 9, 'min_samples_split': 11, 'n_estimators': 586}",0.5,0.5888888888888889,0.6222222222222222,0.5888888888888889,0.6777777777777778,0.5955555555555556,0.05777777777777779,73,0.6973684210526316,0.6734143049932524,0.6349527665317138,0.6497975708502024,0.6902834008097165,0.6691632928475033,0.02368565228549402
1.6594173431396484,0.015506001439719343,0.06702098846435547,0.003959225946409269,25,sqrt,9,13,586,"{'max_depth': 25, 'max_features': 'sqrt', 'min_samples_leaf': 9, 'min_samples_split': 13, 'n_estimators': 586}",0.5,0.5888888888888889,0.6222222222222222,0.5888888888888889,0.6777777777777778,0.5955555555555556,0.05777777777777779,73,0.6973684210526316,0.6734143049932524,0.6349527665317138,0.6497975708502024,0.6902834008097165,0.6691632928475033,0.02368565228549402
1.6547746181488037,0.017733629500083243,0.06024112701416016,0.00354696087484779,,,9,13,586,"{'max_depth': None, 'max_features': None, 'min_samples_leaf': 9, 'min_samples_split': 13, 'n_estimators': 586}",0.5,0.5888888888888889,0.6222222222222222,0.5888888888888889,0.6777777777777778,0.5955555555555556,0.05777777777777779,73,0.6973684210526316,0.6734143049932524,0.6349527665317138,0.6497975708502024,0.6902834008097165,0.6691632928475033,0.02368565228549402
1.6597605228424073,0.023680441769065023,0.06343288421630859,0.009043030092489815,25,log2,9,15,586,"{'max_depth': 25, 'max_features': 'log2', 'min_samples_leaf': 9, 'min_samples_split': 15, 'n_estimators': 586}",0.5,0.5888888888888889,0.6222222222222222,0.5888888888888889,0.6777777777777778,0.5955555555555556,0.05777777777777779,73,0.6973684210526316,0.6734143049932524,0.6349527665317138,0.6497975708502024,0.6902834008097165,0.6691632928475033,0.02368565228549402
0.5245969772338868,0.011579455997356691,0.022938299179077148,0.0016689528082250071,,,9,15,186,"{'max_depth': None, 'max_features': None, 'min_samples_leaf': 9, 'min_samples_split': 15, 'n_estimators': 186}",0.5,0.5888888888888889,0.6222222222222222,0.5888888888888889,0.6777777777777778,0.5955555555555556,0.05777777777777779,73,0.6973684210526316,0.6474358974358974,0.6349527665317138,0.6366396761133604,0.6902834008097165,0.6613360323886639,0.02696473123765834
1.6497483730316163,0.023838575627127483,0.05924382209777832,0.0027202894995050713,30,sqrt,9,15,586,"{'max_depth': 30, 'max_features': 'sqrt', 'min_samples_leaf': 9, 'min_samples_split': 15, 'n_estimators': 586}",0.5,0.5888888888888889,0.6222222222222222,0.5888888888888889,0.6777777777777778,0.5955555555555556,0.05777777777777779,73,0.6973684210526316,0.6734143049932524,0.6349527665317138,0.6497975708502024,0.6902834008097165,0.6691632928475033,0.02368565228549402
0.5469337463378906,0.02484171073356906,0.021741485595703124,0.0021301522465217975,25,sqrt,9,13,186,"{'max_depth': 25, 'max_features': 'sqrt', 'min_samples_leaf': 9, 'min_samples_split': 13, 'n_estimators': 186}",0.5,0.5888888888888889,0.6222222222222222,0.5888888888888889,0.6777777777777778,0.5955555555555556,0.05777777777777779,73,0.6973684210526316,0.6474358974358974,0.6349527665317138,0.6366396761133604,0.6902834008097165,0.6613360323886639,0.02696473123765834
0.5349698066711426,0.009000535795177513,0.021942567825317384,0.0010955402500654721,30,sqrt,9,15,186,"{'max_depth': 30, 'max_features': 'sqrt', 'min_samples_leaf': 9, 'min_samples_split': 15, 'n_estimators': 186}",0.5,0.5888888888888889,0.6222222222222222,0.5888888888888889,0.6777777777777778,0.5955555555555556,0.05777777777777779,73,0.6973684210526316,0.6474358974358974,0.6349527665317138,0.6366396761133604,0.6902834008097165,0.6613360323886639,0.02696473123765834
0.5499797821044922,0.04035664280451833,0.02755293846130371,0.013156219647034626,30,sqrt,9,13,186,"{'max_depth': 30, 'max_features': 'sqrt', 'min_samples_leaf': 9, 'min_samples_split': 13, 'n_estimators': 186}",0.5,0.5888888888888889,0.6222222222222222,0.5888888888888889,0.6777777777777778,0.5955555555555556,0.05777777777777779,73,0.6973684210526316,0.6474358974358974,0.6349527665317138,0.6366396761133604,0.6902834008097165,0.6613360323886639,0.02696473123765834
1.7484488487243652,0.053681924687855015,0.08317785263061524,0.04139840469185282,30,sqrt,9,11,586,"{'max_depth': 30, 'max_features': 'sqrt', 'min_samples_leaf': 9, 'min_samples_split': 11, 'n_estimators': 586}",0.5,0.5888888888888889,0.6222222222222222,0.5888888888888889,0.6777777777777778,0.5955555555555556,0.05777777777777779,73,0.6973684210526316,0.6734143049932524,0.6349527665317138,0.6497975708502024,0.6902834008097165,0.6691632928475033,0.02368565228549402
1.6575703144073486,0.034162365528765275,0.0614323616027832,0.004117031229361848,30,sqrt,9,13,586,"{'max_depth': 30, 'max_features': 'sqrt', 'min_samples_leaf': 9, 'min_samples_split': 13, 'n_estimators': 586}",0.5,0.5888888888888889,0.6222222222222222,0.5888888888888889,0.6777777777777778,0.5955555555555556,0.05777777777777779,73,0.6973684210526316,0.6734143049932524,0.6349527665317138,0.6497975708502024,0.6902834008097165,0.6691632928475033,0.02368565228549402
0.5321842193603515,0.01113052590420033,0.022453880310058592,0.00247551783877105,,sqrt,9,11,186,"{'max_depth': None, 'max_features': 'sqrt', 'min_samples_leaf': 9, 'min_samples_split': 11, 'n_estimators': 186}",0.5,0.5888888888888889,0.6222222222222222,0.5888888888888889,0.6777777777777778,0.5955555555555556,0.05777777777777779,73,0.6973684210526316,0.6474358974358974,0.6349527665317138,0.6366396761133604,0.6902834008097165,0.6613360323886639,0.02696473123765834
0.5291841506958008,0.007125934103509812,0.020943641662597656,0.0006311285202580956,30,sqrt,9,11,186,"{'max_depth': 30, 'max_features': 'sqrt', 'min_samples_leaf': 9, 'min_samples_split': 11, 'n_estimators': 186}",0.5,0.5888888888888889,0.6222222222222222,0.5888888888888889,0.6777777777777778,0.5955555555555556,0.05777777777777779,73,0.6973684210526316,0.6474358974358974,0.6349527665317138,0.6366396761133604,0.6902834008097165,0.6613360323886639,0.02696473123765834
0.5214060306549072,0.006351202718194442,0.021940135955810548,0.0020927603264483535,,log2,8,13,186,"{'max_depth': None, 'max_features': 'log2', 'min_samples_leaf': 8, 'min_samples_split': 13, 'n_estimators': 186}",0.5,0.5388888888888889,0.6777777777777778,0.5888888888888889,0.6222222222222222,0.5855555555555555,0.06222222222222224,145,0.6973684210526316,0.6605937921727395,0.6346153846153846,0.6497975708502024,0.728744939271255,0.6742240215924428,0.03423294455342642
0.5301805973052979,0.012402895074293506,0.021942615509033203,0.0008934595187716938,35,sqrt,8,15,186,"{'max_depth': 35, 'max_features': 'sqrt', 'min_samples_leaf': 8, 'min_samples_split': 15, 'n_estimators': 186}",0.5,0.5388888888888889,0.6777777777777778,0.5888888888888889,0.6222222222222222,0.5855555555555555,0.06222222222222224,145,0.6973684210526316,0.6605937921727395,0.6346153846153846,0.6497975708502024,0.728744939271255,0.6742240215924428,0.03423294455342642
0.5220312595367431,0.00707291761990789,0.022112321853637696,0.0017175370845939231,25,,8,13,186,"{'max_depth': 25, 'max_features': None, 'min_samples_leaf': 8, 'min_samples_split': 13, 'n_estimators': 186}",0.5,0.5388888888888889,0.6777777777777778,0.5888888888888889,0.6222222222222222,0.5855555555555555,0.06222222222222224,145,0.6973684210526316,0.6605937921727395,0.6346153846153846,0.6497975708502024,0.728744939271255,0.6742240215924428,0.03423294455342642
0.5361664295196533,0.011382229427335097,0.021341657638549803,0.00048747141277448013,35,,8,11,186,"{'max_depth': 35, 'max_features': None, 'min_samples_leaf': 8, 'min_samples_split': 11, 'n_estimators': 186}",0.5,0.5388888888888889,0.6777777777777778,0.5888888888888889,0.6222222222222222,0.5855555555555555,0.06222222222222224,145,0.6973684210526316,0.6605937921727395,0.6346153846153846,0.6497975708502024,0.728744939271255,0.6742240215924428,0.03423294455342642
0.5616973876953125,0.03511070485442496,0.020546340942382814,0.001017787290411776,25,sqrt,8,13,186,"{'max_depth': 25, 'max_features': 'sqrt', 'min_samples_leaf': 8, 'min_samples_split': 13, 'n_estimators': 186}",0.5,0.5388888888888889,0.6777777777777778,0.5888888888888889,0.6222222222222222,0.5855555555555555,0.06222222222222224,145,0.6973684210526316,0.6605937921727395,0.6346153846153846,0.6497975708502024,0.728744939271255,0.6742240215924428,0.03423294455342642
0.5319774627685547,0.007425384922229236,0.023137950897216798,0.0015954497789765496,25,log2,8,11,186,"{'max_depth': 25, 'max_features': 'log2', 'min_samples_leaf': 8, 'min_samples_split': 11, 'n_estimators': 186}",0.5,0.5388888888888889,0.6777777777777778,0.5888888888888889,0.6222222222222222,0.5855555555555555,0.06222222222222224,145,0.6973684210526316,0.6605937921727395,0.6346153846153846,0.6497975708502024,0.728744939271255,0.6742240215924428,0.03423294455342642
0.524796438217163,0.010842140084262984,0.02054452896118164,0.0004885224728110513,35,,8,15,186,"{'max_depth': 35, 'max_features': None, 'min_samples_leaf': 8, 'min_samples_split': 15, 'n_estimators': 186}",0.5,0.5388888888888889,0.6777777777777778,0.5888888888888889,0.6222222222222222,0.5855555555555555,0.06222222222222224,145,0.6973684210526316,0.6605937921727395,0.6346153846153846,0.6497975708502024,0.728744939271255,0.6742240215924428,0.03423294455342642
0.5343695640563965,0.018284122258912575,0.02293820381164551,0.0019941583560660935,,,8,13,186,"{'max_depth': None, 'max_features': None, 'min_samples_leaf': 8, 'min_samples_split': 13, 'n_estimators': 186}",0.5,0.5388888888888889,0.6777777777777778,0.5888888888888889,0.6222222222222222,0.5855555555555555,0.06222222222222224,145,0.6973684210526316,0.6605937921727395,0.6346153846153846,0.6497975708502024,0.728744939271255,0.6742240215924428,0.03423294455342642
0.527396297454834,0.009138024025354288,0.020935964584350587,0.0009012650096165162,,,8,15,186,"{'max_depth': None, 'max_features': None, 'min_samples_leaf': 8, 'min_samples_split': 15, 'n_estimators': 186}",0.5,0.5388888888888889,0.6777777777777778,0.5888888888888889,0.6222222222222222,0.5855555555555555,0.06222222222222224,145,0.6973684210526316,0.6605937921727395,0.6346153846153846,0.6497975708502024,0.728744939271255,0.6742240215924428,0.03423294455342642
0.528584098815918,0.006792529138255907,0.022939062118530272,0.0008918567176869535,,,8,11,186,"{'max_depth': None, 'max_features': None, 'min_samples_leaf': 8, 'min_samples_split': 11, 'n_estimators': 186}",0.5,0.5388888888888889,0.6777777777777778,0.5888888888888889,0.6222222222222222,0.5855555555555555,0.06222222222222224,145,0.6973684210526316,0.6605937921727395,0.6346153846153846,0.6497975708502024,0.728744939271255,0.6742240215924428,0.03423294455342642
0.5230943202972412,0.0038511177381162177,0.02106366157531738,0.0031294016084414383,,sqrt,8,15,186,"{'max_depth': None, 'max_features': 'sqrt', 'min_samples_leaf': 8, 'min_samples_split': 15, 'n_estimators': 186}",0.5,0.5388888888888889,0.6777777777777778,0.5888888888888889,0.6222222222222222,0.5855555555555555,0.06222222222222224,145,0.6973684210526316,0.6605937921727395,0.6346153846153846,0.6497975708502024,0.728744939271255,0.6742240215924428,0.03423294455342642
0.5222572326660156,0.003631482724371993,0.021941280364990233,0.00109292814439003,35,log2,8,11,186,"{'max_depth': 35, 'max_features': 'log2', 'min_samples_leaf': 8, 'min_samples_split': 11, 'n_estimators': 186}",0.5,0.5388888888888889,0.6777777777777778,0.5888888888888889,0.6222222222222222,0.5855555555555555,0.06222222222222224,145,0.6973684210526316,0.6605937921727395,0.6346153846153846,0.6497975708502024,0.728744939271255,0.6742240215924428,0.03423294455342642
0.525223684310913,0.006332755377432519,0.02048797607421875,0.000743231157104251,,sqrt,8,13,186,"{'max_depth': None, 'max_features': 'sqrt', 'min_samples_leaf': 8, 'min_samples_split': 13, 'n_estimators': 186}",0.5,0.5388888888888889,0.6777777777777778,0.5888888888888889,0.6222222222222222,0.5855555555555555,0.06222222222222224,145,0.6973684210526316,0.6605937921727395,0.6346153846153846,0.6497975708502024,0.728744939271255,0.6742240215924428,0.03423294455342642
0.5269904613494873,0.010084067421286562,0.023537111282348634,0.002053715555405759,,sqrt,8,11,186,"{'max_depth': None, 'max_features': 'sqrt', 'min_samples_leaf': 8, 'min_samples_split': 11, 'n_estimators': 186}",0.5,0.5388888888888889,0.6777777777777778,0.5888888888888889,0.6222222222222222,0.5855555555555555,0.06222222222222224,145,0.6973684210526316,0.6605937921727395,0.6346153846153846,0.6497975708502024,0.728744939271255,0.6742240215924428,0.03423294455342642
0.5204076290130615,0.010636396871323749,0.02134232521057129,0.0010167754422592242,35,log2,8,13,186,"{'max_depth': 35, 'max_features': 'log2', 'min_samples_leaf': 8, 'min_samples_split': 13, 'n_estimators': 186}",0.5,0.5388888888888889,0.6777777777777778,0.5888888888888889,0.6222222222222222,0.5855555555555555,0.06222222222222224,145,0.6973684210526316,0.6605937921727395,0.6346153846153846,0.6497975708502024,0.728744939271255,0.6742240215924428,0.03423294455342642
0.5257958889007568,0.006477285002192312,0.021540403366088867,0.001739998437326771,35,,8,13,186,"{'max_depth': 35, 'max_features': None, 'min_samples_leaf': 8, 'min_samples_split': 13, 'n_estimators': 186}",0.5,0.5388888888888889,0.6777777777777778,0.5888888888888889,0.6222222222222222,0.5855555555555555,0.06222222222222224,145,0.6973684210526316,0.6605937921727395,0.6346153846153846,0.6497975708502024,0.728744939271255,0.6742240215924428,0.03423294455342642
0.5410295486450195,0.018041648568542068,0.02613797187805176,0.009836415622565807,35,log2,8,15,186,"{'max_depth': 35, 'max_features': 'log2', 'min_samples_leaf': 8, 'min_samples_split': 15, 'n_estimators': 186}",0.5,0.5388888888888889,0.6777777777777778,0.5888888888888889,0.6222222222222222,0.5855555555555555,0.06222222222222224,145,0.6973684210526316,0.6605937921727395,0.6346153846153846,0.6497975708502024,0.728744939271255,0.6742240215924428,0.03423294455342642
0.5327751159667968,0.012040828523960627,0.021343326568603514,0.0010166639514791159,25,sqrt,8,15,186,"{'max_depth': 25, 'max_features': 'sqrt', 'min_samples_leaf': 8, 'min_samples_split': 15, 'n_estimators': 186}",0.5,0.5388888888888889,0.6777777777777778,0.5888888888888889,0.6222222222222222,0.5855555555555555,0.06222222222222224,145,0.6973684210526316,0.6605937921727395,0.6346153846153846,0.6497975708502024,0.728744939271255,0.6742240215924428,0.03423294455342642
0.5255938053131104,0.005883286107490993,0.022143077850341798,0.0017193433888051922,,log2,8,15,186,"{'max_depth': None, 'max_features': 'log2', 'min_samples_leaf': 8, 'min_samples_split': 15, 'n_estimators': 186}",0.5,0.5388888888888889,0.6777777777777778,0.5888888888888889,0.6222222222222222,0.5855555555555555,0.06222222222222224,145,0.6973684210526316,0.6605937921727395,0.6346153846153846,0.6497975708502024,0.728744939271255,0.6742240215924428,0.03423294455342642
0.5353657245635987,0.015547032446204562,0.02114391326904297,0.0011633990503970464,,log2,8,11,186,"{'max_depth': None, 'max_features': 'log2', 'min_samples_leaf': 8, 'min_samples_split': 11, 'n_estimators': 186}",0.5,0.5388888888888889,0.6777777777777778,0.5888888888888889,0.6222222222222222,0.5855555555555555,0.06222222222222224,145,0.6973684210526316,0.6605937921727395,0.6346153846153846,0.6497975708502024,0.728744939271255,0.6742240215924428,0.03423294455342642
0.523598575592041,0.011440629776784261,0.023536825180053712,0.0026468070643382823,35,sqrt,8,13,186,"{'max_depth': 35, 'max_features': 'sqrt', 'min_samples_leaf': 8, 'min_samples_split': 13, 'n_estimators': 186}",0.5,0.5388888888888889,0.6777777777777778,0.5888888888888889,0.6222222222222222,0.5855555555555555,0.06222222222222224,145,0.6973684210526316,0.6605937921727395,0.6346153846153846,0.6497975708502024,0.728744939271255,0.6742240215924428,0.03423294455342642
0.5331746578216553,0.013712728678937785,0.0225400447845459,0.0016207515676841286,25,sqrt,8,11,186,"{'max_depth': 25, 'max_features': 'sqrt', 'min_samples_leaf': 8, 'min_samples_split': 11, 'n_estimators': 186}",0.5,0.5388888888888889,0.6777777777777778,0.5888888888888889,0.6222222222222222,0.5855555555555555,0.06222222222222224,145,0.6973684210526316,0.6605937921727395,0.6346153846153846,0.6497975708502024,0.728744939271255,0.6742240215924428,0.03423294455342642
0.5387598037719726,0.011790951714485999,0.024932432174682616,0.005948223681440601,30,sqrt,8,13,186,"{'max_depth': 30, 'max_features': 'sqrt', 'min_samples_leaf': 8, 'min_samples_split': 13, 'n_estimators': 186}",0.5,0.5388888888888889,0.6777777777777778,0.5888888888888889,0.6222222222222222,0.5855555555555555,0.06222222222222224,145,0.6973684210526316,0.6605937921727395,0.6346153846153846,0.6497975708502024,0.728744939271255,0.6742240215924428,0.03423294455342642
0.5336421489715576,0.012203384846285264,0.023337411880493163,0.0018508307754937089,30,log2,8,11,186,"{'max_depth': 30, 'max_features': 'log2', 'min_samples_leaf': 8, 'min_samples_split': 11, 'n_estimators': 186}",0.5,0.5388888888888889,0.6777777777777778,0.5888888888888889,0.6222222222222222,0.5855555555555555,0.06222222222222224,145,0.6973684210526316,0.6605937921727395,0.6346153846153846,0.6497975708502024,0.728744939271255,0.6742240215924428,0.03423294455342642
0.5286699295043945,0.00998135317048459,0.022341060638427734,0.001851447721246451,30,sqrt,8,15,186,"{'max_depth': 30, 'max_features': 'sqrt', 'min_samples_leaf': 8, 'min_samples_split': 15, 'n_estimators': 186}",0.5,0.5388888888888889,0.6777777777777778,0.5888888888888889,0.6222222222222222,0.5855555555555555,0.06222222222222224,145,0.6973684210526316,0.6605937921727395,0.6346153846153846,0.6497975708502024,0.728744939271255,0.6742240215924428,0.03423294455342642
0.5210052967071533,0.0044884206194270165,0.023536491394042968,0.0013521709003874137,30,,8,15,186,"{'max_depth': 30, 'max_features': None, 'min_samples_leaf': 8, 'min_samples_split': 15, 'n_estimators': 186}",0.5,0.5388888888888889,0.6777777777777778,0.5888888888888889,0.6222222222222222,0.5855555555555555,0.06222222222222224,145,0.6973684210526316,0.6605937921727395,0.6346153846153846,0.6497975708502024,0.728744939271255,0.6742240215924428,0.03423294455342642
0.5176153659820557,0.004966816136997302,0.021143484115600585,0.0011633093540683868,25,,8,11,186,"{'max_depth': 25, 'max_features': None, 'min_samples_leaf': 8, 'min_samples_split': 11, 'n_estimators': 186}",0.5,0.5388888888888889,0.6777777777777778,0.5888888888888889,0.6222222222222222,0.5855555555555555,0.06222222222222224,145,0.6973684210526316,0.6605937921727395,0.6346153846153846,0.6497975708502024,0.728744939271255,0.6742240215924428,0.03423294455342642
0.528785514831543,0.014250173243956957,0.024534320831298827,0.0023262828887340888,30,log2,8,13,186,"{'max_depth': 30, 'max_features': 'log2', 'min_samples_leaf': 8, 'min_samples_split': 13, 'n_estimators': 186}",0.5,0.5388888888888889,0.6777777777777778,0.5888888888888889,0.6222222222222222,0.5855555555555555,0.06222222222222224,145,0.6973684210526316,0.6605937921727395,0.6346153846153846,0.6497975708502024,0.728744939271255,0.6742240215924428,0.03423294455342642
0.5401899814605713,0.01622016233633848,0.02180767059326172,0.0011467732806439534,25,log2,8,13,186,"{'max_depth': 25, 'max_features': 'log2', 'min_samples_leaf': 8, 'min_samples_split': 13, 'n_estimators': 186}",0.5,0.5388888888888889,0.6777777777777778,0.5888888888888889,0.6222222222222222,0.5855555555555555,0.06222222222222224,145,0.6973684210526316,0.6605937921727395,0.6346153846153846,0.6497975708502024,0.728744939271255,0.6742240215924428,0.03423294455342642
0.5214049816131592,0.014389097084459696,0.02313847541809082,0.002129611407695152,30,,8,13,186,"{'max_depth': 30, 'max_features': None, 'min_samples_leaf': 8, 'min_samples_split': 13, 'n_estimators': 186}",0.5,0.5388888888888889,0.6777777777777778,0.5888888888888889,0.6222222222222222,0.5855555555555555,0.06222222222222224,145,0.6973684210526316,0.6605937921727395,0.6346153846153846,0.6497975708502024,0.728744939271255,0.6742240215924428,0.03423294455342642
0.5304103851318359,0.005733993190379615,0.021144628524780273,0.0009852526782839612,30,sqrt,8,11,186,"{'max_depth': 30, 'max_features': 'sqrt', 'min_samples_leaf': 8, 'min_samples_split': 11, 'n_estimators': 186}",0.5,0.5388888888888889,0.6777777777777778,0.5888888888888889,0.6222222222222222,0.5855555555555555,0.06222222222222224,145,0.6973684210526316,0.6605937921727395,0.6346153846153846,0.6497975708502024,0.728744939271255,0.6742240215924428,0.03423294455342642
0.5271354198455811,0.011633715293522891,0.02194323539733887,0.00166924000041778,25,log2,8,15,186,"{'max_depth': 25, 'max_features': 'log2', 'min_samples_leaf': 8, 'min_samples_split': 15, 'n_estimators': 186}",0.5,0.5388888888888889,0.6777777777777778,0.5888888888888889,0.6222222222222222,0.5855555555555555,0.06222222222222224,145,0.6973684210526316,0.6605937921727395,0.6346153846153846,0.6497975708502024,0.728744939271255,0.6742240215924428,0.03423294455342642
0.5206073760986328,0.007107433543741587,0.021143054962158202,0.000976921803343234,30,log2,8,15,186,"{'max_depth': 30, 'max_features': 'log2', 'min_samples_leaf': 8, 'min_samples_split': 15, 'n_estimators': 186}",0.5,0.5388888888888889,0.6777777777777778,0.5888888888888889,0.6222222222222222,0.5855555555555555,0.06222222222222224,145,0.6973684210526316,0.6605937921727395,0.6346153846153846,0.6497975708502024,0.728744939271255,0.6742240215924428,0.03423294455342642
0.5300264358520508,0.013046349113348482,0.020745563507080077,0.0011652066735085979,35,sqrt,8,11,186,"{'max_depth': 35, 'max_features': 'sqrt', 'min_samples_leaf': 8, 'min_samples_split': 11, 'n_estimators': 186}",0.5,0.5388888888888889,0.6777777777777778,0.5888888888888889,0.6222222222222222,0.5855555555555555,0.06222222222222224,145,0.6973684210526316,0.6605937921727395,0.6346153846153846,0.6497975708502024,0.728744939271255,0.6742240215924428,0.03423294455342642
0.5267908573150635,0.008588336828643326,0.022339916229248045,0.0022391479117036092,25,,8,15,186,"{'max_depth': 25, 'max_features': None, 'min_samples_leaf': 8, 'min_samples_split': 15, 'n_estimators': 186}",0.5,0.5388888888888889,0.6777777777777778,0.5888888888888889,0.6222222222222222,0.5855555555555555,0.06222222222222224,145,0.6973684210526316,0.6605937921727395,0.6346153846153846,0.6497975708502024,0.728744939271255,0.6742240215924428,0.03423294455342642
0.5323778629302979,0.013086802741479938,0.022538042068481444,0.0016189973926375445,30,,8,11,186,"{'max_depth': 30, 'max_features': None, 'min_samples_leaf': 8, 'min_samples_split': 11, 'n_estimators': 186}",0.5,0.5388888888888889,0.6777777777777778,0.5888888888888889,0.6222222222222222,0.5855555555555555,0.06222222222222224,145,0.6973684210526316,0.6605937921727395,0.6346153846153846,0.6497975708502024,0.728744939271255,0.6742240215924428,0.03423294455342642
1.098462200164795,0.015789562669844853,0.04328489303588867,0.0020545121471364663,30,sqrt,8,15,386,"{'max_depth': 30, 'max_features': 'sqrt', 'min_samples_leaf': 8, 'min_samples_split': 15, 'n_estimators': 386}",0.5,0.5388888888888889,0.6277777777777778,0.5888888888888889,0.6222222222222222,0.5755555555555556,0.049266220616434146,181,0.6973684210526316,0.6734143049932524,0.6346153846153846,0.6497975708502024,0.728744939271255,0.6767881241565453,0.03359009330481508
1.0890809535980224,0.01618767776154095,0.03974628448486328,0.004292973028232768,,sqrt,8,13,386,"{'max_depth': None, 'max_features': 'sqrt', 'min_samples_leaf': 8, 'min_samples_split': 13, 'n_estimators': 386}",0.5,0.5388888888888889,0.6277777777777778,0.5888888888888889,0.6222222222222222,0.5755555555555556,0.049266220616434146,181,0.6973684210526316,0.6734143049932524,0.6346153846153846,0.6497975708502024,0.728744939271255,0.6767881241565453,0.03359009330481508
1.6897985458374023,0.02293331409080341,0.059281206130981444,0.004477331997221113,,sqrt,8,13,586,"{'max_depth': None, 'max_features': 'sqrt', 'min_samples_leaf': 8, 'min_samples_split': 13, 'n_estimators': 586}",0.5,0.5388888888888889,0.6277777777777778,0.5888888888888889,0.6222222222222222,0.5755555555555556,0.049266220616434146,181,0.6973684210526316,0.6734143049932524,0.6346153846153846,0.6497975708502024,0.7159244264507423,0.6742240215924428,0.02980180615913526
1.646237277984619,0.031129614753801937,0.06373600959777832,0.0051998306012235145,,sqrt,8,11,586,"{'max_depth': None, 'max_features': 'sqrt', 'min_samples_leaf': 8, 'min_samples_split': 11, 'n_estimators': 586}",0.5,0.5388888888888889,0.6277777777777778,0.5888888888888889,0.6222222222222222,0.5755555555555556,0.049266220616434146,181,0.6973684210526316,0.6734143049932524,0.6346153846153846,0.6497975708502024,0.7159244264507423,0.6742240215924428,0.02980180615913526
1.1028505325317384,0.023646540256721253,0.03989405632019043,0.004038059310528175,,sqrt,8,11,386,"{'max_depth': None, 'max_features': 'sqrt', 'min_samples_leaf': 8, 'min_samples_split': 11, 'n_estimators': 386}",0.5,0.5388888888888889,0.6277777777777778,0.5888888888888889,0.6222222222222222,0.5755555555555556,0.049266220616434146,181,0.6973684210526316,0.6734143049932524,0.6346153846153846,0.6497975708502024,0.728744939271255,0.6767881241565453,0.03359009330481508
1.0981620788574218,0.011822975461974484,0.04308462142944336,0.0022213519124851208,30,log2,8,11,386,"{'max_depth': 30, 'max_features': 'log2', 'min_samples_leaf': 8, 'min_samples_split': 11, 'n_estimators': 386}",0.5,0.5388888888888889,0.6277777777777778,0.5888888888888889,0.6222222222222222,0.5755555555555556,0.049266220616434146,181,0.6973684210526316,0.6734143049932524,0.6346153846153846,0.6497975708502024,0.728744939271255,0.6767881241565453,0.03359009330481508
1.0833038806915283,0.012667709245076387,0.039892053604125975,0.0021860750494065453,,,8,11,386,"{'max_depth': None, 'max_features': None, 'min_samples_leaf': 8, 'min_samples_split': 11, 'n_estimators': 386}",0.5,0.5388888888888889,0.6277777777777778,0.5888888888888889,0.6222222222222222,0.5755555555555556,0.049266220616434146,181,0.6973684210526316,0.6734143049932524,0.6346153846153846,0.6497975708502024,0.728744939271255,0.6767881241565453,0.03359009330481508
1.6575724601745605,0.04115013494161014,0.059441328048706055,0.003313456604383219,30,log2,8,11,586,"{'max_depth': 30, 'max_features': 'log2', 'min_samples_leaf': 8, 'min_samples_split': 11, 'n_estimators': 586}",0.5,0.5388888888888889,0.6277777777777778,0.5888888888888889,0.6222222222222222,0.5755555555555556,0.049266220616434146,181,0.6973684210526316,0.6734143049932524,0.6346153846153846,0.6497975708502024,0.7159244264507423,0.6742240215924428,0.02980180615913526
1.085097074508667,0.01646021442725843,0.043283700942993164,0.003490047529573105,30,log2,8,13,386,"{'max_depth': 30, 'max_features': 'log2', 'min_samples_leaf': 8, 'min_samples_split': 13, 'n_estimators': 386}",0.5,0.5388888888888889,0.6277777777777778,0.5888888888888889,0.6222222222222222,0.5755555555555556,0.049266220616434146,181,0.6973684210526316,0.6734143049932524,0.6346153846153846,0.6497975708502024,0.728744939271255,0.6767881241565453,0.03359009330481508
1.6671483516693115,0.02806950727822918,0.06043829917907715,0.003432094435335606,35,sqrt,8,11,586,"{'max_depth': 35, 'max_features': 'sqrt', 'min_samples_leaf': 8, 'min_samples_split': 11, 'n_estimators': 586}",0.5,0.5388888888888889,0.6277777777777778,0.5888888888888889,0.6222222222222222,0.5755555555555556,0.049266220616434146,181,0.6973684210526316,0.6734143049932524,0.6346153846153846,0.6497975708502024,0.7159244264507423,0.6742240215924428,0.02980180615913526
1.0918822288513184,0.02141944064996652,0.04168624877929687,0.002985569566823496,30,log2,8,15,386,"{'max_depth': 30, 'max_features': 'log2', 'min_samples_leaf': 8, 'min_samples_split': 15, 'n_estimators': 386}",0.5,0.5388888888888889,0.6277777777777778,0.5888888888888889,0.6222222222222222,0.5755555555555556,0.049266220616434146,181,0.6973684210526316,0.6734143049932524,0.6346153846153846,0.6497975708502024,0.728744939271255,0.6767881241565453,0.03359009330481508
1.6562397956848145,0.019059024058918784,0.0633453369140625,0.007626098206220386,30,log2,8,15,586,"{'max_depth': 30, 'max_features': 'log2', 'min_samples_leaf': 8, 'min_samples_split': 15, 'n_estimators': 586}",0.5,0.5388888888888889,0.6277777777777778,0.5888888888888889,0.6222222222222222,0.5755555555555556,0.049266220616434146,181,0.6973684210526316,0.6734143049932524,0.6346153846153846,0.6497975708502024,0.7159244264507423,0.6742240215924428,0.02980180615913526
1.6523824214935303,0.026306828141365455,0.059838724136352536,0.0027498303326541893,35,,8,15,586,"{'max_depth': 35, 'max_features': None, 'min_samples_leaf': 8, 'min_samples_split': 15, 'n_estimators': 586}",0.5,0.5388888888888889,0.6277777777777778,0.5888888888888889,0.6222222222222222,0.5755555555555556,0.049266220616434146,181,0.6973684210526316,0.6734143049932524,0.6346153846153846,0.6497975708502024,0.7159244264507423,0.6742240215924428,0.02980180615913526
1.6595616340637207,0.035373059268867205,0.06223330497741699,0.005767919840993357,30,sqrt,8,15,586,"{'max_depth': 30, 'max_features': 'sqrt', 'min_samples_leaf': 8, 'min_samples_split': 15, 'n_estimators': 586}",0.5,0.5388888888888889,0.6277777777777778,0.5888888888888889,0.6222222222222222,0.5755555555555556,0.049266220616434146,181,0.6973684210526316,0.6734143049932524,0.6346153846153846,0.6497975708502024,0.7159244264507423,0.6742240215924428,0.02980180615913526
1.0988306045532226,0.017253579988191582,0.0401766300201416,0.002528903461191537,,sqrt,8,15,386,"{'max_depth': None, 'max_features': 'sqrt', 'min_samples_leaf': 8, 'min_samples_split': 15, 'n_estimators': 386}",0.5,0.5388888888888889,0.6277777777777778,0.5888888888888889,0.6222222222222222,0.5755555555555556,0.049266220616434146,181,0.6973684210526316,0.6734143049932524,0.6346153846153846,0.6497975708502024,0.728744939271255,0.6767881241565453,0.03359009330481508
1.092279815673828,0.01719606515392608,0.042685651779174806,0.0020334879226817353,35,sqrt,8,13,386,"{'max_depth': 35, 'max_features': 'sqrt', 'min_samples_leaf': 8, 'min_samples_split': 13, 'n_estimators': 386}",0.5,0.5388888888888889,0.6277777777777778,0.5888888888888889,0.6222222222222222,0.5755555555555556,0.049266220616434146,181,0.6973684210526316,0.6734143049932524,0.6346153846153846,0.6497975708502024,0.728744939271255,0.6767881241565453,0.03359009330481508
1.6539166927337647,0.024529705194107163,0.06003937721252441,0.0025557847985087853,30,sqrt,8,13,586,"{'max_depth': 30, 'max_features': 'sqrt', 'min_samples_leaf': 8, 'min_samples_split': 13, 'n_estimators': 586}",0.5,0.5388888888888889,0.6277777777777778,0.5888888888888889,0.6222222222222222,0.5755555555555556,0.049266220616434146,181,0.6973684210526316,0.6734143049932524,0.6346153846153846,0.6497975708502024,0.7159244264507423,0.6742240215924428,0.02980180615913526
1.2171469688415528,0.05145385945024608,0.047272014617919925,0.005969156057279903,25,sqrt,8,11,386,"{'max_depth': 25, 'max_features': 'sqrt', 'min_samples_leaf': 8, 'min_samples_split': 11, 'n_estimators': 386}",0.5,0.5388888888888889,0.6277777777777778,0.5888888888888889,0.6222222222222222,0.5755555555555556,0.049266220616434146,181,0.6973684210526316,0.6734143049932524,0.6346153846153846,0.6497975708502024,0.728744939271255,0.6767881241565453,0.03359009330481508
1.6649499416351319,0.023455485192323787,0.06203279495239258,0.0028500455411296474,25,,8,13,586,"{'max_depth': 25, 'max_features': None, 'min_samples_leaf': 8, 'min_samples_split': 13, 'n_estimators': 586}",0.5,0.5388888888888889,0.6277777777777778,0.5888888888888889,0.6222222222222222,0.5755555555555556,0.049266220616434146,181,0.6973684210526316,0.6734143049932524,0.6346153846153846,0.6497975708502024,0.7159244264507423,0.6742240215924428,0.02980180615913526
1.8324990272521973,0.04456011287269489,0.05924139022827148,0.0037105169013060247,25,sqrt,8,11,586,"{'max_depth': 25, 'max_features': 'sqrt', 'min_samples_leaf': 8, 'min_samples_split': 11, 'n_estimators': 586}",0.5,0.5388888888888889,0.6277777777777778,0.5888888888888889,0.6222222222222222,0.5755555555555556,0.049266220616434146,181,0.6973684210526316,0.6734143049932524,0.6346153846153846,0.6497975708502024,0.7159244264507423,0.6742240215924428,0.02980180615913526
1.1014541625976562,0.015443457744874056,0.04248499870300293,0.002862596885555058,25,,8,15,386,"{'max_depth': 25, 'max_features': None, 'min_samples_leaf': 8, 'min_samples_split': 15, 'n_estimators': 386}",0.5,0.5388888888888889,0.6277777777777778,0.5888888888888889,0.6222222222222222,0.5755555555555556,0.049266220616434146,181,0.6973684210526316,0.6734143049932524,0.6346153846153846,0.6497975708502024,0.728744939271255,0.6767881241565453,0.03359009330481508
1.720427656173706,0.022586583794267492,0.06486945152282715,0.005754089527359629,25,,8,15,586,"{'max_depth': 25, 'max_features': None, 'min_samples_leaf': 8, 'min_samples_split': 15, 'n_estimators': 586}",0.5,0.5388888888888889,0.6277777777777778,0.5888888888888889,0.6222222222222222,0.5755555555555556,0.049266220616434146,181,0.6973684210526316,0.6734143049932524,0.6346153846153846,0.6497975708502024,0.7159244264507423,0.6742240215924428,0.02980180615913526
1.6514920234680175,0.04018738544283856,0.061434602737426756,0.003254078077828941,25,,8,11,586,"{'max_depth': 25, 'max_features': None, 'min_samples_leaf': 8, 'min_samples_split': 11, 'n_estimators': 586}",0.5,0.5388888888888889,0.6277777777777778,0.5888888888888889,0.6222222222222222,0.5755555555555556,0.049266220616434146,181,0.6973684210526316,0.6734143049932524,0.6346153846153846,0.6497975708502024,0.7159244264507423,0.6742240215924428,0.02980180615913526
1.0743700027465821,0.023841302670021627,0.0396939754486084,0.001163055707026955,25,,8,11,386,"{'max_depth': 25, 'max_features': None, 'min_samples_leaf': 8, 'min_samples_split': 11, 'n_estimators': 386}",0.5,0.5388888888888889,0.6277777777777778,0.5888888888888889,0.6222222222222222,0.5755555555555556,0.049266220616434146,181,0.6973684210526316,0.6734143049932524,0.6346153846153846,0.6497975708502024,0.728744939271255,0.6767881241565453,0.03359009330481508
1.0675463676452637,0.014254566538793655,0.0380976676940918,0.002032906234630454,25,sqrt,8,13,386,"{'max_depth': 25, 'max_features': 'sqrt', 'min_samples_leaf': 8, 'min_samples_split': 13, 'n_estimators': 386}",0.5,0.5388888888888889,0.6277777777777778,0.5888888888888889,0.6222222222222222,0.5755555555555556,0.049266220616434146,181,0.6973684210526316,0.6734143049932524,0.6346153846153846,0.6497975708502024,0.728744939271255,0.6767881241565453,0.03359009330481508
1.6376201152801513,0.02667948433919398,0.0624333381652832,0.0031282135097330265,,log2,8,15,586,"{'max_depth': None, 'max_features': 'log2', 'min_samples_leaf': 8, 'min_samples_split': 15, 'n_estimators': 586}",0.5,0.5388888888888889,0.6277777777777778,0.5888888888888889,0.6222222222222222,0.5755555555555556,0.049266220616434146,181,0.6973684210526316,0.6734143049932524,0.6346153846153846,0.6497975708502024,0.7159244264507423,0.6742240215924428,0.02980180615913526
1.1080378532409667,0.00952236393821847,0.04092698097229004,0.0019930393646694082,,log2,8,15,386,"{'max_depth': None, 'max_features': 'log2', 'min_samples_leaf': 8, 'min_samples_split': 15, 'n_estimators': 386}",0.5,0.5388888888888889,0.6277777777777778,0.5888888888888889,0.6222222222222222,0.5755555555555556,0.049266220616434146,181,0.6973684210526316,0.6734143049932524,0.6346153846153846,0.6497975708502024,0.728744939271255,0.6767881241565453,0.03359009330481508
1.6305006504058839,0.013348552235304982,0.059042167663574216,0.0035320736530092935,,log2,8,13,586,"{'max_depth': None, 'max_features': 'log2', 'min_samples_leaf': 8, 'min_samples_split': 13, 'n_estimators': 586}",0.5,0.5388888888888889,0.6277777777777778,0.5888888888888889,0.6222222222222222,0.5755555555555556,0.049266220616434146,181,0.6973684210526316,0.6734143049932524,0.6346153846153846,0.6497975708502024,0.7159244264507423,0.6742240215924428,0.02980180615913526
1.0885874271392821,0.021717413804184606,0.04049139022827149,0.0007980112161025944,,log2,8,13,386,"{'max_depth': None, 'max_features': 'log2', 'min_samples_leaf': 8, 'min_samples_split': 13, 'n_estimators': 386}",0.5,0.5388888888888889,0.6277777777777778,0.5888888888888889,0.6222222222222222,0.5755555555555556,0.049266220616434146,181,0.6973684210526316,0.6734143049932524,0.6346153846153846,0.6497975708502024,0.728744939271255,0.6767881241565453,0.03359009330481508
1.6374205589294433,0.02119792257000148,0.060239410400390624,0.00264648324751522,,log2,8,11,586,"{'max_depth': None, 'max_features': 'log2', 'min_samples_leaf': 8, 'min_samples_split': 11, 'n_estimators': 586}",0.5,0.5388888888888889,0.6277777777777778,0.5888888888888889,0.6222222222222222,0.5755555555555556,0.049266220616434146,181,0.6973684210526316,0.6734143049932524,0.6346153846153846,0.6497975708502024,0.7159244264507423,0.6742240215924428,0.02980180615913526
1.0862928867340087,0.014484992732770152,0.0396942138671875,0.0023083758418100822,,log2,8,11,386,"{'max_depth': None, 'max_features': 'log2', 'min_samples_leaf': 8, 'min_samples_split': 11, 'n_estimators': 386}",0.5,0.5388888888888889,0.6277777777777778,0.5888888888888889,0.6222222222222222,0.5755555555555556,0.049266220616434146,181,0.6973684210526316,0.6734143049932524,0.6346153846153846,0.6497975708502024,0.728744939271255,0.6767881241565453,0.03359009330481508
1.6539762496948243,0.013669193532857341,0.057247066497802736,0.0030644912814840183,25,sqrt,8,13,586,"{'max_depth': 25, 'max_features': 'sqrt', 'min_samples_leaf': 8, 'min_samples_split': 13, 'n_estimators': 586}",0.5,0.5388888888888889,0.6277777777777778,0.5888888888888889,0.6222222222222222,0.5755555555555556,0.049266220616434146,181,0.6973684210526316,0.6734143049932524,0.6346153846153846,0.6497975708502024,0.7159244264507423,0.6742240215924428,0.02980180615913526
1.0921403884887695,0.02023694683614393,0.04243011474609375,0.004775575444711982,25,sqrt,8,15,386,"{'max_depth': 25, 'max_features': 'sqrt', 'min_samples_leaf': 8, 'min_samples_split': 15, 'n_estimators': 386}",0.5,0.5388888888888889,0.6277777777777778,0.5888888888888889,0.6222222222222222,0.5755555555555556,0.049266220616434146,181,0.6973684210526316,0.6734143049932524,0.6346153846153846,0.6497975708502024,0.728744939271255,0.6767881241565453,0.03359009330481508
1.6549843311309815,0.0260439765153821,0.0618342399597168,0.005083641120135971,25,sqrt,8,15,586,"{'max_depth': 25, 'max_features': 'sqrt', 'min_samples_leaf': 8, 'min_samples_split': 15, 'n_estimators': 586}",0.5,0.5388888888888889,0.6277777777777778,0.5888888888888889,0.6222222222222222,0.5755555555555556,0.049266220616434146,181,0.6973684210526316,0.6734143049932524,0.6346153846153846,0.6497975708502024,0.7159244264507423,0.6742240215924428,0.02980180615913526
1.08848876953125,0.02446688358437161,0.04388518333435058,0.002821884413661745,30,sqrt,8,11,386,"{'max_depth': 30, 'max_features': 'sqrt', 'min_samples_leaf': 8, 'min_samples_split': 11, 'n_estimators': 386}",0.5,0.5388888888888889,0.6277777777777778,0.5888888888888889,0.6222222222222222,0.5755555555555556,0.049266220616434146,181,0.6973684210526316,0.6734143049932524,0.6346153846153846,0.6497975708502024,0.728744939271255,0.6767881241565453,0.03359009330481508
1.6840970039367675,0.03131651972703537,0.06263160705566406,0.006288163521927011,30,sqrt,8,11,586,"{'max_depth': 30, 'max_features': 'sqrt', 'min_samples_leaf': 8, 'min_samples_split': 11, 'n_estimators': 586}",0.5,0.5388888888888889,0.6277777777777778,0.5888888888888889,0.6222222222222222,0.5755555555555556,0.049266220616434146,181,0.6973684210526316,0.6734143049932524,0.6346153846153846,0.6497975708502024,0.7159244264507423,0.6742240215924428,0.02980180615913526
1.088887596130371,0.009235738022752715,0.04448118209838867,0.008238409812895284,35,,8,15,386,"{'max_depth': 35, 'max_features': None, 'min_samples_leaf': 8, 'min_samples_split': 15, 'n_estimators': 386}",0.5,0.5388888888888889,0.6277777777777778,0.5888888888888889,0.6222222222222222,0.5755555555555556,0.049266220616434146,181,0.6973684210526316,0.6734143049932524,0.6346153846153846,0.6497975708502024,0.728744939271255,0.6767881241565453,0.03359009330481508
1.0894858360290527,0.01856836377182028,0.04089221954345703,0.0018929335156244518,30,sqrt,8,13,386,"{'max_depth': 30, 'max_features': 'sqrt', 'min_samples_leaf': 8, 'min_samples_split': 13, 'n_estimators': 386}",0.5,0.5388888888888889,0.6277777777777778,0.5888888888888889,0.6222222222222222,0.5755555555555556,0.049266220616434146,181,0.6973684210526316,0.6734143049932524,0.6346153846153846,0.6497975708502024,0.728744939271255,0.6767881241565453,0.03359009330481508
1.6357395648956299,0.021748830499713514,0.05988044738769531,0.004162404023501455,,sqrt,8,15,586,"{'max_depth': None, 'max_features': 'sqrt', 'min_samples_leaf': 8, 'min_samples_split': 15, 'n_estimators': 586}",0.5,0.5388888888888889,0.6277777777777778,0.5888888888888889,0.6222222222222222,0.5755555555555556,0.049266220616434146,181,0.6973684210526316,0.6734143049932524,0.6346153846153846,0.6497975708502024,0.7159244264507423,0.6742240215924428,0.02980180615913526
1.6201143741607666,0.015060712655080272,0.060039615631103514,0.00452240036123393,35,,8,13,586,"{'max_depth': 35, 'max_features': None, 'min_samples_leaf': 8, 'min_samples_split': 13, 'n_estimators': 586}",0.5,0.5388888888888889,0.6277777777777778,0.5888888888888889,0.6222222222222222,0.5755555555555556,0.049266220616434146,181,0.6973684210526316,0.6734143049932524,0.6346153846153846,0.6497975708502024,0.7159244264507423,0.6742240215924428,0.02980180615913526
1.6797077178955078,0.02883237039637652,0.06323199272155762,0.004213973863204434,30,log2,8,13,586,"{'max_depth': 30, 'max_features': 'log2', 'min_samples_leaf': 8, 'min_samples_split': 13, 'n_estimators': 586}",0.5,0.5388888888888889,0.6277777777777778,0.5888888888888889,0.6222222222222222,0.5755555555555556,0.049266220616434146,181,0.6973684210526316,0.6734143049932524,0.6346153846153846,0.6497975708502024,0.7159244264507423,0.6742240215924428,0.02980180615913526
1.099715232849121,0.02661202439571747,0.039895486831665036,0.0016716171254121128,35,log2,8,11,386,"{'max_depth': 35, 'max_features': 'log2', 'min_samples_leaf': 8, 'min_samples_split': 11, 'n_estimators': 386}",0.5,0.5388888888888889,0.6277777777777778,0.5888888888888889,0.6222222222222222,0.5755555555555556,0.049266220616434146,181,0.6973684210526316,0.6734143049932524,0.6346153846153846,0.6497975708502024,0.728744939271255,0.6767881241565453,0.03359009330481508
1.8418778896331787,0.07031034213377764,0.06203403472900391,0.004861481721502538,30,,8,15,586,"{'max_depth': 30, 'max_features': None, 'min_samples_leaf': 8, 'min_samples_split': 15, 'n_estimators': 586}",0.5,0.5388888888888889,0.6277777777777778,0.5888888888888889,0.6222222222222222,0.5755555555555556,0.049266220616434146,181,0.6973684210526316,0.6734143049932524,0.6346153846153846,0.6497975708502024,0.7159244264507423,0.6742240215924428,0.02980180615913526
1.6657464981079102,0.014703657328206707,0.06283020973205566,0.0048441654748864445,35,log2,8,15,586,"{'max_depth': 35, 'max_features': 'log2', 'min_samples_leaf': 8, 'min_samples_split': 15, 'n_estimators': 586}",0.5,0.5388888888888889,0.6277777777777778,0.5888888888888889,0.6222222222222222,0.5755555555555556,0.049266220616434146,181,0.6973684210526316,0.6734143049932524,0.6346153846153846,0.6497975708502024,0.7159244264507423,0.6742240215924428,0.02980180615913526
1.097266674041748,0.02133727358215908,0.03969330787658691,0.003699713227757094,35,log2,8,15,386,"{'max_depth': 35, 'max_features': 'log2', 'min_samples_leaf': 8, 'min_samples_split': 15, 'n_estimators': 386}",0.5,0.5388888888888889,0.6277777777777778,0.5888888888888889,0.6222222222222222,0.5755555555555556,0.049266220616434146,181,0.6973684210526316,0.6734143049932524,0.6346153846153846,0.6497975708502024,0.728744939271255,0.6767881241565453,0.03359009330481508
1.7055928230285644,0.031258215308153654,0.062385845184326175,0.005077564887832762,35,log2,8,13,586,"{'max_depth': 35, 'max_features': 'log2', 'min_samples_leaf': 8, 'min_samples_split': 13, 'n_estimators': 586}",0.5,0.5388888888888889,0.6277777777777778,0.5888888888888889,0.6222222222222222,0.5755555555555556,0.049266220616434146,181,0.6973684210526316,0.6734143049932524,0.6346153846153846,0.6497975708502024,0.7159244264507423,0.6742240215924428,0.02980180615913526
1.1387537956237792,0.04452931353228973,0.04148898124694824,0.0029978634030252195,35,log2,8,13,386,"{'max_depth': 35, 'max_features': 'log2', 'min_samples_leaf': 8, 'min_samples_split': 13, 'n_estimators': 386}",0.5,0.5388888888888889,0.6277777777777778,0.5888888888888889,0.6222222222222222,0.5755555555555556,0.049266220616434146,181,0.6973684210526316,0.6734143049932524,0.6346153846153846,0.6497975708502024,0.728744939271255,0.6767881241565453,0.03359009330481508
1.09187970161438,0.029782428225751334,0.039894628524780276,0.0012626741803676152,25,log2,8,15,386,"{'max_depth': 25, 'max_features': 'log2', 'min_samples_leaf': 8, 'min_samples_split': 15, 'n_estimators': 386}",0.5,0.5388888888888889,0.6277777777777778,0.5888888888888889,0.6222222222222222,0.5755555555555556,0.049266220616434146,181,0.6973684210526316,0.6734143049932524,0.6346153846153846,0.6497975708502024,0.728744939271255,0.6767881241565453,0.03359009330481508
1.669135856628418,0.03191267194636105,0.062433481216430664,0.0029984355833281625,35,log2,8,11,586,"{'max_depth': 35, 'max_features': 'log2', 'min_samples_leaf': 8, 'min_samples_split': 11, 'n_estimators': 586}",0.5,0.5388888888888889,0.6277777777777778,0.5888888888888889,0.6222222222222222,0.5755555555555556,0.049266220616434146,181,0.6973684210526316,0.6734143049932524,0.6346153846153846,0.6497975708502024,0.7159244264507423,0.6742240215924428,0.02980180615913526
1.0850421905517578,0.014593993435017097,0.04009265899658203,0.0023096447506339773,35,,8,13,386,"{'max_depth': 35, 'max_features': None, 'min_samples_leaf': 8, 'min_samples_split': 13, 'n_estimators': 386}",0.5,0.5388888888888889,0.6277777777777778,0.5888888888888889,0.6222222222222222,0.5755555555555556,0.049266220616434146,181,0.6973684210526316,0.6734143049932524,0.6346153846153846,0.6497975708502024,0.728744939271255,0.6767881241565453,0.03359009330481508
1.6639836311340332,0.02689364772035508,0.06323552131652832,0.003662217878681346,,,8,13,586,"{'max_depth': None, 'max_features': None, 'min_samples_leaf': 8, 'min_samples_split': 13, 'n_estimators': 586}",0.5,0.5388888888888889,0.6277777777777778,0.5888888888888889,0.6222222222222222,0.5755555555555556,0.049266220616434146,181,0.6973684210526316,0.6734143049932524,0.6346153846153846,0.6497975708502024,0.7159244264507423,0.6742240215924428,0.02980180615913526
1.6715292930603027,0.019795826857596833,0.060837411880493165,0.0035122521696318034,25,log2,8,13,586,"{'max_depth': 25, 'max_features': 'log2', 'min_samples_leaf': 8, 'min_samples_split': 13, 'n_estimators': 586}",0.5,0.5388888888888889,0.6277777777777778,0.5888888888888889,0.6222222222222222,0.5755555555555556,0.049266220616434146,181,0.6973684210526316,0.6734143049932524,0.6346153846153846,0.6497975708502024,0.7159244264507423,0.6742240215924428,0.02980180615913526
1.0920774459838867,0.019245869883261286,0.04328417778015137,0.001954417701957264,,,8,15,386,"{'max_depth': None, 'max_features': None, 'min_samples_leaf': 8, 'min_samples_split': 15, 'n_estimators': 386}",0.5,0.5388888888888889,0.6277777777777778,0.5888888888888889,0.6222222222222222,0.5755555555555556,0.049266220616434146,181,0.6973684210526316,0.6734143049932524,0.6346153846153846,0.6497975708502024,0.728744939271255,0.6767881241565453,0.03359009330481508
1.102847146987915,0.02714159492002725,0.04168887138366699,0.002778330931292035,25,log2,8,13,386,"{'max_depth': 25, 'max_features': 'log2', 'min_samples_leaf': 8, 'min_samples_split': 13, 'n_estimators': 386}",0.5,0.5388888888888889,0.6277777777777778,0.5888888888888889,0.6222222222222222,0.5755555555555556,0.049266220616434146,181,0.6973684210526316,0.6734143049932524,0.6346153846153846,0.6497975708502024,0.728744939271255,0.6767881241565453,0.03359009330481508
1.6713300228118897,0.037843445991253485,0.06083779335021973,0.004278128279643638,,,8,15,586,"{'max_depth': None, 'max_features': None, 'min_samples_leaf': 8, 'min_samples_split': 15, 'n_estimators': 586}",0.5,0.5388888888888889,0.6277777777777778,0.5888888888888889,0.6222222222222222,0.5755555555555556,0.049266220616434146,181,0.6973684210526316,0.6734143049932524,0.6346153846153846,0.6497975708502024,0.7159244264507423,0.6742240215924428,0.02980180615913526
1.0976643085479736,0.013073875674089786,0.04148950576782227,0.0021480303411636186,25,log2,8,11,386,"{'max_depth': 25, 'max_features': 'log2', 'min_samples_leaf': 8, 'min_samples_split': 11, 'n_estimators': 386}",0.5,0.5388888888888889,0.6277777777777778,0.5888888888888889,0.6222222222222222,0.5755555555555556,0.049266220616434146,181,0.6973684210526316,0.6734143049932524,0.6346153846153846,0.6497975708502024,0.728744939271255,0.6767881241565453,0.03359009330481508
1.65015549659729,0.035661788756841145,0.06263341903686523,0.0024765180552985162,25,log2,8,11,586,"{'max_depth': 25, 'max_features': 'log2', 'min_samples_leaf': 8, 'min_samples_split': 11, 'n_estimators': 586}",0.5,0.5388888888888889,0.6277777777777778,0.5888888888888889,0.6222222222222222,0.5755555555555556,0.049266220616434146,181,0.6973684210526316,0.6734143049932524,0.6346153846153846,0.6497975708502024,0.7159244264507423,0.6742240215924428,0.02980180615913526
1.622960090637207,0.009880479780710482,0.05924167633056641,0.002239245595605401,35,sqrt,8,15,586,"{'max_depth': 35, 'max_features': 'sqrt', 'min_samples_leaf': 8, 'min_samples_split': 15, 'n_estimators': 586}",0.5,0.5388888888888889,0.6277777777777778,0.5888888888888889,0.6222222222222222,0.5755555555555556,0.049266220616434146,181,0.6973684210526316,0.6734143049932524,0.6346153846153846,0.6497975708502024,0.7159244264507423,0.6742240215924428,0.02980180615913526
1.0982811450958252,0.019497315360854438,0.040911197662353516,0.0018709189447741453,35,sqrt,8,15,386,"{'max_depth': 35, 'max_features': 'sqrt', 'min_samples_leaf': 8, 'min_samples_split': 15, 'n_estimators': 386}",0.5,0.5388888888888889,0.6277777777777778,0.5888888888888889,0.6222222222222222,0.5755555555555556,0.049266220616434146,181,0.6973684210526316,0.6734143049932524,0.6346153846153846,0.6497975708502024,0.728744939271255,0.6767881241565453,0.03359009330481508
1.0997381687164307,0.022063510657300993,0.04128870964050293,0.0018502549897315215,35,sqrt,8,11,386,"{'max_depth': 35, 'max_features': 'sqrt', 'min_samples_leaf': 8, 'min_samples_split': 11, 'n_estimators': 386}",0.5,0.5388888888888889,0.6277777777777778,0.5888888888888889,0.6222222222222222,0.5755555555555556,0.049266220616434146,181,0.6973684210526316,0.6734143049932524,0.6346153846153846,0.6497975708502024,0.728744939271255,0.6767881241565453,0.03359009330481508
1.65596923828125,0.036149591904099054,0.059441423416137694,0.0016201118089892443,35,sqrt,8,13,586,"{'max_depth': 35, 'max_features': 'sqrt', 'min_samples_leaf': 8, 'min_samples_split': 13, 'n_estimators': 586}",0.5,0.5388888888888889,0.6277777777777778,0.5888888888888889,0.6222222222222222,0.5755555555555556,0.049266220616434146,181,0.6973684210526316,0.6734143049932524,0.6346153846153846,0.6497975708502024,0.7159244264507423,0.6742240215924428,0.02980180615913526
1.0969452381134033,0.01652896193232672,0.04188780784606934,0.004135869557414274,30,,8,15,386,"{'max_depth': 30, 'max_features': None, 'min_samples_leaf': 8, 'min_samples_split': 15, 'n_estimators': 386}",0.5,0.5388888888888889,0.6277777777777778,0.5888888888888889,0.6222222222222222,0.5755555555555556,0.049266220616434146,181,0.6973684210526316,0.6734143049932524,0.6346153846153846,0.6497975708502024,0.728744939271255,0.6767881241565453,0.03359009330481508
1.665346050262451,0.02649561062842492,0.060439014434814455,0.0032538645515220906,30,,8,13,586,"{'max_depth': 30, 'max_features': None, 'min_samples_leaf': 8, 'min_samples_split': 13, 'n_estimators': 586}",0.5,0.5388888888888889,0.6277777777777778,0.5888888888888889,0.6222222222222222,0.5755555555555556,0.049266220616434146,181,0.6973684210526316,0.6734143049932524,0.6346153846153846,0.6497975708502024,0.7159244264507423,0.6742240215924428,0.02980180615913526
1.0884881973266602,0.017858173713236582,0.04268765449523926,0.0007467405548178998,25,,8,13,386,"{'max_depth': 25, 'max_features': None, 'min_samples_leaf': 8, 'min_samples_split': 13, 'n_estimators': 386}",0.5,0.5388888888888889,0.6277777777777778,0.5888888888888889,0.6222222222222222,0.5755555555555556,0.049266220616434146,181,0.6973684210526316,0.6734143049932524,0.6346153846153846,0.6497975708502024,0.728744939271255,0.6767881241565453,0.03359009330481508
1.0989633560180665,0.02266520478161013,0.04149041175842285,0.00214671640912525,30,,8,11,386,"{'max_depth': 30, 'max_features': None, 'min_samples_leaf': 8, 'min_samples_split': 11, 'n_estimators': 386}",0.5,0.5388888888888889,0.6277777777777778,0.5888888888888889,0.6222222222222222,0.5755555555555556,0.049266220616434146,181,0.6973684210526316,0.6734143049932524,0.6346153846153846,0.6497975708502024,0.728744939271255,0.6767881241565453,0.03359009330481508
1.6527799606323241,0.031395698165306136,0.06263270378112792,0.007963407202881249,35,,8,11,586,"{'max_depth': 35, 'max_features': None, 'min_samples_leaf': 8, 'min_samples_split': 11, 'n_estimators': 586}",0.5,0.5388888888888889,0.6277777777777778,0.5888888888888889,0.6222222222222222,0.5755555555555556,0.049266220616434146,181,0.6973684210526316,0.6734143049932524,0.6346153846153846,0.6497975708502024,0.7159244264507423,0.6742240215924428,0.02980180615913526
1.0868916988372803,0.024924758749684243,0.04009356498718262,0.002394982361678254,35,,8,11,386,"{'max_depth': 35, 'max_features': None, 'min_samples_leaf': 8, 'min_samples_split': 11, 'n_estimators': 386}",0.5,0.5388888888888889,0.6277777777777778,0.5888888888888889,0.6222222222222222,0.5755555555555556,0.049266220616434146,181,0.6973684210526316,0.6734143049932524,0.6346153846153846,0.6497975708502024,0.728744939271255,0.6767881241565453,0.03359009330481508
1.0967778205871581,0.01748795368432121,0.0385530948638916,0.003157593967688122,,,8,13,386,"{'max_depth': None, 'max_features': None, 'min_samples_leaf': 8, 'min_samples_split': 13, 'n_estimators': 386}",0.5,0.5388888888888889,0.6277777777777778,0.5888888888888889,0.6222222222222222,0.5755555555555556,0.049266220616434146,181,0.6973684210526316,0.6734143049932524,0.6346153846153846,0.6497975708502024,0.728744939271255,0.6767881241565453,0.03359009330481508
1.6581647396087646,0.023681712113020902,0.06344232559204102,0.0021398772602629944,,,8,11,586,"{'max_depth': None, 'max_features': None, 'min_samples_leaf': 8, 'min_samples_split': 11, 'n_estimators': 586}",0.5,0.5388888888888889,0.6277777777777778,0.5888888888888889,0.6222222222222222,0.5755555555555556,0.049266220616434146,181,0.6973684210526316,0.6734143049932524,0.6346153846153846,0.6497975708502024,0.7159244264507423,0.6742240215924428,0.02980180615913526
1.6652088642120362,0.036687594176981156,0.0594428539276123,0.003818211666931354,30,,8,11,586,"{'max_depth': 30, 'max_features': None, 'min_samples_leaf': 8, 'min_samples_split': 11, 'n_estimators': 586}",0.5,0.5388888888888889,0.6277777777777778,0.5888888888888889,0.6222222222222222,0.5755555555555556,0.049266220616434146,181,0.6973684210526316,0.6734143049932524,0.6346153846153846,0.6497975708502024,0.7159244264507423,0.6742240215924428,0.02980180615913526
1.694154691696167,0.024084415935664606,0.06286082267761231,0.0066833902431530905,25,log2,8,15,586,"{'max_depth': 25, 'max_features': 'log2', 'min_samples_leaf': 8, 'min_samples_split': 15, 'n_estimators': 586}",0.5,0.5388888888888889,0.6277777777777778,0.5888888888888889,0.6222222222222222,0.5755555555555556,0.049266220616434146,181,0.6973684210526316,0.6734143049932524,0.6346153846153846,0.6497975708502024,0.7159244264507423,0.6742240215924428,0.02980180615913526
1.09088454246521,0.015632926995013636,0.04088854789733887,0.0026009102354602695,30,,8,13,386,"{'max_depth': 30, 'max_features': None, 'min_samples_leaf': 8, 'min_samples_split': 13, 'n_estimators': 386}",0.5,0.5388888888888889,0.6277777777777778,0.5888888888888889,0.6222222222222222,0.5755555555555556,0.049266220616434146,181,0.6973684210526316,0.6734143049932524,0.6346153846153846,0.6497975708502024,0.728744939271255,0.6767881241565453,0.03359009330481508
1.0968663215637207,0.020266777006767447,0.04069175720214844,0.0019336545941809344,35,sqrt,10,13,386,"{'max_depth': 35, 'max_features': 'sqrt', 'min_samples_leaf': 10, 'min_samples_split': 13, 'n_estimators': 386}",0.55,0.5888888888888889,0.5111111111111111,0.5888888888888889,0.5777777777777777,0.5633333333333332,0.029731307022799237,253,0.6973684210526316,0.6734143049932524,0.6504723346828609,0.6366396761133604,0.6228070175438596,0.656140350877193,0.026539243004010962
1.0739276885986329,0.020423721058223727,0.040293216705322266,0.00279423191665246,25,sqrt,10,15,386,"{'max_depth': 25, 'max_features': 'sqrt', 'min_samples_leaf': 10, 'min_samples_split': 15, 'n_estimators': 386}",0.55,0.5888888888888889,0.5111111111111111,0.5888888888888889,0.5777777777777777,0.5633333333333332,0.029731307022799237,253,0.6973684210526316,0.6734143049932524,0.6504723346828609,0.6366396761133604,0.6228070175438596,0.656140350877193,0.026539243004010962
1.0728581905364991,0.013237120480767943,0.04029226303100586,0.0023252447061533027,25,,10,11,386,"{'max_depth': 25, 'max_features': None, 'min_samples_leaf': 10, 'min_samples_split': 11, 'n_estimators': 386}",0.55,0.5888888888888889,0.5111111111111111,0.5888888888888889,0.5777777777777777,0.5633333333333332,0.029731307022799237,253,0.6973684210526316,0.6734143049932524,0.6504723346828609,0.6366396761133604,0.6228070175438596,0.656140350877193,0.026539243004010962
1.0715344905853272,0.01753256645660776,0.03909525871276855,0.0017157506998341748,25,sqrt,10,11,386,"{'max_depth': 25, 'max_features': 'sqrt', 'min_samples_leaf': 10, 'min_samples_split': 11, 'n_estimators': 386}",0.55,0.5888888888888889,0.5111111111111111,0.5888888888888889,0.5777777777777777,0.5633333333333332,0.029731307022799237,253,0.6973684210526316,0.6734143049932524,0.6504723346828609,0.6366396761133604,0.6228070175438596,0.656140350877193,0.026539243004010962
1.0932778358459472,0.020394012678443194,0.0436826229095459,0.0017190951678317903,35,sqrt,10,11,386,"{'max_depth': 35, 'max_features': 'sqrt', 'min_samples_leaf': 10, 'min_samples_split': 11, 'n_estimators': 386}",0.55,0.5888888888888889,0.5111111111111111,0.5888888888888889,0.5777777777777777,0.5633333333333332,0.029731307022799237,253,0.6973684210526316,0.6734143049932524,0.6504723346828609,0.6366396761133604,0.6228070175438596,0.656140350877193,0.026539243004010962
1.0913709640502929,0.01985040886313303,0.0414888858795166,0.0049099546154872204,,,10,11,386,"{'max_depth': None, 'max_features': None, 'min_samples_leaf': 10, 'min_samples_split': 11, 'n_estimators': 386}",0.55,0.5888888888888889,0.5111111111111111,0.5888888888888889,0.5777777777777777,0.5633333333333332,0.029731307022799237,253,0.6973684210526316,0.6734143049932524,0.6504723346828609,0.6366396761133604,0.6228070175438596,0.656140350877193,0.026539243004010962
1.094273328781128,0.015571038546469856,0.04109015464782715,0.004433263367766659,,,10,13,386,"{'max_depth': None, 'max_features': None, 'min_samples_leaf': 10, 'min_samples_split': 13, 'n_estimators': 386}",0.55,0.5888888888888889,0.5111111111111111,0.5888888888888889,0.5777777777777777,0.5633333333333332,0.029731307022799237,253,0.6973684210526316,0.6734143049932524,0.6504723346828609,0.6366396761133604,0.6228070175438596,0.656140350877193,0.026539243004010962
1.0817198753356934,0.01625405106349823,0.04154157638549805,0.0016487100026704854,30,,10,11,386,"{'max_depth': 30, 'max_features': None, 'min_samples_leaf': 10, 'min_samples_split': 11, 'n_estimators': 386}",0.55,0.5888888888888889,0.5111111111111111,0.5888888888888889,0.5777777777777777,0.5633333333333332,0.029731307022799237,253,0.6973684210526316,0.6734143049932524,0.6504723346828609,0.6366396761133604,0.6228070175438596,0.656140350877193,0.026539243004010962
1.0561825275421142,0.011978935986937063,0.04008612632751465,0.0020365380009990694,30,,10,13,386,"{'max_depth': 30, 'max_features': None, 'min_samples_leaf': 10, 'min_samples_split': 13, 'n_estimators': 386}",0.55,0.5888888888888889,0.5111111111111111,0.5888888888888889,0.5777777777777777,0.5633333333333332,0.029731307022799237,253,0.6973684210526316,0.6734143049932524,0.6504723346828609,0.6366396761133604,0.6228070175438596,0.656140350877193,0.026539243004010962
1.0934019565582276,0.026842513648688976,0.04109063148498535,0.0019342148999134385,35,log2,10,15,386,"{'max_depth': 35, 'max_features': 'log2', 'min_samples_leaf': 10, 'min_samples_split': 15, 'n_estimators': 386}",0.55,0.5888888888888889,0.5111111111111111,0.5888888888888889,0.5777777777777777,0.5633333333333332,0.029731307022799237,253,0.6973684210526316,0.6734143049932524,0.6504723346828609,0.6366396761133604,0.6228070175438596,0.656140350877193,0.026539243004010962
1.0906899929046632,0.01261910005728943,0.041283798217773435,0.003199317133452919,30,,10,15,386,"{'max_depth': 30, 'max_features': None, 'min_samples_leaf': 10, 'min_samples_split': 15, 'n_estimators': 386}",0.55,0.5888888888888889,0.5111111111111111,0.5888888888888889,0.5777777777777777,0.5633333333333332,0.029731307022799237,253,0.6973684210526316,0.6734143049932524,0.6504723346828609,0.6366396761133604,0.6228070175438596,0.656140350877193,0.026539243004010962
1.0791313648223877,0.016151364938701403,0.03985395431518555,0.0014470127351193093,,,10,15,386,"{'max_depth': None, 'max_features': None, 'min_samples_leaf': 10, 'min_samples_split': 15, 'n_estimators': 386}",0.55,0.5888888888888889,0.5111111111111111,0.5888888888888889,0.5777777777777777,0.5633333333333332,0.029731307022799237,253,0.6973684210526316,0.6734143049932524,0.6504723346828609,0.6366396761133604,0.6228070175438596,0.656140350877193,0.026539243004010962
1.085496759414673,0.014280918084769893,0.0426877498626709,0.002036263643127453,30,log2,10,15,386,"{'max_depth': 30, 'max_features': 'log2', 'min_samples_leaf': 10, 'min_samples_split': 15, 'n_estimators': 386}",0.55,0.5888888888888889,0.5111111111111111,0.5888888888888889,0.5777777777777777,0.5633333333333332,0.029731307022799237,253,0.6973684210526316,0.6734143049932524,0.6504723346828609,0.6366396761133604,0.6228070175438596,0.656140350877193,0.026539243004010962
1.1227914333343505,0.031312973592300335,0.04089055061340332,0.0020923281734779664,30,log2,10,11,386,"{'max_depth': 30, 'max_features': 'log2', 'min_samples_leaf': 10, 'min_samples_split': 11, 'n_estimators': 386}",0.55,0.5888888888888889,0.5111111111111111,0.5888888888888889,0.5777777777777777,0.5633333333333332,0.029731307022799237,253,0.6973684210526316,0.6734143049932524,0.6504723346828609,0.6366396761133604,0.6228070175438596,0.656140350877193,0.026539243004010962
1.1006572246551514,0.007180466039806475,0.040690040588378905,0.0017136112525154366,,log2,10,11,386,"{'max_depth': None, 'max_features': 'log2', 'min_samples_leaf': 10, 'min_samples_split': 11, 'n_estimators': 386}",0.55,0.5888888888888889,0.5111111111111111,0.5888888888888889,0.5777777777777777,0.5633333333333332,0.029731307022799237,253,0.6973684210526316,0.6734143049932524,0.6504723346828609,0.6366396761133604,0.6228070175438596,0.656140350877193,0.026539243004010962
1.0846989631652832,0.020522965836985253,0.04029440879821777,0.00249005462964751,35,log2,10,13,386,"{'max_depth': 35, 'max_features': 'log2', 'min_samples_leaf': 10, 'min_samples_split': 13, 'n_estimators': 386}",0.55,0.5888888888888889,0.5111111111111111,0.5888888888888889,0.5777777777777777,0.5633333333333332,0.029731307022799237,253,0.6973684210526316,0.6734143049932524,0.6504723346828609,0.6366396761133604,0.6228070175438596,0.656140350877193,0.026539243004010962
1.0898834228515626,0.020395703229380998,0.04248642921447754,0.00325317460533369,25,log2,10,15,386,"{'max_depth': 25, 'max_features': 'log2', 'min_samples_leaf': 10, 'min_samples_split': 15, 'n_estimators': 386}",0.55,0.5888888888888889,0.5111111111111111,0.5888888888888889,0.5777777777777777,0.5633333333333332,0.029731307022799237,253,0.6973684210526316,0.6734143049932524,0.6504723346828609,0.6366396761133604,0.6228070175438596,0.656140350877193,0.026539243004010962
1.0905612468719483,0.02182701610581599,0.04069275856018066,0.001597072064272679,30,log2,10,13,386,"{'max_depth': 30, 'max_features': 'log2', 'min_samples_leaf': 10, 'min_samples_split': 13, 'n_estimators': 386}",0.55,0.5888888888888889,0.5111111111111111,0.5888888888888889,0.5777777777777777,0.5633333333333332,0.029731307022799237,253,0.6973684210526316,0.6734143049932524,0.6504723346828609,0.6366396761133604,0.6228070175438596,0.656140350877193,0.026539243004010962
1.0946125984191895,0.01810093584646515,0.04268522262573242,0.003910159148843247,,sqrt,10,15,386,"{'max_depth': None, 'max_features': 'sqrt', 'min_samples_leaf': 10, 'min_samples_split': 15, 'n_estimators': 386}",0.55,0.5888888888888889,0.5111111111111111,0.5888888888888889,0.5777777777777777,0.5633333333333332,0.029731307022799237,253,0.6973684210526316,0.6734143049932524,0.6504723346828609,0.6366396761133604,0.6228070175438596,0.656140350877193,0.026539243004010962
1.0860849380493165,0.017785698094809732,0.040358686447143556,0.0025110676608155183,25,sqrt,10,13,386,"{'max_depth': 25, 'max_features': 'sqrt', 'min_samples_leaf': 10, 'min_samples_split': 13, 'n_estimators': 386}",0.55,0.5888888888888889,0.5111111111111111,0.5888888888888889,0.5777777777777777,0.5633333333333332,0.029731307022799237,253,0.6973684210526316,0.6734143049932524,0.6504723346828609,0.6366396761133604,0.6228070175438596,0.656140350877193,0.026539243004010962
1.0807178497314454,0.042456784805719745,0.04347562789916992,0.002581493003411724,35,,10,15,386,"{'max_depth': 35, 'max_features': None, 'min_samples_leaf': 10, 'min_samples_split': 15, 'n_estimators': 386}",0.55,0.5888888888888889,0.5111111111111111,0.5888888888888889,0.5777777777777777,0.5633333333333332,0.029731307022799237,253,0.6973684210526316,0.6734143049932524,0.6504723346828609,0.6366396761133604,0.6228070175438596,0.656140350877193,0.026539243004010962
1.0842999935150146,0.0169305483034746,0.03949432373046875,0.001620687173737271,25,log2,10,11,386,"{'max_depth': 25, 'max_features': 'log2', 'min_samples_leaf': 10, 'min_samples_split': 11, 'n_estimators': 386}",0.55,0.5888888888888889,0.5111111111111111,0.5888888888888889,0.5777777777777777,0.5633333333333332,0.029731307022799237,253,0.6973684210526316,0.6734143049932524,0.6504723346828609,0.6366396761133604,0.6228070175438596,0.656140350877193,0.026539243004010962
1.0757992744445801,0.019398864838997602,0.04027199745178223,0.0029816252618992474,30,sqrt,10,11,386,"{'max_depth': 30, 'max_features': 'sqrt', 'min_samples_leaf': 10, 'min_samples_split': 11, 'n_estimators': 386}",0.55,0.5888888888888889,0.5111111111111111,0.5888888888888889,0.5777777777777777,0.5633333333333332,0.029731307022799237,253,0.6973684210526316,0.6734143049932524,0.6504723346828609,0.6366396761133604,0.6228070175438596,0.656140350877193,0.026539243004010962
1.0772748947143556,0.026014350116641185,0.0384117603302002,0.001273160968367463,35,,10,13,386,"{'max_depth': 35, 'max_features': None, 'min_samples_leaf': 10, 'min_samples_split': 13, 'n_estimators': 386}",0.55,0.5888888888888889,0.5111111111111111,0.5888888888888889,0.5777777777777777,0.5633333333333332,0.029731307022799237,253,0.6973684210526316,0.6734143049932524,0.6504723346828609,0.6366396761133604,0.6228070175438596,0.656140350877193,0.026539243004010962
1.0856960773468018,0.024838076643188958,0.042287349700927734,0.002792954544103364,,log2,10,13,386,"{'max_depth': None, 'max_features': 'log2', 'min_samples_leaf': 10, 'min_samples_split': 13, 'n_estimators': 386}",0.55,0.5888888888888889,0.5111111111111111,0.5888888888888889,0.5777777777777777,0.5633333333333332,0.029731307022799237,253,0.6973684210526316,0.6734143049932524,0.6504723346828609,0.6366396761133604,0.6228070175438596,0.656140350877193,0.026539243004010962
1.0655504226684571,0.01592636298533674,0.04009270668029785,0.0021284459202374445,30,sqrt,10,13,386,"{'max_depth': 30, 'max_features': 'sqrt', 'min_samples_leaf': 10, 'min_samples_split': 13, 'n_estimators': 386}",0.55,0.5888888888888889,0.5111111111111111,0.5888888888888889,0.5777777777777777,0.5633333333333332,0.029731307022799237,253,0.6973684210526316,0.6734143049932524,0.6504723346828609,0.6366396761133604,0.6228070175438596,0.656140350877193,0.026539243004010962
1.0872909545898437,0.010373148608814768,0.04168910980224609,0.002393539749439025,35,,10,11,386,"{'max_depth': 35, 'max_features': None, 'min_samples_leaf': 10, 'min_samples_split': 11, 'n_estimators': 386}",0.55,0.5888888888888889,0.5111111111111111,0.5888888888888889,0.5777777777777777,0.5633333333333332,0.029731307022799237,253,0.6973684210526316,0.6734143049932524,0.6504723346828609,0.6366396761133604,0.6228070175438596,0.656140350877193,0.026539243004010962
1.0811105251312256,0.01458721769708697,0.04148573875427246,0.0021462706155495155,30,sqrt,10,15,386,"{'max_depth': 30, 'max_features': 'sqrt', 'min_samples_leaf': 10, 'min_samples_split': 15, 'n_estimators': 386}",0.55,0.5888888888888889,0.5111111111111111,0.5888888888888889,0.5777777777777777,0.5633333333333332,0.029731307022799237,253,0.6973684210526316,0.6734143049932524,0.6504723346828609,0.6366396761133604,0.6228070175438596,0.656140350877193,0.026539243004010962
1.0765925407409669,0.016615671934381095,0.0408902645111084,0.002523946623802091,25,log2,10,13,386,"{'max_depth': 25, 'max_features': 'log2', 'min_samples_leaf': 10, 'min_samples_split': 13, 'n_estimators': 386}",0.55,0.5888888888888889,0.5111111111111111,0.5888888888888889,0.5777777777777777,0.5633333333333332,0.029731307022799237,253,0.6973684210526316,0.6734143049932524,0.6504723346828609,0.6366396761133604,0.6228070175438596,0.656140350877193,0.026539243004010962
1.0952942848205567,0.028317214360819912,0.04370007514953613,0.003325551870484853,25,,10,15,386,"{'max_depth': 25, 'max_features': None, 'min_samples_leaf': 10, 'min_samples_split': 15, 'n_estimators': 386}",0.55,0.5888888888888889,0.5111111111111111,0.5888888888888889,0.5777777777777777,0.5633333333333332,0.029731307022799237,253,0.6973684210526316,0.6734143049932524,0.6504723346828609,0.6366396761133604,0.6228070175438596,0.656140350877193,0.026539243004010962
1.0890872001647949,0.01439738463520022,0.04248509407043457,0.0038661579061779246,35,sqrt,10,15,386,"{'max_depth': 35, 'max_features': 'sqrt', 'min_samples_leaf': 10, 'min_samples_split': 15, 'n_estimators': 386}",0.55,0.5888888888888889,0.5111111111111111,0.5888888888888889,0.5777777777777777,0.5633333333333332,0.029731307022799237,253,0.6973684210526316,0.6734143049932524,0.6504723346828609,0.6366396761133604,0.6228070175438596,0.656140350877193,0.026539243004010962
1.095868968963623,0.006320046368497541,0.04268641471862793,0.002705873527261133,,sqrt,10,11,386,"{'max_depth': None, 'max_features': 'sqrt', 'min_samples_leaf': 10, 'min_samples_split': 11, 'n_estimators': 386}",0.55,0.5888888888888889,0.5111111111111111,0.5888888888888889,0.5777777777777777,0.5633333333333332,0.029731307022799237,253,0.6973684210526316,0.6734143049932524,0.6504723346828609,0.6366396761133604,0.6228070175438596,0.656140350877193,0.026539243004010962
1.0837609767913818,0.02071334341150978,0.04049043655395508,0.002326030105511409,,log2,10,15,386,"{'max_depth': None, 'max_features': 'log2', 'min_samples_leaf': 10, 'min_samples_split': 15, 'n_estimators': 386}",0.55,0.5888888888888889,0.5111111111111111,0.5888888888888889,0.5777777777777777,0.5633333333333332,0.029731307022799237,253,0.6973684210526316,0.6734143049932524,0.6504723346828609,0.6366396761133604,0.6228070175438596,0.656140350877193,0.026539243004010962
1.1122235298156737,0.010411606719218541,0.041289663314819335,0.00272078525172032,,sqrt,10,13,386,"{'max_depth': None, 'max_features': 'sqrt', 'min_samples_leaf': 10, 'min_samples_split': 13, 'n_estimators': 386}",0.55,0.5888888888888889,0.5111111111111111,0.5888888888888889,0.5777777777777777,0.5633333333333332,0.029731307022799237,253,0.6973684210526316,0.6734143049932524,0.6504723346828609,0.6366396761133604,0.6228070175438596,0.656140350877193,0.026539243004010962
1.0753226280212402,0.02463544236607925,0.04288558959960938,0.0022740796583593623,25,,10,13,386,"{'max_depth': 25, 'max_features': None, 'min_samples_leaf': 10, 'min_samples_split': 13, 'n_estimators': 386}",0.55,0.5888888888888889,0.5111111111111111,0.5888888888888889,0.5777777777777777,0.5633333333333332,0.029731307022799237,253,0.6973684210526316,0.6734143049932524,0.6504723346828609,0.6366396761133604,0.6228070175438596,0.656140350877193,0.026539243004010962
1.0768050670623779,0.02923769013821213,0.041687536239624026,0.0029195712238288827,35,log2,10,11,386,"{'max_depth': 35, 'max_features': 'log2', 'min_samples_leaf': 10, 'min_samples_split': 11, 'n_estimators': 386}",0.55,0.5888888888888889,0.5111111111111111,0.5888888888888889,0.5777777777777777,0.5633333333333332,0.029731307022799237,253,0.6973684210526316,0.6734143049932524,0.6504723346828609,0.6366396761133604,0.6228070175438596,0.656140350877193,0.026539243004010962
1.6611162662506103,0.015038273318120826,0.05910005569458008,0.0025527243547660305,,log2,10,13,586,"{'max_depth': None, 'max_features': 'log2', 'min_samples_leaf': 10, 'min_samples_split': 13, 'n_estimators': 586}",0.5,0.5888888888888889,0.5111111111111111,0.5888888888888889,0.5777777777777777,0.5533333333333333,0.03937787810370967,289,0.6842105263157895,0.6734143049932524,0.6504723346828609,0.6366396761133604,0.6359649122807017,0.656140350877193,0.019523192804160337
1.673203134536743,0.016909332846781307,0.060239982604980466,0.0011972361372716727,,,10,11,586,"{'max_depth': None, 'max_features': None, 'min_samples_leaf': 10, 'min_samples_split': 11, 'n_estimators': 586}",0.5,0.5888888888888889,0.5111111111111111,0.5888888888888889,0.5777777777777777,0.5533333333333333,0.03937787810370967,289,0.6842105263157895,0.6734143049932524,0.6504723346828609,0.6366396761133604,0.6359649122807017,0.656140350877193,0.019523192804160337
1.632832670211792,0.02058513656674475,0.058840608596801756,0.0020920567466690375,,,10,13,586,"{'max_depth': None, 'max_features': None, 'min_samples_leaf': 10, 'min_samples_split': 13, 'n_estimators': 586}",0.5,0.5888888888888889,0.5111111111111111,0.5888888888888889,0.5777777777777777,0.5533333333333333,0.03937787810370967,289,0.6842105263157895,0.6734143049932524,0.6504723346828609,0.6366396761133604,0.6359649122807017,0.656140350877193,0.019523192804160337
1.6733256340026856,0.02341044480059226,0.05804400444030762,0.00193301981009589,,log2,10,15,586,"{'max_depth': None, 'max_features': 'log2', 'min_samples_leaf': 10, 'min_samples_split': 15, 'n_estimators': 586}",0.5,0.5888888888888889,0.5111111111111111,0.5888888888888889,0.5777777777777777,0.5533333333333333,0.03937787810370967,289,0.6842105263157895,0.6734143049932524,0.6504723346828609,0.6366396761133604,0.6359649122807017,0.656140350877193,0.019523192804160337
1.657479190826416,0.02787627320010789,0.057444429397583006,0.002327266631592447,30,,10,15,586,"{'max_depth': 30, 'max_features': None, 'min_samples_leaf': 10, 'min_samples_split': 15, 'n_estimators': 586}",0.5,0.5888888888888889,0.5111111111111111,0.5888888888888889,0.5777777777777777,0.5533333333333333,0.03937787810370967,289,0.6842105263157895,0.6734143049932524,0.6504723346828609,0.6366396761133604,0.6359649122807017,0.656140350877193,0.019523192804160337
1.6566253185272217,0.016028776619148272,0.061435508728027347,0.009368982566580149,,sqrt,10,15,586,"{'max_depth': None, 'max_features': 'sqrt', 'min_samples_leaf': 10, 'min_samples_split': 15, 'n_estimators': 586}",0.5,0.5888888888888889,0.5111111111111111,0.5888888888888889,0.5777777777777777,0.5533333333333333,0.03937787810370967,289,0.6842105263157895,0.6734143049932524,0.6504723346828609,0.6366396761133604,0.6359649122807017,0.656140350877193,0.019523192804160337
1.6399184703826903,0.018027085913403358,0.06183433532714844,0.0020925328513543943,25,sqrt,10,11,586,"{'max_depth': 25, 'max_features': 'sqrt', 'min_samples_leaf': 10, 'min_samples_split': 11, 'n_estimators': 586}",0.5,0.5888888888888889,0.5111111111111111,0.5888888888888889,0.5777777777777777,0.5533333333333333,0.03937787810370967,289,0.6842105263157895,0.6734143049932524,0.6504723346828609,0.6366396761133604,0.6359649122807017,0.656140350877193,0.019523192804160337
1.6330094814300538,0.015332129636795942,0.06024136543273926,0.005840372288600238,25,sqrt,10,13,586,"{'max_depth': 25, 'max_features': 'sqrt', 'min_samples_leaf': 10, 'min_samples_split': 13, 'n_estimators': 586}",0.5,0.5888888888888889,0.5111111111111111,0.5888888888888889,0.5777777777777777,0.5533333333333333,0.03937787810370967,289,0.6842105263157895,0.6734143049932524,0.6504723346828609,0.6366396761133604,0.6359649122807017,0.656140350877193,0.019523192804160337
1.643204927444458,0.019498846593404808,0.061834859848022464,0.004504874951474063,25,sqrt,10,15,586,"{'max_depth': 25, 'max_features': 'sqrt', 'min_samples_leaf': 10, 'min_samples_split': 15, 'n_estimators': 586}",0.5,0.5888888888888889,0.5111111111111111,0.5888888888888889,0.5777777777777777,0.5533333333333333,0.03937787810370967,289,0.6842105263157895,0.6734143049932524,0.6504723346828609,0.6366396761133604,0.6359649122807017,0.656140350877193,0.019523192804160337
1.6339495182037354,0.02329609722013722,0.059036540985107425,0.003673575728414351,25,log2,10,11,586,"{'max_depth': 25, 'max_features': 'log2', 'min_samples_leaf': 10, 'min_samples_split': 11, 'n_estimators': 586}",0.5,0.5888888888888889,0.5111111111111111,0.5888888888888889,0.5777777777777777,0.5533333333333333,0.03937787810370967,289,0.6842105263157895,0.6734143049932524,0.6504723346828609,0.6366396761133604,0.6359649122807017,0.656140350877193,0.019523192804160337
1.644301986694336,0.021921321500710585,0.060238218307495116,0.0026456565993437384,25,log2,10,13,586,"{'max_depth': 25, 'max_features': 'log2', 'min_samples_leaf': 10, 'min_samples_split': 13, 'n_estimators': 586}",0.5,0.5888888888888889,0.5111111111111111,0.5888888888888889,0.5777777777777777,0.5533333333333333,0.03937787810370967,289,0.6842105263157895,0.6734143049932524,0.6504723346828609,0.6366396761133604,0.6359649122807017,0.656140350877193,0.019523192804160337
1.624256181716919,0.014446715178536781,0.05884871482849121,0.0024292002249525733,25,log2,10,15,586,"{'max_depth': 25, 'max_features': 'log2', 'min_samples_leaf': 10, 'min_samples_split': 15, 'n_estimators': 586}",0.5,0.5888888888888889,0.5111111111111111,0.5888888888888889,0.5777777777777777,0.5533333333333333,0.03937787810370967,289,0.6842105263157895,0.6734143049932524,0.6504723346828609,0.6366396761133604,0.6359649122807017,0.656140350877193,0.019523192804160337
1.644573974609375,0.01871789691138333,0.060836076736450195,0.0028217499370281284,25,,10,11,586,"{'max_depth': 25, 'max_features': None, 'min_samples_leaf': 10, 'min_samples_split': 11, 'n_estimators': 586}",0.5,0.5888888888888889,0.5111111111111111,0.5888888888888889,0.5777777777777777,0.5533333333333333,0.03937787810370967,289,0.6842105263157895,0.6734143049932524,0.6504723346828609,0.6366396761133604,0.6359649122807017,0.656140350877193,0.019523192804160337
1.6459975719451905,0.0234204767729241,0.05964064598083496,0.004609320897792663,25,,10,13,586,"{'max_depth': 25, 'max_features': None, 'min_samples_leaf': 10, 'min_samples_split': 13, 'n_estimators': 586}",0.5,0.5888888888888889,0.5111111111111111,0.5888888888888889,0.5777777777777777,0.5533333333333333,0.03937787810370967,289,0.6842105263157895,0.6734143049932524,0.6504723346828609,0.6366396761133604,0.6359649122807017,0.656140350877193,0.019523192804160337
1.6540920734405518,0.02592756775866367,0.06243257522583008,0.004019096170102759,25,,10,15,586,"{'max_depth': 25, 'max_features': None, 'min_samples_leaf': 10, 'min_samples_split': 15, 'n_estimators': 586}",0.5,0.5888888888888889,0.5111111111111111,0.5888888888888889,0.5777777777777777,0.5533333333333333,0.03937787810370967,289,0.6842105263157895,0.6734143049932524,0.6504723346828609,0.6366396761133604,0.6359649122807017,0.656140350877193,0.019523192804160337
1.6404442310333252,0.012895487074549704,0.06243300437927246,0.0023260416529052043,30,sqrt,10,11,586,"{'max_depth': 30, 'max_features': 'sqrt', 'min_samples_leaf': 10, 'min_samples_split': 11, 'n_estimators': 586}",0.5,0.5888888888888889,0.5111111111111111,0.5888888888888889,0.5777777777777777,0.5533333333333333,0.03937787810370967,289,0.6842105263157895,0.6734143049932524,0.6504723346828609,0.6366396761133604,0.6359649122807017,0.656140350877193,0.019523192804160337
1.6340286254882812,0.018684052107029753,0.060437774658203124,0.0052994891045461635,30,sqrt,10,13,586,"{'max_depth': 30, 'max_features': 'sqrt', 'min_samples_leaf': 10, 'min_samples_split': 13, 'n_estimators': 586}",0.5,0.5888888888888889,0.5111111111111111,0.5888888888888889,0.5777777777777777,0.5533333333333333,0.03937787810370967,289,0.6842105263157895,0.6734143049932524,0.6504723346828609,0.6366396761133604,0.6359649122807017,0.656140350877193,0.019523192804160337
1.6285557270050048,0.013359280647519742,0.05924315452575683,0.004531626320525369,30,sqrt,10,15,586,"{'max_depth': 30, 'max_features': 'sqrt', 'min_samples_leaf': 10, 'min_samples_split': 15, 'n_estimators': 586}",0.5,0.5888888888888889,0.5111111111111111,0.5888888888888889,0.5777777777777777,0.5533333333333333,0.03937787810370967,289,0.6842105263157895,0.6734143049932524,0.6504723346828609,0.6366396761133604,0.6359649122807017,0.656140350877193,0.019523192804160337
1.7039551258087158,0.0224916175913811,0.060637807846069335,0.0036443325663500226,30,log2,10,11,586,"{'max_depth': 30, 'max_features': 'log2', 'min_samples_leaf': 10, 'min_samples_split': 11, 'n_estimators': 586}",0.5,0.5888888888888889,0.5111111111111111,0.5888888888888889,0.5777777777777777,0.5533333333333333,0.03937787810370967,289,0.6842105263157895,0.6734143049932524,0.6504723346828609,0.6366396761133604,0.6359649122807017,0.656140350877193,0.019523192804160337
1.6701402187347412,0.026098816011893778,0.06302413940429688,0.0029943257176577153,,log2,10,11,586,"{'max_depth': None, 'max_features': 'log2', 'min_samples_leaf': 10, 'min_samples_split': 11, 'n_estimators': 586}",0.5,0.5888888888888889,0.5111111111111111,0.5888888888888889,0.5777777777777777,0.5533333333333333,0.03937787810370967,289,0.6842105263157895,0.6734143049932524,0.6504723346828609,0.6366396761133604,0.6359649122807017,0.656140350877193,0.019523192804160337
1.6654016971588135,0.016905134849012574,0.060238981246948244,0.0028630729348448404,30,log2,10,13,586,"{'max_depth': 30, 'max_features': 'log2', 'min_samples_leaf': 10, 'min_samples_split': 13, 'n_estimators': 586}",0.5,0.5888888888888889,0.5111111111111111,0.5888888888888889,0.5777777777777777,0.5533333333333333,0.03937787810370967,289,0.6842105263157895,0.6734143049932524,0.6504723346828609,0.6366396761133604,0.6359649122807017,0.656140350877193,0.019523192804160337
1.6457290649414062,0.025326855674213666,0.05904245376586914,0.0035915378111192383,30,,10,11,586,"{'max_depth': 30, 'max_features': None, 'min_samples_leaf': 10, 'min_samples_split': 11, 'n_estimators': 586}",0.5,0.5888888888888889,0.5111111111111111,0.5888888888888889,0.5777777777777777,0.5533333333333333,0.03937787810370967,289,0.6842105263157895,0.6734143049932524,0.6504723346828609,0.6366396761133604,0.6359649122807017,0.656140350877193,0.019523192804160337
1.6424074172973633,0.035031184710997164,0.06323122978210449,0.00435198068187157,30,,10,13,586,"{'max_depth': 30, 'max_features': None, 'min_samples_leaf': 10, 'min_samples_split': 13, 'n_estimators': 586}",0.5,0.5888888888888889,0.5111111111111111,0.5888888888888889,0.5777777777777777,0.5533333333333333,0.03937787810370967,289,0.6842105263157895,0.6734143049932524,0.6504723346828609,0.6366396761133604,0.6359649122807017,0.656140350877193,0.019523192804160337
1.6853872299194337,0.029395930003742892,0.06023826599121094,0.0018489599755155547,35,sqrt,10,11,586,"{'max_depth': 35, 'max_features': 'sqrt', 'min_samples_leaf': 10, 'min_samples_split': 11, 'n_estimators': 586}",0.5,0.5888888888888889,0.5111111111111111,0.5888888888888889,0.5777777777777777,0.5533333333333333,0.03937787810370967,289,0.6842105263157895,0.6734143049932524,0.6504723346828609,0.6366396761133604,0.6359649122807017,0.656140350877193,0.019523192804160337
1.6583651542663573,0.030599810624347912,0.059045600891113284,0.002777288575051022,35,sqrt,10,13,586,"{'max_depth': 35, 'max_features': 'sqrt', 'min_samples_leaf': 10, 'min_samples_split': 13, 'n_estimators': 586}",0.5,0.5888888888888889,0.5111111111111111,0.5888888888888889,0.5777777777777777,0.5533333333333333,0.03937787810370967,289,0.6842105263157895,0.6734143049932524,0.6504723346828609,0.6366396761133604,0.6359649122807017,0.656140350877193,0.019523192804160337
1.6772958755493164,0.03126360986024279,0.05964508056640625,0.0017170313724554236,35,sqrt,10,15,586,"{'max_depth': 35, 'max_features': 'sqrt', 'min_samples_leaf': 10, 'min_samples_split': 15, 'n_estimators': 586}",0.5,0.5888888888888889,0.5111111111111111,0.5888888888888889,0.5777777777777777,0.5533333333333333,0.03937787810370967,289,0.6842105263157895,0.6734143049932524,0.6504723346828609,0.6366396761133604,0.6359649122807017,0.656140350877193,0.019523192804160337
1.6654080390930175,0.027505511537222836,0.06103520393371582,0.004523212983637321,35,log2,10,11,586,"{'max_depth': 35, 'max_features': 'log2', 'min_samples_leaf': 10, 'min_samples_split': 11, 'n_estimators': 586}",0.5,0.5888888888888889,0.5111111111111111,0.5888888888888889,0.5777777777777777,0.5533333333333333,0.03937787810370967,289,0.6842105263157895,0.6734143049932524,0.6504723346828609,0.6366396761133604,0.6359649122807017,0.656140350877193,0.019523192804160337
1.650186586380005,0.030607684539892818,0.05964159965515137,0.0036990597445515495,35,log2,10,13,586,"{'max_depth': 35, 'max_features': 'log2', 'min_samples_leaf': 10, 'min_samples_split': 13, 'n_estimators': 586}",0.5,0.5888888888888889,0.5111111111111111,0.5888888888888889,0.5777777777777777,0.5533333333333333,0.03937787810370967,289,0.6842105263157895,0.6734143049932524,0.6504723346828609,0.6366396761133604,0.6359649122807017,0.656140350877193,0.019523192804160337
1.648338747024536,0.027785570218555017,0.06083755493164063,0.003568159896337056,35,log2,10,15,586,"{'max_depth': 35, 'max_features': 'log2', 'min_samples_leaf': 10, 'min_samples_split': 15, 'n_estimators': 586}",0.5,0.5888888888888889,0.5111111111111111,0.5888888888888889,0.5777777777777777,0.5533333333333333,0.03937787810370967,289,0.6842105263157895,0.6734143049932524,0.6504723346828609,0.6366396761133604,0.6359649122807017,0.656140350877193,0.019523192804160337
1.6498378753662108,0.037975280955938155,0.060239219665527345,0.002410119949311542,35,,10,11,586,"{'max_depth': 35, 'max_features': None, 'min_samples_leaf': 10, 'min_samples_split': 11, 'n_estimators': 586}",0.5,0.5888888888888889,0.5111111111111111,0.5888888888888889,0.5777777777777777,0.5533333333333333,0.03937787810370967,289,0.6842105263157895,0.6734143049932524,0.6504723346828609,0.6366396761133604,0.6359649122807017,0.656140350877193,0.019523192804160337
1.6671367645263673,0.025452656472161213,0.059641695022583006,0.002220247277360236,35,,10,13,586,"{'max_depth': 35, 'max_features': None, 'min_samples_leaf': 10, 'min_samples_split': 13, 'n_estimators': 586}",0.5,0.5888888888888889,0.5111111111111111,0.5888888888888889,0.5777777777777777,0.5533333333333333,0.03937787810370967,289,0.6842105263157895,0.6734143049932524,0.6504723346828609,0.6366396761133604,0.6359649122807017,0.656140350877193,0.019523192804160337
1.646396017074585,0.03191116624181703,0.05864448547363281,0.0019329969022677106,35,,10,15,586,"{'max_depth': 35, 'max_features': None, 'min_samples_leaf': 10, 'min_samples_split': 15, 'n_estimators': 586}",0.5,0.5888888888888889,0.5111111111111111,0.5888888888888889,0.5777777777777777,0.5533333333333333,0.03937787810370967,289,0.6842105263157895,0.6734143049932524,0.6504723346828609,0.6366396761133604,0.6359649122807017,0.656140350877193,0.019523192804160337
1.6683379650115966,0.01858739007198834,0.062248516082763675,0.003108318862287518,,sqrt,10,11,586,"{'max_depth': None, 'max_features': 'sqrt', 'min_samples_leaf': 10, 'min_samples_split': 11, 'n_estimators': 586}",0.5,0.5888888888888889,0.5111111111111111,0.5888888888888889,0.5777777777777777,0.5533333333333333,0.03937787810370967,289,0.6842105263157895,0.6734143049932524,0.6504723346828609,0.6366396761133604,0.6359649122807017,0.656140350877193,0.019523192804160337
1.6534050464630128,0.026724523706345083,0.06163520812988281,0.002778228226511651,,sqrt,10,13,586,"{'max_depth': None, 'max_features': 'sqrt', 'min_samples_leaf': 10, 'min_samples_split': 13, 'n_estimators': 586}",0.5,0.5888888888888889,0.5111111111111111,0.5888888888888889,0.5777777777777777,0.5533333333333333,0.03937787810370967,289,0.6842105263157895,0.6734143049932524,0.6504723346828609,0.6366396761133604,0.6359649122807017,0.656140350877193,0.019523192804160337
1.654375171661377,0.03192361324447551,0.061835193634033205,0.0043240571163476495,30,log2,10,15,586,"{'max_depth': 30, 'max_features': 'log2', 'min_samples_leaf': 10, 'min_samples_split': 15, 'n_estimators': 586}",0.5,0.5888888888888889,0.5111111111111111,0.5888888888888889,0.5777777777777777,0.5533333333333333,0.03937787810370967,289,0.6842105263157895,0.6734143049932524,0.6504723346828609,0.6366396761133604,0.6359649122807017,0.656140350877193,0.019523192804160337
1.3375123023986817,0.09148443078868362,0.04117803573608399,0.002187704132517113,,,10,15,586,"{'max_depth': None, 'max_features': None, 'min_samples_leaf': 10, 'min_samples_split': 15, 'n_estimators': 586}",0.5,0.5888888888888889,0.5111111111111111,0.5888888888888889,0.5777777777777777,0.5533333333333333,0.03937787810370967,289,0.6842105263157895,0.6734143049932524,0.6504723346828609,0.6366396761133604,0.6359649122807017,0.656140350877193,0.019523192804160337
