mean_fit_time,std_fit_time,mean_score_time,std_score_time,param_max_depth,param_max_features,param_min_samples_leaf,param_min_samples_split,param_n_estimators,params,split0_test_score,split1_test_score,split2_test_score,split3_test_score,split4_test_score,mean_test_score,std_test_score,rank_test_score,split0_train_score,split1_train_score,split2_train_score,split3_train_score,split4_train_score,mean_train_score,std_train_score
1.5409208297729493,0.14642297351569786,0.04996953010559082,0.0074531196030847655,25,log2,3,10,330,"{'max_depth': 25, 'max_features': 'log2', 'min_samples_leaf': 3, 'min_samples_split': 10, 'n_estimators': 330}",0.55,0.8944444444444444,0.6388888888888888,0.8333333333333333,0.6777777777777778,0.7188888888888888,0.1269100974686654,1,0.9605263157894737,0.9740215924426451,0.9352226720647774,0.986842105263158,0.9612010796221322,0.9635627530364372,0.0171421889137379
1.270362663269043,0.04218366435788058,0.05100340843200683,0.009862975044134838,15,log2,3,10,330,"{'max_depth': 15, 'max_features': 'log2', 'min_samples_leaf': 3, 'min_samples_split': 10, 'n_estimators': 330}",0.55,0.8944444444444444,0.6388888888888888,0.8333333333333333,0.6777777777777778,0.7188888888888888,0.1269100974686654,1,0.9605263157894737,0.9740215924426451,0.9352226720647774,0.986842105263158,0.9612010796221322,0.9635627530364372,0.0171421889137379
1.3008641719818115,0.04991132281208924,0.05040760040283203,0.005266002479778423,,log2,3,10,330,"{'max_depth': None, 'max_features': 'log2', 'min_samples_leaf': 3, 'min_samples_split': 10, 'n_estimators': 330}",0.55,0.8944444444444444,0.6388888888888888,0.8333333333333333,0.6777777777777778,0.7188888888888888,0.1269100974686654,1,0.9605263157894737,0.9740215924426451,0.9352226720647774,0.986842105263158,0.9612010796221322,0.9635627530364372,0.0171421889137379
1.5128346920013427,0.14829175397277042,0.06496319770812989,0.016554890402254017,20,log2,3,10,330,"{'max_depth': 20, 'max_features': 'log2', 'min_samples_leaf': 3, 'min_samples_split': 10, 'n_estimators': 330}",0.55,0.8944444444444444,0.6388888888888888,0.8333333333333333,0.6777777777777778,0.7188888888888888,0.1269100974686654,1,0.9605263157894737,0.9740215924426451,0.9352226720647774,0.986842105263158,0.9612010796221322,0.9635627530364372,0.0171421889137379
2.5560293197631836,0.24708098518252422,0.07956905364990234,0.013063116822269107,15,sqrt,3,6,530,"{'max_depth': 15, 'max_features': 'sqrt', 'min_samples_leaf': 3, 'min_samples_split': 6, 'n_estimators': 530}",0.55,0.8944444444444444,0.6388888888888888,0.8333333333333333,0.6722222222222223,0.7177777777777777,0.12728891992550828,5,0.986842105263158,0.9871794871794872,0.9871794871794872,0.986842105263158,0.9871794871794872,0.9870445344129555,0.00016528270868981104
1.5393461227416991,0.3376383508668763,0.048333597183227536,0.007416453102069379,15,sqrt,3,6,330,"{'max_depth': 15, 'max_features': 'sqrt', 'min_samples_leaf': 3, 'min_samples_split': 6, 'n_estimators': 330}",0.55,0.8944444444444444,0.6388888888888888,0.8333333333333333,0.6722222222222223,0.7177777777777777,0.12728891992550828,5,0.986842105263158,0.9740215924426451,0.9743589743589743,0.986842105263158,0.9740215924426451,0.9792172739541162,0.006226867473716272
2.5866482257843018,0.2920018635092687,0.08236289024353027,0.011708205792080636,25,sqrt,3,6,530,"{'max_depth': 25, 'max_features': 'sqrt', 'min_samples_leaf': 3, 'min_samples_split': 6, 'n_estimators': 530}",0.55,0.8944444444444444,0.6388888888888888,0.8333333333333333,0.6722222222222223,0.7177777777777777,0.12728891992550828,5,0.986842105263158,0.9871794871794872,0.9871794871794872,0.986842105263158,0.9871794871794872,0.9870445344129555,0.00016528270868981104
1.6167319774627686,0.21332360818427956,0.05507936477661133,0.010098330439034062,25,sqrt,3,6,330,"{'max_depth': 25, 'max_features': 'sqrt', 'min_samples_leaf': 3, 'min_samples_split': 6, 'n_estimators': 330}",0.55,0.8944444444444444,0.6388888888888888,0.8333333333333333,0.6722222222222223,0.7177777777777777,0.12728891992550828,5,0.986842105263158,0.9740215924426451,0.9743589743589743,0.986842105263158,0.9740215924426451,0.9792172739541162,0.006226867473716272
1.6696046352386475,0.40311835062682977,0.055682039260864256,0.014676148309749271,,sqrt,3,6,330,"{'max_depth': None, 'max_features': 'sqrt', 'min_samples_leaf': 3, 'min_samples_split': 6, 'n_estimators': 330}",0.55,0.8944444444444444,0.6388888888888888,0.8333333333333333,0.6722222222222223,0.7177777777777777,0.12728891992550828,5,0.986842105263158,0.9740215924426451,0.9743589743589743,0.986842105263158,0.9740215924426451,0.9792172739541162,0.006226867473716272
2.622213935852051,0.4660931207639667,0.07919368743896485,0.006555965514646026,20,sqrt,3,6,530,"{'max_depth': 20, 'max_features': 'sqrt', 'min_samples_leaf': 3, 'min_samples_split': 6, 'n_estimators': 530}",0.55,0.8944444444444444,0.6388888888888888,0.8333333333333333,0.6722222222222223,0.7177777777777777,0.12728891992550828,5,0.986842105263158,0.9871794871794872,0.9871794871794872,0.986842105263158,0.9871794871794872,0.9870445344129555,0.00016528270868981104
1.7739606857299806,0.3703219151787461,0.062239885330200195,0.00698873533279473,20,sqrt,3,6,330,"{'max_depth': 20, 'max_features': 'sqrt', 'min_samples_leaf': 3, 'min_samples_split': 6, 'n_estimators': 330}",0.55,0.8944444444444444,0.6388888888888888,0.8333333333333333,0.6722222222222223,0.7177777777777777,0.12728891992550828,5,0.986842105263158,0.9740215924426451,0.9743589743589743,0.986842105263158,0.9740215924426451,0.9792172739541162,0.006226867473716272
3.262542152404785,0.360273977561379,0.12312102317810059,0.040204181862245544,,sqrt,3,6,530,"{'max_depth': None, 'max_features': 'sqrt', 'min_samples_leaf': 3, 'min_samples_split': 6, 'n_estimators': 530}",0.55,0.8944444444444444,0.6388888888888888,0.8333333333333333,0.6722222222222223,0.7177777777777777,0.12728891992550828,5,0.986842105263158,0.9871794871794872,0.9871794871794872,0.986842105263158,0.9871794871794872,0.9870445344129555,0.00016528270868981104
2.5789444923400877,0.41579131583219087,0.06865324974060058,0.017751338325155,20,,3,6,330,"{'max_depth': 20, 'max_features': None, 'min_samples_leaf': 3, 'min_samples_split': 6, 'n_estimators': 330}",0.44999999999999996,0.8944444444444444,0.6944444444444444,0.8333333333333333,0.6777777777777778,0.71,0.15369522511198003,13,0.986842105263158,0.9871794871794872,0.9612010796221322,0.986842105263158,0.9871794871794872,0.9818488529014846,0.01032498913609003
3.195724296569824,1.2172510864905264,0.07678103446960449,0.02182007700048372,15,,3,6,330,"{'max_depth': 15, 'max_features': None, 'min_samples_leaf': 3, 'min_samples_split': 6, 'n_estimators': 330}",0.44999999999999996,0.8944444444444444,0.6944444444444444,0.8333333333333333,0.6777777777777778,0.71,0.15369522511198003,13,0.986842105263158,0.9871794871794872,0.9612010796221322,0.986842105263158,0.9871794871794872,0.9818488529014846,0.01032498913609003
2.2535285472869875,0.4964194899407444,0.061916017532348634,0.01413075011124673,25,,3,6,330,"{'max_depth': 25, 'max_features': None, 'min_samples_leaf': 3, 'min_samples_split': 6, 'n_estimators': 330}",0.44999999999999996,0.8944444444444444,0.6944444444444444,0.8333333333333333,0.6777777777777778,0.71,0.15369522511198003,13,0.986842105263158,0.9871794871794872,0.9612010796221322,0.986842105263158,0.9871794871794872,0.9818488529014846,0.01032498913609003
2.446204996109009,0.4271504698483348,0.05565247535705566,0.013989214744047,,,3,6,330,"{'max_depth': None, 'max_features': None, 'min_samples_leaf': 3, 'min_samples_split': 6, 'n_estimators': 330}",0.44999999999999996,0.8944444444444444,0.6944444444444444,0.8333333333333333,0.6777777777777778,0.71,0.15369522511198003,13,0.986842105263158,0.9871794871794872,0.9612010796221322,0.986842105263158,0.9871794871794872,0.9818488529014846,0.01032498913609003
1.3345055103302002,0.06712594490085574,0.04828476905822754,0.003036464140292699,15,sqrt,2,10,330,"{'max_depth': 15, 'max_features': 'sqrt', 'min_samples_leaf': 2, 'min_samples_split': 10, 'n_estimators': 330}",0.55,0.8444444444444444,0.6388888888888888,0.8888888888888888,0.6222222222222222,0.7088888888888889,0.13299029946987267,17,0.9736842105263157,0.9740215924426451,0.9612010796221322,0.986842105263158,0.9740215924426451,0.9739541160593792,0.008109527226760428
1.5110809326171875,0.17567154696141393,0.060804319381713864,0.011846755849161048,20,log2,2,10,330,"{'max_depth': 20, 'max_features': 'log2', 'min_samples_leaf': 2, 'min_samples_split': 10, 'n_estimators': 330}",0.55,0.8444444444444444,0.6388888888888888,0.8333333333333333,0.6777777777777778,0.7088888888888889,0.11399588469938314,17,0.9736842105263157,0.9740215924426451,0.9483805668016194,0.986842105263158,0.9612010796221322,0.9688259109311741,0.013048613632105625
1.6778248310089112,0.2602319673486598,0.07872838973999023,0.029369240929094112,20,sqrt,2,10,330,"{'max_depth': 20, 'max_features': 'sqrt', 'min_samples_leaf': 2, 'min_samples_split': 10, 'n_estimators': 330}",0.55,0.8444444444444444,0.6388888888888888,0.8888888888888888,0.6222222222222222,0.7088888888888889,0.13299029946987267,17,0.9736842105263157,0.9740215924426451,0.9612010796221322,0.986842105263158,0.9740215924426451,0.9739541160593792,0.008109527226760428
1.4715503692626952,0.254735976432807,0.05116009712219238,0.005605846560347211,15,sqrt,2,8,330,"{'max_depth': 15, 'max_features': 'sqrt', 'min_samples_leaf': 2, 'min_samples_split': 8, 'n_estimators': 330}",0.55,0.8444444444444444,0.6388888888888888,0.8888888888888888,0.6222222222222222,0.7088888888888889,0.13299029946987267,17,0.986842105263158,0.9871794871794872,0.9871794871794872,0.986842105263158,0.9740215924426451,0.984412955465587,0.005197871841449618
3.594620180130005,0.2435422384218931,0.10004024505615235,0.004617887734624411,25,log2,2,8,730,"{'max_depth': 25, 'max_features': 'log2', 'min_samples_leaf': 2, 'min_samples_split': 8, 'n_estimators': 730}",0.55,0.8444444444444444,0.6388888888888888,0.8333333333333333,0.6777777777777778,0.7088888888888889,0.11399588469938314,17,0.986842105263158,0.9871794871794872,0.9871794871794872,0.986842105263158,0.9871794871794872,0.9870445344129555,0.00016528270868981104
1.2744562149047851,0.03772422408370924,0.050615453720092775,0.005264743079005829,,log2,2,10,330,"{'max_depth': None, 'max_features': 'log2', 'min_samples_leaf': 2, 'min_samples_split': 10, 'n_estimators': 330}",0.55,0.8444444444444444,0.6388888888888888,0.8333333333333333,0.6777777777777778,0.7088888888888889,0.11399588469938314,17,0.9736842105263157,0.9740215924426451,0.9483805668016194,0.986842105263158,0.9612010796221322,0.9688259109311741,0.013048613632105625
1.5837927341461182,0.3213133758678393,0.06148471832275391,0.023875376167159377,,sqrt,2,8,330,"{'max_depth': None, 'max_features': 'sqrt', 'min_samples_leaf': 2, 'min_samples_split': 8, 'n_estimators': 330}",0.55,0.8444444444444444,0.6388888888888888,0.8888888888888888,0.6222222222222222,0.7088888888888889,0.13299029946987267,17,0.986842105263158,0.9871794871794872,0.9871794871794872,0.986842105263158,0.9740215924426451,0.984412955465587,0.005197871841449618
2.8139275550842284,0.07006567274758159,0.09625415802001953,0.005632304634588726,,log2,2,8,730,"{'max_depth': None, 'max_features': 'log2', 'min_samples_leaf': 2, 'min_samples_split': 8, 'n_estimators': 730}",0.55,0.8444444444444444,0.6388888888888888,0.8333333333333333,0.6777777777777778,0.7088888888888889,0.11399588469938314,17,0.986842105263158,0.9871794871794872,0.9871794871794872,0.986842105263158,0.9871794871794872,0.9870445344129555,0.00016528270868981104
3.7506449699401854,0.30601044945546274,0.1103245735168457,0.010941892226758813,20,log2,2,8,730,"{'max_depth': 20, 'max_features': 'log2', 'min_samples_leaf': 2, 'min_samples_split': 8, 'n_estimators': 730}",0.55,0.8444444444444444,0.6388888888888888,0.8333333333333333,0.6777777777777778,0.7088888888888889,0.11399588469938314,17,0.986842105263158,0.9871794871794872,0.9871794871794872,0.986842105263158,0.9871794871794872,0.9870445344129555,0.00016528270868981104
1.3846184730529785,0.0932831558217591,0.0471707820892334,0.004360707450280562,25,log2,2,10,330,"{'max_depth': 25, 'max_features': 'log2', 'min_samples_leaf': 2, 'min_samples_split': 10, 'n_estimators': 330}",0.55,0.8444444444444444,0.6388888888888888,0.8333333333333333,0.6777777777777778,0.7088888888888889,0.11399588469938314,17,0.9736842105263157,0.9740215924426451,0.9483805668016194,0.986842105263158,0.9612010796221322,0.9688259109311741,0.013048613632105625
1.6074862480163574,0.1954263811611987,0.06214609146118164,0.010059359357308754,,sqrt,2,10,330,"{'max_depth': None, 'max_features': 'sqrt', 'min_samples_leaf': 2, 'min_samples_split': 10, 'n_estimators': 330}",0.55,0.8444444444444444,0.6388888888888888,0.8888888888888888,0.6222222222222222,0.7088888888888889,0.13299029946987267,17,0.9736842105263157,0.9740215924426451,0.9612010796221322,0.986842105263158,0.9740215924426451,0.9739541160593792,0.008109527226760428
1.6476565837860107,0.11360321477181834,0.05225391387939453,0.005758583607860257,20,sqrt,2,8,330,"{'max_depth': 20, 'max_features': 'sqrt', 'min_samples_leaf': 2, 'min_samples_split': 8, 'n_estimators': 330}",0.55,0.8444444444444444,0.6388888888888888,0.8888888888888888,0.6222222222222222,0.7088888888888889,0.13299029946987267,17,0.986842105263158,0.9871794871794872,0.9871794871794872,0.986842105263158,0.9740215924426451,0.984412955465587,0.005197871841449618
2.900260877609253,0.13343814258444867,0.11110978126525879,0.01789180949641322,15,log2,2,8,730,"{'max_depth': 15, 'max_features': 'log2', 'min_samples_leaf': 2, 'min_samples_split': 8, 'n_estimators': 730}",0.55,0.8444444444444444,0.6388888888888888,0.8333333333333333,0.6777777777777778,0.7088888888888889,0.11399588469938314,17,0.986842105263158,0.9871794871794872,0.9871794871794872,0.986842105263158,0.9871794871794872,0.9870445344129555,0.00016528270868981104
1.3780501365661622,0.08397245927641486,0.04661164283752441,0.005247511812386506,15,log2,2,10,330,"{'max_depth': 15, 'max_features': 'log2', 'min_samples_leaf': 2, 'min_samples_split': 10, 'n_estimators': 330}",0.55,0.8444444444444444,0.6388888888888888,0.8333333333333333,0.6777777777777778,0.7088888888888889,0.11399588469938314,17,0.9736842105263157,0.9740215924426451,0.9483805668016194,0.986842105263158,0.9612010796221322,0.9688259109311741,0.013048613632105625
1.6177123069763184,0.3253129058228467,0.05095968246459961,0.010547904683141008,25,sqrt,2,10,330,"{'max_depth': 25, 'max_features': 'sqrt', 'min_samples_leaf': 2, 'min_samples_split': 10, 'n_estimators': 330}",0.55,0.8444444444444444,0.6388888888888888,0.8888888888888888,0.6222222222222222,0.7088888888888889,0.13299029946987267,17,0.9736842105263157,0.9740215924426451,0.9612010796221322,0.986842105263158,0.9740215924426451,0.9739541160593792,0.008109527226760428
1.7246367931365967,0.34881228115117247,0.06062812805175781,0.02338086197169726,25,sqrt,2,8,330,"{'max_depth': 25, 'max_features': 'sqrt', 'min_samples_leaf': 2, 'min_samples_split': 8, 'n_estimators': 330}",0.55,0.8444444444444444,0.6388888888888888,0.8888888888888888,0.6222222222222222,0.7088888888888889,0.13299029946987267,17,0.986842105263158,0.9871794871794872,0.9871794871794872,0.986842105263158,0.9740215924426451,0.984412955465587,0.005197871841449618
1.38130784034729,0.0705833024141418,0.048553180694580075,0.004051288867277129,15,sqrt,2,6,330,"{'max_depth': 15, 'max_features': 'sqrt', 'min_samples_leaf': 2, 'min_samples_split': 6, 'n_estimators': 330}",0.55,0.8444444444444444,0.6388888888888888,0.8333333333333333,0.6722222222222223,0.7077777777777777,0.11432032103903983,33,1.0,0.9871794871794872,0.9871794871794872,0.986842105263158,0.9871794871794872,0.9896761133603238,0.005163596887910639
1.4360143184661864,0.11919531299259874,0.049723339080810544,0.0063635652742883315,,sqrt,2,6,330,"{'max_depth': None, 'max_features': 'sqrt', 'min_samples_leaf': 2, 'min_samples_split': 6, 'n_estimators': 330}",0.55,0.8444444444444444,0.6388888888888888,0.8333333333333333,0.6722222222222223,0.7077777777777777,0.11432032103903983,33,1.0,0.9871794871794872,0.9871794871794872,0.986842105263158,0.9871794871794872,0.9896761133603238,0.005163596887910639
1.4906220436096191,0.2798796242176799,0.0502410888671875,0.004297681257092936,20,sqrt,2,6,330,"{'max_depth': 20, 'max_features': 'sqrt', 'min_samples_leaf': 2, 'min_samples_split': 6, 'n_estimators': 330}",0.55,0.8444444444444444,0.6388888888888888,0.8333333333333333,0.6722222222222223,0.7077777777777777,0.11432032103903983,33,1.0,0.9871794871794872,0.9871794871794872,0.986842105263158,0.9871794871794872,0.9896761133603238,0.005163596887910639
1.3947265148162842,0.06635415636310225,0.05816206932067871,0.011719137938519612,25,sqrt,2,6,330,"{'max_depth': 25, 'max_features': 'sqrt', 'min_samples_leaf': 2, 'min_samples_split': 6, 'n_estimators': 330}",0.55,0.8444444444444444,0.6388888888888888,0.8333333333333333,0.6722222222222223,0.7077777777777777,0.11432032103903983,33,1.0,0.9871794871794872,0.9871794871794872,0.986842105263158,0.9871794871794872,0.9896761133603238,0.005163596887910639
1.6125701427459718,0.09873504814035192,0.04074749946594238,0.0026694776786880567,15,,2,10,330,"{'max_depth': 15, 'max_features': None, 'min_samples_leaf': 2, 'min_samples_split': 10, 'n_estimators': 330}",0.55,0.8944444444444444,0.6388888888888888,0.8333333333333333,0.6222222222222222,0.7077777777777776,0.13233888410785988,37,0.986842105263158,0.9871794871794872,0.9871794871794872,0.986842105263158,0.9871794871794872,0.9870445344129555,0.00016528270868981104
3.806855010986328,0.3605318440308441,0.11037220954895019,0.013182963018774373,20,sqrt,3,6,730,"{'max_depth': 20, 'max_features': 'sqrt', 'min_samples_leaf': 3, 'min_samples_split': 6, 'n_estimators': 730}",0.55,0.8944444444444444,0.6388888888888888,0.8333333333333333,0.6222222222222222,0.7077777777777776,0.13233888410785988,37,0.9736842105263158,0.9871794871794872,0.9871794871794872,0.986842105263158,0.9871794871794872,0.9844129554655872,0.005365963657778968
1.5829889297485351,0.04886679263818394,0.04875340461730957,0.0045458633633764,20,sqrt,3,8,330,"{'max_depth': 20, 'max_features': 'sqrt', 'min_samples_leaf': 3, 'min_samples_split': 8, 'n_estimators': 330}",0.55,0.8944444444444444,0.6388888888888888,0.8333333333333333,0.6222222222222222,0.7077777777777776,0.13233888410785988,37,0.9736842105263157,0.9740215924426451,0.9352226720647774,0.986842105263158,0.9740215924426451,0.9687584345479083,0.01750046538182265
2.4689606189727784,0.38943316331244027,0.058263111114501956,0.013074961091264424,25,,2,8,330,"{'max_depth': 25, 'max_features': None, 'min_samples_leaf': 2, 'min_samples_split': 8, 'n_estimators': 330}",0.55,0.8944444444444444,0.6388888888888888,0.8333333333333333,0.6222222222222222,0.7077777777777776,0.13233888410785988,37,0.986842105263158,1.0,0.9871794871794872,1.0,0.9871794871794872,0.9922402159244263,0.00633703475404796
2.676573657989502,0.08148098780843469,0.091762113571167,0.014191113006137044,20,sqrt,3,8,530,"{'max_depth': 20, 'max_features': 'sqrt', 'min_samples_leaf': 3, 'min_samples_split': 8, 'n_estimators': 530}",0.55,0.8944444444444444,0.6388888888888888,0.8333333333333333,0.6222222222222222,0.7077777777777776,0.13233888410785988,37,0.9736842105263158,0.9740215924426451,0.9483805668016194,0.986842105263158,0.9612010796221322,0.9688259109311741,0.013048613632105634
1.827256965637207,0.08543464678080054,0.07178697586059571,0.014790160340082903,20,sqrt,4,6,330,"{'max_depth': 20, 'max_features': 'sqrt', 'min_samples_leaf': 4, 'min_samples_split': 6, 'n_estimators': 330}",0.55,0.8944444444444444,0.6388888888888888,0.8333333333333333,0.6222222222222222,0.7077777777777776,0.13233888410785988,37,0.9473684210526316,0.9740215924426451,0.9352226720647774,0.986842105263158,0.9612010796221322,0.9609311740890689,0.01837217244768398
2.962030601501465,0.3335207541661823,0.0918057918548584,0.019924480636039004,20,log2,2,6,530,"{'max_depth': 20, 'max_features': 'log2', 'min_samples_leaf': 2, 'min_samples_split': 6, 'n_estimators': 530}",0.55,0.8944444444444444,0.6388888888888888,0.8333333333333333,0.6222222222222222,0.7077777777777776,0.13233888410785988,37,0.986842105263158,0.9871794871794872,1.0,0.986842105263158,0.9871794871794872,0.989608636977058,0.005197871841449574
2.651882266998291,0.33262385109830067,0.10178346633911133,0.004737733973412408,20,log2,3,6,530,"{'max_depth': 20, 'max_features': 'log2', 'min_samples_leaf': 3, 'min_samples_split': 6, 'n_estimators': 530}",0.55,0.8944444444444444,0.6388888888888888,0.8333333333333333,0.6222222222222222,0.7077777777777776,0.13233888410785988,37,0.9736842105263158,0.9871794871794872,0.9743589743589743,0.986842105263158,0.9871794871794872,0.9818488529014846,0.00639567914227953
2.203008699417114,0.29188471334446364,0.06510758399963379,0.02005860598297723,20,,2,10,330,"{'max_depth': 20, 'max_features': None, 'min_samples_leaf': 2, 'min_samples_split': 10, 'n_estimators': 330}",0.55,0.8944444444444444,0.6388888888888888,0.8333333333333333,0.6222222222222222,0.7077777777777776,0.13233888410785988,37,0.986842105263158,0.9871794871794872,0.9871794871794872,0.986842105263158,0.9871794871794872,0.9870445344129555,0.00016528270868981104
2.6295939922332763,0.24049954437112178,0.05941019058227539,0.02629060525913909,25,,2,10,330,"{'max_depth': 25, 'max_features': None, 'min_samples_leaf': 2, 'min_samples_split': 10, 'n_estimators': 330}",0.55,0.8944444444444444,0.6388888888888888,0.8333333333333333,0.6222222222222222,0.7077777777777776,0.13233888410785988,37,0.986842105263158,0.9871794871794872,0.9871794871794872,0.986842105263158,0.9871794871794872,0.9870445344129555,0.00016528270868981104
2.895140218734741,0.14819893426997627,0.07612466812133789,0.03254367480981694,20,,2,8,330,"{'max_depth': 20, 'max_features': None, 'min_samples_leaf': 2, 'min_samples_split': 8, 'n_estimators': 330}",0.55,0.8944444444444444,0.6388888888888888,0.8333333333333333,0.6222222222222222,0.7077777777777776,0.13233888410785988,37,0.986842105263158,1.0,0.9871794871794872,1.0,0.9871794871794872,0.9922402159244263,0.00633703475404796
1.7773487091064453,0.024635432982593908,0.07360000610351562,0.015513998845429504,20,sqrt,4,8,330,"{'max_depth': 20, 'max_features': 'sqrt', 'min_samples_leaf': 4, 'min_samples_split': 8, 'n_estimators': 330}",0.55,0.8944444444444444,0.6388888888888888,0.8333333333333333,0.6222222222222222,0.7077777777777776,0.13233888410785988,37,0.9473684210526316,0.9740215924426451,0.9352226720647774,0.986842105263158,0.9612010796221322,0.9609311740890689,0.01837217244768398
2.2159327983856203,0.3010654179369724,0.07368888854980468,0.018901796108516396,,,2,10,330,"{'max_depth': None, 'max_features': None, 'min_samples_leaf': 2, 'min_samples_split': 10, 'n_estimators': 330}",0.55,0.8944444444444444,0.6388888888888888,0.8333333333333333,0.6222222222222222,0.7077777777777776,0.13233888410785988,37,0.986842105263158,0.9871794871794872,0.9871794871794872,0.986842105263158,0.9871794871794872,0.9870445344129555,0.00016528270868981104
3.3205553531646728,0.31326851762461416,0.10870943069458008,0.01256043003542193,20,log2,3,8,730,"{'max_depth': 20, 'max_features': 'log2', 'min_samples_leaf': 3, 'min_samples_split': 8, 'n_estimators': 730}",0.55,0.8944444444444444,0.6388888888888888,0.8333333333333333,0.6222222222222222,0.7077777777777776,0.13233888410785988,37,0.9736842105263158,0.9740215924426451,0.9615384615384616,0.986842105263158,0.9743589743589743,0.9740890688259108,0.008004985870760243
2.1266518592834474,0.239056484207208,0.05402331352233887,0.003970386664845245,,,2,8,330,"{'max_depth': None, 'max_features': None, 'min_samples_leaf': 2, 'min_samples_split': 8, 'n_estimators': 330}",0.55,0.8944444444444444,0.6388888888888888,0.8333333333333333,0.6222222222222222,0.7077777777777776,0.13233888410785988,37,0.986842105263158,1.0,0.9871794871794872,1.0,0.9871794871794872,0.9922402159244263,0.00633703475404796
2.309523105621338,0.1639144920338755,0.08062376976013183,0.014825573124496188,20,log2,3,8,530,"{'max_depth': 20, 'max_features': 'log2', 'min_samples_leaf': 3, 'min_samples_split': 8, 'n_estimators': 530}",0.55,0.8944444444444444,0.6388888888888888,0.8333333333333333,0.6222222222222222,0.7077777777777776,0.13233888410785988,37,0.9605263157894737,0.9740215924426451,0.9483805668016194,0.986842105263158,0.9743589743589743,0.9688259109311741,0.013183994323152318
1.7179803848266602,0.20769003341081155,0.07092270851135254,0.020028944924094242,20,log2,3,8,330,"{'max_depth': 20, 'max_features': 'log2', 'min_samples_leaf': 3, 'min_samples_split': 8, 'n_estimators': 330}",0.55,0.8944444444444444,0.6388888888888888,0.8333333333333333,0.6222222222222222,0.7077777777777776,0.13233888410785988,37,0.9605263157894737,0.9740215924426451,0.9483805668016194,0.986842105263158,0.9612010796221322,0.9661943319838058,0.013130009553528011
3.7982749938964844,0.313117414160693,0.11175055503845215,0.007641965403120183,20,log2,3,6,730,"{'max_depth': 20, 'max_features': 'log2', 'min_samples_leaf': 3, 'min_samples_split': 6, 'n_estimators': 730}",0.55,0.8944444444444444,0.6388888888888888,0.8333333333333333,0.6222222222222222,0.7077777777777776,0.13233888410785988,37,0.9736842105263158,0.9871794871794872,0.9743589743589743,0.986842105263158,0.9871794871794872,0.9818488529014846,0.00639567914227953
1.5442808151245118,0.25120449253494936,0.06960115432739258,0.03951330568809712,,log2,2,6,330,"{'max_depth': None, 'max_features': 'log2', 'min_samples_leaf': 2, 'min_samples_split': 6, 'n_estimators': 330}",0.55,0.8944444444444444,0.6388888888888888,0.8333333333333333,0.6222222222222222,0.7077777777777776,0.13233888410785988,37,0.986842105263158,0.9871794871794872,1.0,1.0,1.0,0.9948043184885289,0.0063642786086648
1.6206707954406738,0.3155478810467101,0.06190500259399414,0.0336513590971459,20,log2,2,6,330,"{'max_depth': 20, 'max_features': 'log2', 'min_samples_leaf': 2, 'min_samples_split': 6, 'n_estimators': 330}",0.55,0.8944444444444444,0.6388888888888888,0.8333333333333333,0.6222222222222222,0.7077777777777776,0.13233888410785988,37,0.986842105263158,0.9871794871794872,1.0,1.0,1.0,0.9948043184885289,0.0063642786086648
1.6122471332550048,0.0704436266030504,0.04236297607421875,0.004022566744127841,15,,2,8,330,"{'max_depth': 15, 'max_features': None, 'min_samples_leaf': 2, 'min_samples_split': 8, 'n_estimators': 330}",0.55,0.8944444444444444,0.6388888888888888,0.8333333333333333,0.6222222222222222,0.7077777777777776,0.13233888410785988,37,0.986842105263158,1.0,0.9871794871794872,1.0,0.9871794871794872,0.9922402159244263,0.00633703475404796
1.1165282726287842,0.07170328069499914,0.04715394973754883,0.004230387025007148,15,log2,2,6,330,"{'max_depth': 15, 'max_features': 'log2', 'min_samples_leaf': 2, 'min_samples_split': 6, 'n_estimators': 330}",0.55,0.8944444444444444,0.6388888888888888,0.8333333333333333,0.6222222222222222,0.7077777777777776,0.13233888410785988,37,0.986842105263158,0.9871794871794872,1.0,1.0,1.0,0.9948043184885289,0.0063642786086648
2.9337948322296143,0.053977943098287344,0.10083026885986328,0.006805259888538382,15,sqrt,3,6,730,"{'max_depth': 15, 'max_features': 'sqrt', 'min_samples_leaf': 3, 'min_samples_split': 6, 'n_estimators': 730}",0.55,0.8944444444444444,0.6388888888888888,0.8333333333333333,0.6222222222222222,0.7077777777777776,0.13233888410785988,37,0.9736842105263158,0.9871794871794872,0.9871794871794872,0.986842105263158,0.9871794871794872,0.9844129554655872,0.005365963657778968
1.2681993007659913,0.043224901988905676,0.049703216552734374,0.006225786359639851,15,sqrt,3,8,330,"{'max_depth': 15, 'max_features': 'sqrt', 'min_samples_leaf': 3, 'min_samples_split': 8, 'n_estimators': 330}",0.55,0.8944444444444444,0.6388888888888888,0.8333333333333333,0.6222222222222222,0.7077777777777776,0.13233888410785988,37,0.9736842105263157,0.9740215924426451,0.9352226720647774,0.986842105263158,0.9740215924426451,0.9687584345479083,0.01750046538182265
1.9905635833740234,0.3956768969748316,0.05912556648254395,0.016408792149446835,25,log2,3,8,330,"{'max_depth': 25, 'max_features': 'log2', 'min_samples_leaf': 3, 'min_samples_split': 8, 'n_estimators': 330}",0.55,0.8944444444444444,0.6388888888888888,0.8333333333333333,0.6222222222222222,0.7077777777777776,0.13233888410785988,37,0.9605263157894737,0.9740215924426451,0.9483805668016194,0.986842105263158,0.9612010796221322,0.9661943319838058,0.013130009553528011
2.021694469451904,0.09399724917926716,0.07850422859191894,0.01943385137844154,,log2,3,6,530,"{'max_depth': None, 'max_features': 'log2', 'min_samples_leaf': 3, 'min_samples_split': 6, 'n_estimators': 530}",0.55,0.8944444444444444,0.6388888888888888,0.8333333333333333,0.6222222222222222,0.7077777777777776,0.13233888410785988,37,0.9736842105263158,0.9871794871794872,0.9743589743589743,0.986842105263158,0.9871794871794872,0.9818488529014846,0.00639567914227953
2.532439422607422,0.09689475875742781,0.07761850357055664,0.008597855429621397,25,log2,3,8,530,"{'max_depth': 25, 'max_features': 'log2', 'min_samples_leaf': 3, 'min_samples_split': 8, 'n_estimators': 530}",0.55,0.8944444444444444,0.6388888888888888,0.8333333333333333,0.6222222222222222,0.7077777777777776,0.13233888410785988,37,0.9605263157894737,0.9740215924426451,0.9483805668016194,0.986842105263158,0.9743589743589743,0.9688259109311741,0.013183994323152318
3.0804515838623048,0.2992732424802929,0.10142121315002442,0.0055257684928178424,25,log2,3,8,730,"{'max_depth': 25, 'max_features': 'log2', 'min_samples_leaf': 3, 'min_samples_split': 8, 'n_estimators': 730}",0.55,0.8944444444444444,0.6388888888888888,0.8333333333333333,0.6222222222222222,0.7077777777777776,0.13233888410785988,37,0.9736842105263158,0.9740215924426451,0.9615384615384616,0.986842105263158,0.9743589743589743,0.9740890688259108,0.008004985870760243
2.8435128688812257,0.5495954479763724,0.1263744831085205,0.0723601511630736,,sqrt,3,8,530,"{'max_depth': None, 'max_features': 'sqrt', 'min_samples_leaf': 3, 'min_samples_split': 8, 'n_estimators': 530}",0.55,0.8944444444444444,0.6388888888888888,0.8333333333333333,0.6222222222222222,0.7077777777777776,0.13233888410785988,37,0.9736842105263158,0.9740215924426451,0.9483805668016194,0.986842105263158,0.9612010796221322,0.9688259109311741,0.013048613632105634
2.886201810836792,0.06694776428324677,0.09714903831481933,0.0035758070494871764,,log2,3,6,730,"{'max_depth': None, 'max_features': 'log2', 'min_samples_leaf': 3, 'min_samples_split': 6, 'n_estimators': 730}",0.55,0.8944444444444444,0.6388888888888888,0.8333333333333333,0.6222222222222222,0.7077777777777776,0.13233888410785988,37,0.9736842105263158,0.9871794871794872,0.9743589743589743,0.986842105263158,0.9871794871794872,0.9818488529014846,0.00639567914227953
1.2388797283172608,0.06151192002059196,0.04388017654418945,0.006259494621292751,,log2,3,8,330,"{'max_depth': None, 'max_features': 'log2', 'min_samples_leaf': 3, 'min_samples_split': 8, 'n_estimators': 330}",0.55,0.8944444444444444,0.6388888888888888,0.8333333333333333,0.6222222222222222,0.7077777777777776,0.13233888410785988,37,0.9605263157894737,0.9740215924426451,0.9483805668016194,0.986842105263158,0.9612010796221322,0.9661943319838058,0.013130009553528011
2.0399138927459717,0.11478571141545352,0.06956572532653808,0.005198594439143073,,log2,3,8,530,"{'max_depth': None, 'max_features': 'log2', 'min_samples_leaf': 3, 'min_samples_split': 8, 'n_estimators': 530}",0.55,0.8944444444444444,0.6388888888888888,0.8333333333333333,0.6222222222222222,0.7077777777777776,0.13233888410785988,37,0.9605263157894737,0.9740215924426451,0.9483805668016194,0.986842105263158,0.9743589743589743,0.9688259109311741,0.013183994323152318
2.727553462982178,0.112242290137366,0.09464788436889648,0.004012498936839036,,log2,3,8,730,"{'max_depth': None, 'max_features': 'log2', 'min_samples_leaf': 3, 'min_samples_split': 8, 'n_estimators': 730}",0.55,0.8944444444444444,0.6388888888888888,0.8333333333333333,0.6222222222222222,0.7077777777777776,0.13233888410785988,37,0.9736842105263158,0.9740215924426451,0.9615384615384616,0.986842105263158,0.9743589743589743,0.9740890688259108,0.008004985870760243
1.7512959480285644,0.38282420849372256,0.06815938949584961,0.014542810236355895,25,sqrt,4,8,330,"{'max_depth': 25, 'max_features': 'sqrt', 'min_samples_leaf': 4, 'min_samples_split': 8, 'n_estimators': 330}",0.55,0.8944444444444444,0.6388888888888888,0.8333333333333333,0.6222222222222222,0.7077777777777776,0.13233888410785988,37,0.9473684210526316,0.9740215924426451,0.9352226720647774,0.986842105263158,0.9612010796221322,0.9609311740890689,0.01837217244768398
1.5740278720855714,0.1638431450873956,0.05821142196655273,0.007396775713611182,25,sqrt,4,6,330,"{'max_depth': 25, 'max_features': 'sqrt', 'min_samples_leaf': 4, 'min_samples_split': 6, 'n_estimators': 330}",0.55,0.8944444444444444,0.6388888888888888,0.8333333333333333,0.6222222222222222,0.7077777777777776,0.13233888410785988,37,0.9473684210526316,0.9740215924426451,0.9352226720647774,0.986842105263158,0.9612010796221322,0.9609311740890689,0.01837217244768398
3.02337327003479,0.11496674878783479,0.10589261054992676,0.014161138113684723,15,log2,3,8,730,"{'max_depth': 15, 'max_features': 'log2', 'min_samples_leaf': 3, 'min_samples_split': 8, 'n_estimators': 730}",0.55,0.8944444444444444,0.6388888888888888,0.8333333333333333,0.6222222222222222,0.7077777777777776,0.13233888410785988,37,0.9736842105263158,0.9740215924426451,0.9615384615384616,0.986842105263158,0.9743589743589743,0.9740890688259108,0.008004985870760243
2.16115083694458,0.12542640242637654,0.07240581512451172,0.004796979315948595,15,log2,3,8,530,"{'max_depth': 15, 'max_features': 'log2', 'min_samples_leaf': 3, 'min_samples_split': 8, 'n_estimators': 530}",0.55,0.8944444444444444,0.6388888888888888,0.8333333333333333,0.6222222222222222,0.7077777777777776,0.13233888410785988,37,0.9605263157894737,0.9740215924426451,0.9483805668016194,0.986842105263158,0.9743589743589743,0.9688259109311741,0.013183994323152318
1.3663681030273438,0.06623053876138639,0.05097928047180176,0.006284991890232668,15,log2,3,8,330,"{'max_depth': 15, 'max_features': 'log2', 'min_samples_leaf': 3, 'min_samples_split': 8, 'n_estimators': 330}",0.55,0.8944444444444444,0.6388888888888888,0.8333333333333333,0.6222222222222222,0.7077777777777776,0.13233888410785988,37,0.9605263157894737,0.9740215924426451,0.9483805668016194,0.986842105263158,0.9612010796221322,0.9661943319838058,0.013130009553528011
2.8866504192352296,0.16490458947677433,0.09961247444152832,0.0097483412756608,15,log2,3,6,730,"{'max_depth': 15, 'max_features': 'log2', 'min_samples_leaf': 3, 'min_samples_split': 6, 'n_estimators': 730}",0.55,0.8944444444444444,0.6388888888888888,0.8333333333333333,0.6222222222222222,0.7077777777777776,0.13233888410785988,37,0.9736842105263158,0.9871794871794872,0.9743589743589743,0.986842105263158,0.9871794871794872,0.9818488529014846,0.00639567914227953
2.0910574436187743,0.11652375109690295,0.07545013427734375,0.005498841015842225,15,log2,3,6,530,"{'max_depth': 15, 'max_features': 'log2', 'min_samples_leaf': 3, 'min_samples_split': 6, 'n_estimators': 530}",0.55,0.8944444444444444,0.6388888888888888,0.8333333333333333,0.6222222222222222,0.7077777777777776,0.13233888410785988,37,0.9736842105263158,0.9871794871794872,0.9743589743589743,0.986842105263158,0.9871794871794872,0.9818488529014846,0.00639567914227953
3.5682132244110107,0.1716175525538847,0.10508131980895996,0.005017728403524679,25,sqrt,3,6,730,"{'max_depth': 25, 'max_features': 'sqrt', 'min_samples_leaf': 3, 'min_samples_split': 6, 'n_estimators': 730}",0.55,0.8944444444444444,0.6388888888888888,0.8333333333333333,0.6222222222222222,0.7077777777777776,0.13233888410785988,37,0.9736842105263158,0.9871794871794872,0.9871794871794872,0.986842105263158,0.9871794871794872,0.9844129554655872,0.005365963657778968
1.5725090026855468,0.18080495730074045,0.06072344779968262,0.015721067960515842,25,sqrt,3,8,330,"{'max_depth': 25, 'max_features': 'sqrt', 'min_samples_leaf': 3, 'min_samples_split': 8, 'n_estimators': 330}",0.55,0.8944444444444444,0.6388888888888888,0.8333333333333333,0.6222222222222222,0.7077777777777776,0.13233888410785988,37,0.9736842105263157,0.9740215924426451,0.9352226720647774,0.986842105263158,0.9740215924426451,0.9687584345479083,0.01750046538182265
3.117695188522339,0.3324537795064115,0.13743963241577148,0.026904032716140114,25,sqrt,3,8,530,"{'max_depth': 25, 'max_features': 'sqrt', 'min_samples_leaf': 3, 'min_samples_split': 8, 'n_estimators': 530}",0.55,0.8944444444444444,0.6388888888888888,0.8333333333333333,0.6222222222222222,0.7077777777777776,0.13233888410785988,37,0.9736842105263158,0.9740215924426451,0.9483805668016194,0.986842105263158,0.9612010796221322,0.9688259109311741,0.013048613632105634
2.2450093746185305,0.18008872280798846,0.07847700119018555,0.011810575156418278,15,log2,2,6,530,"{'max_depth': 15, 'max_features': 'log2', 'min_samples_leaf': 2, 'min_samples_split': 6, 'n_estimators': 530}",0.55,0.8944444444444444,0.6388888888888888,0.8333333333333333,0.6222222222222222,0.7077777777777776,0.13233888410785988,37,0.986842105263158,0.9871794871794872,1.0,0.986842105263158,0.9871794871794872,0.989608636977058,0.005197871841449574
2.271446371078491,0.17194942948169759,0.08015227317810059,0.006242585913882425,15,sqrt,3,8,530,"{'max_depth': 15, 'max_features': 'sqrt', 'min_samples_leaf': 3, 'min_samples_split': 8, 'n_estimators': 530}",0.55,0.8944444444444444,0.6388888888888888,0.8333333333333333,0.6222222222222222,0.7077777777777776,0.13233888410785988,37,0.9736842105263158,0.9740215924426451,0.9483805668016194,0.986842105263158,0.9612010796221322,0.9688259109311741,0.013048613632105634
3.917116069793701,1.2234606868643647,0.11151833534240722,0.01253696006609987,25,log2,3,6,730,"{'max_depth': 25, 'max_features': 'log2', 'min_samples_leaf': 3, 'min_samples_split': 6, 'n_estimators': 730}",0.55,0.8944444444444444,0.6388888888888888,0.8333333333333333,0.6222222222222222,0.7077777777777776,0.13233888410785988,37,0.9736842105263158,0.9871794871794872,0.9743589743589743,0.986842105263158,0.9871794871794872,0.9818488529014846,0.00639567914227953
3.72448992729187,0.9146191069385107,0.12941570281982423,0.0635119873953864,,log2,2,6,530,"{'max_depth': None, 'max_features': 'log2', 'min_samples_leaf': 2, 'min_samples_split': 6, 'n_estimators': 530}",0.55,0.8944444444444444,0.6388888888888888,0.8333333333333333,0.6222222222222222,0.7077777777777776,0.13233888410785988,37,0.986842105263158,0.9871794871794872,1.0,0.986842105263158,0.9871794871794872,0.989608636977058,0.005197871841449574
1.3434014320373535,0.0873510044020528,0.048472929000854495,0.007344593326686698,,sqrt,3,8,330,"{'max_depth': None, 'max_features': 'sqrt', 'min_samples_leaf': 3, 'min_samples_split': 8, 'n_estimators': 330}",0.55,0.8944444444444444,0.6388888888888888,0.8333333333333333,0.6222222222222222,0.7077777777777776,0.13233888410785988,37,0.9736842105263157,0.9740215924426451,0.9352226720647774,0.986842105263158,0.9740215924426451,0.9687584345479083,0.01750046538182265
2.4520787239074706,0.1824609834163415,0.09096755981445312,0.023825403661359584,25,log2,2,6,530,"{'max_depth': 25, 'max_features': 'log2', 'min_samples_leaf': 2, 'min_samples_split': 6, 'n_estimators': 530}",0.55,0.8944444444444444,0.6388888888888888,0.8333333333333333,0.6222222222222222,0.7077777777777776,0.13233888410785988,37,0.986842105263158,0.9871794871794872,1.0,0.986842105263158,0.9871794871794872,0.989608636977058,0.005197871841449574
3.6917953968048094,1.383374439935762,0.15158376693725586,0.08558832583845258,25,log2,3,6,530,"{'max_depth': 25, 'max_features': 'log2', 'min_samples_leaf': 3, 'min_samples_split': 6, 'n_estimators': 530}",0.55,0.8944444444444444,0.6388888888888888,0.8333333333333333,0.6222222222222222,0.7077777777777776,0.13233888410785988,37,0.9736842105263158,0.9871794871794872,0.9743589743589743,0.986842105263158,0.9871794871794872,0.9818488529014846,0.00639567914227953
1.1695901870727539,0.02761224608287373,0.04493837356567383,0.004875502057771919,15,sqrt,4,8,330,"{'max_depth': 15, 'max_features': 'sqrt', 'min_samples_leaf': 4, 'min_samples_split': 8, 'n_estimators': 330}",0.55,0.8944444444444444,0.6388888888888888,0.8333333333333333,0.6222222222222222,0.7077777777777776,0.13233888410785988,37,0.9473684210526316,0.9740215924426451,0.9352226720647774,0.986842105263158,0.9612010796221322,0.9609311740890689,0.01837217244768398
1.2669278621673583,0.03383127414181615,0.04230313301086426,0.005155928694866186,15,sqrt,4,6,330,"{'max_depth': 15, 'max_features': 'sqrt', 'min_samples_leaf': 4, 'min_samples_split': 6, 'n_estimators': 330}",0.55,0.8944444444444444,0.6388888888888888,0.8333333333333333,0.6222222222222222,0.7077777777777776,0.13233888410785988,37,0.9473684210526316,0.9740215924426451,0.9352226720647774,0.986842105263158,0.9612010796221322,0.9609311740890689,0.01837217244768398
2.2022337436676027,0.5230867791568496,0.05265622138977051,0.00376911265823148,25,log2,2,6,330,"{'max_depth': 25, 'max_features': 'log2', 'min_samples_leaf': 2, 'min_samples_split': 6, 'n_estimators': 330}",0.55,0.8944444444444444,0.6388888888888888,0.8333333333333333,0.6222222222222222,0.7077777777777776,0.13233888410785988,37,0.986842105263158,0.9871794871794872,1.0,1.0,1.0,0.9948043184885289,0.0063642786086648
1.350834560394287,0.04395955832231493,0.053194952011108396,0.005234859357453526,,sqrt,4,6,330,"{'max_depth': None, 'max_features': 'sqrt', 'min_samples_leaf': 4, 'min_samples_split': 6, 'n_estimators': 330}",0.55,0.8944444444444444,0.6388888888888888,0.8333333333333333,0.6222222222222222,0.7077777777777776,0.13233888410785988,37,0.9473684210526316,0.9740215924426451,0.9352226720647774,0.986842105263158,0.9612010796221322,0.9609311740890689,0.01837217244768398
1.3893014430999755,0.0871483314287615,0.0554168701171875,0.01069003040435218,,sqrt,4,8,330,"{'max_depth': None, 'max_features': 'sqrt', 'min_samples_leaf': 4, 'min_samples_split': 8, 'n_estimators': 330}",0.55,0.8944444444444444,0.6388888888888888,0.8333333333333333,0.6222222222222222,0.7077777777777776,0.13233888410785988,37,0.9473684210526316,0.9740215924426451,0.9352226720647774,0.986842105263158,0.9612010796221322,0.9609311740890689,0.01837217244768398
3.4661041736602782,0.2198581260551435,0.13567180633544923,0.07085757144002187,,sqrt,3,6,730,"{'max_depth': None, 'max_features': 'sqrt', 'min_samples_leaf': 3, 'min_samples_split': 6, 'n_estimators': 730}",0.55,0.8944444444444444,0.6388888888888888,0.8333333333333333,0.6222222222222222,0.7077777777777776,0.13233888410785988,37,0.9736842105263158,0.9871794871794872,0.9871794871794872,0.986842105263158,0.9871794871794872,0.9844129554655872,0.005365963657778968
3.640630102157593,0.44504758892986823,0.07886800765991211,0.008662049895128828,20,,3,8,530,"{'max_depth': 20, 'max_features': None, 'min_samples_leaf': 3, 'min_samples_split': 8, 'n_estimators': 530}",0.44999999999999996,0.8944444444444444,0.6944444444444444,0.8333333333333333,0.6222222222222222,0.6988888888888888,0.15758203820687208,93,0.986842105263158,0.9871794871794872,0.9743589743589743,0.986842105263158,0.9871794871794872,0.9844804318488529,0.0050629774581117904
4.509619951248169,0.7609722733729072,0.11353535652160644,0.018843760752901426,15,,3,6,530,"{'max_depth': 15, 'max_features': None, 'min_samples_leaf': 3, 'min_samples_split': 6, 'n_estimators': 530}",0.44999999999999996,0.8944444444444444,0.6944444444444444,0.8333333333333333,0.6222222222222222,0.6988888888888888,0.15758203820687208,93,0.986842105263158,0.9871794871794872,0.9743589743589743,0.986842105263158,0.9871794871794872,0.9844804318488529,0.0050629774581117904
3.476123094558716,0.4800298805150729,0.09342570304870605,0.019416743730756393,25,,3,10,530,"{'max_depth': 25, 'max_features': None, 'min_samples_leaf': 3, 'min_samples_split': 10, 'n_estimators': 530}",0.44999999999999996,0.8944444444444444,0.6944444444444444,0.8333333333333333,0.6222222222222222,0.6988888888888888,0.15758203820687208,93,0.986842105263158,0.9871794871794872,0.9483805668016194,0.986842105263158,0.9871794871794872,0.979284750337382,0.015452828392061996
5.438946628570557,0.08358687564965497,0.1341536521911621,0.017215643487403617,15,,3,6,730,"{'max_depth': 15, 'max_features': None, 'min_samples_leaf': 3, 'min_samples_split': 6, 'n_estimators': 730}",0.44999999999999996,0.8944444444444444,0.6944444444444444,0.8333333333333333,0.6222222222222222,0.6988888888888888,0.15758203820687208,93,0.986842105263158,0.9871794871794872,0.9871794871794872,0.986842105263158,0.9871794871794872,0.9870445344129555,0.00016528270868981104
4.580998659133911,0.8559257719927933,0.11259779930114747,0.02352022917435887,25,,3,6,730,"{'max_depth': 25, 'max_features': None, 'min_samples_leaf': 3, 'min_samples_split': 6, 'n_estimators': 730}",0.44999999999999996,0.8944444444444444,0.6944444444444444,0.8333333333333333,0.6222222222222222,0.6988888888888888,0.15758203820687208,93,0.986842105263158,0.9871794871794872,0.9871794871794872,0.986842105263158,0.9871794871794872,0.9870445344129555,0.00016528270868981104
2.322479581832886,0.0770540597022159,0.06774625778198243,0.019300479760378863,15,,3,8,330,"{'max_depth': 15, 'max_features': None, 'min_samples_leaf': 3, 'min_samples_split': 8, 'n_estimators': 330}",0.44999999999999996,0.8944444444444444,0.6944444444444444,0.8333333333333333,0.6222222222222222,0.6988888888888888,0.15758203820687208,93,0.986842105263158,0.9871794871794872,0.9612010796221322,0.986842105263158,0.9871794871794872,0.9818488529014846,0.01032498913609003
3.484667348861694,0.5971904561345689,0.08496379852294922,0.015102661753269325,25,,3,8,530,"{'max_depth': 25, 'max_features': None, 'min_samples_leaf': 3, 'min_samples_split': 8, 'n_estimators': 530}",0.44999999999999996,0.8944444444444444,0.6944444444444444,0.8333333333333333,0.6222222222222222,0.6988888888888888,0.15758203820687208,93,0.986842105263158,0.9871794871794872,0.9743589743589743,0.986842105263158,0.9871794871794872,0.9844804318488529,0.0050629774581117904
3.5024036884307863,0.7112661528410681,0.08581547737121582,0.017386788472735323,25,,3,6,530,"{'max_depth': 25, 'max_features': None, 'min_samples_leaf': 3, 'min_samples_split': 6, 'n_estimators': 530}",0.44999999999999996,0.8944444444444444,0.6944444444444444,0.8333333333333333,0.6222222222222222,0.6988888888888888,0.15758203820687208,93,0.986842105263158,0.9871794871794872,0.9743589743589743,0.986842105263158,0.9871794871794872,0.9844804318488529,0.0050629774581117904
2.5486645698547363,0.31076156314161735,0.05550069808959961,0.0037579204187326927,20,,3,8,330,"{'max_depth': 20, 'max_features': None, 'min_samples_leaf': 3, 'min_samples_split': 8, 'n_estimators': 330}",0.44999999999999996,0.8944444444444444,0.6944444444444444,0.8333333333333333,0.6222222222222222,0.6988888888888888,0.15758203820687208,93,0.986842105263158,0.9871794871794872,0.9612010796221322,0.986842105263158,0.9871794871794872,0.9818488529014846,0.01032498913609003
6.349435663223266,0.737088793814621,0.08377227783203126,0.010048778028879978,15,,3,10,530,"{'max_depth': 15, 'max_features': None, 'min_samples_leaf': 3, 'min_samples_split': 10, 'n_estimators': 530}",0.44999999999999996,0.8944444444444444,0.6944444444444444,0.8333333333333333,0.6222222222222222,0.6988888888888888,0.15758203820687208,93,0.986842105263158,0.9871794871794872,0.9483805668016194,0.986842105263158,0.9871794871794872,0.979284750337382,0.015452828392061996
5.416316938400269,0.5732896684459742,0.11476268768310546,0.0124067987252367,20,,3,6,730,"{'max_depth': 20, 'max_features': None, 'min_samples_leaf': 3, 'min_samples_split': 6, 'n_estimators': 730}",0.44999999999999996,0.8944444444444444,0.6944444444444444,0.8333333333333333,0.6222222222222222,0.6988888888888888,0.15758203820687208,93,0.986842105263158,0.9871794871794872,0.9871794871794872,0.986842105263158,0.9871794871794872,0.9870445344129555,0.00016528270868981104
3.313914585113525,0.6855106104529308,0.13207502365112306,0.05305592179413991,20,,3,6,530,"{'max_depth': 20, 'max_features': None, 'min_samples_leaf': 3, 'min_samples_split': 6, 'n_estimators': 530}",0.44999999999999996,0.8944444444444444,0.6944444444444444,0.8333333333333333,0.6222222222222222,0.6988888888888888,0.15758203820687208,93,0.986842105263158,0.9871794871794872,0.9743589743589743,0.986842105263158,0.9871794871794872,0.9844804318488529,0.0050629774581117904
3.134346675872803,0.232837480073805,0.08540959358215332,0.025173316245255102,,,3,10,530,"{'max_depth': None, 'max_features': None, 'min_samples_leaf': 3, 'min_samples_split': 10, 'n_estimators': 530}",0.44999999999999996,0.8944444444444444,0.6944444444444444,0.8333333333333333,0.6222222222222222,0.6988888888888888,0.15758203820687208,93,0.986842105263158,0.9871794871794872,0.9483805668016194,0.986842105263158,0.9871794871794872,0.979284750337382,0.015452828392061996
3.008778190612793,0.2782322336148401,0.08952970504760742,0.02932695232319174,,,3,8,530,"{'max_depth': None, 'max_features': None, 'min_samples_leaf': 3, 'min_samples_split': 8, 'n_estimators': 530}",0.44999999999999996,0.8944444444444444,0.6944444444444444,0.8333333333333333,0.6222222222222222,0.6988888888888888,0.15758203820687208,93,0.986842105263158,0.9871794871794872,0.9743589743589743,0.986842105263158,0.9871794871794872,0.9844804318488529,0.0050629774581117904
2.2896124362945556,0.4462926900761899,0.04190678596496582,0.004263528047693423,,,3,8,330,"{'max_depth': None, 'max_features': None, 'min_samples_leaf': 3, 'min_samples_split': 8, 'n_estimators': 330}",0.44999999999999996,0.8944444444444444,0.6944444444444444,0.8333333333333333,0.6222222222222222,0.6988888888888888,0.15758203820687208,93,0.986842105263158,0.9871794871794872,0.9612010796221322,0.986842105263158,0.9871794871794872,0.9818488529014846,0.01032498913609003
4.927070474624633,0.5285149860826215,0.114056396484375,0.019397721517045753,,,3,6,730,"{'max_depth': None, 'max_features': None, 'min_samples_leaf': 3, 'min_samples_split': 6, 'n_estimators': 730}",0.44999999999999996,0.8944444444444444,0.6944444444444444,0.8333333333333333,0.6222222222222222,0.6988888888888888,0.15758203820687208,93,0.986842105263158,0.9871794871794872,0.9871794871794872,0.986842105263158,0.9871794871794872,0.9870445344129555,0.00016528270868981104
2.328704071044922,0.44043952693491223,0.07283606529235839,0.015621931463453519,25,,3,8,330,"{'max_depth': 25, 'max_features': None, 'min_samples_leaf': 3, 'min_samples_split': 8, 'n_estimators': 330}",0.44999999999999996,0.8944444444444444,0.6944444444444444,0.8333333333333333,0.6222222222222222,0.6988888888888888,0.15758203820687208,93,0.986842105263158,0.9871794871794872,0.9612010796221322,0.986842105263158,0.9871794871794872,0.9818488529014846,0.01032498913609003
4.277393388748169,0.6357782933065276,0.10356154441833496,0.0522393840496968,,,3,6,530,"{'max_depth': None, 'max_features': None, 'min_samples_leaf': 3, 'min_samples_split': 6, 'n_estimators': 530}",0.44999999999999996,0.8944444444444444,0.6944444444444444,0.8333333333333333,0.6222222222222222,0.6988888888888888,0.15758203820687208,93,0.986842105263158,0.9871794871794872,0.9743589743589743,0.986842105263158,0.9871794871794872,0.9844804318488529,0.0050629774581117904
3.9010839462280273,0.29991675031220755,0.10235037803649902,0.016898351128259114,15,,3,8,530,"{'max_depth': 15, 'max_features': None, 'min_samples_leaf': 3, 'min_samples_split': 8, 'n_estimators': 530}",0.44999999999999996,0.8944444444444444,0.6944444444444444,0.8333333333333333,0.6222222222222222,0.6988888888888888,0.15758203820687208,93,0.986842105263158,0.9871794871794872,0.9743589743589743,0.986842105263158,0.9871794871794872,0.9844804318488529,0.0050629774581117904
4.100901031494141,0.545469434872035,0.09213666915893555,0.013186456698471804,20,,3,10,530,"{'max_depth': 20, 'max_features': None, 'min_samples_leaf': 3, 'min_samples_split': 10, 'n_estimators': 530}",0.44999999999999996,0.8944444444444444,0.6944444444444444,0.8333333333333333,0.6222222222222222,0.6988888888888888,0.15758203820687208,93,0.986842105263158,0.9871794871794872,0.9483805668016194,0.986842105263158,0.9871794871794872,0.979284750337382,0.015452828392061996
2.0846401691436767,0.6339371747418673,0.08338255882263183,0.031062360918621856,25,log2,4,8,330,"{'max_depth': 25, 'max_features': 'log2', 'min_samples_leaf': 4, 'min_samples_split': 8, 'n_estimators': 330}",0.55,0.8444444444444444,0.6388888888888888,0.7777777777777778,0.6777777777777778,0.6977777777777778,0.10355412493050895,113,0.9605263157894737,0.9740215924426451,0.9352226720647774,0.986842105263158,0.9612010796221322,0.9635627530364372,0.0171421889137379
1.8012609958648682,0.15781289050556493,0.062058019638061526,0.014302269195145868,25,log2,4,6,330,"{'max_depth': 25, 'max_features': 'log2', 'min_samples_leaf': 4, 'min_samples_split': 6, 'n_estimators': 330}",0.55,0.8444444444444444,0.6388888888888888,0.7777777777777778,0.6777777777777778,0.6977777777777778,0.10355412493050895,113,0.9605263157894737,0.9740215924426451,0.9352226720647774,0.986842105263158,0.9612010796221322,0.9635627530364372,0.0171421889137379
1.4715119838714599,0.22870097056603414,0.07237043380737304,0.0301328751896922,20,log2,4,8,330,"{'max_depth': 20, 'max_features': 'log2', 'min_samples_leaf': 4, 'min_samples_split': 8, 'n_estimators': 330}",0.55,0.8444444444444444,0.6388888888888888,0.7777777777777778,0.6777777777777778,0.6977777777777778,0.10355412493050895,113,0.9605263157894737,0.9740215924426451,0.9352226720647774,0.986842105263158,0.9612010796221322,0.9635627530364372,0.0171421889137379
1.3602039813995361,0.050257761784556994,0.05113496780395508,0.005102168363042854,15,log2,4,8,330,"{'max_depth': 15, 'max_features': 'log2', 'min_samples_leaf': 4, 'min_samples_split': 8, 'n_estimators': 330}",0.55,0.8444444444444444,0.6388888888888888,0.7777777777777778,0.6777777777777778,0.6977777777777778,0.10355412493050895,113,0.9605263157894737,0.9740215924426451,0.9352226720647774,0.986842105263158,0.9612010796221322,0.9635627530364372,0.0171421889137379
1.3095750331878662,0.06713593022386699,0.04554033279418945,0.0087829217231088,15,log2,4,6,330,"{'max_depth': 15, 'max_features': 'log2', 'min_samples_leaf': 4, 'min_samples_split': 6, 'n_estimators': 330}",0.55,0.8444444444444444,0.6388888888888888,0.7777777777777778,0.6777777777777778,0.6977777777777778,0.10355412493050895,113,0.9605263157894737,0.9740215924426451,0.9352226720647774,0.986842105263158,0.9612010796221322,0.9635627530364372,0.0171421889137379
1.8029211521148683,0.3685423166589409,0.08606758117675781,0.03234159893853543,20,log2,4,6,330,"{'max_depth': 20, 'max_features': 'log2', 'min_samples_leaf': 4, 'min_samples_split': 6, 'n_estimators': 330}",0.55,0.8444444444444444,0.6388888888888888,0.7777777777777778,0.6777777777777778,0.6977777777777778,0.10355412493050895,113,0.9605263157894737,0.9740215924426451,0.9352226720647774,0.986842105263158,0.9612010796221322,0.9635627530364372,0.0171421889137379
1.3320271015167235,0.11899664708756928,0.046187734603881835,0.006400014927866944,,log2,4,8,330,"{'max_depth': None, 'max_features': 'log2', 'min_samples_leaf': 4, 'min_samples_split': 8, 'n_estimators': 330}",0.55,0.8444444444444444,0.6388888888888888,0.7777777777777778,0.6777777777777778,0.6977777777777778,0.10355412493050895,113,0.9605263157894737,0.9740215924426451,0.9352226720647774,0.986842105263158,0.9612010796221322,0.9635627530364372,0.0171421889137379
1.3535044193267822,0.11656680549744847,0.04826517105102539,0.005515664135303453,,log2,4,6,330,"{'max_depth': None, 'max_features': 'log2', 'min_samples_leaf': 4, 'min_samples_split': 6, 'n_estimators': 330}",0.55,0.8444444444444444,0.6388888888888888,0.7777777777777778,0.6777777777777778,0.6977777777777778,0.10355412493050895,113,0.9605263157894737,0.9740215924426451,0.9352226720647774,0.986842105263158,0.9612010796221322,0.9635627530364372,0.0171421889137379
2.58220534324646,0.12696585419857656,0.07325148582458496,0.00469794351806329,20,sqrt,2,8,530,"{'max_depth': 20, 'max_features': 'sqrt', 'min_samples_leaf': 2, 'min_samples_split': 8, 'n_estimators': 530}",0.55,0.8444444444444444,0.6388888888888888,0.8333333333333333,0.6222222222222222,0.6977777777777777,0.11908084192505627,121,0.986842105263158,0.9871794871794872,0.9871794871794872,0.986842105263158,0.9871794871794872,0.9870445344129555,0.00016528270868981104
3.1858084201812744,0.1922604384330614,0.10015740394592285,0.008671323379948245,15,sqrt,3,8,730,"{'max_depth': 15, 'max_features': 'sqrt', 'min_samples_leaf': 3, 'min_samples_split': 8, 'n_estimators': 730}",0.55,0.8444444444444444,0.6388888888888888,0.8333333333333333,0.6222222222222222,0.6977777777777777,0.11908084192505627,121,0.9736842105263158,0.9740215924426451,0.9615384615384616,0.986842105263158,0.9612010796221322,0.9714574898785425,0.009505791622943684
2.0337903022766115,0.06012903788441085,0.07173428535461426,0.0053043543040476645,,log2,2,10,530,"{'max_depth': None, 'max_features': 'log2', 'min_samples_leaf': 2, 'min_samples_split': 10, 'n_estimators': 530}",0.55,0.8444444444444444,0.6388888888888888,0.8333333333333333,0.6222222222222222,0.6977777777777777,0.11908084192505627,121,0.9736842105263157,0.9871794871794872,0.9615384615384616,0.986842105263158,0.9871794871794872,0.9792847503373819,0.010276810452629404
1.7418437957763673,0.37414800207022686,0.05906095504760742,0.016901162114819842,25,sqrt,4,10,330,"{'max_depth': 25, 'max_features': 'sqrt', 'min_samples_leaf': 4, 'min_samples_split': 10, 'n_estimators': 330}",0.55,0.8444444444444444,0.6388888888888888,0.8333333333333333,0.6222222222222222,0.6977777777777777,0.11908084192505627,121,0.9473684210526316,0.9740215924426451,0.9352226720647774,0.986842105263158,0.9480431848852902,0.9582995951417004,0.019073987418345262
2.233817291259766,0.07170656097895167,0.08057818412780762,0.013930967439088901,15,sqrt,3,10,530,"{'max_depth': 15, 'max_features': 'sqrt', 'min_samples_leaf': 3, 'min_samples_split': 10, 'n_estimators': 530}",0.5,0.8944444444444444,0.6388888888888888,0.8333333333333333,0.6222222222222222,0.6977777777777777,0.1451521126352253,121,0.9605263157894737,0.9740215924426451,0.9483805668016194,0.986842105263158,0.9612010796221322,0.9661943319838058,0.013130009553528011
2.3592657089233398,0.286108857669885,0.15248141288757325,0.08550232990721014,25,log2,2,10,530,"{'max_depth': 25, 'max_features': 'log2', 'min_samples_leaf': 2, 'min_samples_split': 10, 'n_estimators': 530}",0.55,0.8444444444444444,0.6388888888888888,0.8333333333333333,0.6222222222222222,0.6977777777777777,0.11908084192505627,121,0.9736842105263157,0.9871794871794872,0.9615384615384616,0.986842105263158,0.9871794871794872,0.9792847503373819,0.010276810452629404
2.8730858325958253,0.09236227758844123,0.09428095817565918,0.013470518461786356,15,sqrt,3,10,730,"{'max_depth': 15, 'max_features': 'sqrt', 'min_samples_leaf': 3, 'min_samples_split': 10, 'n_estimators': 730}",0.55,0.8444444444444444,0.6388888888888888,0.8333333333333333,0.6222222222222222,0.6977777777777777,0.11908084192505627,121,0.9605263157894737,0.9740215924426451,0.9483805668016194,0.986842105263158,0.9612010796221322,0.9661943319838058,0.013130009553528011
2.9167309761047364,0.3528330647204311,0.10302772521972656,0.025593481227147538,25,log2,2,8,530,"{'max_depth': 25, 'max_features': 'log2', 'min_samples_leaf': 2, 'min_samples_split': 8, 'n_estimators': 530}",0.55,0.8444444444444444,0.6388888888888888,0.8333333333333333,0.6222222222222222,0.6977777777777777,0.11908084192505627,121,0.986842105263158,0.9871794871794872,0.9743589743589743,0.986842105263158,0.9871794871794872,0.9844804318488529,0.0050629774581117904
1.513465976715088,0.16692139242867335,0.07501263618469238,0.02977647002536467,25,log2,2,8,330,"{'max_depth': 25, 'max_features': 'log2', 'min_samples_leaf': 2, 'min_samples_split': 8, 'n_estimators': 330}",0.55,0.8444444444444444,0.6388888888888888,0.8333333333333333,0.6222222222222222,0.6977777777777777,0.11908084192505627,121,0.986842105263158,0.9740215924426451,0.9743589743589743,0.986842105263158,0.9871794871794872,0.9818488529014846,0.006255319128111661
3.213756799697876,0.14971323300272354,0.16049494743347167,0.05451689640078768,25,log2,2,6,730,"{'max_depth': 25, 'max_features': 'log2', 'min_samples_leaf': 2, 'min_samples_split': 6, 'n_estimators': 730}",0.55,0.8444444444444444,0.6388888888888888,0.8333333333333333,0.6222222222222222,0.6977777777777777,0.11908084192505627,121,0.986842105263158,0.9871794871794872,0.9871794871794872,0.986842105263158,1.0,0.989608636977058,0.005197871841449574
1.134969425201416,0.004597872053021666,0.044443368911743164,0.005081712092982563,15,sqrt,4,10,330,"{'max_depth': 15, 'max_features': 'sqrt', 'min_samples_leaf': 4, 'min_samples_split': 10, 'n_estimators': 330}",0.55,0.8444444444444444,0.6388888888888888,0.8333333333333333,0.6222222222222222,0.6977777777777777,0.11908084192505627,121,0.9473684210526316,0.9740215924426451,0.9352226720647774,0.986842105263158,0.9480431848852902,0.9582995951417004,0.019073987418345262
3.57085919380188,0.3422797286791791,0.10620675086975098,0.01621087781894424,,sqrt,3,10,730,"{'max_depth': None, 'max_features': 'sqrt', 'min_samples_leaf': 3, 'min_samples_split': 10, 'n_estimators': 730}",0.55,0.8444444444444444,0.6388888888888888,0.8333333333333333,0.6222222222222222,0.6977777777777777,0.11908084192505627,121,0.9605263157894737,0.9740215924426451,0.9483805668016194,0.986842105263158,0.9612010796221322,0.9661943319838058,0.013130009553528011
2.056571197509766,0.04826537746967634,0.07261319160461426,0.007312818883347742,,log2,2,8,530,"{'max_depth': None, 'max_features': 'log2', 'min_samples_leaf': 2, 'min_samples_split': 8, 'n_estimators': 530}",0.55,0.8444444444444444,0.6388888888888888,0.8333333333333333,0.6222222222222222,0.6977777777777777,0.11908084192505627,121,0.986842105263158,0.9871794871794872,0.9743589743589743,0.986842105263158,0.9871794871794872,0.9844804318488529,0.0050629774581117904
3.1706912517547607,0.2523607627571372,0.11892800331115723,0.024226000788233917,20,sqrt,2,8,730,"{'max_depth': 20, 'max_features': 'sqrt', 'min_samples_leaf': 2, 'min_samples_split': 8, 'n_estimators': 730}",0.55,0.8444444444444444,0.6388888888888888,0.8333333333333333,0.6222222222222222,0.6977777777777777,0.11908084192505627,121,0.986842105263158,0.9871794871794872,0.9743589743589743,0.986842105263158,0.9871794871794872,0.9844804318488529,0.0050629774581117904
3.133410835266113,0.36214749960571985,0.10570392608642579,0.016758441111393258,15,sqrt,2,10,730,"{'max_depth': 15, 'max_features': 'sqrt', 'min_samples_leaf': 2, 'min_samples_split': 10, 'n_estimators': 730}",0.55,0.8444444444444444,0.6388888888888888,0.8333333333333333,0.6222222222222222,0.6977777777777777,0.11908084192505627,121,0.986842105263158,0.9871794871794872,0.9743589743589743,0.986842105263158,0.9871794871794872,0.9844804318488529,0.0050629774581117904
2.8481273651123047,0.14949618679749346,0.09793052673339844,0.007765483708336969,15,sqrt,2,8,730,"{'max_depth': 15, 'max_features': 'sqrt', 'min_samples_leaf': 2, 'min_samples_split': 8, 'n_estimators': 730}",0.55,0.8444444444444444,0.6388888888888888,0.8333333333333333,0.6222222222222222,0.6977777777777777,0.11908084192505627,121,0.986842105263158,0.9871794871794872,0.9743589743589743,0.986842105263158,0.9871794871794872,0.9844804318488529,0.0050629774581117904
2.2410887718200683,0.1458093021225613,0.07888832092285156,0.01637853144049462,15,sqrt,2,6,530,"{'max_depth': 15, 'max_features': 'sqrt', 'min_samples_leaf': 2, 'min_samples_split': 6, 'n_estimators': 530}",0.55,0.8444444444444444,0.6388888888888888,0.8333333333333333,0.6222222222222222,0.6977777777777777,0.11908084192505627,121,1.0,0.9871794871794872,1.0,0.986842105263158,0.9871794871794872,0.9922402159244263,0.00633703475404796
3.294621706008911,0.44106704657612245,0.11683340072631836,0.01816964165048687,15,sqrt,2,6,730,"{'max_depth': 15, 'max_features': 'sqrt', 'min_samples_leaf': 2, 'min_samples_split': 6, 'n_estimators': 730}",0.55,0.8444444444444444,0.6388888888888888,0.8333333333333333,0.6222222222222222,0.6977777777777777,0.11908084192505627,121,1.0,0.9871794871794872,1.0,0.986842105263158,0.9871794871794872,0.9922402159244263,0.00633703475404796
1.394558811187744,0.07350034358827304,0.06343255043029786,0.013172183208515372,,log2,2,8,330,"{'max_depth': None, 'max_features': 'log2', 'min_samples_leaf': 2, 'min_samples_split': 8, 'n_estimators': 330}",0.55,0.8444444444444444,0.6388888888888888,0.8333333333333333,0.6222222222222222,0.6977777777777777,0.11908084192505627,121,0.986842105263158,0.9740215924426451,0.9743589743589743,0.986842105263158,0.9871794871794872,0.9818488529014846,0.006255319128111661
4.956149864196777,0.7763424833985286,0.12471728324890137,0.023115544521605066,,sqrt,3,8,730,"{'max_depth': None, 'max_features': 'sqrt', 'min_samples_leaf': 3, 'min_samples_split': 8, 'n_estimators': 730}",0.55,0.8444444444444444,0.6388888888888888,0.8333333333333333,0.6222222222222222,0.6977777777777777,0.11908084192505627,121,0.9736842105263158,0.9740215924426451,0.9615384615384616,0.986842105263158,0.9612010796221322,0.9714574898785425,0.009505791622943684
3.1589943885803224,0.12058542744555138,0.13890132904052735,0.02431904772409286,25,sqrt,3,10,730,"{'max_depth': 25, 'max_features': 'sqrt', 'min_samples_leaf': 3, 'min_samples_split': 10, 'n_estimators': 730}",0.55,0.8444444444444444,0.6388888888888888,0.8333333333333333,0.6222222222222222,0.6977777777777777,0.11908084192505627,121,0.9605263157894737,0.9740215924426451,0.9483805668016194,0.986842105263158,0.9612010796221322,0.9661943319838058,0.013130009553528011
2.3045074939727783,0.14823414772332907,0.10803132057189942,0.044757822683616326,25,sqrt,2,6,530,"{'max_depth': 25, 'max_features': 'sqrt', 'min_samples_leaf': 2, 'min_samples_split': 6, 'n_estimators': 530}",0.55,0.8444444444444444,0.6388888888888888,0.8333333333333333,0.6222222222222222,0.6977777777777777,0.11908084192505627,121,1.0,0.9871794871794872,1.0,0.986842105263158,0.9871794871794872,0.9922402159244263,0.00633703475404796
3.2408703804016112,0.11933571552940381,0.1361848831176758,0.06795108786248961,25,sqrt,2,6,730,"{'max_depth': 25, 'max_features': 'sqrt', 'min_samples_leaf': 2, 'min_samples_split': 6, 'n_estimators': 730}",0.55,0.8444444444444444,0.6388888888888888,0.8333333333333333,0.6222222222222222,0.6977777777777777,0.11908084192505627,121,1.0,0.9871794871794872,1.0,0.986842105263158,0.9871794871794872,0.9922402159244263,0.00633703475404796
2.94599928855896,0.6210671153519667,0.12859063148498534,0.06727125322817257,25,sqrt,2,8,530,"{'max_depth': 25, 'max_features': 'sqrt', 'min_samples_leaf': 2, 'min_samples_split': 8, 'n_estimators': 530}",0.55,0.8444444444444444,0.6388888888888888,0.8333333333333333,0.6222222222222222,0.6977777777777777,0.11908084192505627,121,0.986842105263158,0.9871794871794872,0.9871794871794872,0.986842105263158,0.9871794871794872,0.9870445344129555,0.00016528270868981104
3.5992989540100098,0.5787108039482448,0.10198273658752441,0.011074716261338846,25,sqrt,2,8,730,"{'max_depth': 25, 'max_features': 'sqrt', 'min_samples_leaf': 2, 'min_samples_split': 8, 'n_estimators': 730}",0.55,0.8444444444444444,0.6388888888888888,0.8333333333333333,0.6222222222222222,0.6977777777777777,0.11908084192505627,121,0.986842105263158,0.9871794871794872,0.9743589743589743,0.986842105263158,0.9871794871794872,0.9844804318488529,0.0050629774581117904
2.5520225048065184,0.2070727855361539,0.08537564277648926,0.006990084393228047,25,sqrt,3,10,530,"{'max_depth': 25, 'max_features': 'sqrt', 'min_samples_leaf': 3, 'min_samples_split': 10, 'n_estimators': 530}",0.5,0.8944444444444444,0.6388888888888888,0.8333333333333333,0.6222222222222222,0.6977777777777777,0.1451521126352253,121,0.9605263157894737,0.9740215924426451,0.9483805668016194,0.986842105263158,0.9612010796221322,0.9661943319838058,0.013130009553528011
3.790002775192261,0.1765462204961407,0.11250224113464355,0.010802460575568473,25,sqrt,2,10,730,"{'max_depth': 25, 'max_features': 'sqrt', 'min_samples_leaf': 2, 'min_samples_split': 10, 'n_estimators': 730}",0.55,0.8444444444444444,0.6388888888888888,0.8333333333333333,0.6222222222222222,0.6977777777777777,0.11908084192505627,121,0.986842105263158,0.9871794871794872,0.9743589743589743,0.986842105263158,0.9871794871794872,0.9844804318488529,0.0050629774581117904
2.192380666732788,0.09980193621643085,0.07190403938293458,0.006524686313847158,15,log2,2,10,530,"{'max_depth': 15, 'max_features': 'log2', 'min_samples_leaf': 2, 'min_samples_split': 10, 'n_estimators': 530}",0.55,0.8444444444444444,0.6388888888888888,0.8333333333333333,0.6222222222222222,0.6977777777777777,0.11908084192505627,121,0.9736842105263157,0.9871794871794872,0.9615384615384616,0.986842105263158,0.9871794871794872,0.9792847503373819,0.010276810452629404
2.092434358596802,0.11814996626515889,0.07355494499206543,0.0063586524605851605,15,log2,2,8,530,"{'max_depth': 15, 'max_features': 'log2', 'min_samples_leaf': 2, 'min_samples_split': 8, 'n_estimators': 530}",0.55,0.8444444444444444,0.6388888888888888,0.8333333333333333,0.6222222222222222,0.6977777777777777,0.11908084192505627,121,0.986842105263158,0.9871794871794872,0.9743589743589743,0.986842105263158,0.9871794871794872,0.9844804318488529,0.0050629774581117904
1.3197181224822998,0.07613169432795884,0.049595212936401366,0.005538763416252531,15,log2,2,8,330,"{'max_depth': 15, 'max_features': 'log2', 'min_samples_leaf': 2, 'min_samples_split': 8, 'n_estimators': 330}",0.55,0.8444444444444444,0.6388888888888888,0.8333333333333333,0.6222222222222222,0.6977777777777777,0.11908084192505627,121,0.986842105263158,0.9740215924426451,0.9743589743589743,0.986842105263158,0.9871794871794872,0.9818488529014846,0.006255319128111661
2.953373384475708,0.19280772638426003,0.10084643363952636,0.013862743051795285,15,log2,2,6,730,"{'max_depth': 15, 'max_features': 'log2', 'min_samples_leaf': 2, 'min_samples_split': 6, 'n_estimators': 730}",0.55,0.8444444444444444,0.6388888888888888,0.8333333333333333,0.6222222222222222,0.6977777777777777,0.11908084192505627,121,0.986842105263158,0.9871794871794872,0.9871794871794872,0.986842105263158,1.0,0.989608636977058,0.005197871841449574
2.4244717597961425,0.20625599782006268,0.07574353218078614,0.00787957039892552,15,sqrt,2,8,530,"{'max_depth': 15, 'max_features': 'sqrt', 'min_samples_leaf': 2, 'min_samples_split': 8, 'n_estimators': 530}",0.55,0.8444444444444444,0.6388888888888888,0.8333333333333333,0.6222222222222222,0.6977777777777777,0.11908084192505627,121,0.986842105263158,0.9871794871794872,0.9871794871794872,0.986842105263158,0.9871794871794872,0.9870445344129555,0.00016528270868981104
1.8665939807891845,0.3556981987074211,0.07996883392333984,0.04537097494320658,,sqrt,4,10,330,"{'max_depth': None, 'max_features': 'sqrt', 'min_samples_leaf': 4, 'min_samples_split': 10, 'n_estimators': 330}",0.55,0.8444444444444444,0.6388888888888888,0.8333333333333333,0.6222222222222222,0.6977777777777777,0.11908084192505627,121,0.9473684210526316,0.9740215924426451,0.9352226720647774,0.986842105263158,0.9480431848852902,0.9582995951417004,0.019073987418345262
2.633193826675415,0.4827793421393568,0.10283055305480956,0.038067876369363145,,sqrt,3,10,530,"{'max_depth': None, 'max_features': 'sqrt', 'min_samples_leaf': 3, 'min_samples_split': 10, 'n_estimators': 530}",0.5,0.8944444444444444,0.6388888888888888,0.8333333333333333,0.6222222222222222,0.6977777777777777,0.1451521126352253,121,0.9605263157894737,0.9740215924426451,0.9483805668016194,0.986842105263158,0.9612010796221322,0.9661943319838058,0.013130009553528011
3.9199861526489257,0.4591376544571946,0.10227923393249512,0.004684433155101531,25,sqrt,3,8,730,"{'max_depth': 25, 'max_features': 'sqrt', 'min_samples_leaf': 3, 'min_samples_split': 8, 'n_estimators': 730}",0.55,0.8444444444444444,0.6388888888888888,0.8333333333333333,0.6222222222222222,0.6977777777777777,0.11908084192505627,121,0.9736842105263158,0.9740215924426451,0.9615384615384616,0.986842105263158,0.9612010796221322,0.9714574898785425,0.009505791622943684
2.528790330886841,0.3740627439478303,0.07717313766479492,0.02047330320215822,20,log2,2,10,530,"{'max_depth': 20, 'max_features': 'log2', 'min_samples_leaf': 2, 'min_samples_split': 10, 'n_estimators': 530}",0.55,0.8444444444444444,0.6388888888888888,0.8333333333333333,0.6222222222222222,0.6977777777777777,0.11908084192505627,121,0.9736842105263157,0.9871794871794872,0.9615384615384616,0.986842105263158,0.9871794871794872,0.9792847503373819,0.010276810452629404
2.9784847259521485,0.4261579239735321,0.08732438087463379,0.011397430898743763,20,log2,2,8,530,"{'max_depth': 20, 'max_features': 'log2', 'min_samples_leaf': 2, 'min_samples_split': 8, 'n_estimators': 530}",0.55,0.8444444444444444,0.6388888888888888,0.8333333333333333,0.6222222222222222,0.6977777777777777,0.11908084192505627,121,0.986842105263158,0.9871794871794872,0.9743589743589743,0.986842105263158,0.9871794871794872,0.9844804318488529,0.0050629774581117904
1.8316137790679932,0.26344857164287655,0.0866734504699707,0.03751776754288626,20,log2,2,8,330,"{'max_depth': 20, 'max_features': 'log2', 'min_samples_leaf': 2, 'min_samples_split': 8, 'n_estimators': 330}",0.55,0.8444444444444444,0.6388888888888888,0.8333333333333333,0.6222222222222222,0.6977777777777777,0.11908084192505627,121,0.986842105263158,0.9740215924426451,0.9743589743589743,0.986842105263158,0.9871794871794872,0.9818488529014846,0.006255319128111661
4.586593675613403,0.6142303383394948,0.15137276649475098,0.0697896112222279,20,log2,2,6,730,"{'max_depth': 20, 'max_features': 'log2', 'min_samples_leaf': 2, 'min_samples_split': 6, 'n_estimators': 730}",0.55,0.8444444444444444,0.6388888888888888,0.8333333333333333,0.6222222222222222,0.6977777777777777,0.11908084192505627,121,0.986842105263158,0.9871794871794872,0.9871794871794872,0.986842105263158,1.0,0.989608636977058,0.005197871841449574
4.199475574493408,0.10026861951403838,0.13554668426513672,0.007243456799756511,20,sqrt,3,10,730,"{'max_depth': 20, 'max_features': 'sqrt', 'min_samples_leaf': 3, 'min_samples_split': 10, 'n_estimators': 730}",0.55,0.8444444444444444,0.6388888888888888,0.8333333333333333,0.6222222222222222,0.6977777777777777,0.11908084192505627,121,0.9605263157894737,0.9740215924426451,0.9483805668016194,0.986842105263158,0.9612010796221322,0.9661943319838058,0.013130009553528011
2.016790580749512,0.28359033120021376,0.06560025215148926,0.021105456173600472,20,sqrt,4,10,330,"{'max_depth': 20, 'max_features': 'sqrt', 'min_samples_leaf': 4, 'min_samples_split': 10, 'n_estimators': 330}",0.55,0.8444444444444444,0.6388888888888888,0.8333333333333333,0.6222222222222222,0.6977777777777777,0.11908084192505627,121,0.9473684210526316,0.9740215924426451,0.9352226720647774,0.986842105263158,0.9480431848852902,0.9582995951417004,0.019073987418345262
3.4558465003967287,0.3935777208126042,0.10411477088928223,0.00875805051257359,20,sqrt,3,10,530,"{'max_depth': 20, 'max_features': 'sqrt', 'min_samples_leaf': 3, 'min_samples_split': 10, 'n_estimators': 530}",0.5,0.8944444444444444,0.6388888888888888,0.8333333333333333,0.6222222222222222,0.6977777777777777,0.1451521126352253,121,0.9605263157894737,0.9740215924426451,0.9483805668016194,0.986842105263158,0.9612010796221322,0.9661943319838058,0.013130009553528011
2.585638093948364,0.26161379358200426,0.07316279411315918,0.008324942654780478,,sqrt,2,8,530,"{'max_depth': None, 'max_features': 'sqrt', 'min_samples_leaf': 2, 'min_samples_split': 8, 'n_estimators': 530}",0.55,0.8444444444444444,0.6388888888888888,0.8333333333333333,0.6222222222222222,0.6977777777777777,0.11908084192505627,121,0.986842105263158,0.9871794871794872,0.9871794871794872,0.986842105263158,0.9871794871794872,0.9870445344129555,0.00016528270868981104
4.8724767684936525,0.30407348488409686,0.20625061988830568,0.04903902196487243,20,sqrt,3,8,730,"{'max_depth': 20, 'max_features': 'sqrt', 'min_samples_leaf': 3, 'min_samples_split': 8, 'n_estimators': 730}",0.55,0.8444444444444444,0.6388888888888888,0.8333333333333333,0.6222222222222222,0.6977777777777777,0.11908084192505627,121,0.9736842105263158,0.9740215924426451,0.9615384615384616,0.986842105263158,0.9612010796221322,0.9714574898785425,0.009505791622943684
3.3907234191894533,0.5083747741603342,0.11797118186950684,0.03040918385107157,,sqrt,2,8,730,"{'max_depth': None, 'max_features': 'sqrt', 'min_samples_leaf': 2, 'min_samples_split': 8, 'n_estimators': 730}",0.55,0.8444444444444444,0.6388888888888888,0.8333333333333333,0.6222222222222222,0.6977777777777777,0.11908084192505627,121,0.986842105263158,0.9871794871794872,0.9743589743589743,0.986842105263158,0.9871794871794872,0.9844804318488529,0.0050629774581117904
3.5226793766021727,0.3959418385497269,0.1449146270751953,0.04511085359809477,,sqrt,2,10,730,"{'max_depth': None, 'max_features': 'sqrt', 'min_samples_leaf': 2, 'min_samples_split': 10, 'n_estimators': 730}",0.55,0.8444444444444444,0.6388888888888888,0.8333333333333333,0.6222222222222222,0.6977777777777777,0.11908084192505627,121,0.986842105263158,0.9871794871794872,0.9743589743589743,0.986842105263158,0.9871794871794872,0.9844804318488529,0.0050629774581117904
3.9508168697357178,0.686107682989054,0.16457829475402833,0.05612884172282903,,sqrt,2,6,730,"{'max_depth': None, 'max_features': 'sqrt', 'min_samples_leaf': 2, 'min_samples_split': 6, 'n_estimators': 730}",0.55,0.8444444444444444,0.6388888888888888,0.8333333333333333,0.6222222222222222,0.6977777777777777,0.11908084192505627,121,1.0,0.9871794871794872,1.0,0.986842105263158,0.9871794871794872,0.9922402159244263,0.00633703475404796
2.657593107223511,0.4965797434770757,0.10579795837402343,0.03646701854925998,20,sqrt,2,6,530,"{'max_depth': 20, 'max_features': 'sqrt', 'min_samples_leaf': 2, 'min_samples_split': 6, 'n_estimators': 530}",0.55,0.8444444444444444,0.6388888888888888,0.8333333333333333,0.6222222222222222,0.6977777777777777,0.11908084192505627,121,1.0,0.9871794871794872,1.0,0.986842105263158,0.9871794871794872,0.9922402159244263,0.00633703475404796
2.3201221466064452,0.2618358844961153,0.08143181800842285,0.012846649272281088,,sqrt,2,6,530,"{'max_depth': None, 'max_features': 'sqrt', 'min_samples_leaf': 2, 'min_samples_split': 6, 'n_estimators': 530}",0.55,0.8444444444444444,0.6388888888888888,0.8333333333333333,0.6222222222222222,0.6977777777777777,0.11908084192505627,121,1.0,0.9871794871794872,1.0,0.986842105263158,0.9871794871794872,0.9922402159244263,0.00633703475404796
3.168171787261963,0.2584911847697825,0.0982736587524414,0.004383033556751522,,log2,2,6,730,"{'max_depth': None, 'max_features': 'log2', 'min_samples_leaf': 2, 'min_samples_split': 6, 'n_estimators': 730}",0.55,0.8444444444444444,0.6388888888888888,0.8333333333333333,0.6222222222222222,0.6977777777777777,0.11908084192505627,121,0.986842105263158,0.9871794871794872,0.9871794871794872,0.986842105263158,1.0,0.989608636977058,0.005197871841449574
3.5781424045562744,0.39835014152317555,0.10012054443359375,0.011926720504575,20,sqrt,2,6,730,"{'max_depth': 20, 'max_features': 'sqrt', 'min_samples_leaf': 2, 'min_samples_split': 6, 'n_estimators': 730}",0.55,0.8444444444444444,0.6388888888888888,0.8333333333333333,0.6222222222222222,0.6977777777777777,0.11908084192505627,121,1.0,0.9871794871794872,1.0,0.986842105263158,0.9871794871794872,0.9922402159244263,0.00633703475404796
3.5338200092315675,0.6031931042527622,0.1659552574157715,0.04761393773731157,20,sqrt,2,10,730,"{'max_depth': 20, 'max_features': 'sqrt', 'min_samples_leaf': 2, 'min_samples_split': 10, 'n_estimators': 730}",0.55,0.8444444444444444,0.6388888888888888,0.8333333333333333,0.6222222222222222,0.6977777777777777,0.11908084192505627,121,0.986842105263158,0.9871794871794872,0.9743589743589743,0.986842105263158,0.9871794871794872,0.9844804318488529,0.0050629774581117904
2.23716139793396,0.3361984231012101,0.05804038047790527,0.007001692106176355,20,,2,6,330,"{'max_depth': 20, 'max_features': None, 'min_samples_leaf': 2, 'min_samples_split': 6, 'n_estimators': 330}",0.5,0.8944444444444444,0.6944444444444444,0.8333333333333333,0.5666666666666667,0.6977777777777776,0.150579128945794,173,1.0,1.0,1.0,1.0,0.9871794871794872,0.9974358974358974,0.00512820512820511
1.2532121181488036,0.02929834475608626,0.0330716609954834,0.0070380799824330455,15,,2,6,330,"{'max_depth': 15, 'max_features': None, 'min_samples_leaf': 2, 'min_samples_split': 6, 'n_estimators': 330}",0.5,0.8944444444444444,0.6944444444444444,0.8333333333333333,0.5666666666666667,0.6977777777777776,0.150579128945794,173,1.0,1.0,1.0,1.0,0.9871794871794872,0.9974358974358974,0.00512820512820511
1.9311230182647705,0.1591559028607099,0.05311155319213867,0.006522945720669403,25,,2,6,330,"{'max_depth': 25, 'max_features': None, 'min_samples_leaf': 2, 'min_samples_split': 6, 'n_estimators': 330}",0.5,0.8944444444444444,0.6944444444444444,0.8333333333333333,0.5666666666666667,0.6977777777777776,0.150579128945794,173,1.0,1.0,1.0,1.0,0.9871794871794872,0.9974358974358974,0.00512820512820511
2.3615902423858643,0.1773474667430449,0.050140094757080075,0.003289725215356717,,,2,6,330,"{'max_depth': None, 'max_features': None, 'min_samples_leaf': 2, 'min_samples_split': 6, 'n_estimators': 330}",0.5,0.8944444444444444,0.6944444444444444,0.8333333333333333,0.5666666666666667,0.6977777777777776,0.150579128945794,173,1.0,1.0,1.0,1.0,0.9871794871794872,0.9974358974358974,0.00512820512820511
2.9413314342498778,0.0666369663854507,0.13102283477783203,0.043726425072979885,20,sqrt,4,8,530,"{'max_depth': 20, 'max_features': 'sqrt', 'min_samples_leaf': 4, 'min_samples_split': 8, 'n_estimators': 530}",0.55,0.8944444444444444,0.6388888888888888,0.7777777777777778,0.6222222222222222,0.6966666666666665,0.12335835582001439,177,0.9473684210526316,0.9740215924426451,0.9352226720647774,0.986842105263158,0.9612010796221322,0.9609311740890689,0.01837217244768398
2.804377555847168,0.07355639706258166,0.1228222370147705,0.0473669469206345,25,sqrt,4,6,530,"{'max_depth': 25, 'max_features': 'sqrt', 'min_samples_leaf': 4, 'min_samples_split': 6, 'n_estimators': 530}",0.55,0.8944444444444444,0.6388888888888888,0.7777777777777778,0.6222222222222222,0.6966666666666665,0.12335835582001439,177,0.9473684210526316,0.9740215924426451,0.9352226720647774,0.986842105263158,0.9612010796221322,0.9609311740890689,0.01837217244768398
2.2402984619140627,0.06407187587827275,0.07482962608337403,0.0037315190934779936,,log2,4,6,530,"{'max_depth': None, 'max_features': 'log2', 'min_samples_leaf': 4, 'min_samples_split': 6, 'n_estimators': 530}",0.55,0.8944444444444444,0.6388888888888888,0.7777777777777778,0.6222222222222222,0.6966666666666665,0.12335835582001439,177,0.9605263157894737,0.9740215924426451,0.9483805668016194,0.986842105263158,0.9612010796221322,0.9661943319838058,0.013130009553528011
2.941029930114746,0.10495531404115306,0.12366933822631836,0.02877412348055708,20,sqrt,4,6,530,"{'max_depth': 20, 'max_features': 'sqrt', 'min_samples_leaf': 4, 'min_samples_split': 6, 'n_estimators': 530}",0.55,0.8944444444444444,0.6388888888888888,0.7777777777777778,0.6222222222222222,0.6966666666666665,0.12335835582001439,177,0.9473684210526316,0.9740215924426451,0.9352226720647774,0.986842105263158,0.9612010796221322,0.9609311740890689,0.01837217244768398
2.679680347442627,0.5060221646988875,0.09155950546264649,0.02106703747582656,20,log2,4,8,530,"{'max_depth': 20, 'max_features': 'log2', 'min_samples_leaf': 4, 'min_samples_split': 8, 'n_estimators': 530}",0.55,0.8944444444444444,0.6388888888888888,0.7777777777777778,0.6222222222222222,0.6966666666666665,0.12335835582001439,177,0.9605263157894737,0.9740215924426451,0.9483805668016194,0.986842105263158,0.9612010796221322,0.9661943319838058,0.013130009553528011
2.2768060207366942,0.24734820119662537,0.10929131507873535,0.02502310078098031,,log2,4,8,530,"{'max_depth': None, 'max_features': 'log2', 'min_samples_leaf': 4, 'min_samples_split': 8, 'n_estimators': 530}",0.55,0.8944444444444444,0.6388888888888888,0.7777777777777778,0.6222222222222222,0.6966666666666665,0.12335835582001439,177,0.9605263157894737,0.9740215924426451,0.9483805668016194,0.986842105263158,0.9612010796221322,0.9661943319838058,0.013130009553528011
2.6760501861572266,0.4145737169071401,0.08490195274353027,0.003536703727693493,20,log2,4,6,530,"{'max_depth': 20, 'max_features': 'log2', 'min_samples_leaf': 4, 'min_samples_split': 6, 'n_estimators': 530}",0.55,0.8944444444444444,0.6388888888888888,0.7777777777777778,0.6222222222222222,0.6966666666666665,0.12335835582001439,177,0.9605263157894737,0.9740215924426451,0.9483805668016194,0.986842105263158,0.9612010796221322,0.9661943319838058,0.013130009553528011
3.8373701095581056,1.201644257430391,0.1566795825958252,0.09840735549269033,25,log2,4,8,530,"{'max_depth': 25, 'max_features': 'log2', 'min_samples_leaf': 4, 'min_samples_split': 8, 'n_estimators': 530}",0.55,0.8944444444444444,0.6388888888888888,0.7777777777777778,0.6222222222222222,0.6966666666666665,0.12335835582001439,177,0.9605263157894737,0.9740215924426451,0.9483805668016194,0.986842105263158,0.9612010796221322,0.9661943319838058,0.013130009553528011
3.1656670570373535,0.28438183533076045,0.0981132984161377,0.043064834419812056,25,sqrt,4,8,530,"{'max_depth': 25, 'max_features': 'sqrt', 'min_samples_leaf': 4, 'min_samples_split': 8, 'n_estimators': 530}",0.55,0.8944444444444444,0.6388888888888888,0.7777777777777778,0.6222222222222222,0.6966666666666665,0.12335835582001439,177,0.9473684210526316,0.9740215924426451,0.9352226720647774,0.986842105263158,0.9612010796221322,0.9609311740890689,0.01837217244768398
2.7291463375091554,0.20917620461996186,0.10434694290161133,0.03817237371641232,25,log2,4,6,530,"{'max_depth': 25, 'max_features': 'log2', 'min_samples_leaf': 4, 'min_samples_split': 6, 'n_estimators': 530}",0.55,0.8944444444444444,0.6388888888888888,0.7777777777777778,0.6222222222222222,0.6966666666666665,0.12335835582001439,177,0.9605263157894737,0.9740215924426451,0.9483805668016194,0.986842105263158,0.9612010796221322,0.9661943319838058,0.013130009553528011
2.467098426818848,0.21169685449753373,0.0931164264678955,0.016069595399259767,,sqrt,4,8,530,"{'max_depth': None, 'max_features': 'sqrt', 'min_samples_leaf': 4, 'min_samples_split': 8, 'n_estimators': 530}",0.55,0.8944444444444444,0.6388888888888888,0.7777777777777778,0.6222222222222222,0.6966666666666665,0.12335835582001439,177,0.9473684210526316,0.9740215924426451,0.9352226720647774,0.986842105263158,0.9612010796221322,0.9609311740890689,0.01837217244768398
1.9108451366424561,0.09349152892629739,0.06458344459533691,0.008041996301004306,15,sqrt,4,8,530,"{'max_depth': 15, 'max_features': 'sqrt', 'min_samples_leaf': 4, 'min_samples_split': 8, 'n_estimators': 530}",0.55,0.8944444444444444,0.6388888888888888,0.7777777777777778,0.6222222222222222,0.6966666666666665,0.12335835582001439,177,0.9473684210526316,0.9740215924426451,0.9352226720647774,0.986842105263158,0.9612010796221322,0.9609311740890689,0.01837217244768398
2.030141496658325,0.12852039582905722,0.07334065437316895,0.006003306396359557,15,log2,4,6,530,"{'max_depth': 15, 'max_features': 'log2', 'min_samples_leaf': 4, 'min_samples_split': 6, 'n_estimators': 530}",0.55,0.8944444444444444,0.6388888888888888,0.7777777777777778,0.6222222222222222,0.6966666666666665,0.12335835582001439,177,0.9605263157894737,0.9740215924426451,0.9483805668016194,0.986842105263158,0.9612010796221322,0.9661943319838058,0.013130009553528011
2.013433504104614,0.07516538619759532,0.06535563468933106,0.00938043608564486,15,sqrt,4,6,530,"{'max_depth': 15, 'max_features': 'sqrt', 'min_samples_leaf': 4, 'min_samples_split': 6, 'n_estimators': 530}",0.55,0.8944444444444444,0.6388888888888888,0.7777777777777778,0.6222222222222222,0.6966666666666665,0.12335835582001439,177,0.9473684210526316,0.9740215924426451,0.9352226720647774,0.986842105263158,0.9612010796221322,0.9609311740890689,0.01837217244768398
2.422596836090088,0.15494043068953844,0.07928357124328614,0.007480373486060772,,sqrt,4,6,530,"{'max_depth': None, 'max_features': 'sqrt', 'min_samples_leaf': 4, 'min_samples_split': 6, 'n_estimators': 530}",0.55,0.8944444444444444,0.6388888888888888,0.7777777777777778,0.6222222222222222,0.6966666666666665,0.12335835582001439,177,0.9473684210526316,0.9740215924426451,0.9352226720647774,0.986842105263158,0.9612010796221322,0.9609311740890689,0.01837217244768398
2.0761382579803467,0.1166689186419979,0.07311553955078125,0.005849586293811404,15,log2,4,8,530,"{'max_depth': 15, 'max_features': 'log2', 'min_samples_leaf': 4, 'min_samples_split': 8, 'n_estimators': 530}",0.55,0.8944444444444444,0.6388888888888888,0.7777777777777778,0.6222222222222222,0.6966666666666665,0.12335835582001439,177,0.9605263157894737,0.9740215924426451,0.9483805668016194,0.986842105263158,0.9612010796221322,0.9661943319838058,0.013130009553528011
4.314593839645386,0.22394561669638513,0.1306452751159668,0.0563233194546022,,,3,8,730,"{'max_depth': None, 'max_features': None, 'min_samples_leaf': 3, 'min_samples_split': 8, 'n_estimators': 730}",0.44999999999999996,0.8444444444444444,0.6944444444444444,0.8333333333333333,0.6222222222222222,0.6888888888888889,0.14601708000888453,193,0.986842105263158,0.9871794871794872,0.9743589743589743,0.986842105263158,0.9871794871794872,0.9844804318488529,0.0050629774581117904
5.9682167053222654,0.7280643710108018,0.1689469814300537,0.08125691389057899,15,,3,10,730,"{'max_depth': 15, 'max_features': None, 'min_samples_leaf': 3, 'min_samples_split': 10, 'n_estimators': 730}",0.44999999999999996,0.8444444444444444,0.6944444444444444,0.8333333333333333,0.6222222222222222,0.6888888888888889,0.14601708000888453,193,0.986842105263158,0.9871794871794872,0.9483805668016194,0.986842105263158,0.9871794871794872,0.979284750337382,0.015452828392061996
6.441409921646118,0.3560271697885226,0.19044804573059082,0.06279914432972958,15,,3,8,730,"{'max_depth': 15, 'max_features': None, 'min_samples_leaf': 3, 'min_samples_split': 8, 'n_estimators': 730}",0.44999999999999996,0.8444444444444444,0.6944444444444444,0.8333333333333333,0.6222222222222222,0.6888888888888889,0.14601708000888453,193,0.986842105263158,0.9871794871794872,0.9743589743589743,0.986842105263158,0.9871794871794872,0.9844804318488529,0.0050629774581117904
4.7144553661346436,0.3290356094681457,0.1264242172241211,0.023501435826231792,25,,3,8,730,"{'max_depth': 25, 'max_features': None, 'min_samples_leaf': 3, 'min_samples_split': 8, 'n_estimators': 730}",0.44999999999999996,0.8444444444444444,0.6944444444444444,0.8333333333333333,0.6222222222222222,0.6888888888888889,0.14601708000888453,193,0.986842105263158,0.9871794871794872,0.9743589743589743,0.986842105263158,0.9871794871794872,0.9844804318488529,0.0050629774581117904
4.436871719360352,0.4250644181897535,0.14593405723571778,0.0631151181795452,20,,3,8,730,"{'max_depth': 20, 'max_features': None, 'min_samples_leaf': 3, 'min_samples_split': 8, 'n_estimators': 730}",0.44999999999999996,0.8444444444444444,0.6944444444444444,0.8333333333333333,0.6222222222222222,0.6888888888888889,0.14601708000888453,193,0.986842105263158,0.9871794871794872,0.9743589743589743,0.986842105263158,0.9871794871794872,0.9844804318488529,0.0050629774581117904
5.39600100517273,0.688490080411861,0.11371293067932128,0.01236792121245627,20,,3,10,730,"{'max_depth': 20, 'max_features': None, 'min_samples_leaf': 3, 'min_samples_split': 10, 'n_estimators': 730}",0.44999999999999996,0.8444444444444444,0.6944444444444444,0.8333333333333333,0.6222222222222222,0.6888888888888889,0.14601708000888453,193,0.986842105263158,0.9871794871794872,0.9483805668016194,0.986842105263158,0.9871794871794872,0.979284750337382,0.015452828392061996
4.644042158126831,0.6900944062080462,0.13286423683166504,0.0231471725577294,25,,3,10,730,"{'max_depth': 25, 'max_features': None, 'min_samples_leaf': 3, 'min_samples_split': 10, 'n_estimators': 730}",0.44999999999999996,0.8444444444444444,0.6944444444444444,0.8333333333333333,0.6222222222222222,0.6888888888888889,0.14601708000888453,193,0.986842105263158,0.9871794871794872,0.9483805668016194,0.986842105263158,0.9871794871794872,0.979284750337382,0.015452828392061996
3.7518491744995117,0.2722582525370454,0.10735721588134765,0.01683794396455344,,,3,10,730,"{'max_depth': None, 'max_features': None, 'min_samples_leaf': 3, 'min_samples_split': 10, 'n_estimators': 730}",0.44999999999999996,0.8444444444444444,0.6944444444444444,0.8333333333333333,0.6222222222222222,0.6888888888888889,0.14601708000888453,193,0.986842105263158,0.9871794871794872,0.9483805668016194,0.986842105263158,0.9871794871794872,0.979284750337382,0.015452828392061996
4.935993814468384,0.531609242895513,0.09620304107666015,0.03477128931073738,25,,2,8,530,"{'max_depth': 25, 'max_features': None, 'min_samples_leaf': 2, 'min_samples_split': 8, 'n_estimators': 530}",0.5,0.8444444444444444,0.6388888888888888,0.8333333333333333,0.6222222222222222,0.6877777777777777,0.1324228170261296,201,0.986842105263158,0.9871794871794872,1.0,1.0,0.9871794871794872,0.9922402159244263,0.00633703475404796
5.0085752487182615,0.6746389106903015,0.14616990089416504,0.0248880084581145,25,,2,8,730,"{'max_depth': 25, 'max_features': None, 'min_samples_leaf': 2, 'min_samples_split': 8, 'n_estimators': 730}",0.5,0.8444444444444444,0.6388888888888888,0.8333333333333333,0.6222222222222222,0.6877777777777777,0.1324228170261296,201,0.986842105263158,1.0,1.0,1.0,0.9871794871794872,0.9948043184885289,0.006364278608664801
3.8273595809936523,0.5530014052681522,0.1270263671875,0.04888874905627299,25,,2,10,530,"{'max_depth': 25, 'max_features': None, 'min_samples_leaf': 2, 'min_samples_split': 10, 'n_estimators': 530}",0.5,0.8444444444444444,0.6388888888888888,0.8333333333333333,0.6222222222222222,0.6877777777777777,0.1324228170261296,201,0.986842105263158,0.9871794871794872,0.9871794871794872,1.0,0.9871794871794872,0.9896761133603238,0.005163596887910639
2.544392442703247,0.2729086553093742,0.08909149169921875,0.011815552938175366,,sqrt,2,10,530,"{'max_depth': None, 'max_features': 'sqrt', 'min_samples_leaf': 2, 'min_samples_split': 10, 'n_estimators': 530}",0.5,0.8444444444444444,0.6388888888888888,0.8333333333333333,0.6222222222222222,0.6877777777777777,0.1324228170261296,201,0.986842105263158,0.9871794871794872,0.9743589743589743,0.986842105263158,0.9871794871794872,0.9844804318488529,0.0050629774581117904
2.0230104446411135,0.4267493292758944,0.06282219886779786,0.019853838566117388,25,,3,10,330,"{'max_depth': 25, 'max_features': None, 'min_samples_leaf': 3, 'min_samples_split': 10, 'n_estimators': 330}",0.44999999999999996,0.8944444444444444,0.6388888888888888,0.8333333333333333,0.6222222222222222,0.6877777777777777,0.1594512193682591,201,0.986842105263158,0.9740215924426451,0.9483805668016194,0.986842105263158,0.9743589743589743,0.9740890688259108,0.014044816518072274
5.097135591506958,0.5013253122565879,0.14989767074584961,0.030857527391976898,,,2,8,730,"{'max_depth': None, 'max_features': None, 'min_samples_leaf': 2, 'min_samples_split': 8, 'n_estimators': 730}",0.5,0.8444444444444444,0.6388888888888888,0.8333333333333333,0.6222222222222222,0.6877777777777777,0.1324228170261296,201,0.986842105263158,1.0,1.0,1.0,0.9871794871794872,0.9948043184885289,0.006364278608664801
2.0731105327606203,0.43095637129839004,0.08004484176635743,0.0398589992900132,,,3,10,330,"{'max_depth': None, 'max_features': None, 'min_samples_leaf': 3, 'min_samples_split': 10, 'n_estimators': 330}",0.44999999999999996,0.8944444444444444,0.6388888888888888,0.8333333333333333,0.6222222222222222,0.6877777777777777,0.1594512193682591,201,0.986842105263158,0.9740215924426451,0.9483805668016194,0.986842105263158,0.9743589743589743,0.9740890688259108,0.014044816518072274
2.967110347747803,0.45141558060153264,0.12762851715087892,0.09516943320112511,15,,3,10,330,"{'max_depth': 15, 'max_features': None, 'min_samples_leaf': 3, 'min_samples_split': 10, 'n_estimators': 330}",0.44999999999999996,0.8944444444444444,0.6388888888888888,0.8333333333333333,0.6222222222222222,0.6877777777777777,0.1594512193682591,201,0.986842105263158,0.9740215924426451,0.9483805668016194,0.986842105263158,0.9743589743589743,0.9740890688259108,0.014044816518072274
2.6247441291809084,0.4708155689744838,0.10282926559448242,0.02946611705180373,20,sqrt,2,10,530,"{'max_depth': 20, 'max_features': 'sqrt', 'min_samples_leaf': 2, 'min_samples_split': 10, 'n_estimators': 530}",0.5,0.8444444444444444,0.6388888888888888,0.8333333333333333,0.6222222222222222,0.6877777777777777,0.1324228170261296,201,0.986842105263158,0.9871794871794872,0.9743589743589743,0.986842105263158,0.9871794871794872,0.9844804318488529,0.0050629774581117904
9984.201734495164,0.12165128390883873,0.06372442245483398,0.01907543185122686,15,,2,10,530,"{'max_depth': 15, 'max_features': None, 'min_samples_leaf': 2, 'min_samples_split': 10, 'n_estimators': 530}",0.5,0.8444444444444444,0.6388888888888888,0.8333333333333333,0.6222222222222222,0.6877777777777777,0.1324228170261296,201,0.986842105263158,0.9871794871794872,0.9871794871794872,1.0,0.9871794871794872,0.9896761133603238,0.005163596887910639
3.631363773345947,0.3316650188395547,0.07728571891784668,0.02010125580094619,,,2,10,530,"{'max_depth': None, 'max_features': None, 'min_samples_leaf': 2, 'min_samples_split': 10, 'n_estimators': 530}",0.5,0.8444444444444444,0.6388888888888888,0.8333333333333333,0.6222222222222222,0.6877777777777777,0.1324228170261296,201,0.986842105263158,0.9871794871794872,0.9871794871794872,1.0,0.9871794871794872,0.9896761133603238,0.005163596887910639
3.547989845275879,0.16262975616750597,0.0880237102508545,0.009447129380161533,15,,2,8,730,"{'max_depth': 15, 'max_features': None, 'min_samples_leaf': 2, 'min_samples_split': 8, 'n_estimators': 730}",0.5,0.8444444444444444,0.6388888888888888,0.8333333333333333,0.6222222222222222,0.6877777777777777,0.1324228170261296,201,0.986842105263158,1.0,1.0,1.0,0.9871794871794872,0.9948043184885289,0.006364278608664801
2.4819592475891112,0.047051206397149596,0.060500812530517575,0.00010097992556978576,15,,2,8,530,"{'max_depth': 15, 'max_features': None, 'min_samples_leaf': 2, 'min_samples_split': 8, 'n_estimators': 530}",0.5,0.8444444444444444,0.6388888888888888,0.8333333333333333,0.6222222222222222,0.6877777777777777,0.1324228170261296,201,0.986842105263158,0.9871794871794872,1.0,1.0,0.9871794871794872,0.9922402159244263,0.00633703475404796
3.8238537311553955,0.17355277165284136,0.0899878978729248,0.0227665677988828,,,2,8,530,"{'max_depth': None, 'max_features': None, 'min_samples_leaf': 2, 'min_samples_split': 8, 'n_estimators': 530}",0.5,0.8444444444444444,0.6388888888888888,0.8333333333333333,0.6222222222222222,0.6877777777777777,0.1324228170261296,201,0.986842105263158,0.9871794871794872,1.0,1.0,0.9871794871794872,0.9922402159244263,0.00633703475404796
4.141749858856201,0.6707370068037408,0.09464750289916993,0.042916139353327006,20,,2,8,530,"{'max_depth': 20, 'max_features': None, 'min_samples_leaf': 2, 'min_samples_split': 8, 'n_estimators': 530}",0.5,0.8444444444444444,0.6388888888888888,0.8333333333333333,0.6222222222222222,0.6877777777777777,0.1324228170261296,201,0.986842105263158,0.9871794871794872,1.0,1.0,0.9871794871794872,0.9922402159244263,0.00633703475404796
2.208948850631714,0.0346372703316984,0.08794360160827637,0.011670695046637774,15,sqrt,2,10,530,"{'max_depth': 15, 'max_features': 'sqrt', 'min_samples_leaf': 2, 'min_samples_split': 10, 'n_estimators': 530}",0.5,0.8444444444444444,0.6388888888888888,0.8333333333333333,0.6222222222222222,0.6877777777777777,0.1324228170261296,201,0.986842105263158,0.9871794871794872,0.9743589743589743,0.986842105263158,0.9871794871794872,0.9844804318488529,0.0050629774581117904
5.13501763343811,0.7306663852447983,0.17393231391906738,0.08219190522251918,20,,2,8,730,"{'max_depth': 20, 'max_features': None, 'min_samples_leaf': 2, 'min_samples_split': 8, 'n_estimators': 730}",0.5,0.8444444444444444,0.6388888888888888,0.8333333333333333,0.6222222222222222,0.6877777777777777,0.1324228170261296,201,0.986842105263158,1.0,1.0,1.0,0.9871794871794872,0.9948043184885289,0.006364278608664801
2.047916030883789,0.28418368852701115,0.05169034004211426,0.006967834037645864,20,,3,10,330,"{'max_depth': 20, 'max_features': None, 'min_samples_leaf': 3, 'min_samples_split': 10, 'n_estimators': 330}",0.44999999999999996,0.8944444444444444,0.6388888888888888,0.8333333333333333,0.6222222222222222,0.6877777777777777,0.1594512193682591,201,0.986842105263158,0.9740215924426451,0.9483805668016194,0.986842105263158,0.9743589743589743,0.9740890688259108,0.014044816518072274
2.683074617385864,0.4125827742722079,0.10971159934997558,0.05189064481997909,25,sqrt,2,10,530,"{'max_depth': 25, 'max_features': 'sqrt', 'min_samples_leaf': 2, 'min_samples_split': 10, 'n_estimators': 530}",0.5,0.8444444444444444,0.6388888888888888,0.8333333333333333,0.6222222222222222,0.6877777777777777,0.1324228170261296,201,0.986842105263158,0.9871794871794872,0.9743589743589743,0.986842105263158,0.9871794871794872,0.9844804318488529,0.0050629774581117904
4.269369459152221,0.4842043109121286,0.10551657676696777,0.024833160152061388,20,,2,10,530,"{'max_depth': 20, 'max_features': None, 'min_samples_leaf': 2, 'min_samples_split': 10, 'n_estimators': 530}",0.5,0.8444444444444444,0.6388888888888888,0.8333333333333333,0.6222222222222222,0.6877777777777777,0.1324228170261296,201,0.986842105263158,0.9871794871794872,0.9871794871794872,1.0,0.9871794871794872,0.9896761133603238,0.005163596887910639
3.121171569824219,0.1651549980269706,0.1271589756011963,0.03280067382589733,25,log2,4,10,730,"{'max_depth': 25, 'max_features': 'log2', 'min_samples_leaf': 4, 'min_samples_split': 10, 'n_estimators': 730}",0.55,0.8444444444444444,0.6388888888888888,0.7777777777777778,0.6222222222222222,0.6866666666666666,0.10798948279838054,221,0.9473684210526316,0.9740215924426451,0.9220647773279352,0.9740215924426451,0.9612010796221322,0.9557354925775978,0.019505693987234115
1.8113120555877686,0.015595412216845897,0.056738662719726565,0.00461192995613763,15,sqrt,4,10,530,"{'max_depth': 15, 'max_features': 'sqrt', 'min_samples_leaf': 4, 'min_samples_split': 10, 'n_estimators': 530}",0.55,0.8444444444444444,0.6388888888888888,0.7777777777777778,0.6222222222222222,0.6866666666666666,0.10798948279838054,221,0.9473684210526316,0.9608636977058029,0.9352226720647774,0.986842105263158,0.9612010796221322,0.9582995951417004,0.017214546545562457
2.827877140045166,0.13821732406730833,0.10086073875427246,0.008755812004931767,15,log2,4,10,730,"{'max_depth': 15, 'max_features': 'log2', 'min_samples_leaf': 4, 'min_samples_split': 10, 'n_estimators': 730}",0.55,0.8444444444444444,0.6388888888888888,0.7777777777777778,0.6222222222222222,0.6866666666666666,0.10798948279838054,221,0.9473684210526316,0.9740215924426451,0.9220647773279352,0.9740215924426451,0.9612010796221322,0.9557354925775978,0.019505693987234115
2.042375993728638,0.10670033016294016,0.0731921672821045,0.007063769446016812,15,log2,4,10,530,"{'max_depth': 15, 'max_features': 'log2', 'min_samples_leaf': 4, 'min_samples_split': 10, 'n_estimators': 530}",0.55,0.8444444444444444,0.6388888888888888,0.7777777777777778,0.6222222222222222,0.6866666666666666,0.10798948279838054,221,0.9473684210526316,0.9740215924426451,0.9220647773279352,0.986842105263158,0.9612010796221322,0.9582995951417004,0.022372873236653747
1.2329007625579833,0.037876085731422586,0.04254446029663086,0.003256378333920818,15,log2,4,10,330,"{'max_depth': 15, 'max_features': 'log2', 'min_samples_leaf': 4, 'min_samples_split': 10, 'n_estimators': 330}",0.55,0.8444444444444444,0.6388888888888888,0.7777777777777778,0.6222222222222222,0.6866666666666666,0.10798948279838054,221,0.9605263157894737,0.9740215924426451,0.9352226720647774,0.9740215924426451,0.9352226720647774,0.9558029689608636,0.017511389031526263
2.8372660160064695,0.16335742040207363,0.10023069381713867,0.007798042349229157,15,log2,4,8,730,"{'max_depth': 15, 'max_features': 'log2', 'min_samples_leaf': 4, 'min_samples_split': 8, 'n_estimators': 730}",0.55,0.8444444444444444,0.6388888888888888,0.7777777777777778,0.6222222222222222,0.6866666666666666,0.10798948279838054,221,0.9605263157894737,0.9740215924426451,0.9483805668016194,0.986842105263158,0.9612010796221322,0.9661943319838058,0.013130009553528011
2.866103458404541,0.12767661281524742,0.10997529029846191,0.03676575676295046,15,log2,4,6,730,"{'max_depth': 15, 'max_features': 'log2', 'min_samples_leaf': 4, 'min_samples_split': 6, 'n_estimators': 730}",0.55,0.8444444444444444,0.6388888888888888,0.7777777777777778,0.6222222222222222,0.6866666666666666,0.10798948279838054,221,0.9605263157894737,0.9740215924426451,0.9483805668016194,0.986842105263158,0.9612010796221322,0.9661943319838058,0.013130009553528011
2.9973408222198485,0.1785254328779081,0.12134685516357421,0.02563089956984063,,log2,4,6,730,"{'max_depth': None, 'max_features': 'log2', 'min_samples_leaf': 4, 'min_samples_split': 6, 'n_estimators': 730}",0.55,0.8444444444444444,0.6388888888888888,0.7777777777777778,0.6222222222222222,0.6866666666666666,0.10798948279838054,221,0.9605263157894737,0.9740215924426451,0.9483805668016194,0.986842105263158,0.9612010796221322,0.9661943319838058,0.013130009553528011
1.274230432510376,0.041910529864931934,0.04449687004089355,0.004220666577112442,15,log2,3,6,330,"{'max_depth': 15, 'max_features': 'log2', 'min_samples_leaf': 3, 'min_samples_split': 6, 'n_estimators': 330}",0.5,0.8944444444444444,0.6388888888888888,0.7777777777777778,0.6222222222222222,0.6866666666666666,0.13620065082058386,221,0.9736842105263158,0.9740215924426451,0.9612010796221322,0.986842105263158,0.9871794871794872,0.9765856950067476,0.00968609321273513
3.756916332244873,0.5001256315338493,0.1605973720550537,0.04700172587289553,,log2,4,8,730,"{'max_depth': None, 'max_features': 'log2', 'min_samples_leaf': 4, 'min_samples_split': 8, 'n_estimators': 730}",0.55,0.8444444444444444,0.6388888888888888,0.7777777777777778,0.6222222222222222,0.6866666666666666,0.10798948279838054,221,0.9605263157894737,0.9740215924426451,0.9483805668016194,0.986842105263158,0.9612010796221322,0.9661943319838058,0.013130009553528011
1.9368441104888916,0.5294485212710337,0.07409625053405762,0.017645555682736614,,log2,4,10,330,"{'max_depth': None, 'max_features': 'log2', 'min_samples_leaf': 4, 'min_samples_split': 10, 'n_estimators': 330}",0.55,0.8444444444444444,0.6388888888888888,0.7777777777777778,0.6222222222222222,0.6866666666666666,0.10798948279838054,221,0.9605263157894737,0.9740215924426451,0.9352226720647774,0.9740215924426451,0.9352226720647774,0.9558029689608636,0.017511389031526263
1.2621939659118653,0.043505914755157506,0.04850039482116699,0.007470689926990915,,log2,3,6,330,"{'max_depth': None, 'max_features': 'log2', 'min_samples_leaf': 3, 'min_samples_split': 6, 'n_estimators': 330}",0.5,0.8944444444444444,0.6388888888888888,0.7777777777777778,0.6222222222222222,0.6866666666666666,0.13620065082058386,221,0.9736842105263158,0.9740215924426451,0.9612010796221322,0.986842105263158,0.9871794871794872,0.9765856950067476,0.00968609321273513
2.0090047836303713,0.39826139617860723,0.07913684844970703,0.01934474328081067,20,log2,3,6,330,"{'max_depth': 20, 'max_features': 'log2', 'min_samples_leaf': 3, 'min_samples_split': 6, 'n_estimators': 330}",0.5,0.8944444444444444,0.6388888888888888,0.7777777777777778,0.6222222222222222,0.6866666666666666,0.13620065082058386,221,0.9736842105263158,0.9740215924426451,0.9612010796221322,0.986842105263158,0.9871794871794872,0.9765856950067476,0.00968609321273513
3.4197854518890383,0.15468884660500265,0.10738697052001953,0.0217472018813554,,log2,4,10,730,"{'max_depth': None, 'max_features': 'log2', 'min_samples_leaf': 4, 'min_samples_split': 10, 'n_estimators': 730}",0.55,0.8444444444444444,0.6388888888888888,0.7777777777777778,0.6222222222222222,0.6866666666666666,0.10798948279838054,221,0.9473684210526316,0.9740215924426451,0.9220647773279352,0.9740215924426451,0.9612010796221322,0.9557354925775978,0.019505693987234115
4.308187675476074,0.7175400983098432,0.14298863410949708,0.06316881961140926,25,log2,4,8,730,"{'max_depth': 25, 'max_features': 'log2', 'min_samples_leaf': 4, 'min_samples_split': 8, 'n_estimators': 730}",0.55,0.8444444444444444,0.6388888888888888,0.7777777777777778,0.6222222222222222,0.6866666666666666,0.10798948279838054,221,0.9605263157894737,0.9740215924426451,0.9483805668016194,0.986842105263158,0.9612010796221322,0.9661943319838058,0.013130009553528011
2.4650229930877687,0.2379248539957135,0.11563849449157715,0.03146737131513106,,sqrt,4,10,530,"{'max_depth': None, 'max_features': 'sqrt', 'min_samples_leaf': 4, 'min_samples_split': 10, 'n_estimators': 530}",0.55,0.8444444444444444,0.6388888888888888,0.7777777777777778,0.6222222222222222,0.6866666666666666,0.10798948279838054,221,0.9473684210526316,0.9608636977058029,0.9352226720647774,0.986842105263158,0.9612010796221322,0.9582995951417004,0.017214546545562457
3.304082679748535,0.49301780151164365,0.1267603874206543,0.03306296005099247,20,log2,4,6,730,"{'max_depth': 20, 'max_features': 'log2', 'min_samples_leaf': 4, 'min_samples_split': 6, 'n_estimators': 730}",0.55,0.8444444444444444,0.6388888888888888,0.7777777777777778,0.6222222222222222,0.6866666666666666,0.10798948279838054,221,0.9605263157894737,0.9740215924426451,0.9483805668016194,0.986842105263158,0.9612010796221322,0.9661943319838058,0.013130009553528011
5.140562677383423,1.1661898433893374,0.15633573532104492,0.07853690464381785,25,log2,4,6,730,"{'max_depth': 25, 'max_features': 'log2', 'min_samples_leaf': 4, 'min_samples_split': 6, 'n_estimators': 730}",0.55,0.8444444444444444,0.6388888888888888,0.7777777777777778,0.6222222222222222,0.6866666666666666,0.10798948279838054,221,0.9605263157894737,0.9740215924426451,0.9483805668016194,0.986842105263158,0.9612010796221322,0.9661943319838058,0.013130009553528011
2.292888069152832,0.893687381141354,0.0535468578338623,0.007402620312535516,25,log2,3,6,330,"{'max_depth': 25, 'max_features': 'log2', 'min_samples_leaf': 3, 'min_samples_split': 6, 'n_estimators': 330}",0.5,0.8944444444444444,0.6388888888888888,0.7777777777777778,0.6222222222222222,0.6866666666666666,0.13620065082058386,221,0.9736842105263158,0.9740215924426451,0.9612010796221322,0.986842105263158,0.9871794871794872,0.9765856950067476,0.00968609321273513
3.0523086071014403,0.227868461755817,0.11044831275939941,0.022349897013206735,,log2,4,10,530,"{'max_depth': None, 'max_features': 'log2', 'min_samples_leaf': 4, 'min_samples_split': 10, 'n_estimators': 530}",0.55,0.8444444444444444,0.6388888888888888,0.7777777777777778,0.6222222222222222,0.6866666666666666,0.10798948279838054,221,0.9473684210526316,0.9740215924426451,0.9220647773279352,0.986842105263158,0.9612010796221322,0.9582995951417004,0.022372873236653747
2.995197057723999,0.09844785433572502,0.1071995735168457,0.0108512016123119,20,sqrt,4,10,530,"{'max_depth': 20, 'max_features': 'sqrt', 'min_samples_leaf': 4, 'min_samples_split': 10, 'n_estimators': 530}",0.55,0.8444444444444444,0.6388888888888888,0.7777777777777778,0.6222222222222222,0.6866666666666666,0.10798948279838054,221,0.9473684210526316,0.9608636977058029,0.9352226720647774,0.986842105263158,0.9612010796221322,0.9582995951417004,0.017214546545562457
2.472623109817505,0.16335318030098744,0.09816913604736328,0.031728875056469166,25,sqrt,4,10,530,"{'max_depth': 25, 'max_features': 'sqrt', 'min_samples_leaf': 4, 'min_samples_split': 10, 'n_estimators': 530}",0.55,0.8444444444444444,0.6388888888888888,0.7777777777777778,0.6222222222222222,0.6866666666666666,0.10798948279838054,221,0.9473684210526316,0.9608636977058029,0.9352226720647774,0.986842105263158,0.9612010796221322,0.9582995951417004,0.017214546545562457
2.199347448348999,0.8877451564721599,0.051650190353393556,0.0048252705058869794,25,log2,4,10,330,"{'max_depth': 25, 'max_features': 'log2', 'min_samples_leaf': 4, 'min_samples_split': 10, 'n_estimators': 330}",0.55,0.8444444444444444,0.6388888888888888,0.7777777777777778,0.6222222222222222,0.6866666666666666,0.10798948279838054,221,0.9605263157894737,0.9740215924426451,0.9352226720647774,0.9740215924426451,0.9352226720647774,0.9558029689608636,0.017511389031526263
3.7150282859802246,0.6657607546787851,0.12395777702331542,0.018824822668689345,20,log2,4,10,730,"{'max_depth': 20, 'max_features': 'log2', 'min_samples_leaf': 4, 'min_samples_split': 10, 'n_estimators': 730}",0.55,0.8444444444444444,0.6388888888888888,0.7777777777777778,0.6222222222222222,0.6866666666666666,0.10798948279838054,221,0.9473684210526316,0.9740215924426451,0.9220647773279352,0.9740215924426451,0.9612010796221322,0.9557354925775978,0.019505693987234115
2.3047928333282472,0.44969539559096267,0.08492588996887207,0.02308721313548957,20,log2,4,10,530,"{'max_depth': 20, 'max_features': 'log2', 'min_samples_leaf': 4, 'min_samples_split': 10, 'n_estimators': 530}",0.55,0.8444444444444444,0.6388888888888888,0.7777777777777778,0.6222222222222222,0.6866666666666666,0.10798948279838054,221,0.9473684210526316,0.9740215924426451,0.9220647773279352,0.986842105263158,0.9612010796221322,0.9582995951417004,0.022372873236653747
1.64385666847229,0.2727229888282447,0.07072939872741699,0.020139286213767673,20,log2,4,10,330,"{'max_depth': 20, 'max_features': 'log2', 'min_samples_leaf': 4, 'min_samples_split': 10, 'n_estimators': 330}",0.55,0.8444444444444444,0.6388888888888888,0.7777777777777778,0.6222222222222222,0.6866666666666666,0.10798948279838054,221,0.9605263157894737,0.9740215924426451,0.9352226720647774,0.9740215924426451,0.9352226720647774,0.9558029689608636,0.017511389031526263
3.82100567817688,0.655814331685052,0.16378259658813477,0.00870371901589325,20,log2,4,8,730,"{'max_depth': 20, 'max_features': 'log2', 'min_samples_leaf': 4, 'min_samples_split': 8, 'n_estimators': 730}",0.55,0.8444444444444444,0.6388888888888888,0.7777777777777778,0.6222222222222222,0.6866666666666666,0.10798948279838054,221,0.9605263157894737,0.9740215924426451,0.9483805668016194,0.986842105263158,0.9612010796221322,0.9661943319838058,0.013130009553528011
2.674159812927246,0.30440410826274206,0.0826746940612793,0.010492151788272121,25,log2,4,10,530,"{'max_depth': 25, 'max_features': 'log2', 'min_samples_leaf': 4, 'min_samples_split': 10, 'n_estimators': 530}",0.55,0.8444444444444444,0.6388888888888888,0.7777777777777778,0.6222222222222222,0.6866666666666666,0.10798948279838054,221,0.9473684210526316,0.9740215924426451,0.9220647773279352,0.986842105263158,0.9612010796221322,0.9582995951417004,0.022372873236653747
2.1170351982116697,0.11153413960859936,0.07159876823425293,0.006647539528550651,15,log2,3,10,530,"{'max_depth': 15, 'max_features': 'log2', 'min_samples_leaf': 3, 'min_samples_split': 10, 'n_estimators': 530}",0.55,0.8444444444444444,0.6388888888888888,0.8333333333333333,0.5666666666666667,0.6866666666666665,0.12787918681221383,249,0.9605263157894737,0.9740215924426451,0.9483805668016194,0.986842105263158,0.9612010796221322,0.9661943319838058,0.013130009553528011
2.8325806140899656,0.14423997588423343,0.09673600196838379,0.012372846955607513,15,log2,3,10,730,"{'max_depth': 15, 'max_features': 'log2', 'min_samples_leaf': 3, 'min_samples_split': 10, 'n_estimators': 730}",0.55,0.8444444444444444,0.6388888888888888,0.8333333333333333,0.5666666666666667,0.6866666666666665,0.12787918681221383,249,0.9605263157894737,0.9740215924426451,0.9483805668016194,0.986842105263158,0.9612010796221322,0.9661943319838058,0.013130009553528011
2.845721197128296,0.10869138004010694,0.11206021308898925,0.025215483885699372,,log2,3,10,730,"{'max_depth': None, 'max_features': 'log2', 'min_samples_leaf': 3, 'min_samples_split': 10, 'n_estimators': 730}",0.55,0.8444444444444444,0.6388888888888888,0.8333333333333333,0.5666666666666667,0.6866666666666665,0.12787918681221383,249,0.9605263157894737,0.9740215924426451,0.9483805668016194,0.986842105263158,0.9612010796221322,0.9661943319838058,0.013130009553528011
2.0627349376678468,0.08383005312904858,0.06991252899169922,0.005322044873475092,,log2,3,10,530,"{'max_depth': None, 'max_features': 'log2', 'min_samples_leaf': 3, 'min_samples_split': 10, 'n_estimators': 530}",0.55,0.8444444444444444,0.6388888888888888,0.8333333333333333,0.5666666666666667,0.6866666666666665,0.12787918681221383,249,0.9605263157894737,0.9740215924426451,0.9483805668016194,0.986842105263158,0.9612010796221322,0.9661943319838058,0.013130009553528011
3.6911071300506593,0.1912479657111807,0.11009469032287597,0.009778522286668052,25,log2,3,10,730,"{'max_depth': 25, 'max_features': 'log2', 'min_samples_leaf': 3, 'min_samples_split': 10, 'n_estimators': 730}",0.55,0.8444444444444444,0.6388888888888888,0.8333333333333333,0.5666666666666667,0.6866666666666665,0.12787918681221383,249,0.9605263157894737,0.9740215924426451,0.9483805668016194,0.986842105263158,0.9612010796221322,0.9661943319838058,0.013130009553528011
2.562747669219971,0.26482516989454835,0.11019549369812012,0.019847393724171013,25,log2,3,10,530,"{'max_depth': 25, 'max_features': 'log2', 'min_samples_leaf': 3, 'min_samples_split': 10, 'n_estimators': 530}",0.55,0.8444444444444444,0.6388888888888888,0.8333333333333333,0.5666666666666667,0.6866666666666665,0.12787918681221383,249,0.9605263157894737,0.9740215924426451,0.9483805668016194,0.986842105263158,0.9612010796221322,0.9661943319838058,0.013130009553528011
2.932252073287964,0.1673353440631493,0.10106387138366699,0.006925868805832693,15,log2,2,10,730,"{'max_depth': 15, 'max_features': 'log2', 'min_samples_leaf': 2, 'min_samples_split': 10, 'n_estimators': 730}",0.55,0.8444444444444444,0.6388888888888888,0.8333333333333333,0.5666666666666667,0.6866666666666665,0.12787918681221383,249,0.986842105263158,0.9871794871794872,0.9615384615384616,0.986842105263158,0.9743589743589743,0.9793522267206478,0.01015603629933497
3.635269021987915,0.5432028440565727,0.13535614013671876,0.07935425732888793,20,log2,3,10,730,"{'max_depth': 20, 'max_features': 'log2', 'min_samples_leaf': 3, 'min_samples_split': 10, 'n_estimators': 730}",0.55,0.8444444444444444,0.6388888888888888,0.8333333333333333,0.5666666666666667,0.6866666666666665,0.12787918681221383,249,0.9605263157894737,0.9740215924426451,0.9483805668016194,0.986842105263158,0.9612010796221322,0.9661943319838058,0.013130009553528011
2.8096502304077147,0.06896735385897713,0.09305877685546875,0.00867255224856224,,log2,2,10,730,"{'max_depth': None, 'max_features': 'log2', 'min_samples_leaf': 2, 'min_samples_split': 10, 'n_estimators': 730}",0.55,0.8444444444444444,0.6388888888888888,0.8333333333333333,0.5666666666666667,0.6866666666666665,0.12787918681221383,249,0.986842105263158,0.9871794871794872,0.9615384615384616,0.986842105263158,0.9743589743589743,0.9793522267206478,0.01015603629933497
2.633281135559082,0.3919377429039437,0.10365047454833984,0.030057110381389127,20,log2,3,10,530,"{'max_depth': 20, 'max_features': 'log2', 'min_samples_leaf': 3, 'min_samples_split': 10, 'n_estimators': 530}",0.55,0.8444444444444444,0.6388888888888888,0.8333333333333333,0.5666666666666667,0.6866666666666665,0.12787918681221383,249,0.9605263157894737,0.9740215924426451,0.9483805668016194,0.986842105263158,0.9612010796221322,0.9661943319838058,0.013130009553528011
5.026934862136841,1.3837292898648836,0.19297561645507813,0.11798854851454244,25,log2,2,10,730,"{'max_depth': 25, 'max_features': 'log2', 'min_samples_leaf': 2, 'min_samples_split': 10, 'n_estimators': 730}",0.55,0.8444444444444444,0.6388888888888888,0.8333333333333333,0.5666666666666667,0.6866666666666665,0.12787918681221383,249,0.986842105263158,0.9871794871794872,0.9615384615384616,0.986842105263158,0.9743589743589743,0.9793522267206478,0.01015603629933497
3.6323484897613527,0.2533856337322297,0.1309060573577881,0.03743710861050339,20,log2,2,10,730,"{'max_depth': 20, 'max_features': 'log2', 'min_samples_leaf': 2, 'min_samples_split': 10, 'n_estimators': 730}",0.55,0.8444444444444444,0.6388888888888888,0.8333333333333333,0.5666666666666667,0.6866666666666665,0.12787918681221383,249,0.986842105263158,0.9871794871794872,0.9615384615384616,0.986842105263158,0.9743589743589743,0.9793522267206478,0.01015603629933497
3.92252402305603,0.5387113926254075,0.08494935035705567,0.01649425678931035,,,2,6,530,"{'max_depth': None, 'max_features': None, 'min_samples_leaf': 2, 'min_samples_split': 6, 'n_estimators': 530}",0.44999999999999996,0.8444444444444444,0.6388888888888888,0.8333333333333333,0.6222222222222222,0.6777777777777778,0.14727986293003997,261,1.0,1.0,1.0,1.0,1.0,1.0,0.0
2.135710668563843,0.19362220575101133,0.05154156684875488,0.005690127444751528,,,4,10,330,"{'max_depth': None, 'max_features': None, 'min_samples_leaf': 4, 'min_samples_split': 10, 'n_estimators': 330}",0.4,0.8944444444444444,0.6944444444444444,0.7777777777777778,0.6222222222222222,0.6777777777777778,0.1658126266618252,261,0.9605263157894737,0.9740215924426451,0.9483805668016194,0.9612010796221322,0.9612010796221322,0.9610661268556004,0.008112895203880782
5.035889101028443,0.6466188205185587,0.13667421340942382,0.03564544090178516,,,4,8,730,"{'max_depth': None, 'max_features': None, 'min_samples_leaf': 4, 'min_samples_split': 8, 'n_estimators': 730}",0.4,0.8944444444444444,0.6944444444444444,0.7777777777777778,0.6222222222222222,0.6777777777777778,0.1658126266618252,261,0.9736842105263158,0.9871794871794872,0.9483805668016194,0.986842105263158,0.9743589743589743,0.9740890688259108,0.014107890179710982
3.8623499870300293,0.9244298498316433,0.09332633018493652,0.03459157844097211,,,4,8,530,"{'max_depth': None, 'max_features': None, 'min_samples_leaf': 4, 'min_samples_split': 8, 'n_estimators': 530}",0.4,0.8944444444444444,0.6944444444444444,0.7777777777777778,0.6222222222222222,0.6777777777777778,0.1658126266618252,261,0.9736842105263158,0.9871794871794872,0.9483805668016194,0.986842105263158,0.9871794871794872,0.9766531713900136,0.015057064258962362
5.071530342102051,0.6002565200114821,0.12326459884643555,0.02702227164730223,,,2,6,730,"{'max_depth': None, 'max_features': None, 'min_samples_leaf': 2, 'min_samples_split': 6, 'n_estimators': 730}",0.44999999999999996,0.8444444444444444,0.6388888888888888,0.8333333333333333,0.6222222222222222,0.6777777777777778,0.14727986293003997,261,1.0,1.0,1.0,1.0,0.9871794871794872,0.9974358974358974,0.00512820512820511
2.0448294639587403,0.3710654742262855,0.05209016799926758,0.005618776792217914,,,4,8,330,"{'max_depth': None, 'max_features': None, 'min_samples_leaf': 4, 'min_samples_split': 8, 'n_estimators': 330}",0.4,0.8944444444444444,0.6944444444444444,0.7777777777777778,0.6222222222222222,0.6777777777777778,0.1658126266618252,261,0.9736842105263158,0.9740215924426451,0.9483805668016194,0.986842105263158,0.9612010796221322,0.9688259109311741,0.013048613632105634
4.712062644958496,0.4847275899996332,0.11884765625,0.022104455224895177,,,4,6,730,"{'max_depth': None, 'max_features': None, 'min_samples_leaf': 4, 'min_samples_split': 6, 'n_estimators': 730}",0.4,0.8944444444444444,0.6944444444444444,0.7777777777777778,0.6222222222222222,0.6777777777777778,0.1658126266618252,261,0.9736842105263158,0.9871794871794872,0.9483805668016194,0.986842105263158,0.9743589743589743,0.9740890688259108,0.014107890179710982
2.710060167312622,0.1983502002910495,0.0768211841583252,0.007417334319049892,,,4,6,530,"{'max_depth': None, 'max_features': None, 'min_samples_leaf': 4, 'min_samples_split': 6, 'n_estimators': 530}",0.4,0.8944444444444444,0.6944444444444444,0.7777777777777778,0.6222222222222222,0.6777777777777778,0.1658126266618252,261,0.9736842105263158,0.9871794871794872,0.9483805668016194,0.986842105263158,0.9871794871794872,0.9766531713900136,0.015057064258962362
4.8482129096984865,0.4703379041518019,0.26032247543334963,0.07979659924505682,,,2,10,730,"{'max_depth': None, 'max_features': None, 'min_samples_leaf': 2, 'min_samples_split': 10, 'n_estimators': 730}",0.44999999999999996,0.8444444444444444,0.6388888888888888,0.8333333333333333,0.6222222222222222,0.6777777777777778,0.14727986293003997,261,0.986842105263158,1.0,1.0,1.0,0.9871794871794872,0.9948043184885289,0.006364278608664801
1.6406917095184326,0.055247054790176386,0.046827173233032225,0.0063722716002437,,,4,6,330,"{'max_depth': None, 'max_features': None, 'min_samples_leaf': 4, 'min_samples_split': 6, 'n_estimators': 330}",0.4,0.8944444444444444,0.6944444444444444,0.7777777777777778,0.6222222222222222,0.6777777777777778,0.1658126266618252,261,0.9736842105263158,0.9740215924426451,0.9483805668016194,0.986842105263158,0.9612010796221322,0.9688259109311741,0.013048613632105634
4.997826004028321,1.2235915810069635,0.11940312385559082,0.019675441234846932,20,,4,10,730,"{'max_depth': 20, 'max_features': None, 'min_samples_leaf': 4, 'min_samples_split': 10, 'n_estimators': 730}",0.4,0.8944444444444444,0.6944444444444444,0.7777777777777778,0.6222222222222222,0.6777777777777778,0.1658126266618252,261,0.9736842105263158,0.9740215924426451,0.9483805668016194,0.9740215924426451,0.9612010796221322,0.9662618083670715,0.010206569717241062
4.941114234924316,1.4073606535574428,0.16112518310546875,0.08631635296739437,25,,4,10,530,"{'max_depth': 25, 'max_features': None, 'min_samples_leaf': 4, 'min_samples_split': 10, 'n_estimators': 530}",0.4,0.8944444444444444,0.6944444444444444,0.7777777777777778,0.6222222222222222,0.6777777777777778,0.1658126266618252,261,0.9736842105263158,0.9740215924426451,0.9483805668016194,0.9612010796221322,0.9612010796221322,0.963697705802969,0.009522541086271612
5.819999074935913,0.7960072483014805,0.16611266136169434,0.0873311967399593,20,,4,6,730,"{'max_depth': 20, 'max_features': None, 'min_samples_leaf': 4, 'min_samples_split': 6, 'n_estimators': 730}",0.4,0.8944444444444444,0.6944444444444444,0.7777777777777778,0.6222222222222222,0.6777777777777778,0.1658126266618252,261,0.9736842105263158,0.9871794871794872,0.9483805668016194,0.986842105263158,0.9743589743589743,0.9740890688259108,0.014107890179710982
5.487322092056274,1.387282574615399,0.10020523071289063,0.0022375519828115994,25,,4,10,730,"{'max_depth': 25, 'max_features': None, 'min_samples_leaf': 4, 'min_samples_split': 10, 'n_estimators': 730}",0.4,0.8944444444444444,0.6944444444444444,0.7777777777777778,0.6222222222222222,0.6777777777777778,0.1658126266618252,261,0.9736842105263158,0.9740215924426451,0.9483805668016194,0.9740215924426451,0.9612010796221322,0.9662618083670715,0.010206569717241062
2.2192720413208007,0.3938308946915925,0.06058626174926758,0.015751874918410135,20,,4,6,330,"{'max_depth': 20, 'max_features': None, 'min_samples_leaf': 4, 'min_samples_split': 6, 'n_estimators': 330}",0.4,0.8944444444444444,0.6944444444444444,0.7777777777777778,0.6222222222222222,0.6777777777777778,0.1658126266618252,261,0.9736842105263158,0.9740215924426451,0.9483805668016194,0.986842105263158,0.9612010796221322,0.9688259109311741,0.013048613632105634
4.648708295822144,0.7600854462007729,0.10853838920593262,0.02560578152625143,20,,2,10,730,"{'max_depth': 20, 'max_features': None, 'min_samples_leaf': 2, 'min_samples_split': 10, 'n_estimators': 730}",0.44999999999999996,0.8444444444444444,0.6388888888888888,0.8333333333333333,0.6222222222222222,0.6777777777777778,0.14727986293003997,261,0.986842105263158,1.0,1.0,1.0,0.9871794871794872,0.9948043184885289,0.006364278608664801
5.1389423370361325,0.9026196725682807,0.19637246131896974,0.10942320234028965,20,,2,6,730,"{'max_depth': 20, 'max_features': None, 'min_samples_leaf': 2, 'min_samples_split': 6, 'n_estimators': 730}",0.44999999999999996,0.8444444444444444,0.6388888888888888,0.8333333333333333,0.6222222222222222,0.6777777777777778,0.14727986293003997,261,1.0,1.0,1.0,1.0,0.9871794871794872,0.9974358974358974,0.00512820512820511
2.966891145706177,0.17707524377895414,0.10690064430236816,0.05425733937862175,20,,2,6,530,"{'max_depth': 20, 'max_features': None, 'min_samples_leaf': 2, 'min_samples_split': 6, 'n_estimators': 530}",0.44999999999999996,0.8444444444444444,0.6388888888888888,0.8333333333333333,0.6222222222222222,0.6777777777777778,0.14727986293003997,261,1.0,1.0,1.0,1.0,1.0,1.0,0.0
4.5928637981414795,0.5529186298261404,0.1833643913269043,0.10053053947241641,15,,4,10,730,"{'max_depth': 15, 'max_features': None, 'min_samples_leaf': 4, 'min_samples_split': 10, 'n_estimators': 730}",0.4,0.8944444444444444,0.6944444444444444,0.7777777777777778,0.6222222222222222,0.6777777777777778,0.1658126266618252,261,0.9736842105263158,0.9740215924426451,0.9483805668016194,0.9740215924426451,0.9612010796221322,0.9662618083670715,0.010206569717241062
2.949881744384766,0.3505191876088741,0.08035140037536621,0.008797410351107987,15,,4,10,530,"{'max_depth': 15, 'max_features': None, 'min_samples_leaf': 4, 'min_samples_split': 10, 'n_estimators': 530}",0.4,0.8944444444444444,0.6944444444444444,0.7777777777777778,0.6222222222222222,0.6777777777777778,0.1658126266618252,261,0.9736842105263158,0.9740215924426451,0.9483805668016194,0.9612010796221322,0.9612010796221322,0.963697705802969,0.009522541086271612
2.422468423843384,0.5167750150169859,0.050481414794921874,0.0021330861149454934,20,,4,8,330,"{'max_depth': 20, 'max_features': None, 'min_samples_leaf': 4, 'min_samples_split': 8, 'n_estimators': 330}",0.4,0.8944444444444444,0.6944444444444444,0.7777777777777778,0.6222222222222222,0.6777777777777778,0.1658126266618252,261,0.9736842105263158,0.9740215924426451,0.9483805668016194,0.986842105263158,0.9612010796221322,0.9688259109311741,0.013048613632105634
1.7408257484436036,0.07431111219127307,0.048473787307739255,0.00938645915887779,15,,4,10,330,"{'max_depth': 15, 'max_features': None, 'min_samples_leaf': 4, 'min_samples_split': 10, 'n_estimators': 330}",0.4,0.8944444444444444,0.6944444444444444,0.7777777777777778,0.6222222222222222,0.6777777777777778,0.1658126266618252,261,0.9605263157894737,0.9740215924426451,0.9483805668016194,0.9612010796221322,0.9612010796221322,0.9610661268556004,0.008112895203880782
2.5964616775512694,0.11638376246584559,0.06660079956054688,0.004934481042591326,15,,4,8,530,"{'max_depth': 15, 'max_features': None, 'min_samples_leaf': 4, 'min_samples_split': 8, 'n_estimators': 530}",0.4,0.8944444444444444,0.6944444444444444,0.7777777777777778,0.6222222222222222,0.6777777777777778,0.1658126266618252,261,0.9736842105263158,0.9871794871794872,0.9483805668016194,0.986842105263158,0.9871794871794872,0.9766531713900136,0.015057064258962362
1.6502971649169922,0.05636631791256065,0.047775554656982425,0.007418472526089032,15,,4,8,330,"{'max_depth': 15, 'max_features': None, 'min_samples_leaf': 4, 'min_samples_split': 8, 'n_estimators': 330}",0.4,0.8944444444444444,0.6944444444444444,0.7777777777777778,0.6222222222222222,0.6777777777777778,0.1658126266618252,261,0.9736842105263158,0.9740215924426451,0.9483805668016194,0.986842105263158,0.9612010796221322,0.9688259109311741,0.013048613632105634
4.200640726089477,0.23920379976655842,0.0942883014678955,0.007643057842343762,15,,4,6,730,"{'max_depth': 15, 'max_features': None, 'min_samples_leaf': 4, 'min_samples_split': 6, 'n_estimators': 730}",0.4,0.8944444444444444,0.6944444444444444,0.7777777777777778,0.6222222222222222,0.6777777777777778,0.1658126266618252,261,0.9736842105263158,0.9871794871794872,0.9483805668016194,0.986842105263158,0.9743589743589743,0.9740890688259108,0.014107890179710982
3.5444286823272706,0.42134508193413317,0.10918145179748535,0.0527770380461489,15,,4,6,530,"{'max_depth': 15, 'max_features': None, 'min_samples_leaf': 4, 'min_samples_split': 6, 'n_estimators': 530}",0.4,0.8944444444444444,0.6944444444444444,0.7777777777777778,0.6222222222222222,0.6777777777777778,0.1658126266618252,261,0.9736842105263158,0.9871794871794872,0.9483805668016194,0.986842105263158,0.9871794871794872,0.9766531713900136,0.015057064258962362
2.006706142425537,0.23755404914322192,0.05193462371826172,0.0018553774916231552,15,,4,6,330,"{'max_depth': 15, 'max_features': None, 'min_samples_leaf': 4, 'min_samples_split': 6, 'n_estimators': 330}",0.4,0.8944444444444444,0.6944444444444444,0.7777777777777778,0.6222222222222222,0.6777777777777778,0.1658126266618252,261,0.9736842105263158,0.9740215924426451,0.9483805668016194,0.986842105263158,0.9612010796221322,0.9688259109311741,0.013048613632105634
5995.810907506942,4888.72521466353,0.17638626098632812,0.0694395270757731,15,,2,10,730,"{'max_depth': 15, 'max_features': None, 'min_samples_leaf': 2, 'min_samples_split': 10, 'n_estimators': 730}",0.44999999999999996,0.8444444444444444,0.6388888888888888,0.8333333333333333,0.6222222222222222,0.6777777777777778,0.14727986293003997,261,0.986842105263158,1.0,1.0,1.0,0.9871794871794872,0.9948043184885289,0.006364278608664801
3.6188374042510985,0.14265399088832567,0.08326244354248047,0.004986232316509901,15,,2,6,730,"{'max_depth': 15, 'max_features': None, 'min_samples_leaf': 2, 'min_samples_split': 6, 'n_estimators': 730}",0.44999999999999996,0.8444444444444444,0.6388888888888888,0.8333333333333333,0.6222222222222222,0.6777777777777778,0.14727986293003997,261,1.0,1.0,1.0,1.0,0.9871794871794872,0.9974358974358974,0.00512820512820511
2.1011115074157716,0.16215687286686517,0.06936922073364257,0.02199514560636836,15,,2,6,530,"{'max_depth': 15, 'max_features': None, 'min_samples_leaf': 2, 'min_samples_split': 6, 'n_estimators': 530}",0.44999999999999996,0.8444444444444444,0.6388888888888888,0.8333333333333333,0.6222222222222222,0.6777777777777778,0.14727986293003997,261,1.0,1.0,1.0,1.0,1.0,1.0,0.0
4.027989912033081,0.2210575549077612,0.10580801963806152,0.013836703241902722,15,,4,8,730,"{'max_depth': 15, 'max_features': None, 'min_samples_leaf': 4, 'min_samples_split': 8, 'n_estimators': 730}",0.4,0.8944444444444444,0.6944444444444444,0.7777777777777778,0.6222222222222222,0.6777777777777778,0.1658126266618252,261,0.9736842105263158,0.9871794871794872,0.9483805668016194,0.986842105263158,0.9743589743589743,0.9740890688259108,0.014107890179710982
3.866666793823242,1.2787062929658688,0.12717432975769044,0.06892826477600963,20,,4,8,530,"{'max_depth': 20, 'max_features': None, 'min_samples_leaf': 4, 'min_samples_split': 8, 'n_estimators': 530}",0.4,0.8944444444444444,0.6944444444444444,0.7777777777777778,0.6222222222222222,0.6777777777777778,0.1658126266618252,261,0.9736842105263158,0.9871794871794872,0.9483805668016194,0.986842105263158,0.9871794871794872,0.9766531713900136,0.015057064258962362
3.4805198192596434,0.33696551969872207,0.11782255172729492,0.04149349642826677,20,,4,6,530,"{'max_depth': 20, 'max_features': None, 'min_samples_leaf': 4, 'min_samples_split': 6, 'n_estimators': 530}",0.4,0.8944444444444444,0.6944444444444444,0.7777777777777778,0.6222222222222222,0.6777777777777778,0.1658126266618252,261,0.9736842105263158,0.9871794871794872,0.9483805668016194,0.986842105263158,0.9871794871794872,0.9766531713900136,0.015057064258962362
3.1279037475585936,0.20625626260461885,0.07464561462402344,0.012343133604177839,25,,2,6,530,"{'max_depth': 25, 'max_features': None, 'min_samples_leaf': 2, 'min_samples_split': 6, 'n_estimators': 530}",0.44999999999999996,0.8444444444444444,0.6388888888888888,0.8333333333333333,0.6222222222222222,0.6777777777777778,0.14727986293003997,261,1.0,1.0,1.0,1.0,1.0,1.0,0.0
2.020551824569702,0.5025111119830671,0.060512113571166995,0.02338721618602845,25,,4,10,330,"{'max_depth': 25, 'max_features': None, 'min_samples_leaf': 4, 'min_samples_split': 10, 'n_estimators': 330}",0.4,0.8944444444444444,0.6944444444444444,0.7777777777777778,0.6222222222222222,0.6777777777777778,0.1658126266618252,261,0.9605263157894737,0.9740215924426451,0.9483805668016194,0.9612010796221322,0.9612010796221322,0.9610661268556004,0.008112895203880782
5.68915319442749,1.2178375792392582,0.18237929344177245,0.10610922894830895,25,,4,8,730,"{'max_depth': 25, 'max_features': None, 'min_samples_leaf': 4, 'min_samples_split': 8, 'n_estimators': 730}",0.4,0.8944444444444444,0.6944444444444444,0.7777777777777778,0.6222222222222222,0.6777777777777778,0.1658126266618252,261,0.9736842105263158,0.9871794871794872,0.9483805668016194,0.986842105263158,0.9743589743589743,0.9740890688259108,0.014107890179710982
4.2223937034606935,1.19915006974985,0.07785153388977051,0.0068362915913137015,25,,4,8,530,"{'max_depth': 25, 'max_features': None, 'min_samples_leaf': 4, 'min_samples_split': 8, 'n_estimators': 530}",0.4,0.8944444444444444,0.6944444444444444,0.7777777777777778,0.6222222222222222,0.6777777777777778,0.1658126266618252,261,0.9736842105263158,0.9871794871794872,0.9483805668016194,0.986842105263158,0.9871794871794872,0.9766531713900136,0.015057064258962362
2.029612112045288,0.4960358116990643,0.07669734954833984,0.040762235836608464,25,,4,8,330,"{'max_depth': 25, 'max_features': None, 'min_samples_leaf': 4, 'min_samples_split': 8, 'n_estimators': 330}",0.4,0.8944444444444444,0.6944444444444444,0.7777777777777778,0.6222222222222222,0.6777777777777778,0.1658126266618252,261,0.9736842105263158,0.9740215924426451,0.9483805668016194,0.986842105263158,0.9612010796221322,0.9688259109311741,0.013048613632105634
4.85545597076416,0.8563545961232714,0.15257587432861328,0.05949838395199234,25,,4,6,730,"{'max_depth': 25, 'max_features': None, 'min_samples_leaf': 4, 'min_samples_split': 6, 'n_estimators': 730}",0.4,0.8944444444444444,0.6944444444444444,0.7777777777777778,0.6222222222222222,0.6777777777777778,0.1658126266618252,261,0.9736842105263158,0.9871794871794872,0.9483805668016194,0.986842105263158,0.9743589743589743,0.9740890688259108,0.014107890179710982
3.100565528869629,0.5610775755468355,0.08676815032958984,0.021698705535558083,25,,4,6,530,"{'max_depth': 25, 'max_features': None, 'min_samples_leaf': 4, 'min_samples_split': 6, 'n_estimators': 530}",0.4,0.8944444444444444,0.6944444444444444,0.7777777777777778,0.6222222222222222,0.6777777777777778,0.1658126266618252,261,0.9736842105263158,0.9871794871794872,0.9483805668016194,0.986842105263158,0.9871794871794872,0.9766531713900136,0.015057064258962362
1.8982709407806397,0.3300480065422989,0.05567679405212402,0.013446714314345031,25,,4,6,330,"{'max_depth': 25, 'max_features': None, 'min_samples_leaf': 4, 'min_samples_split': 6, 'n_estimators': 330}",0.4,0.8944444444444444,0.6944444444444444,0.7777777777777778,0.6222222222222222,0.6777777777777778,0.1658126266618252,261,0.9736842105263158,0.9740215924426451,0.9483805668016194,0.986842105263158,0.9612010796221322,0.9688259109311741,0.013048613632105634
5.313267421722412,0.7338296634271234,0.11066393852233887,0.01682119585158558,25,,2,10,730,"{'max_depth': 25, 'max_features': None, 'min_samples_leaf': 2, 'min_samples_split': 10, 'n_estimators': 730}",0.44999999999999996,0.8444444444444444,0.6388888888888888,0.8333333333333333,0.6222222222222222,0.6777777777777778,0.14727986293003997,261,0.986842105263158,1.0,1.0,1.0,0.9871794871794872,0.9948043184885289,0.006364278608664801
5.34726185798645,0.6294072401325994,0.15294146537780762,0.03649751058288785,25,,2,6,730,"{'max_depth': 25, 'max_features': None, 'min_samples_leaf': 2, 'min_samples_split': 6, 'n_estimators': 730}",0.44999999999999996,0.8444444444444444,0.6388888888888888,0.8333333333333333,0.6222222222222222,0.6777777777777778,0.14727986293003997,261,1.0,1.0,1.0,1.0,0.9871794871794872,0.9974358974358974,0.00512820512820511
6.393752861022949,2.7886956801479634,0.13522605895996093,0.07416930463667865,20,,4,8,730,"{'max_depth': 20, 'max_features': None, 'min_samples_leaf': 4, 'min_samples_split': 8, 'n_estimators': 730}",0.4,0.8944444444444444,0.6944444444444444,0.7777777777777778,0.6222222222222222,0.6777777777777778,0.1658126266618252,261,0.9736842105263158,0.9871794871794872,0.9483805668016194,0.986842105263158,0.9743589743589743,0.9740890688259108,0.014107890179710982
3.948813533782959,0.1539938684605801,0.11996922492980958,0.017412066390429935,,,4,10,730,"{'max_depth': None, 'max_features': None, 'min_samples_leaf': 4, 'min_samples_split': 10, 'n_estimators': 730}",0.4,0.8944444444444444,0.6944444444444444,0.7777777777777778,0.6222222222222222,0.6777777777777778,0.1658126266618252,261,0.9736842105263158,0.9740215924426451,0.9483805668016194,0.9740215924426451,0.9612010796221322,0.9662618083670715,0.010206569717241062
3.8175031661987306,1.4307567359570728,0.1526165008544922,0.09180525535883978,20,,4,10,530,"{'max_depth': 20, 'max_features': None, 'min_samples_leaf': 4, 'min_samples_split': 10, 'n_estimators': 530}",0.4,0.8944444444444444,0.6944444444444444,0.7777777777777778,0.6222222222222222,0.6777777777777778,0.1658126266618252,261,0.9736842105263158,0.9740215924426451,0.9483805668016194,0.9612010796221322,0.9612010796221322,0.963697705802969,0.009522541086271612
2.7361520290374757,1.0409369570613431,0.04986977577209473,0.006113202581181777,20,,4,10,330,"{'max_depth': 20, 'max_features': None, 'min_samples_leaf': 4, 'min_samples_split': 10, 'n_estimators': 330}",0.4,0.8944444444444444,0.6944444444444444,0.7777777777777778,0.6222222222222222,0.6777777777777778,0.1658126266618252,261,0.9605263157894737,0.9740215924426451,0.9483805668016194,0.9612010796221322,0.9612010796221322,0.9610661268556004,0.008112895203880782
2.807956027984619,0.18336728770262786,0.08024191856384277,0.009866428798584195,,,4,10,530,"{'max_depth': None, 'max_features': None, 'min_samples_leaf': 4, 'min_samples_split': 10, 'n_estimators': 530}",0.4,0.8944444444444444,0.6944444444444444,0.7777777777777778,0.6222222222222222,0.6777777777777778,0.1658126266618252,261,0.9736842105263158,0.9740215924426451,0.9483805668016194,0.9612010796221322,0.9612010796221322,0.963697705802969,0.009522541086271612
2.6533687591552733,0.06441339254358866,0.09820799827575684,0.015306505804382774,15,sqrt,4,6,730,"{'max_depth': 15, 'max_features': 'sqrt', 'min_samples_leaf': 4, 'min_samples_split': 6, 'n_estimators': 730}",0.5,0.8444444444444444,0.6388888888888888,0.7777777777777778,0.6222222222222222,0.6766666666666666,0.12163495274136897,309,0.9473684210526316,0.9740215924426451,0.9483805668016194,0.986842105263158,0.9612010796221322,0.9635627530364372,0.015163431210691131
2.5404016971588135,0.041493212711821055,0.07878327369689941,0.004052738444204363,15,sqrt,4,8,730,"{'max_depth': 15, 'max_features': 'sqrt', 'min_samples_leaf': 4, 'min_samples_split': 8, 'n_estimators': 730}",0.5,0.8444444444444444,0.6388888888888888,0.7777777777777778,0.6222222222222222,0.6766666666666666,0.12163495274136897,309,0.9473684210526316,0.9740215924426451,0.9483805668016194,0.986842105263158,0.9612010796221322,0.9635627530364372,0.015163431210691131
2.165460729598999,0.06881807928829524,0.06411075592041016,0.006168670402001453,15,sqrt,4,10,730,"{'max_depth': 15, 'max_features': 'sqrt', 'min_samples_leaf': 4, 'min_samples_split': 10, 'n_estimators': 730}",0.5,0.8444444444444444,0.6388888888888888,0.7777777777777778,0.6222222222222222,0.6766666666666666,0.12163495274136897,309,0.9473684210526316,0.9740215924426451,0.9352226720647774,0.986842105263158,0.9612010796221322,0.9609311740890689,0.01837217244768398
3.0594880104064943,0.15023291340357783,0.10228400230407715,0.006950115512022089,,sqrt,4,6,730,"{'max_depth': None, 'max_features': 'sqrt', 'min_samples_leaf': 4, 'min_samples_split': 6, 'n_estimators': 730}",0.5,0.8444444444444444,0.6388888888888888,0.7777777777777778,0.6222222222222222,0.6766666666666666,0.12163495274136897,309,0.9473684210526316,0.9740215924426451,0.9483805668016194,0.986842105263158,0.9612010796221322,0.9635627530364372,0.015163431210691131
3.7111648082733155,0.44064363019084646,0.13855891227722167,0.03941613541338242,,sqrt,4,10,730,"{'max_depth': None, 'max_features': 'sqrt', 'min_samples_leaf': 4, 'min_samples_split': 10, 'n_estimators': 730}",0.5,0.8444444444444444,0.6388888888888888,0.7777777777777778,0.6222222222222222,0.6766666666666666,0.12163495274136897,309,0.9473684210526316,0.9740215924426451,0.9352226720647774,0.986842105263158,0.9612010796221322,0.9609311740890689,0.01837217244768398
3.993356800079346,0.08700003288085881,0.14079890251159669,0.003917965717635737,20,sqrt,4,6,730,"{'max_depth': 20, 'max_features': 'sqrt', 'min_samples_leaf': 4, 'min_samples_split': 6, 'n_estimators': 730}",0.5,0.8444444444444444,0.6388888888888888,0.7777777777777778,0.6222222222222222,0.6766666666666666,0.12163495274136897,309,0.9473684210526316,0.9740215924426451,0.9483805668016194,0.986842105263158,0.9612010796221322,0.9635627530364372,0.015163431210691131
3.839780330657959,0.22719528091806598,0.15567574501037598,0.0356859500231166,,sqrt,4,8,730,"{'max_depth': None, 'max_features': 'sqrt', 'min_samples_leaf': 4, 'min_samples_split': 8, 'n_estimators': 730}",0.5,0.8444444444444444,0.6388888888888888,0.7777777777777778,0.6222222222222222,0.6766666666666666,0.12163495274136897,309,0.9473684210526316,0.9740215924426451,0.9483805668016194,0.986842105263158,0.9612010796221322,0.9635627530364372,0.015163431210691131
4.642652177810669,0.7759211653991912,0.10729084014892579,0.008351479266795386,25,sqrt,4,6,730,"{'max_depth': 25, 'max_features': 'sqrt', 'min_samples_leaf': 4, 'min_samples_split': 6, 'n_estimators': 730}",0.5,0.8444444444444444,0.6388888888888888,0.7777777777777778,0.6222222222222222,0.6766666666666666,0.12163495274136897,309,0.9473684210526316,0.9740215924426451,0.9483805668016194,0.986842105263158,0.9612010796221322,0.9635627530364372,0.015163431210691131
4.065482521057129,0.28781554855010444,0.10758872032165527,0.013775519104366342,20,sqrt,4,10,730,"{'max_depth': 20, 'max_features': 'sqrt', 'min_samples_leaf': 4, 'min_samples_split': 10, 'n_estimators': 730}",0.5,0.8444444444444444,0.6388888888888888,0.7777777777777778,0.6222222222222222,0.6766666666666666,0.12163495274136897,309,0.9473684210526316,0.9740215924426451,0.9352226720647774,0.986842105263158,0.9612010796221322,0.9609311740890689,0.01837217244768398
4.346382665634155,0.291548349113317,0.1312018871307373,0.027987459382308698,20,sqrt,4,8,730,"{'max_depth': 20, 'max_features': 'sqrt', 'min_samples_leaf': 4, 'min_samples_split': 8, 'n_estimators': 730}",0.5,0.8444444444444444,0.6388888888888888,0.7777777777777778,0.6222222222222222,0.6766666666666666,0.12163495274136897,309,0.9473684210526316,0.9740215924426451,0.9483805668016194,0.986842105263158,0.9612010796221322,0.9635627530364372,0.015163431210691131
3.089004707336426,0.18988469627593033,0.10713067054748535,0.007047568276194377,25,sqrt,4,10,730,"{'max_depth': 25, 'max_features': 'sqrt', 'min_samples_leaf': 4, 'min_samples_split': 10, 'n_estimators': 730}",0.5,0.8444444444444444,0.6388888888888888,0.7777777777777778,0.6222222222222222,0.6766666666666666,0.12163495274136897,309,0.9473684210526316,0.9740215924426451,0.9352226720647774,0.986842105263158,0.9612010796221322,0.9609311740890689,0.01837217244768398
3.5780373096466063,0.47414403100087765,0.1220510482788086,0.03510739057652438,25,sqrt,4,8,730,"{'max_depth': 25, 'max_features': 'sqrt', 'min_samples_leaf': 4, 'min_samples_split': 8, 'n_estimators': 730}",0.5,0.8444444444444444,0.6388888888888888,0.7777777777777778,0.6222222222222222,0.6766666666666666,0.12163495274136897,309,0.9473684210526316,0.9740215924426451,0.9483805668016194,0.986842105263158,0.9612010796221322,0.9635627530364372,0.015163431210691131
1.9580864429473877,0.3677159269119633,0.0627368450164795,0.02298081031391767,,sqrt,3,10,330,"{'max_depth': None, 'max_features': 'sqrt', 'min_samples_leaf': 3, 'min_samples_split': 10, 'n_estimators': 330}",0.5,0.8444444444444444,0.6388888888888888,0.8333333333333333,0.5666666666666667,0.6766666666666665,0.13959376688479475,321,0.9605263157894737,0.9740215924426451,0.9352226720647774,0.9740215924426451,0.9612010796221322,0.9609986504723347,0.014169397839035541
1.3742117404937744,0.11685817134052444,0.04946150779724121,0.005555250999091924,15,sqrt,3,10,330,"{'max_depth': 15, 'max_features': 'sqrt', 'min_samples_leaf': 3, 'min_samples_split': 10, 'n_estimators': 330}",0.5,0.8444444444444444,0.6388888888888888,0.8333333333333333,0.5666666666666667,0.6766666666666665,0.13959376688479475,321,0.9605263157894737,0.9740215924426451,0.9352226720647774,0.9740215924426451,0.9612010796221322,0.9609986504723347,0.014169397839035541
1.4953670501708984,0.13373572653688662,0.04921512603759766,0.002664881816719682,25,sqrt,3,10,330,"{'max_depth': 25, 'max_features': 'sqrt', 'min_samples_leaf': 3, 'min_samples_split': 10, 'n_estimators': 330}",0.5,0.8444444444444444,0.6388888888888888,0.8333333333333333,0.5666666666666667,0.6766666666666665,0.13959376688479475,321,0.9605263157894737,0.9740215924426451,0.9352226720647774,0.9740215924426451,0.9612010796221322,0.9609986504723347,0.014169397839035541
2.560096836090088,0.2587444797671411,0.08395686149597167,0.007161012767591409,20,sqrt,3,10,330,"{'max_depth': 20, 'max_features': 'sqrt', 'min_samples_leaf': 3, 'min_samples_split': 10, 'n_estimators': 330}",0.5,0.8444444444444444,0.6388888888888888,0.8333333333333333,0.5666666666666667,0.6766666666666665,0.13959376688479475,321,0.9605263157894737,0.9740215924426451,0.9352226720647774,0.9740215924426451,0.9612010796221322,0.9609986504723347,0.014169397839035541
