mean_fit_time,std_fit_time,mean_score_time,std_score_time,param_max_depth,param_max_features,param_min_samples_leaf,param_min_samples_split,param_n_estimators,params,split0_test_score,split1_test_score,split2_test_score,split3_test_score,split4_test_score,mean_test_score,std_test_score,rank_test_score,split0_train_score,split1_train_score,split2_train_score,split3_train_score,split4_train_score,mean_train_score,std_train_score
1.2456696033477783,0.019177635756934895,0.048268890380859374,0.0032565281764758754,3,log2,2,11,421,"{'max_depth': 3, 'max_features': 'log2', 'min_samples_leaf': 2, 'min_samples_split': 11, 'n_estimators': 421}",0.5,0.6444444444444444,0.7388888888888889,0.7333333333333334,0.5166666666666666,0.6266666666666667,0.10240322139994633,1,0.8289473684210527,0.8427800269905532,0.843454790823212,0.8586369770580298,0.8707827260458839,0.8489203778677463,0.014414383265897128
0.29979605674743653,0.003762804185653896,0.014761590957641601,0.00039942541712362516,3,sqrt,1,11,100,"{'max_depth': 3, 'max_features': 'sqrt', 'min_samples_leaf': 1, 'min_samples_split': 11, 'n_estimators': 100}",0.5,0.6444444444444444,0.7388888888888889,0.7333333333333334,0.5166666666666666,0.6266666666666667,0.10240322139994633,1,0.8421052631578947,0.8431174089068827,0.8694331983805668,0.8326585695006747,0.8711201079622132,0.8516869095816464,0.01561987184118251
0.643683910369873,0.009209291083284348,0.02592501640319824,0.002097487422409773,3,sqrt,1,11,221,"{'max_depth': 3, 'max_features': 'sqrt', 'min_samples_leaf': 1, 'min_samples_split': 11, 'n_estimators': 221}",0.5,0.6444444444444444,0.7388888888888889,0.7333333333333334,0.5166666666666666,0.6266666666666667,0.10240322139994633,1,0.8289473684210527,0.8690958164642375,0.8694331983805668,0.8586369770580298,0.8582995951417004,0.8568825910931175,0.014779330523233934
1.2355899810791016,0.020754176310112515,0.04727177619934082,0.002327508361764539,3,sqrt,1,11,421,"{'max_depth': 3, 'max_features': 'sqrt', 'min_samples_leaf': 1, 'min_samples_split': 11, 'n_estimators': 421}",0.5,0.6444444444444444,0.7388888888888889,0.7333333333333334,0.5166666666666666,0.6266666666666667,0.10240322139994633,1,0.8552631578947368,0.8427800269905532,0.8694331983805668,0.8586369770580298,0.8711201079622132,0.8594466936572198,0.01031440030588505
0.6524571895599365,0.014540363544327943,0.02552947998046875,0.001851351695951499,3,sqrt,1,13,221,"{'max_depth': 3, 'max_features': 'sqrt', 'min_samples_leaf': 1, 'min_samples_split': 13, 'n_estimators': 221}",0.5,0.6444444444444444,0.7388888888888889,0.7333333333333334,0.5166666666666666,0.6266666666666667,0.10240322139994633,1,0.8289473684210527,0.8562753036437247,0.8694331983805668,0.8458164642375169,0.844804318488529,0.8490553306342781,0.013418472404191523
1.2297104835510253,0.026440659829377784,0.04627633094787598,0.003868127233572466,3,sqrt,1,15,421,"{'max_depth': 3, 'max_features': 'sqrt', 'min_samples_leaf': 1, 'min_samples_split': 15, 'n_estimators': 421}",0.5,0.6444444444444444,0.7388888888888889,0.7333333333333334,0.5166666666666666,0.6266666666666667,0.10240322139994633,1,0.8157894736842105,0.8299595141700404,0.843454790823212,0.8458164642375169,0.8451417004048583,0.8360323886639677,0.011665806106153765
0.29161996841430665,0.004574542538158772,0.01436152458190918,0.0010170648264922937,3,sqrt,2,11,100,"{'max_depth': 3, 'max_features': 'sqrt', 'min_samples_leaf': 2, 'min_samples_split': 11, 'n_estimators': 100}",0.5,0.6444444444444444,0.7388888888888889,0.7333333333333334,0.5166666666666666,0.6266666666666667,0.10240322139994633,1,0.8552631578947368,0.8559379217273955,0.8431174089068827,0.819838056680162,0.8451417004048583,0.843859649122807,0.01307789096858296
0.659915542602539,0.017723563458113663,0.024532842636108398,0.000486915590597935,3,sqrt,2,11,221,"{'max_depth': 3, 'max_features': 'sqrt', 'min_samples_leaf': 2, 'min_samples_split': 11, 'n_estimators': 221}",0.5,0.6444444444444444,0.7388888888888889,0.7333333333333334,0.5166666666666666,0.6266666666666667,0.10240322139994633,1,0.8157894736842105,0.8690958164642375,0.8694331983805668,0.8586369770580298,0.8707827260458839,0.8567476383265857,0.02093573727483599
1.2329036712646484,0.01862500116173639,0.043683958053588864,0.0023885333162607914,3,sqrt,2,11,421,"{'max_depth': 3, 'max_features': 'sqrt', 'min_samples_leaf': 2, 'min_samples_split': 11, 'n_estimators': 421}",0.5,0.6444444444444444,0.7388888888888889,0.7333333333333334,0.5166666666666666,0.6266666666666667,0.10240322139994633,1,0.8289473684210527,0.8427800269905532,0.843454790823212,0.8586369770580298,0.8707827260458839,0.8489203778677463,0.014414383265897128
1.240880012512207,0.033242535061644804,0.04647693634033203,0.002720883251482354,3,sqrt,2,15,421,"{'max_depth': 3, 'max_features': 'sqrt', 'min_samples_leaf': 2, 'min_samples_split': 15, 'n_estimators': 421}",0.5,0.6444444444444444,0.7388888888888889,0.7333333333333334,0.5166666666666666,0.6266666666666667,0.10240322139994633,1,0.8157894736842105,0.8299595141700404,0.843454790823212,0.8458164642375169,0.8323211875843455,0.8334682860998651,0.010755235969483386
1.231907320022583,0.029445646291246068,0.04407968521118164,0.0025544976320760657,3,sqrt,2,13,421,"{'max_depth': 3, 'max_features': 'sqrt', 'min_samples_leaf': 2, 'min_samples_split': 13, 'n_estimators': 421}",0.5,0.6444444444444444,0.7388888888888889,0.7333333333333334,0.5166666666666666,0.6266666666666667,0.10240322139994633,1,0.8157894736842105,0.8427800269905532,0.843454790823212,0.8586369770580298,0.857962213225371,0.8437246963562753,0.015533350683422162
0.6392900466918945,0.005641903587396249,0.024733781814575195,0.0011629902176632314,3,log2,1,11,221,"{'max_depth': 3, 'max_features': 'log2', 'min_samples_leaf': 1, 'min_samples_split': 11, 'n_estimators': 221}",0.5,0.6444444444444444,0.7388888888888889,0.7333333333333334,0.5166666666666666,0.6266666666666667,0.10240322139994633,1,0.8289473684210527,0.8690958164642375,0.8694331983805668,0.8586369770580298,0.8582995951417004,0.8568825910931175,0.014779330523233934
1.2394865989685058,0.029942026032674426,0.045743560791015624,0.0037403361933847365,3,log2,1,11,421,"{'max_depth': 3, 'max_features': 'log2', 'min_samples_leaf': 1, 'min_samples_split': 11, 'n_estimators': 421}",0.5,0.6444444444444444,0.7388888888888889,0.7333333333333334,0.5166666666666666,0.6266666666666667,0.10240322139994633,1,0.8552631578947368,0.8427800269905532,0.8694331983805668,0.8586369770580298,0.8711201079622132,0.8594466936572198,0.01031440030588505
0.6378328323364257,0.00984086174170631,0.026330900192260743,0.0024922179448833024,3,log2,1,13,221,"{'max_depth': 3, 'max_features': 'log2', 'min_samples_leaf': 1, 'min_samples_split': 13, 'n_estimators': 221}",0.5,0.6444444444444444,0.7388888888888889,0.7333333333333334,0.5166666666666666,0.6266666666666667,0.10240322139994633,1,0.8289473684210527,0.8562753036437247,0.8694331983805668,0.8458164642375169,0.844804318488529,0.8490553306342781,0.013418472404191523
1.2362935066223144,0.021801314596378994,0.04687590599060058,0.0035100314376236897,3,log2,1,15,421,"{'max_depth': 3, 'max_features': 'log2', 'min_samples_leaf': 1, 'min_samples_split': 15, 'n_estimators': 421}",0.5,0.6444444444444444,0.7388888888888889,0.7333333333333334,0.5166666666666666,0.6266666666666667,0.10240322139994633,1,0.8157894736842105,0.8299595141700404,0.843454790823212,0.8458164642375169,0.8451417004048583,0.8360323886639677,0.011665806106153765
0.2924175262451172,0.008209783357399325,0.013796806335449219,0.0004206452984146307,3,log2,2,11,100,"{'max_depth': 3, 'max_features': 'log2', 'min_samples_leaf': 2, 'min_samples_split': 11, 'n_estimators': 100}",0.5,0.6444444444444444,0.7388888888888889,0.7333333333333334,0.5166666666666666,0.6266666666666667,0.10240322139994633,1,0.8552631578947368,0.8559379217273955,0.8431174089068827,0.819838056680162,0.8451417004048583,0.843859649122807,0.01307789096858296
0.6528547286987305,0.0175204447956509,0.024532222747802736,0.001620774597368703,3,log2,2,11,221,"{'max_depth': 3, 'max_features': 'log2', 'min_samples_leaf': 2, 'min_samples_split': 11, 'n_estimators': 221}",0.5,0.6444444444444444,0.7388888888888889,0.7333333333333334,0.5166666666666666,0.6266666666666667,0.10240322139994633,1,0.8157894736842105,0.8690958164642375,0.8694331983805668,0.8586369770580298,0.8707827260458839,0.8567476383265857,0.02093573727483599
1.2344040393829345,0.02339480950903044,0.044479894638061526,0.0018490809027881575,3,log2,2,13,421,"{'max_depth': 3, 'max_features': 'log2', 'min_samples_leaf': 2, 'min_samples_split': 13, 'n_estimators': 421}",0.5,0.6444444444444444,0.7388888888888889,0.7333333333333334,0.5166666666666666,0.6266666666666667,0.10240322139994633,1,0.8157894736842105,0.8427800269905532,0.843454790823212,0.8586369770580298,0.857962213225371,0.8437246963562753,0.015533350683422162
1.219538640975952,0.018110835934247085,0.04388670921325684,0.0014127020829598632,3,log2,2,15,421,"{'max_depth': 3, 'max_features': 'log2', 'min_samples_leaf': 2, 'min_samples_split': 15, 'n_estimators': 421}",0.5,0.6444444444444444,0.7388888888888889,0.7333333333333334,0.5166666666666666,0.6266666666666667,0.10240322139994633,1,0.8157894736842105,0.8299595141700404,0.843454790823212,0.8458164642375169,0.8323211875843455,0.8334682860998651,0.010755235969483386
0.2950111389160156,0.0053297081374350476,0.013965225219726563,0.0008936733333762116,3,log2,1,11,100,"{'max_depth': 3, 'max_features': 'log2', 'min_samples_leaf': 1, 'min_samples_split': 11, 'n_estimators': 100}",0.5,0.6444444444444444,0.7388888888888889,0.7333333333333334,0.5166666666666666,0.6266666666666667,0.10240322139994633,1,0.8421052631578947,0.8431174089068827,0.8694331983805668,0.8326585695006747,0.8711201079622132,0.8516869095816464,0.01561987184118251
0.28623394966125487,0.00924877970249905,0.014760208129882813,0.0011630229882213534,1,log2,2,11,100,"{'max_depth': 1, 'max_features': 'log2', 'min_samples_leaf': 2, 'min_samples_split': 11, 'n_estimators': 100}",0.44999999999999996,0.6444444444444444,0.7388888888888889,0.6722222222222223,0.6166666666666667,0.6244444444444445,0.09619938143072608,21,0.7105263157894737,0.6724021592442645,0.6987179487179487,0.6781376518218624,0.7165991902834008,0.69527665317139,0.017412829486206042
0.28583545684814454,0.0024101357033017028,0.014162397384643555,0.0011631783552559412,1,log2,2,15,100,"{'max_depth': 1, 'max_features': 'log2', 'min_samples_leaf': 2, 'min_samples_split': 15, 'n_estimators': 100}",0.44999999999999996,0.6444444444444444,0.7388888888888889,0.6722222222222223,0.6166666666666667,0.6244444444444445,0.09619938143072608,21,0.7105263157894737,0.6724021592442645,0.6987179487179487,0.6781376518218624,0.7165991902834008,0.69527665317139,0.017412829486206042
0.29501094818115237,0.009718812999102763,0.01396350860595703,0.0015450498791537595,1,log2,2,13,100,"{'max_depth': 1, 'max_features': 'log2', 'min_samples_leaf': 2, 'min_samples_split': 13, 'n_estimators': 100}",0.44999999999999996,0.6444444444444444,0.7388888888888889,0.6722222222222223,0.6166666666666667,0.6244444444444445,0.09619938143072608,21,0.7105263157894737,0.6724021592442645,0.6987179487179487,0.6781376518218624,0.7165991902834008,0.69527665317139,0.017412829486206042
0.2884267807006836,0.009343170453588266,0.014362573623657227,0.0010175421173657614,1,log2,1,15,100,"{'max_depth': 1, 'max_features': 'log2', 'min_samples_leaf': 1, 'min_samples_split': 15, 'n_estimators': 100}",0.44999999999999996,0.6444444444444444,0.7388888888888889,0.6722222222222223,0.6166666666666667,0.6244444444444445,0.09619938143072608,21,0.7105263157894737,0.6724021592442645,0.6987179487179487,0.6781376518218624,0.7165991902834008,0.69527665317139,0.017412829486206042
0.3061807632446289,0.00785157586159484,0.015959835052490233,0.004039931599463913,1,sqrt,1,11,100,"{'max_depth': 1, 'max_features': 'sqrt', 'min_samples_leaf': 1, 'min_samples_split': 11, 'n_estimators': 100}",0.44999999999999996,0.6444444444444444,0.7388888888888889,0.6722222222222223,0.6166666666666667,0.6244444444444445,0.09619938143072608,21,0.7105263157894737,0.6724021592442645,0.6987179487179487,0.6781376518218624,0.7165991902834008,0.69527665317139,0.017412829486206042
0.35899009704589846,0.026324397404293324,0.018949460983276368,0.0037844809595619223,1,sqrt,1,13,100,"{'max_depth': 1, 'max_features': 'sqrt', 'min_samples_leaf': 1, 'min_samples_split': 13, 'n_estimators': 100}",0.44999999999999996,0.6444444444444444,0.7388888888888889,0.6722222222222223,0.6166666666666667,0.6244444444444445,0.09619938143072608,21,0.7105263157894737,0.6724021592442645,0.6987179487179487,0.6781376518218624,0.7165991902834008,0.69527665317139,0.017412829486206042
0.28543744087219236,0.005255881264216854,0.014958953857421875,0.0024440760775848924,1,sqrt,1,15,100,"{'max_depth': 1, 'max_features': 'sqrt', 'min_samples_leaf': 1, 'min_samples_split': 15, 'n_estimators': 100}",0.44999999999999996,0.6444444444444444,0.7388888888888889,0.6722222222222223,0.6166666666666667,0.6244444444444445,0.09619938143072608,21,0.7105263157894737,0.6724021592442645,0.6987179487179487,0.6781376518218624,0.7165991902834008,0.69527665317139,0.017412829486206042
0.28962483406066897,0.004950320469874442,0.016156911849975586,0.0023088990183229383,1,log2,1,13,100,"{'max_depth': 1, 'max_features': 'log2', 'min_samples_leaf': 1, 'min_samples_split': 13, 'n_estimators': 100}",0.44999999999999996,0.6444444444444444,0.7388888888888889,0.6722222222222223,0.6166666666666667,0.6244444444444445,0.09619938143072608,21,0.7105263157894737,0.6724021592442645,0.6987179487179487,0.6781376518218624,0.7165991902834008,0.69527665317139,0.017412829486206042
0.292617654800415,0.008432805260382826,0.01396174430847168,0.0012626727938038528,1,sqrt,2,11,100,"{'max_depth': 1, 'max_features': 'sqrt', 'min_samples_leaf': 2, 'min_samples_split': 11, 'n_estimators': 100}",0.44999999999999996,0.6444444444444444,0.7388888888888889,0.6722222222222223,0.6166666666666667,0.6244444444444445,0.09619938143072608,21,0.7105263157894737,0.6724021592442645,0.6987179487179487,0.6781376518218624,0.7165991902834008,0.69527665317139,0.017412829486206042
0.2948108196258545,0.00809322652928916,0.014761829376220703,0.0007451213977594468,1,log2,1,11,100,"{'max_depth': 1, 'max_features': 'log2', 'min_samples_leaf': 1, 'min_samples_split': 11, 'n_estimators': 100}",0.44999999999999996,0.6444444444444444,0.7388888888888889,0.6722222222222223,0.6166666666666667,0.6244444444444445,0.09619938143072608,21,0.7105263157894737,0.6724021592442645,0.6987179487179487,0.6781376518218624,0.7165991902834008,0.69527665317139,0.017412829486206042
0.2876328468322754,0.0062005934439044105,0.015755653381347656,0.0027070574169831933,1,sqrt,2,15,100,"{'max_depth': 1, 'max_features': 'sqrt', 'min_samples_leaf': 2, 'min_samples_split': 15, 'n_estimators': 100}",0.44999999999999996,0.6444444444444444,0.7388888888888889,0.6722222222222223,0.6166666666666667,0.6244444444444445,0.09619938143072608,21,0.7105263157894737,0.6724021592442645,0.6987179487179487,0.6781376518218624,0.7165991902834008,0.69527665317139,0.017412829486206042
0.2912203311920166,0.007675350907982465,0.014760684967041016,0.001465616159145377,1,sqrt,2,13,100,"{'max_depth': 1, 'max_features': 'sqrt', 'min_samples_leaf': 2, 'min_samples_split': 13, 'n_estimators': 100}",0.44999999999999996,0.6444444444444444,0.7388888888888889,0.6722222222222223,0.6166666666666667,0.6244444444444445,0.09619938143072608,21,0.7105263157894737,0.6724021592442645,0.6987179487179487,0.6781376518218624,0.7165991902834008,0.69527665317139,0.017412829486206042
0.29801044464111326,0.005514217058812699,0.013957691192626954,0.0006330996668663183,,sqrt,1,11,100,"{'max_depth': None, 'max_features': 'sqrt', 'min_samples_leaf': 1, 'min_samples_split': 11, 'n_estimators': 100}",0.4,0.6444444444444444,0.788888888888889,0.7388888888888889,0.5222222222222221,0.6188888888888888,0.14227429602230326,33,0.9605263157894737,0.9612010796221322,0.9615384615384616,0.9612010796221322,0.9608636977058029,0.9610661268556007,0.00034406339497927566
0.30259146690368655,0.00921955466637843,0.014161014556884765,0.0003995422674455344,8,sqrt,1,11,100,"{'max_depth': 8, 'max_features': 'sqrt', 'min_samples_leaf': 1, 'min_samples_split': 11, 'n_estimators': 100}",0.4,0.6444444444444444,0.788888888888889,0.7388888888888889,0.5222222222222221,0.6188888888888888,0.14227429602230326,33,0.9605263157894737,0.9612010796221322,0.9743589743589743,0.9612010796221322,0.9608636977058029,0.9636302294197032,0.0053702045212069005
0.3090545654296875,0.007491222977191986,0.01631922721862793,0.004408301988002322,,log2,1,11,100,"{'max_depth': None, 'max_features': 'log2', 'min_samples_leaf': 1, 'min_samples_split': 11, 'n_estimators': 100}",0.4,0.6444444444444444,0.788888888888889,0.7388888888888889,0.5222222222222221,0.6188888888888888,0.14227429602230326,33,0.9605263157894737,0.9612010796221322,0.9615384615384616,0.9612010796221322,0.9608636977058029,0.9610661268556007,0.00034406339497927566
0.3035881042480469,0.009283537591841431,0.014363241195678712,0.0014912535896025173,8,log2,1,11,100,"{'max_depth': 8, 'max_features': 'log2', 'min_samples_leaf': 1, 'min_samples_split': 11, 'n_estimators': 100}",0.4,0.6444444444444444,0.788888888888889,0.7388888888888889,0.5222222222222221,0.6188888888888888,0.14227429602230326,33,0.9605263157894737,0.9612010796221322,0.9743589743589743,0.9612010796221322,0.9608636977058029,0.9636302294197032,0.0053702045212069005
1.2696823596954345,0.05425588569688666,0.04615035057067871,0.004644782562659957,,sqrt,2,13,421,"{'max_depth': None, 'max_features': 'sqrt', 'min_samples_leaf': 2, 'min_samples_split': 13, 'n_estimators': 421}",0.44999999999999996,0.6444444444444444,0.788888888888889,0.6833333333333333,0.5222222222222221,0.6177777777777778,0.1196393758213139,37,0.9605263157894737,0.9483805668016194,0.9487179487179487,0.9740215924426451,0.9213900134952766,0.9506072874493927,0.017371204820182153
1.249059009552002,0.013669304877224968,0.04687519073486328,0.0006310531374574945,,log2,2,13,421,"{'max_depth': None, 'max_features': 'log2', 'min_samples_leaf': 2, 'min_samples_split': 13, 'n_estimators': 421}",0.44999999999999996,0.6444444444444444,0.788888888888889,0.6833333333333333,0.5222222222222221,0.6177777777777778,0.1196393758213139,37,0.9605263157894737,0.9483805668016194,0.9487179487179487,0.9740215924426451,0.9213900134952766,0.9506072874493927,0.017371204820182153
1.2376884460449218,0.017413570486958452,0.044484424591064456,0.0024109025893307616,8,sqrt,2,13,421,"{'max_depth': 8, 'max_features': 'sqrt', 'min_samples_leaf': 2, 'min_samples_split': 13, 'n_estimators': 421}",0.44999999999999996,0.6444444444444444,0.788888888888889,0.6833333333333333,0.5222222222222221,0.6177777777777778,0.1196393758213139,37,0.9605263157894737,0.9483805668016194,0.9487179487179487,0.9740215924426451,0.9213900134952766,0.9506072874493927,0.017371204820182153
1.2721203804016112,0.027383385492434405,0.0462766170501709,0.0007986785742826327,8,log2,2,13,421,"{'max_depth': 8, 'max_features': 'log2', 'min_samples_leaf': 2, 'min_samples_split': 13, 'n_estimators': 421}",0.44999999999999996,0.6444444444444444,0.788888888888889,0.6833333333333333,0.5222222222222221,0.6177777777777778,0.1196393758213139,37,0.9605263157894737,0.9483805668016194,0.9487179487179487,0.9740215924426451,0.9213900134952766,0.9506072874493927,0.017371204820182153
0.29780402183532717,0.008498215709567549,0.015558195114135743,0.0010151450353485779,3,log2,1,13,100,"{'max_depth': 3, 'max_features': 'log2', 'min_samples_leaf': 1, 'min_samples_split': 13, 'n_estimators': 100}",0.5,0.5944444444444444,0.7388888888888889,0.7333333333333334,0.5166666666666666,0.6166666666666667,0.10261999901350063,41,0.8421052631578947,0.8431174089068827,0.8562753036437247,0.8326585695006747,0.8451417004048583,0.843859649122807,0.007548312500499132
1.2154221057891845,0.0253902415005865,0.04407744407653809,0.002034502838798971,3,log2,1,13,421,"{'max_depth': 3, 'max_features': 'log2', 'min_samples_leaf': 1, 'min_samples_split': 13, 'n_estimators': 421}",0.5,0.5944444444444444,0.7388888888888889,0.7333333333333334,0.5166666666666666,0.6166666666666667,0.10261999901350063,41,0.8421052631578947,0.8427800269905532,0.8562753036437247,0.8586369770580298,0.8451417004048583,0.8489878542510121,0.007027269291201183
1.2688048362731934,0.03070705073158425,0.04906840324401855,0.006834197014720679,3,sqrt,1,13,421,"{'max_depth': 3, 'max_features': 'sqrt', 'min_samples_leaf': 1, 'min_samples_split': 13, 'n_estimators': 421}",0.5,0.5944444444444444,0.7388888888888889,0.7333333333333334,0.5166666666666666,0.6166666666666667,0.10261999901350063,41,0.8421052631578947,0.8427800269905532,0.8562753036437247,0.8586369770580298,0.8451417004048583,0.8489878542510121,0.007027269291201183
0.29047651290893556,0.00471737435254684,0.014162063598632812,0.0007462891821359188,3,sqrt,1,13,100,"{'max_depth': 3, 'max_features': 'sqrt', 'min_samples_leaf': 1, 'min_samples_split': 13, 'n_estimators': 100}",0.5,0.5944444444444444,0.7388888888888889,0.7333333333333334,0.5166666666666666,0.6166666666666667,0.10261999901350063,41,0.8421052631578947,0.8431174089068827,0.8562753036437247,0.8326585695006747,0.8451417004048583,0.843859649122807,0.007548312500499132
0.6544504642486573,0.00951266564457337,0.025132179260253906,0.0011628900644729402,3,sqrt,2,13,221,"{'max_depth': 3, 'max_features': 'sqrt', 'min_samples_leaf': 2, 'min_samples_split': 13, 'n_estimators': 221}",0.44999999999999996,0.6444444444444444,0.7388888888888889,0.7333333333333334,0.5166666666666666,0.6166666666666666,0.1158436579464744,45,0.8026315789473684,0.8562753036437247,0.8825910931174089,0.8458164642375169,0.844804318488529,0.8464237516869095,0.025790988415677927
0.6469120502471923,0.013070608114625655,0.025132274627685545,0.00039644313024841927,3,log2,2,13,221,"{'max_depth': 3, 'max_features': 'log2', 'min_samples_leaf': 2, 'min_samples_split': 13, 'n_estimators': 221}",0.44999999999999996,0.6444444444444444,0.7388888888888889,0.7333333333333334,0.5166666666666666,0.6166666666666666,0.1158436579464744,45,0.8026315789473684,0.8562753036437247,0.8825910931174089,0.8458164642375169,0.844804318488529,0.8464237516869095,0.025790988415677927
0.29361667633056643,0.005338648638971625,0.014558649063110352,0.0013538380430313977,3,log2,2,13,100,"{'max_depth': 3, 'max_features': 'log2', 'min_samples_leaf': 2, 'min_samples_split': 13, 'n_estimators': 100}",0.44999999999999996,0.6444444444444444,0.7388888888888889,0.7333333333333334,0.5166666666666666,0.6166666666666666,0.1158436579464744,45,0.8157894736842105,0.8559379217273955,0.8562753036437247,0.819838056680162,0.857962213225371,0.8411605937921728,0.019117858744145302
0.29142041206359864,0.009881231158493065,0.013962888717651367,0.0006306756412507959,3,sqrt,2,13,100,"{'max_depth': 3, 'max_features': 'sqrt', 'min_samples_leaf': 2, 'min_samples_split': 13, 'n_estimators': 100}",0.44999999999999996,0.6444444444444444,0.7388888888888889,0.7333333333333334,0.5166666666666666,0.6166666666666666,0.1158436579464744,45,0.8157894736842105,0.8559379217273955,0.8562753036437247,0.819838056680162,0.857962213225371,0.8411605937921728,0.019117858744145302
0.6456726551055908,0.017119157313532682,0.025731229782104494,0.0015957534613203243,1,log2,1,13,221,"{'max_depth': 1, 'max_features': 'log2', 'min_samples_leaf': 1, 'min_samples_split': 13, 'n_estimators': 221}",0.5,0.6444444444444444,0.6833333333333333,0.6722222222222223,0.5666666666666667,0.6133333333333333,0.06979688344239739,49,0.7105263157894737,0.659919028340081,0.7122132253711202,0.6653171390013495,0.7550607287449393,0.7006072874493927,0.03492618271157981
0.7472511291503906,0.05926262428667174,0.02553248405456543,0.002053470059401131,1,sqrt,1,13,221,"{'max_depth': 1, 'max_features': 'sqrt', 'min_samples_leaf': 1, 'min_samples_split': 13, 'n_estimators': 221}",0.5,0.6444444444444444,0.6833333333333333,0.6722222222222223,0.5666666666666667,0.6133333333333333,0.06979688344239739,49,0.7105263157894737,0.659919028340081,0.7122132253711202,0.6653171390013495,0.7550607287449393,0.7006072874493927,0.03492618271157981
0.6285210609436035,0.014539328139623796,0.026926469802856446,0.002675911276365147,1,log2,2,11,221,"{'max_depth': 1, 'max_features': 'log2', 'min_samples_leaf': 2, 'min_samples_split': 11, 'n_estimators': 221}",0.5,0.6444444444444444,0.6833333333333333,0.6722222222222223,0.5666666666666667,0.6133333333333333,0.06979688344239739,49,0.7105263157894737,0.659919028340081,0.7122132253711202,0.6653171390013495,0.7550607287449393,0.7006072874493927,0.03492618271157981
0.6297169685363769,0.010751708139852783,0.024931812286376955,0.0016687826541114004,1,log2,2,13,221,"{'max_depth': 1, 'max_features': 'log2', 'min_samples_leaf': 2, 'min_samples_split': 13, 'n_estimators': 221}",0.5,0.6444444444444444,0.6833333333333333,0.6722222222222223,0.5666666666666667,0.6133333333333333,0.06979688344239739,49,0.7105263157894737,0.659919028340081,0.7122132253711202,0.6653171390013495,0.7550607287449393,0.7006072874493927,0.03492618271157981
0.6257263660430908,0.01422489647274476,0.02593069076538086,0.0010926234552530393,1,sqrt,1,15,221,"{'max_depth': 1, 'max_features': 'sqrt', 'min_samples_leaf': 1, 'min_samples_split': 15, 'n_estimators': 221}",0.5,0.6444444444444444,0.6833333333333333,0.6722222222222223,0.5666666666666667,0.6133333333333333,0.06979688344239739,49,0.7105263157894737,0.659919028340081,0.7122132253711202,0.6653171390013495,0.7550607287449393,0.7006072874493927,0.03492618271157981
0.6323215961456299,0.011224101517186717,0.02531909942626953,0.0009958574009567662,1,sqrt,2,11,221,"{'max_depth': 1, 'max_features': 'sqrt', 'min_samples_leaf': 2, 'min_samples_split': 11, 'n_estimators': 221}",0.5,0.6444444444444444,0.6833333333333333,0.6722222222222223,0.5666666666666667,0.6133333333333333,0.06979688344239739,49,0.7105263157894737,0.659919028340081,0.7122132253711202,0.6653171390013495,0.7550607287449393,0.7006072874493927,0.03492618271157981
0.6372951030731201,0.007136799510001839,0.025931692123413085,0.0015447726380598175,1,log2,2,15,221,"{'max_depth': 1, 'max_features': 'log2', 'min_samples_leaf': 2, 'min_samples_split': 15, 'n_estimators': 221}",0.5,0.6444444444444444,0.6833333333333333,0.6722222222222223,0.5666666666666667,0.6133333333333333,0.06979688344239739,49,0.7105263157894737,0.659919028340081,0.7122132253711202,0.6653171390013495,0.7550607287449393,0.7006072874493927,0.03492618271157981
0.6638245105743408,0.0092405686471843,0.026138687133789064,0.0026451580099765906,1,,1,15,221,"{'max_depth': 1, 'max_features': None, 'min_samples_leaf': 1, 'min_samples_split': 15, 'n_estimators': 221}",0.55,0.5944444444444444,0.6833333333333333,0.7222222222222222,0.5166666666666666,0.6133333333333333,0.07806296920111243,49,0.6973684210526316,0.6983805668016194,0.7118758434547908,0.6653171390013495,0.703778677462888,0.695344129554656,0.01587058305043677
0.6392896175384521,0.017423469858396278,0.026531171798706055,0.0013531301340271539,1,sqrt,2,13,221,"{'max_depth': 1, 'max_features': 'sqrt', 'min_samples_leaf': 2, 'min_samples_split': 13, 'n_estimators': 221}",0.5,0.6444444444444444,0.6833333333333333,0.6722222222222223,0.5666666666666667,0.6133333333333333,0.06979688344239739,49,0.7105263157894737,0.659919028340081,0.7122132253711202,0.6653171390013495,0.7550607287449393,0.7006072874493927,0.03492618271157981
0.6627591609954834,0.014043693762366164,0.025532054901123046,0.0013528735113343643,1,,1,11,221,"{'max_depth': 1, 'max_features': None, 'min_samples_leaf': 1, 'min_samples_split': 11, 'n_estimators': 221}",0.55,0.5944444444444444,0.6833333333333333,0.7222222222222222,0.5166666666666666,0.6133333333333333,0.07806296920111243,49,0.6973684210526316,0.6983805668016194,0.7118758434547908,0.6653171390013495,0.703778677462888,0.695344129554656,0.01587058305043677
0.6712050914764405,0.021639986872810716,0.02433490753173828,0.0010162328747448507,1,,1,13,221,"{'max_depth': 1, 'max_features': None, 'min_samples_leaf': 1, 'min_samples_split': 13, 'n_estimators': 221}",0.55,0.5944444444444444,0.6833333333333333,0.7222222222222222,0.5166666666666666,0.6133333333333333,0.07806296920111243,49,0.6973684210526316,0.6983805668016194,0.7118758434547908,0.6653171390013495,0.703778677462888,0.695344129554656,0.01587058305043677
0.6327749252319336,0.011876883865184377,0.026131153106689453,0.0023091667767988935,1,log2,1,15,221,"{'max_depth': 1, 'max_features': 'log2', 'min_samples_leaf': 1, 'min_samples_split': 15, 'n_estimators': 221}",0.5,0.6444444444444444,0.6833333333333333,0.6722222222222223,0.5666666666666667,0.6133333333333333,0.06979688344239739,49,0.7105263157894737,0.659919028340081,0.7122132253711202,0.6653171390013495,0.7550607287449393,0.7006072874493927,0.03492618271157981
0.6452731609344482,0.030335562792047778,0.02593255043029785,0.0017863527591674368,1,sqrt,1,11,221,"{'max_depth': 1, 'max_features': 'sqrt', 'min_samples_leaf': 1, 'min_samples_split': 11, 'n_estimators': 221}",0.5,0.6444444444444444,0.6833333333333333,0.6722222222222223,0.5666666666666667,0.6133333333333333,0.06979688344239739,49,0.7105263157894737,0.659919028340081,0.7122132253711202,0.6653171390013495,0.7550607287449393,0.7006072874493927,0.03492618271157981
0.6380537509918213,0.012935018920610853,0.027525711059570312,0.0016221547484880938,1,sqrt,2,15,221,"{'max_depth': 1, 'max_features': 'sqrt', 'min_samples_leaf': 2, 'min_samples_split': 15, 'n_estimators': 221}",0.5,0.6444444444444444,0.6833333333333333,0.6722222222222223,0.5666666666666667,0.6133333333333333,0.06979688344239739,49,0.7105263157894737,0.659919028340081,0.7122132253711202,0.6653171390013495,0.7550607287449393,0.7006072874493927,0.03492618271157981
0.6351014137268066,0.014208369294335985,0.024933433532714842,0.0016689528232111137,1,log2,1,11,221,"{'max_depth': 1, 'max_features': 'log2', 'min_samples_leaf': 1, 'min_samples_split': 11, 'n_estimators': 221}",0.5,0.6444444444444444,0.6833333333333333,0.6722222222222223,0.5666666666666667,0.6133333333333333,0.06979688344239739,49,0.7105263157894737,0.659919028340081,0.7122132253711202,0.6653171390013495,0.7550607287449393,0.7006072874493927,0.03492618271157981
0.6795827865600585,0.014459688861556564,0.02692756652832031,0.0016699225104232988,1,,2,11,221,"{'max_depth': 1, 'max_features': None, 'min_samples_leaf': 2, 'min_samples_split': 11, 'n_estimators': 221}",0.55,0.5944444444444444,0.6833333333333333,0.7222222222222222,0.5166666666666666,0.6133333333333333,0.07806296920111243,49,0.6973684210526316,0.6983805668016194,0.7118758434547908,0.6653171390013495,0.703778677462888,0.695344129554656,0.01587058305043677
0.6735994815826416,0.016307997844911406,0.02533068656921387,0.0010180495952250514,1,,2,13,221,"{'max_depth': 1, 'max_features': None, 'min_samples_leaf': 2, 'min_samples_split': 13, 'n_estimators': 221}",0.55,0.5944444444444444,0.6833333333333333,0.7222222222222222,0.5166666666666666,0.6133333333333333,0.07806296920111243,49,0.6973684210526316,0.6983805668016194,0.7118758434547908,0.6653171390013495,0.703778677462888,0.695344129554656,0.01587058305043677
0.6747948169708252,0.02791546165581244,0.026131582260131837,0.002553134635309068,1,,2,15,221,"{'max_depth': 1, 'max_features': None, 'min_samples_leaf': 2, 'min_samples_split': 15, 'n_estimators': 221}",0.55,0.5944444444444444,0.6833333333333333,0.7222222222222222,0.5166666666666666,0.6133333333333333,0.07806296920111243,49,0.6973684210526316,0.6983805668016194,0.7118758434547908,0.6653171390013495,0.703778677462888,0.695344129554656,0.01587058305043677
1.274331521987915,0.013496761578782906,0.04627528190612793,0.002410633856097264,8,log2,1,11,421,"{'max_depth': 8, 'max_features': 'log2', 'min_samples_leaf': 1, 'min_samples_split': 11, 'n_estimators': 421}",0.44999999999999996,0.6444444444444444,0.7333333333333334,0.7388888888888889,0.4722222222222222,0.6077777777777778,0.1245535236230336,67,0.9736842105263157,0.9740215924426451,0.9615384615384616,0.986842105263158,0.9736842105263157,0.9739541160593792,0.008004985870760246
1.2594998359680176,0.019796452263112108,0.04527969360351562,0.0031290741389438845,,sqrt,1,11,421,"{'max_depth': None, 'max_features': 'sqrt', 'min_samples_leaf': 1, 'min_samples_split': 11, 'n_estimators': 421}",0.44999999999999996,0.6444444444444444,0.7333333333333334,0.7388888888888889,0.4722222222222222,0.6077777777777778,0.1245535236230336,67,0.9736842105263157,0.9740215924426451,0.9615384615384616,0.986842105263158,0.9736842105263157,0.9739541160593792,0.008004985870760246
1.2410803318023682,0.024443218301205483,0.04428143501281738,0.0029988066700812753,8,sqrt,1,11,421,"{'max_depth': 8, 'max_features': 'sqrt', 'min_samples_leaf': 1, 'min_samples_split': 11, 'n_estimators': 421}",0.44999999999999996,0.6444444444444444,0.7333333333333334,0.7388888888888889,0.4722222222222222,0.6077777777777778,0.1245535236230336,67,0.9736842105263157,0.9740215924426451,0.9615384615384616,0.986842105263158,0.9736842105263157,0.9739541160593792,0.008004985870760246
0.2934149742126465,0.006597788810517074,0.013962507247924805,0.001261728249503517,8,log2,2,13,100,"{'max_depth': 8, 'max_features': 'log2', 'min_samples_leaf': 2, 'min_samples_split': 13, 'n_estimators': 100}",0.44999999999999996,0.6444444444444444,0.788888888888889,0.6333333333333333,0.5222222222222221,0.6077777777777778,0.11576903357894319,67,0.9210526315789473,0.9477058029689609,0.9483805668016194,0.934885290148448,0.9345479082321188,0.9373144399460189,0.01008405143669172
1.3120952606201173,0.08281442396790838,0.056613588333129884,0.012152291450207358,,log2,1,11,421,"{'max_depth': None, 'max_features': 'log2', 'min_samples_leaf': 1, 'min_samples_split': 11, 'n_estimators': 421}",0.44999999999999996,0.6444444444444444,0.7333333333333334,0.7388888888888889,0.4722222222222222,0.6077777777777778,0.1245535236230336,67,0.9736842105263157,0.9740215924426451,0.9615384615384616,0.986842105263158,0.9736842105263157,0.9739541160593792,0.008004985870760246
0.2978044509887695,0.005448569470462871,0.014162158966064453,0.00039787809660266803,8,sqrt,2,13,100,"{'max_depth': 8, 'max_features': 'sqrt', 'min_samples_leaf': 2, 'min_samples_split': 13, 'n_estimators': 100}",0.44999999999999996,0.6444444444444444,0.788888888888889,0.6333333333333333,0.5222222222222221,0.6077777777777778,0.11576903357894319,67,0.9210526315789473,0.9477058029689609,0.9483805668016194,0.934885290148448,0.9345479082321188,0.9373144399460189,0.01008405143669172
0.3003964900970459,0.015156775244067163,0.014760828018188477,0.0013232542463884529,,sqrt,2,13,100,"{'max_depth': None, 'max_features': 'sqrt', 'min_samples_leaf': 2, 'min_samples_split': 13, 'n_estimators': 100}",0.44999999999999996,0.6444444444444444,0.788888888888889,0.6333333333333333,0.5222222222222221,0.6077777777777778,0.11576903357894319,67,0.9210526315789473,0.9477058029689609,0.9483805668016194,0.934885290148448,0.9345479082321188,0.9373144399460189,0.01008405143669172
0.29501094818115237,0.006351331097835958,0.013364028930664063,0.0004889490498839313,,log2,2,13,100,"{'max_depth': None, 'max_features': 'log2', 'min_samples_leaf': 2, 'min_samples_split': 13, 'n_estimators': 100}",0.44999999999999996,0.6444444444444444,0.788888888888889,0.6333333333333333,0.5222222222222221,0.6077777777777778,0.11576903357894319,67,0.9210526315789473,0.9477058029689609,0.9483805668016194,0.934885290148448,0.9345479082321188,0.9373144399460189,0.01008405143669172
1.3389158248901367,0.09163109376770671,0.05147743225097656,0.010120329068539543,,log2,1,13,421,"{'max_depth': None, 'max_features': 'log2', 'min_samples_leaf': 1, 'min_samples_split': 13, 'n_estimators': 421}",0.44999999999999996,0.6444444444444444,0.7333333333333334,0.6833333333333333,0.5222222222222221,0.6066666666666667,0.10490442446153045,75,0.9605263157894737,0.9740215924426451,0.9615384615384616,0.9740215924426451,0.9608636977058029,0.9661943319838058,0.006399237635373109
0.3043856620788574,0.007761459339723269,0.015358877182006837,0.0017389644701659576,,sqrt,1,13,100,"{'max_depth': None, 'max_features': 'sqrt', 'min_samples_leaf': 1, 'min_samples_split': 13, 'n_estimators': 100}",0.44999999999999996,0.5888888888888889,0.788888888888889,0.6833333333333333,0.5222222222222221,0.6066666666666667,0.11922589825543285,75,0.9605263157894737,0.934885290148448,0.9615384615384616,0.9612010796221322,0.9477058029689609,0.9531713900134953,0.01051506371165642
1.2415950298309326,0.024528153729022555,0.04667649269104004,0.0039594525454353996,,log2,1,15,421,"{'max_depth': None, 'max_features': 'log2', 'min_samples_leaf': 1, 'min_samples_split': 15, 'n_estimators': 421}",0.44999999999999996,0.6444444444444444,0.6833333333333333,0.7333333333333334,0.5222222222222221,0.6066666666666667,0.10490442446153045,75,0.9473684210526316,0.9483805668016194,0.9355600539811066,0.9480431848852902,0.9477058029689609,0.9454116059379217,0.004937316634258218
0.6542502403259277,0.01570618517139858,0.02475318908691406,0.001494787786480003,8,sqrt,1,11,221,"{'max_depth': 8, 'max_features': 'sqrt', 'min_samples_leaf': 1, 'min_samples_split': 11, 'n_estimators': 221}",0.44999999999999996,0.6444444444444444,0.7333333333333334,0.7333333333333334,0.4722222222222222,0.6066666666666667,0.12339838124476013,75,0.9736842105263158,0.9740215924426451,0.9743589743589743,0.986842105263158,0.9608636977058029,0.9739541160593792,0.008218279998761204
0.2960046768188477,0.0029131102005743362,0.014162588119506835,0.0011626140036883317,8,sqrt,1,13,100,"{'max_depth': 8, 'max_features': 'sqrt', 'min_samples_leaf': 1, 'min_samples_split': 13, 'n_estimators': 100}",0.44999999999999996,0.5888888888888889,0.788888888888889,0.6833333333333333,0.5222222222222221,0.6066666666666667,0.11922589825543285,75,0.9605263157894737,0.9480431848852902,0.9615384615384616,0.9483805668016194,0.9477058029689609,0.953238866396761,0.006375000711973916
1.259232234954834,0.024429183413562042,0.04687466621398926,0.002603672012409572,8,log2,2,11,421,"{'max_depth': 8, 'max_features': 'log2', 'min_samples_leaf': 2, 'min_samples_split': 11, 'n_estimators': 421}",0.44999999999999996,0.6444444444444444,0.7333333333333334,0.6833333333333333,0.5222222222222221,0.6066666666666667,0.10490442446153045,75,0.9605263157894737,0.9740215924426451,0.9615384615384616,0.9740215924426451,0.9736842105263157,0.9687584345479083,0.006317605884342996
1.2356958389282227,0.020314951535455508,0.0464728832244873,0.0026503064363407945,8,log2,1,15,421,"{'max_depth': 8, 'max_features': 'log2', 'min_samples_leaf': 1, 'min_samples_split': 15, 'n_estimators': 421}",0.44999999999999996,0.6444444444444444,0.6833333333333333,0.7333333333333334,0.5222222222222221,0.6066666666666667,0.10490442446153045,75,0.9473684210526316,0.9483805668016194,0.9355600539811066,0.9480431848852902,0.9477058029689609,0.9454116059379217,0.004937316634258218
1.2273170948028564,0.010807993372466969,0.047076988220214847,0.00364200134030229,8,sqrt,1,15,421,"{'max_depth': 8, 'max_features': 'sqrt', 'min_samples_leaf': 1, 'min_samples_split': 15, 'n_estimators': 421}",0.44999999999999996,0.6444444444444444,0.6833333333333333,0.7333333333333334,0.5222222222222221,0.6066666666666667,0.10490442446153045,75,0.9473684210526316,0.9483805668016194,0.9355600539811066,0.9480431848852902,0.9477058029689609,0.9454116059379217,0.004937316634258218
0.6630297183990479,0.020209900175025743,0.025957298278808594,0.0018455565480764743,,sqrt,1,11,221,"{'max_depth': None, 'max_features': 'sqrt', 'min_samples_leaf': 1, 'min_samples_split': 11, 'n_estimators': 221}",0.44999999999999996,0.6444444444444444,0.7333333333333334,0.7333333333333334,0.4722222222222222,0.6066666666666667,0.12339838124476013,75,0.9736842105263158,0.9740215924426451,0.9743589743589743,0.986842105263158,0.9608636977058029,0.9739541160593792,0.008218279998761204
1.2446711540222168,0.03338882654727847,0.04467959403991699,0.004155423301737838,8,sqrt,2,11,421,"{'max_depth': 8, 'max_features': 'sqrt', 'min_samples_leaf': 2, 'min_samples_split': 11, 'n_estimators': 421}",0.44999999999999996,0.6444444444444444,0.7333333333333334,0.6833333333333333,0.5222222222222221,0.6066666666666667,0.10490442446153045,75,0.9605263157894737,0.9740215924426451,0.9615384615384616,0.9740215924426451,0.9736842105263157,0.9687584345479083,0.006317605884342996
1.2451657772064209,0.019499232194078252,0.04468059539794922,0.003959074582394218,8,log2,1,13,421,"{'max_depth': 8, 'max_features': 'log2', 'min_samples_leaf': 1, 'min_samples_split': 13, 'n_estimators': 421}",0.44999999999999996,0.6444444444444444,0.7333333333333334,0.6833333333333333,0.5222222222222221,0.6066666666666667,0.10490442446153045,75,0.9605263157894737,0.9740215924426451,0.9615384615384616,0.9612010796221322,0.9608636977058029,0.9636302294197032,0.005206623947060855
0.6561822891235352,0.014097237770824994,0.02893972396850586,0.0029127477965054122,,log2,1,11,221,"{'max_depth': None, 'max_features': 'log2', 'min_samples_leaf': 1, 'min_samples_split': 11, 'n_estimators': 221}",0.44999999999999996,0.6444444444444444,0.7333333333333334,0.7333333333333334,0.4722222222222222,0.6066666666666667,0.12339838124476013,75,0.9736842105263158,0.9740215924426451,0.9743589743589743,0.986842105263158,0.9608636977058029,0.9739541160593792,0.008218279998761204
1.2592322826385498,0.01591504455947428,0.04547834396362305,0.002053910067290227,,sqrt,1,15,421,"{'max_depth': None, 'max_features': 'sqrt', 'min_samples_leaf': 1, 'min_samples_split': 15, 'n_estimators': 421}",0.44999999999999996,0.6444444444444444,0.6833333333333333,0.7333333333333334,0.5222222222222221,0.6066666666666667,0.10490442446153045,75,0.9473684210526316,0.9483805668016194,0.9355600539811066,0.9480431848852902,0.9477058029689609,0.9454116059379217,0.004937316634258218
0.30019607543945315,0.007803617153437554,0.014960336685180663,0.002092009945608928,8,log2,1,13,100,"{'max_depth': 8, 'max_features': 'log2', 'min_samples_leaf': 1, 'min_samples_split': 13, 'n_estimators': 100}",0.44999999999999996,0.5888888888888889,0.788888888888889,0.6833333333333333,0.5222222222222221,0.6066666666666667,0.11922589825543285,75,0.9605263157894737,0.9480431848852902,0.9615384615384616,0.9483805668016194,0.9477058029689609,0.953238866396761,0.006375000711973916
0.6607883453369141,0.016485158759814603,0.02631511688232422,0.002053390991364294,8,log2,1,11,221,"{'max_depth': 8, 'max_features': 'log2', 'min_samples_leaf': 1, 'min_samples_split': 11, 'n_estimators': 221}",0.44999999999999996,0.6444444444444444,0.7333333333333334,0.7333333333333334,0.4722222222222222,0.6066666666666667,0.12339838124476013,75,0.9736842105263158,0.9740215924426451,0.9743589743589743,0.986842105263158,0.9608636977058029,0.9739541160593792,0.008218279998761204
1.235353422164917,0.008334875244438083,0.045080137252807614,0.0017147696404371086,8,sqrt,1,13,421,"{'max_depth': 8, 'max_features': 'sqrt', 'min_samples_leaf': 1, 'min_samples_split': 13, 'n_estimators': 421}",0.44999999999999996,0.6444444444444444,0.7333333333333334,0.6833333333333333,0.5222222222222221,0.6066666666666667,0.10490442446153045,75,0.9605263157894737,0.9740215924426451,0.9615384615384616,0.9612010796221322,0.9608636977058029,0.9636302294197032,0.005206623947060855
0.2950425624847412,0.01173463774789469,0.016506004333496093,0.001812683862669751,,log2,1,13,100,"{'max_depth': None, 'max_features': 'log2', 'min_samples_leaf': 1, 'min_samples_split': 13, 'n_estimators': 100}",0.44999999999999996,0.5888888888888889,0.788888888888889,0.6833333333333333,0.5222222222222221,0.6066666666666667,0.11922589825543285,75,0.9605263157894737,0.934885290148448,0.9615384615384616,0.9612010796221322,0.9477058029689609,0.9531713900134953,0.01051506371165642
1.2983275413513184,0.04285304001530489,0.04428534507751465,0.0018482895900838613,,sqrt,1,13,421,"{'max_depth': None, 'max_features': 'sqrt', 'min_samples_leaf': 1, 'min_samples_split': 13, 'n_estimators': 421}",0.44999999999999996,0.6444444444444444,0.7333333333333334,0.6833333333333333,0.5222222222222221,0.6066666666666667,0.10490442446153045,75,0.9605263157894737,0.9740215924426451,0.9615384615384616,0.9740215924426451,0.9608636977058029,0.9661943319838058,0.006399237635373109
0.29361515045166015,0.00833535458982155,0.01615796089172363,0.0015956663283126357,3,sqrt,1,15,100,"{'max_depth': 3, 'max_features': 'sqrt', 'min_samples_leaf': 1, 'min_samples_split': 15, 'n_estimators': 100}",0.44999999999999996,0.6444444444444444,0.7388888888888889,0.6833333333333333,0.5166666666666666,0.6066666666666667,0.10717471601588886,75,0.8289473684210527,0.8431174089068827,0.8562753036437247,0.8323211875843455,0.8451417004048583,0.8411605937921728,0.009751212901214647
0.29301605224609373,0.0036449563889787715,0.013364315032958984,0.001017635393888609,3,sqrt,2,15,100,"{'max_depth': 3, 'max_features': 'sqrt', 'min_samples_leaf': 2, 'min_samples_split': 15, 'n_estimators': 100}",0.44999999999999996,0.6444444444444444,0.7388888888888889,0.6833333333333333,0.5166666666666666,0.6066666666666667,0.10717471601588886,75,0.8157894736842105,0.8559379217273955,0.8562753036437247,0.7938596491228069,0.8451417004048583,0.8334008097165991,0.024668501950109216
0.6524556159973145,0.006507423391669666,0.026128768920898438,0.0019356327122751068,3,sqrt,2,15,221,"{'max_depth': 3, 'max_features': 'sqrt', 'min_samples_leaf': 2, 'min_samples_split': 15, 'n_estimators': 221}",0.44999999999999996,0.6444444444444444,0.7388888888888889,0.6833333333333333,0.5166666666666666,0.6066666666666667,0.10717471601588886,75,0.8157894736842105,0.8562753036437247,0.8302968960863698,0.819838056680162,0.8191632928475034,0.828272604588394,0.014820247139856788
0.30179357528686523,0.004442040250908113,0.014361333847045899,0.0010174208909150076,3,log2,1,15,100,"{'max_depth': 3, 'max_features': 'log2', 'min_samples_leaf': 1, 'min_samples_split': 15, 'n_estimators': 100}",0.44999999999999996,0.6444444444444444,0.7388888888888889,0.6833333333333333,0.5166666666666666,0.6066666666666667,0.10717471601588886,75,0.8289473684210527,0.8431174089068827,0.8562753036437247,0.8323211875843455,0.8451417004048583,0.8411605937921728,0.009751212901214647
0.6514582157135009,0.010731292436420898,0.025732040405273438,0.0022216324740609522,3,log2,2,15,221,"{'max_depth': 3, 'max_features': 'log2', 'min_samples_leaf': 2, 'min_samples_split': 15, 'n_estimators': 221}",0.44999999999999996,0.6444444444444444,0.7388888888888889,0.6833333333333333,0.5166666666666666,0.6066666666666667,0.10717471601588886,75,0.8157894736842105,0.8562753036437247,0.8302968960863698,0.819838056680162,0.8191632928475034,0.828272604588394,0.014820247139856788
0.6538535594940186,0.012302177005441414,0.025536060333251953,0.001341176955067627,3,log2,1,15,221,"{'max_depth': 3, 'max_features': 'log2', 'min_samples_leaf': 1, 'min_samples_split': 15, 'n_estimators': 221}",0.44999999999999996,0.6444444444444444,0.7388888888888889,0.6833333333333333,0.5166666666666666,0.6066666666666667,0.10717471601588886,75,0.8157894736842105,0.8562753036437247,0.8431174089068827,0.8326585695006747,0.8191632928475034,0.8334008097165991,0.015040423772143886
0.6698081970214844,0.03067220855371394,0.027526283264160158,0.002410187015557344,3,sqrt,1,15,221,"{'max_depth': 3, 'max_features': 'sqrt', 'min_samples_leaf': 1, 'min_samples_split': 15, 'n_estimators': 221}",0.44999999999999996,0.6444444444444444,0.7388888888888889,0.6833333333333333,0.5166666666666666,0.6066666666666667,0.10717471601588886,75,0.8157894736842105,0.8562753036437247,0.8431174089068827,0.8326585695006747,0.8191632928475034,0.8334008097165991,0.015040423772143886
0.2924363136291504,0.007184463218111064,0.014362764358520509,0.0013516787065468406,3,log2,2,15,100,"{'max_depth': 3, 'max_features': 'log2', 'min_samples_leaf': 2, 'min_samples_split': 15, 'n_estimators': 100}",0.44999999999999996,0.6444444444444444,0.7388888888888889,0.6833333333333333,0.5166666666666666,0.6066666666666667,0.10717471601588886,75,0.8157894736842105,0.8559379217273955,0.8562753036437247,0.7938596491228069,0.8451417004048583,0.8334008097165991,0.024668501950109216
1.1984266757965087,0.02777513133764079,0.04687333106994629,0.007276058742326425,1,sqrt,2,15,421,"{'max_depth': 1, 'max_features': 'sqrt', 'min_samples_leaf': 2, 'min_samples_split': 15, 'n_estimators': 421}",0.44999999999999996,0.6444444444444444,0.6833333333333333,0.6722222222222223,0.5666666666666667,0.6033333333333333,0.08682322042482803,101,0.7105263157894737,0.6855600539811066,0.7122132253711202,0.6653171390013495,0.7294197031039136,0.7006072874493927,0.022516900437836627
1.3220672607421875,0.05191568650661219,0.045282506942749025,0.0016305808630710864,1,,2,15,421,"{'max_depth': 1, 'max_features': None, 'min_samples_leaf': 2, 'min_samples_split': 15, 'n_estimators': 421}",0.5,0.5944444444444444,0.6833333333333333,0.7222222222222222,0.5166666666666666,0.6033333333333333,0.08809366507962135,101,0.6973684210526316,0.6852226720647774,0.6990553306342779,0.6788124156545209,0.7165991902834008,0.6954116059379217,0.013002823362551999
1.1926105976104737,0.023291296472317563,0.04468059539794922,0.0024749499010530114,1,sqrt,2,11,421,"{'max_depth': 1, 'max_features': 'sqrt', 'min_samples_leaf': 2, 'min_samples_split': 11, 'n_estimators': 421}",0.44999999999999996,0.6444444444444444,0.6833333333333333,0.6722222222222223,0.5666666666666667,0.6033333333333333,0.08682322042482803,101,0.7105263157894737,0.6855600539811066,0.7122132253711202,0.6653171390013495,0.7294197031039136,0.7006072874493927,0.022516900437836627
1.2945395946502685,0.020757970520190766,0.0488680362701416,0.0019948021576914237,1,,2,13,421,"{'max_depth': 1, 'max_features': None, 'min_samples_leaf': 2, 'min_samples_split': 13, 'n_estimators': 421}",0.5,0.5944444444444444,0.6833333333333333,0.7222222222222222,0.5166666666666666,0.6033333333333333,0.08809366507962135,101,0.6973684210526316,0.6852226720647774,0.6990553306342779,0.6788124156545209,0.7165991902834008,0.6954116059379217,0.013002823362551999
1.2049779891967773,0.0366790575160067,0.045923376083374025,0.0038721830548434696,1,sqrt,1,15,421,"{'max_depth': 1, 'max_features': 'sqrt', 'min_samples_leaf': 1, 'min_samples_split': 15, 'n_estimators': 421}",0.44999999999999996,0.6444444444444444,0.6833333333333333,0.6722222222222223,0.5666666666666667,0.6033333333333333,0.08682322042482803,101,0.7105263157894737,0.6855600539811066,0.7122132253711202,0.6653171390013495,0.7294197031039136,0.7006072874493927,0.022516900437836627
1.2805489540100097,0.028089711686278704,0.04488096237182617,0.0016684403014248733,1,,2,11,421,"{'max_depth': 1, 'max_features': None, 'min_samples_leaf': 2, 'min_samples_split': 11, 'n_estimators': 421}",0.5,0.5944444444444444,0.6833333333333333,0.7222222222222222,0.5166666666666666,0.6033333333333333,0.08809366507962135,101,0.6973684210526316,0.6852226720647774,0.6990553306342779,0.6788124156545209,0.7165991902834008,0.6954116059379217,0.013002823362551999
1.2362436294555663,0.05011179871495378,0.04328279495239258,0.001956258013946871,1,sqrt,1,13,421,"{'max_depth': 1, 'max_features': 'sqrt', 'min_samples_leaf': 1, 'min_samples_split': 13, 'n_estimators': 421}",0.44999999999999996,0.6444444444444444,0.6833333333333333,0.6722222222222223,0.5666666666666667,0.6033333333333333,0.08682322042482803,101,0.7105263157894737,0.6855600539811066,0.7122132253711202,0.6653171390013495,0.7294197031039136,0.7006072874493927,0.022516900437836627
1.3463987827301025,0.020661264504208417,0.05545172691345215,0.007069643170416942,1,sqrt,1,11,421,"{'max_depth': 1, 'max_features': 'sqrt', 'min_samples_leaf': 1, 'min_samples_split': 11, 'n_estimators': 421}",0.44999999999999996,0.6444444444444444,0.6833333333333333,0.6722222222222223,0.5666666666666667,0.6033333333333333,0.08682322042482803,101,0.7105263157894737,0.6855600539811066,0.7122132253711202,0.6653171390013495,0.7294197031039136,0.7006072874493927,0.022516900437836627
1.2480609893798829,0.02213588700197423,0.04368348121643066,0.0029862686950851997,1,,1,15,421,"{'max_depth': 1, 'max_features': None, 'min_samples_leaf': 1, 'min_samples_split': 15, 'n_estimators': 421}",0.5,0.5944444444444444,0.6833333333333333,0.7222222222222222,0.5166666666666666,0.6033333333333333,0.08809366507962135,101,0.6973684210526316,0.6852226720647774,0.6990553306342779,0.6788124156545209,0.7165991902834008,0.6954116059379217,0.013002823362551999
1.197061014175415,0.025959497688951994,0.04647617340087891,0.0031915068798946326,1,sqrt,2,13,421,"{'max_depth': 1, 'max_features': 'sqrt', 'min_samples_leaf': 2, 'min_samples_split': 13, 'n_estimators': 421}",0.44999999999999996,0.6444444444444444,0.6833333333333333,0.6722222222222223,0.5666666666666667,0.6033333333333333,0.08682322042482803,101,0.7105263157894737,0.6855600539811066,0.7122132253711202,0.6653171390013495,0.7294197031039136,0.7006072874493927,0.022516900437836627
1.2066874980926514,0.026040801241137425,0.04488048553466797,0.0022741842761750657,1,log2,1,15,421,"{'max_depth': 1, 'max_features': 'log2', 'min_samples_leaf': 1, 'min_samples_split': 15, 'n_estimators': 421}",0.44999999999999996,0.6444444444444444,0.6833333333333333,0.6722222222222223,0.5666666666666667,0.6033333333333333,0.08682322042482803,101,0.7105263157894737,0.6855600539811066,0.7122132253711202,0.6653171390013495,0.7294197031039136,0.7006072874493927,0.022516900437836627
1.2071705341339112,0.038371266492680654,0.04308605194091797,0.001466370207275868,1,log2,2,11,421,"{'max_depth': 1, 'max_features': 'log2', 'min_samples_leaf': 2, 'min_samples_split': 11, 'n_estimators': 421}",0.44999999999999996,0.6444444444444444,0.6833333333333333,0.6722222222222223,0.5666666666666667,0.6033333333333333,0.08682322042482803,101,0.7105263157894737,0.6855600539811066,0.7122132253711202,0.6653171390013495,0.7294197031039136,0.7006072874493927,0.022516900437836627
1.172466802597046,0.03136593917723146,0.042284488677978516,0.0033747638518630855,1,log2,2,13,421,"{'max_depth': 1, 'max_features': 'log2', 'min_samples_leaf': 2, 'min_samples_split': 13, 'n_estimators': 421}",0.44999999999999996,0.6444444444444444,0.6833333333333333,0.6722222222222223,0.5666666666666667,0.6033333333333333,0.08682322042482803,101,0.7105263157894737,0.6855600539811066,0.7122132253711202,0.6653171390013495,0.7294197031039136,0.7006072874493927,0.022516900437836627
1.2703528881072998,0.025665737313501028,0.04627685546875,0.0031900804827922563,1,,1,11,421,"{'max_depth': 1, 'max_features': None, 'min_samples_leaf': 1, 'min_samples_split': 11, 'n_estimators': 421}",0.5,0.5944444444444444,0.6833333333333333,0.7222222222222222,0.5166666666666666,0.6033333333333333,0.08809366507962135,101,0.6973684210526316,0.6852226720647774,0.6990553306342779,0.6788124156545209,0.7165991902834008,0.6954116059379217,0.013002823362551999
1.1906167984008789,0.03294681303032783,0.04567761421203613,0.002780761968857933,1,log2,1,13,421,"{'max_depth': 1, 'max_features': 'log2', 'min_samples_leaf': 1, 'min_samples_split': 13, 'n_estimators': 421}",0.44999999999999996,0.6444444444444444,0.6833333333333333,0.6722222222222223,0.5666666666666667,0.6033333333333333,0.08682322042482803,101,0.7105263157894737,0.6855600539811066,0.7122132253711202,0.6653171390013495,0.7294197031039136,0.7006072874493927,0.022516900437836627
1.1727380752563477,0.01616347860414502,0.044482183456420896,0.0020543875473048516,1,log2,2,15,421,"{'max_depth': 1, 'max_features': 'log2', 'min_samples_leaf': 2, 'min_samples_split': 15, 'n_estimators': 421}",0.44999999999999996,0.6444444444444444,0.6833333333333333,0.6722222222222223,0.5666666666666667,0.6033333333333333,0.08682322042482803,101,0.7105263157894737,0.6855600539811066,0.7122132253711202,0.6653171390013495,0.7294197031039136,0.7006072874493927,0.022516900437836627
1.2582346439361571,0.015470849641233356,0.044681882858276366,0.003302446280126112,1,,1,13,421,"{'max_depth': 1, 'max_features': None, 'min_samples_leaf': 1, 'min_samples_split': 13, 'n_estimators': 421}",0.5,0.5944444444444444,0.6833333333333333,0.7222222222222222,0.5166666666666666,0.6033333333333333,0.08809366507962135,101,0.6973684210526316,0.6852226720647774,0.6990553306342779,0.6788124156545209,0.7165991902834008,0.6954116059379217,0.013002823362551999
1.20916690826416,0.03476644093567096,0.04807181358337402,0.0023104326315164423,1,log2,1,11,421,"{'max_depth': 1, 'max_features': 'log2', 'min_samples_leaf': 1, 'min_samples_split': 11, 'n_estimators': 421}",0.44999999999999996,0.6444444444444444,0.6833333333333333,0.6722222222222223,0.5666666666666667,0.6033333333333333,0.08682322042482803,101,0.7105263157894737,0.6855600539811066,0.7122132253711202,0.6653171390013495,0.7294197031039136,0.7006072874493927,0.022516900437836627
0.30797629356384276,0.015130558386398362,0.014760732650756836,0.0017161220932531206,8,log2,1,15,100,"{'max_depth': 8, 'max_features': 'log2', 'min_samples_leaf': 1, 'min_samples_split': 15, 'n_estimators': 100}",0.4,0.5888888888888889,0.7388888888888889,0.7333333333333334,0.5222222222222221,0.5966666666666667,0.12898463876383515,119,0.9210526315789473,0.9220647773279352,0.9483805668016194,0.8967611336032388,0.9477058029689609,0.9271929824561405,0.019286209358636643
1.3217214584350585,0.027970956824214212,0.04504995346069336,0.0046338590834538234,,sqrt,2,15,421,"{'max_depth': None, 'max_features': 'sqrt', 'min_samples_leaf': 2, 'min_samples_split': 15, 'n_estimators': 421}",0.44999999999999996,0.6444444444444444,0.6833333333333333,0.6833333333333333,0.5222222222222221,0.5966666666666667,0.09418919756676776,119,0.9473684210526316,0.9352226720647774,0.9355600539811066,0.9352226720647774,0.9085695006747638,0.9323886639676114,0.012789578419204075
1.2538408279418944,0.018389105963720415,0.047692489624023435,0.004797992043928593,,sqrt,2,11,421,"{'max_depth': None, 'max_features': 'sqrt', 'min_samples_leaf': 2, 'min_samples_split': 11, 'n_estimators': 421}",0.44999999999999996,0.6444444444444444,0.7333333333333334,0.6833333333333333,0.4722222222222222,0.5966666666666667,0.11442826207058217,119,0.9605263157894737,0.9740215924426451,0.9615384615384616,0.9740215924426451,0.9736842105263157,0.9687584345479083,0.006317605884342996
0.6590366840362549,0.00781136473192091,0.026927661895751954,0.002185377456374538,8,log2,2,15,221,"{'max_depth': 8, 'max_features': 'log2', 'min_samples_leaf': 2, 'min_samples_split': 15, 'n_estimators': 221}",0.4,0.5888888888888889,0.788888888888889,0.7333333333333334,0.4722222222222222,0.5966666666666667,0.1482240546280204,119,0.9342105263157894,0.9483805668016194,0.9355600539811066,0.934885290148448,0.9085695006747638,0.9323211875843456,0.01298214751289202
1.228912878036499,0.019559668805172833,0.045080375671386716,0.003115130409842954,8,log2,2,15,421,"{'max_depth': 8, 'max_features': 'log2', 'min_samples_leaf': 2, 'min_samples_split': 15, 'n_estimators': 421}",0.44999999999999996,0.6444444444444444,0.6833333333333333,0.6833333333333333,0.5222222222222221,0.5966666666666667,0.09418919756676776,119,0.9473684210526316,0.9352226720647774,0.9355600539811066,0.9352226720647774,0.9085695006747638,0.9323886639676114,0.012789578419204075
0.7087343692779541,0.03972845181962958,0.028551101684570312,0.004667334676613274,,sqrt,2,15,221,"{'max_depth': None, 'max_features': 'sqrt', 'min_samples_leaf': 2, 'min_samples_split': 15, 'n_estimators': 221}",0.4,0.5888888888888889,0.788888888888889,0.7333333333333334,0.4722222222222222,0.5966666666666667,0.1482240546280204,119,0.9342105263157894,0.9483805668016194,0.9355600539811066,0.934885290148448,0.9085695006747638,0.9323211875843456,0.01298214751289202
0.7986649990081787,0.025626712584336978,0.025331640243530275,0.0004873363145093241,8,,1,15,221,"{'max_depth': 8, 'max_features': None, 'min_samples_leaf': 1, 'min_samples_split': 15, 'n_estimators': 221}",0.5,0.48888888888888893,0.7333333333333334,0.7333333333333334,0.5277777777777778,0.5966666666666667,0.11230470016438471,119,0.986842105263158,0.9612010796221322,0.9487179487179487,0.9740215924426451,0.9345479082321188,0.9610661268556007,0.018373659330547718
0.30817584991455077,0.010150812894979707,0.015160799026489258,0.0007439969784956166,8,log2,2,11,100,"{'max_depth': 8, 'max_features': 'log2', 'min_samples_leaf': 2, 'min_samples_split': 11, 'n_estimators': 100}",0.44999999999999996,0.5388888888888889,0.788888888888889,0.6833333333333333,0.5222222222222221,0.5966666666666667,0.12235346488910881,119,0.9473684210526316,0.9612010796221322,0.9743589743589743,0.9612010796221322,0.9608636977058029,0.9609986504723347,0.008536762568564534
0.3085747718811035,0.020658116525303808,0.014562463760375977,0.000798518609530496,,sqrt,1,15,100,"{'max_depth': None, 'max_features': 'sqrt', 'min_samples_leaf': 1, 'min_samples_split': 15, 'n_estimators': 100}",0.4,0.5888888888888889,0.788888888888889,0.6833333333333333,0.5222222222222221,0.5966666666666667,0.13322217588730548,119,0.9210526315789473,0.9220647773279352,0.9483805668016194,0.9095816464237516,0.9477058029689609,0.929757085020243,0.015562634607093381
1.4924105167388917,0.03540177122875094,0.04253678321838379,0.0014478941941997656,3,,1,11,421,"{'max_depth': 3, 'max_features': None, 'min_samples_leaf': 1, 'min_samples_split': 11, 'n_estimators': 421}",0.5,0.48888888888888893,0.788888888888889,0.6833333333333333,0.5222222222222221,0.5966666666666667,0.11913266803271301,119,0.9210526315789473,0.9217273954116059,0.9345479082321188,0.8842780026990553,0.9220647773279352,0.9167341430499325,0.016986635043882682
0.6536515712738037,0.016479560704828363,0.027726221084594726,0.002985765262476307,8,sqrt,2,15,221,"{'max_depth': 8, 'max_features': 'sqrt', 'min_samples_leaf': 2, 'min_samples_split': 15, 'n_estimators': 221}",0.4,0.5888888888888889,0.788888888888889,0.7333333333333334,0.4722222222222222,0.5966666666666667,0.1482240546280204,119,0.9342105263157894,0.9483805668016194,0.9355600539811066,0.934885290148448,0.9085695006747638,0.9323211875843456,0.01298214751289202
0.29919962882995604,0.004845037726218536,0.014361906051635741,0.0004893571949954808,8,sqrt,1,15,100,"{'max_depth': 8, 'max_features': 'sqrt', 'min_samples_leaf': 1, 'min_samples_split': 15, 'n_estimators': 100}",0.4,0.5888888888888889,0.7388888888888889,0.7333333333333334,0.5222222222222221,0.5966666666666667,0.12898463876383515,119,0.9210526315789473,0.9220647773279352,0.9483805668016194,0.8967611336032388,0.9477058029689609,0.9271929824561405,0.019286209358636643
1.2696041584014892,0.02802465747189765,0.04630026817321777,0.0035054243495974,,log2,2,11,421,"{'max_depth': None, 'max_features': 'log2', 'min_samples_leaf': 2, 'min_samples_split': 11, 'n_estimators': 421}",0.44999999999999996,0.6444444444444444,0.7333333333333334,0.6833333333333333,0.4722222222222222,0.5966666666666667,0.11442826207058217,119,0.9605263157894737,0.9740215924426451,0.9615384615384616,0.9740215924426451,0.9736842105263157,0.9687584345479083,0.006317605884342996
0.29600939750671384,0.010523561689379127,0.015357208251953126,0.0014901703588151031,8,sqrt,2,11,100,"{'max_depth': 8, 'max_features': 'sqrt', 'min_samples_leaf': 2, 'min_samples_split': 11, 'n_estimators': 100}",0.44999999999999996,0.5388888888888889,0.788888888888889,0.6833333333333333,0.5222222222222221,0.5966666666666667,0.12235346488910881,119,0.9473684210526316,0.9612010796221322,0.9743589743589743,0.9612010796221322,0.9608636977058029,0.9609986504723347,0.008536762568564534
0.6628285884857178,0.021274157263753504,0.02752528190612793,0.001955094857495893,,log2,2,15,221,"{'max_depth': None, 'max_features': 'log2', 'min_samples_leaf': 2, 'min_samples_split': 15, 'n_estimators': 221}",0.4,0.5888888888888889,0.788888888888889,0.7333333333333334,0.4722222222222222,0.5966666666666667,0.1482240546280204,119,0.9342105263157894,0.9483805668016194,0.9355600539811066,0.934885290148448,0.9085695006747638,0.9323211875843456,0.01298214751289202
0.7912834644317627,0.019283165130996035,0.02632932662963867,0.0007980227839905246,,,1,15,221,"{'max_depth': None, 'max_features': None, 'min_samples_leaf': 1, 'min_samples_split': 15, 'n_estimators': 221}",0.5,0.48888888888888893,0.7333333333333334,0.7333333333333334,0.5277777777777778,0.5966666666666667,0.11230470016438471,119,0.986842105263158,0.9612010796221322,0.9487179487179487,0.9740215924426451,0.9345479082321188,0.9610661268556007,0.018373659330547718
1.2502949237823486,0.02191479221273423,0.04627556800842285,0.001954038177645881,,log2,2,15,421,"{'max_depth': None, 'max_features': 'log2', 'min_samples_leaf': 2, 'min_samples_split': 15, 'n_estimators': 421}",0.44999999999999996,0.6444444444444444,0.6833333333333333,0.6833333333333333,0.5222222222222221,0.5966666666666667,0.09418919756676776,119,0.9473684210526316,0.9352226720647774,0.9355600539811066,0.9352226720647774,0.9085695006747638,0.9323886639676114,0.012789578419204075
0.341886568069458,0.01819571084542224,0.020091962814331055,0.005809818166827937,,log2,1,15,100,"{'max_depth': None, 'max_features': 'log2', 'min_samples_leaf': 1, 'min_samples_split': 15, 'n_estimators': 100}",0.4,0.5888888888888889,0.788888888888889,0.6833333333333333,0.5222222222222221,0.5966666666666667,0.13322217588730548,119,0.9210526315789473,0.9220647773279352,0.9483805668016194,0.9095816464237516,0.9477058029689609,0.929757085020243,0.015562634607093381
1.2450688362121582,0.009197496635337178,0.045079374313354494,0.0025545517223668343,8,sqrt,2,15,421,"{'max_depth': 8, 'max_features': 'sqrt', 'min_samples_leaf': 2, 'min_samples_split': 15, 'n_estimators': 421}",0.44999999999999996,0.6444444444444444,0.6833333333333333,0.6833333333333333,0.5222222222222221,0.5966666666666667,0.09418919756676776,119,0.9473684210526316,0.9352226720647774,0.9355600539811066,0.9352226720647774,0.9085695006747638,0.9323886639676114,0.012789578419204075
0.6608063220977783,0.01844065034334636,0.025530004501342775,0.0010205453359106978,8,log2,1,13,221,"{'max_depth': 8, 'max_features': 'log2', 'min_samples_leaf': 1, 'min_samples_split': 13, 'n_estimators': 221}",0.44999999999999996,0.5888888888888889,0.7333333333333334,0.7333333333333334,0.4722222222222222,0.5955555555555556,0.12198967776611877,138,0.9605263157894737,0.9612010796221322,0.9615384615384616,0.9740215924426451,0.9345479082321188,0.9583670715249664,0.012924149623396395
0.6502954959869385,0.009130981846334431,0.02692718505859375,0.0038364857056282023,8,sqrt,1,13,221,"{'max_depth': 8, 'max_features': 'sqrt', 'min_samples_leaf': 1, 'min_samples_split': 13, 'n_estimators': 221}",0.44999999999999996,0.5888888888888889,0.7333333333333334,0.7333333333333334,0.4722222222222222,0.5955555555555556,0.12198967776611877,138,0.9605263157894737,0.9612010796221322,0.9615384615384616,0.9740215924426451,0.9345479082321188,0.9583670715249664,0.012924149623396395
0.6666168212890625,0.019651277365638306,0.02613058090209961,0.002631215737948685,,sqrt,2,11,221,"{'max_depth': None, 'max_features': 'sqrt', 'min_samples_leaf': 2, 'min_samples_split': 11, 'n_estimators': 221}",0.4,0.5888888888888889,0.788888888888889,0.6833333333333333,0.4722222222222222,0.5866666666666667,0.1401322127029936,140,0.9605263157894737,0.9615384615384616,0.9615384615384616,0.9740215924426451,0.9477058029689609,0.9610661268556007,0.00833162576002294
0.7775253772735595,0.011233733172006427,0.024756813049316408,0.0017201929700407616,,,2,15,221,"{'max_depth': None, 'max_features': None, 'min_samples_leaf': 2, 'min_samples_split': 15, 'n_estimators': 221}",0.5,0.48888888888888893,0.7333333333333334,0.6833333333333333,0.5277777777777778,0.5866666666666667,0.1013854641735146,140,0.9736842105263158,0.9480431848852902,0.909919028340081,0.9480431848852902,0.9345479082321188,0.9428475033738192,0.020775276018911406
0.6828749656677247,0.033959796571723745,0.02533302307128906,0.001016102118393002,,sqrt,2,13,221,"{'max_depth': None, 'max_features': 'sqrt', 'min_samples_leaf': 2, 'min_samples_split': 13, 'n_estimators': 221}",0.4,0.5888888888888889,0.788888888888889,0.6833333333333333,0.4722222222222222,0.5866666666666667,0.1401322127029936,140,0.9342105263157894,0.9615384615384616,0.9615384615384616,0.9740215924426451,0.9213900134952766,0.9505398110661268,0.019543238830444284
0.6620288372039795,0.018841072198864123,0.025730657577514648,0.0024758952255428224,,log2,2,13,221,"{'max_depth': None, 'max_features': 'log2', 'min_samples_leaf': 2, 'min_samples_split': 13, 'n_estimators': 221}",0.4,0.5888888888888889,0.788888888888889,0.6833333333333333,0.4722222222222222,0.5866666666666667,0.1401322127029936,140,0.9342105263157894,0.9615384615384616,0.9615384615384616,0.9740215924426451,0.9213900134952766,0.9505398110661268,0.019543238830444284
0.6504602432250977,0.017587415845944546,0.024933767318725587,0.0010917098523391918,,log2,2,11,221,"{'max_depth': None, 'max_features': 'log2', 'min_samples_leaf': 2, 'min_samples_split': 11, 'n_estimators': 221}",0.4,0.5888888888888889,0.788888888888889,0.6833333333333333,0.4722222222222222,0.5866666666666667,0.1401322127029936,140,0.9605263157894737,0.9615384615384616,0.9615384615384616,0.9740215924426451,0.9477058029689609,0.9610661268556007,0.00833162576002294
0.3658193588256836,0.009211067701894515,0.013563871383666992,0.0007978082464664837,,,1,13,100,"{'max_depth': None, 'max_features': None, 'min_samples_leaf': 1, 'min_samples_split': 13, 'n_estimators': 100}",0.5,0.48888888888888893,0.7333333333333334,0.6833333333333333,0.5277777777777778,0.5866666666666667,0.1013854641735146,140,0.986842105263158,0.9480431848852902,0.9615384615384616,0.9740215924426451,0.9345479082321188,0.9609986504723347,0.018467584697030363
0.7777184009552002,0.016416708033119214,0.02373652458190918,0.0007459834021201802,8,,2,15,221,"{'max_depth': 8, 'max_features': None, 'min_samples_leaf': 2, 'min_samples_split': 15, 'n_estimators': 221}",0.5,0.48888888888888893,0.7333333333333334,0.6833333333333333,0.5277777777777778,0.5866666666666667,0.1013854641735146,140,0.9736842105263158,0.9480431848852902,0.909919028340081,0.9480431848852902,0.9345479082321188,0.9428475033738192,0.020775276018911406
0.37060818672180174,0.01800312196559409,0.01495966911315918,0.0022741425090121495,8,,1,13,100,"{'max_depth': 8, 'max_features': None, 'min_samples_leaf': 1, 'min_samples_split': 13, 'n_estimators': 100}",0.5,0.48888888888888893,0.7333333333333334,0.6833333333333333,0.5277777777777778,0.5866666666666667,0.1013854641735146,140,0.986842105263158,0.9480431848852902,0.9743589743589743,0.9740215924426451,0.9345479082321188,0.9635627530364372,0.019238462367260872
0.6592366695404053,0.016007492174228657,0.02672719955444336,0.0020358560096185737,8,sqrt,2,11,221,"{'max_depth': 8, 'max_features': 'sqrt', 'min_samples_leaf': 2, 'min_samples_split': 11, 'n_estimators': 221}",0.4,0.5888888888888889,0.788888888888889,0.6833333333333333,0.4722222222222222,0.5866666666666667,0.1401322127029936,140,0.9605263157894737,0.9483805668016194,0.9615384615384616,0.9740215924426451,0.9477058029689609,0.9584345479082321,0.009727838753543912
0.6686106204986573,0.012497931180189818,0.02892303466796875,0.0027495874950153438,8,sqrt,2,13,221,"{'max_depth': 8, 'max_features': 'sqrt', 'min_samples_leaf': 2, 'min_samples_split': 13, 'n_estimators': 221}",0.4,0.5888888888888889,0.788888888888889,0.6833333333333333,0.4722222222222222,0.5866666666666667,0.1401322127029936,140,0.9342105263157894,0.9615384615384616,0.9615384615384616,0.9740215924426451,0.9213900134952766,0.9505398110661268,0.019543238830444284
0.6652209758758545,0.012849356510814779,0.026329708099365235,0.001620511052343345,8,log2,2,11,221,"{'max_depth': 8, 'max_features': 'log2', 'min_samples_leaf': 2, 'min_samples_split': 11, 'n_estimators': 221}",0.4,0.5888888888888889,0.788888888888889,0.6833333333333333,0.4722222222222222,0.5866666666666667,0.1401322127029936,140,0.9605263157894737,0.9483805668016194,0.9615384615384616,0.9740215924426451,0.9477058029689609,0.9584345479082321,0.009727838753543912
0.6536507606506348,0.01372753192140577,0.02632937431335449,0.003372917878719249,8,log2,2,13,221,"{'max_depth': 8, 'max_features': 'log2', 'min_samples_leaf': 2, 'min_samples_split': 13, 'n_estimators': 221}",0.4,0.5888888888888889,0.788888888888889,0.6833333333333333,0.4722222222222222,0.5866666666666667,0.1401322127029936,140,0.9342105263157894,0.9615384615384616,0.9615384615384616,0.9740215924426451,0.9213900134952766,0.9505398110661268,0.019543238830444284
0.6658196926116944,0.015432462383090728,0.026331186294555664,0.0025701629473901984,8,log2,1,15,221,"{'max_depth': 8, 'max_features': 'log2', 'min_samples_leaf': 1, 'min_samples_split': 15, 'n_estimators': 221}",0.4,0.5888888888888889,0.7333333333333334,0.7333333333333334,0.4722222222222222,0.5855555555555556,0.1348799191599424,152,0.9342105263157894,0.9483805668016194,0.9615384615384616,0.9352226720647774,0.9345479082321188,0.9427800269905534,0.010784828671846332
0.30338659286499026,0.006775405549022163,0.014162588119506835,0.00039908941148555346,,sqrt,2,11,100,"{'max_depth': None, 'max_features': 'sqrt', 'min_samples_leaf': 2, 'min_samples_split': 11, 'n_estimators': 100}",0.44999999999999996,0.4833333333333333,0.788888888888889,0.6833333333333333,0.5222222222222221,0.5855555555555556,0.1294146365298306,152,0.9473684210526316,0.9612010796221322,0.9743589743589743,0.9612010796221322,0.9608636977058029,0.9609986504723347,0.008536762568564534
0.6579128742218018,0.020906326041748184,0.027723932266235353,0.002308026684219051,,sqrt,1,13,221,"{'max_depth': None, 'max_features': 'sqrt', 'min_samples_leaf': 1, 'min_samples_split': 13, 'n_estimators': 221}",0.44999999999999996,0.5888888888888889,0.7333333333333334,0.6833333333333333,0.4722222222222222,0.5855555555555556,0.1119192830835059,152,0.9605263157894737,0.9612010796221322,0.9615384615384616,0.9740215924426451,0.9345479082321188,0.9583670715249664,0.012924149623396395
0.30195817947387693,0.006986639050197753,0.014960193634033203,0.001410941785825807,,log2,2,11,100,"{'max_depth': None, 'max_features': 'log2', 'min_samples_leaf': 2, 'min_samples_split': 11, 'n_estimators': 100}",0.44999999999999996,0.4833333333333333,0.788888888888889,0.6833333333333333,0.5222222222222221,0.5855555555555556,0.1294146365298306,152,0.9473684210526316,0.9612010796221322,0.9743589743589743,0.9612010796221322,0.9608636977058029,0.9609986504723347,0.008536762568564534
0.6827626705169678,0.044008846146671735,0.03003702163696289,0.00276286265582461,,log2,1,13,221,"{'max_depth': None, 'max_features': 'log2', 'min_samples_leaf': 1, 'min_samples_split': 13, 'n_estimators': 221}",0.44999999999999996,0.5888888888888889,0.7333333333333334,0.6833333333333333,0.4722222222222222,0.5855555555555556,0.1119192830835059,152,0.9605263157894737,0.9612010796221322,0.9615384615384616,0.9740215924426451,0.9345479082321188,0.9583670715249664,0.012924149623396395
0.640487813949585,0.011166895902966342,0.026728010177612303,0.001934166731778863,8,sqrt,1,15,221,"{'max_depth': 8, 'max_features': 'sqrt', 'min_samples_leaf': 1, 'min_samples_split': 15, 'n_estimators': 221}",0.4,0.5888888888888889,0.7333333333333334,0.7333333333333334,0.4722222222222222,0.5855555555555556,0.1348799191599424,152,0.9342105263157894,0.9483805668016194,0.9615384615384616,0.9352226720647774,0.9345479082321188,0.9427800269905534,0.010784828671846332
0.34068999290466306,0.01041350039099818,0.014161920547485352,0.0014659691593974836,3,,1,15,100,"{'max_depth': 3, 'max_features': None, 'min_samples_leaf': 1, 'min_samples_split': 15, 'n_estimators': 100}",0.55,0.48888888888888893,0.7333333333333334,0.7333333333333334,0.4111111111111111,0.5833333333333333,0.130147115238634,158,0.9078947368421053,0.8822537112010795,0.8825910931174089,0.8586369770580298,0.8707827260458839,0.8804318488529015,0.016311429995048712
0.29830732345581057,0.006020528395479258,0.013763666152954102,0.000746800308233303,1,,2,13,100,"{'max_depth': 1, 'max_features': None, 'min_samples_leaf': 2, 'min_samples_split': 13, 'n_estimators': 100}",0.44999999999999996,0.5944444444444444,0.6833333333333333,0.7222222222222222,0.4611111111111111,0.5822222222222222,0.11146609959097292,159,0.6842105263157895,0.6852226720647774,0.6855600539811066,0.6788124156545209,0.703778677462888,0.6875168690958164,0.008488089173288214
0.3039529800415039,0.009389288857158626,0.013961124420166015,0.0010941520061830594,1,,1,11,100,"{'max_depth': 1, 'max_features': None, 'min_samples_leaf': 1, 'min_samples_split': 11, 'n_estimators': 100}",0.44999999999999996,0.5944444444444444,0.6833333333333333,0.7222222222222222,0.4611111111111111,0.5822222222222222,0.11146609959097292,159,0.6842105263157895,0.6852226720647774,0.6855600539811066,0.6788124156545209,0.703778677462888,0.6875168690958164,0.008488089173288214
0.3065818786621094,0.00801749950830694,0.013561725616455078,0.0007997865717994328,1,,2,11,100,"{'max_depth': 1, 'max_features': None, 'min_samples_leaf': 2, 'min_samples_split': 11, 'n_estimators': 100}",0.44999999999999996,0.5944444444444444,0.6833333333333333,0.7222222222222222,0.4611111111111111,0.5822222222222222,0.11146609959097292,159,0.6842105263157895,0.6852226720647774,0.6855600539811066,0.6788124156545209,0.703778677462888,0.6875168690958164,0.008488089173288214
0.31036968231201173,0.008817434303048103,0.013365650177001953,0.0010181882814306947,1,,1,15,100,"{'max_depth': 1, 'max_features': None, 'min_samples_leaf': 1, 'min_samples_split': 15, 'n_estimators': 100}",0.44999999999999996,0.5944444444444444,0.6833333333333333,0.7222222222222222,0.4611111111111111,0.5822222222222222,0.11146609959097292,159,0.6842105263157895,0.6852226720647774,0.6855600539811066,0.6788124156545209,0.703778677462888,0.6875168690958164,0.008488089173288214
0.3065812110900879,0.004788512139496213,0.01376204490661621,0.0007464313804992873,1,,2,15,100,"{'max_depth': 1, 'max_features': None, 'min_samples_leaf': 2, 'min_samples_split': 15, 'n_estimators': 100}",0.44999999999999996,0.5944444444444444,0.6833333333333333,0.7222222222222222,0.4611111111111111,0.5822222222222222,0.11146609959097292,159,0.6842105263157895,0.6852226720647774,0.6855600539811066,0.6788124156545209,0.703778677462888,0.6875168690958164,0.008488089173288214
0.3003953456878662,0.00461063769469797,0.013763189315795898,0.0007459706706311931,1,,1,13,100,"{'max_depth': 1, 'max_features': None, 'min_samples_leaf': 1, 'min_samples_split': 13, 'n_estimators': 100}",0.44999999999999996,0.5944444444444444,0.6833333333333333,0.7222222222222222,0.4611111111111111,0.5822222222222222,0.11146609959097292,159,0.6842105263157895,0.6852226720647774,0.6855600539811066,0.6788124156545209,0.703778677462888,0.6875168690958164,0.008488089173288214
1.4332580089569091,0.03232504320967685,0.04368305206298828,0.0035346675504429477,3,,1,13,421,"{'max_depth': 3, 'max_features': None, 'min_samples_leaf': 1, 'min_samples_split': 13, 'n_estimators': 421}",0.44999999999999996,0.48888888888888893,0.788888888888889,0.6833333333333333,0.4722222222222222,0.5766666666666668,0.13496227181999726,165,0.9210526315789473,0.8822537112010795,0.9089068825910931,0.8842780026990553,0.9220647773279352,0.9037112010796221,0.01733578466883131
0.8166930198669433,0.024037976468206754,0.0259307861328125,0.002274393335416578,,,1,11,221,"{'max_depth': None, 'max_features': None, 'min_samples_leaf': 1, 'min_samples_split': 11, 'n_estimators': 221}",0.44999999999999996,0.48888888888888893,0.7333333333333334,0.6833333333333333,0.5277777777777778,0.5766666666666667,0.11141070720093446,166,0.986842105263158,0.9740215924426451,1.0,0.9740215924426451,0.9608636977058029,0.9791497975708502,0.013273138008157995
0.36926822662353515,0.007749042729491552,0.013962888717651367,0.0006308264484161597,,,1,15,100,"{'max_depth': None, 'max_features': None, 'min_samples_leaf': 1, 'min_samples_split': 15, 'n_estimators': 100}",0.44999999999999996,0.48888888888888893,0.7333333333333334,0.6833333333333333,0.5277777777777778,0.5766666666666667,0.11141070720093446,166,0.9736842105263157,0.9352226720647774,0.9483805668016194,0.9612010796221322,0.9345479082321188,0.9506072874493927,0.015128259301832387
0.8196041584014893,0.019375519686034244,0.024733829498291015,0.0014659860948071125,,,1,13,221,"{'max_depth': None, 'max_features': None, 'min_samples_leaf': 1, 'min_samples_split': 13, 'n_estimators': 221}",0.44999999999999996,0.48888888888888893,0.7333333333333334,0.6833333333333333,0.5277777777777778,0.5766666666666667,0.11141070720093446,166,0.986842105263158,0.9612010796221322,0.9743589743589743,0.9740215924426451,0.9345479082321188,0.9661943319838058,0.017780251056827838
1.3325164794921875,0.031988349259466774,0.03146042823791504,0.0029139175313137814,,,2,15,421,"{'max_depth': None, 'max_features': None, 'min_samples_leaf': 2, 'min_samples_split': 15, 'n_estimators': 421}",0.44999999999999996,0.5388888888888889,0.7333333333333334,0.6333333333333333,0.5277777777777778,0.5766666666666667,0.09758820005576219,166,0.9736842105263158,0.9480431848852902,0.9487179487179487,0.9480431848852902,0.9345479082321188,0.9506072874493927,0.012705643504388483
1.4836325168609619,0.02684020586900547,0.04448056221008301,0.003191694638385767,8,,2,15,421,"{'max_depth': 8, 'max_features': None, 'min_samples_leaf': 2, 'min_samples_split': 15, 'n_estimators': 421}",0.44999999999999996,0.5388888888888889,0.7333333333333334,0.6333333333333333,0.5277777777777778,0.5766666666666667,0.09758820005576219,166,0.9736842105263158,0.9480431848852902,0.9487179487179487,0.9480431848852902,0.9345479082321188,0.9506072874493927,0.012705643504388483
0.8210047721862793,0.00842538439068849,0.026129150390625,0.0017160785463199687,8,,1,11,221,"{'max_depth': 8, 'max_features': None, 'min_samples_leaf': 1, 'min_samples_split': 11, 'n_estimators': 221}",0.44999999999999996,0.48888888888888893,0.7333333333333334,0.6833333333333333,0.5277777777777778,0.5766666666666667,0.11141070720093446,166,0.986842105263158,0.9740215924426451,1.0,0.9740215924426451,0.9608636977058029,0.9791497975708502,0.013273138008157995
0.8078396797180176,0.018205691979587855,0.025533628463745118,0.0013502824337003412,8,,1,13,221,"{'max_depth': 8, 'max_features': None, 'min_samples_leaf': 1, 'min_samples_split': 13, 'n_estimators': 221}",0.44999999999999996,0.48888888888888893,0.7333333333333334,0.6833333333333333,0.5277777777777778,0.5766666666666667,0.11141070720093446,166,0.986842105263158,0.9612010796221322,0.9743589743589743,0.9740215924426451,0.9345479082321188,0.9661943319838058,0.017780251056827838
0.35770392417907715,0.007600455369736166,0.013164091110229491,0.00039945060003357755,8,,1,15,100,"{'max_depth': 8, 'max_features': None, 'min_samples_leaf': 1, 'min_samples_split': 15, 'n_estimators': 100}",0.44999999999999996,0.48888888888888893,0.7333333333333334,0.6833333333333333,0.5277777777777778,0.5766666666666667,0.11141070720093446,166,0.9736842105263157,0.9352226720647774,0.9483805668016194,0.9612010796221322,0.9345479082321188,0.9506072874493927,0.015128259301832387
0.6634240627288819,0.02135559441098993,0.025332880020141602,0.0011967186956864093,,sqrt,1,15,221,"{'max_depth': None, 'max_features': 'sqrt', 'min_samples_leaf': 1, 'min_samples_split': 15, 'n_estimators': 221}",0.4,0.5888888888888889,0.7333333333333334,0.6833333333333333,0.4722222222222222,0.5755555555555556,0.12504813887874158,174,0.9342105263157894,0.9483805668016194,0.9487179487179487,0.9352226720647774,0.9345479082321188,0.9402159244264509,0.006812776018066679
1.4174094676971436,0.028162255400440827,0.04667620658874512,0.0037534425694775286,3,,1,15,421,"{'max_depth': 3, 'max_features': None, 'min_samples_leaf': 1, 'min_samples_split': 15, 'n_estimators': 421}",0.44999999999999996,0.48888888888888893,0.7333333333333334,0.6833333333333333,0.5222222222222221,0.5755555555555556,0.1119192830835059,174,0.9210526315789473,0.8690958164642375,0.8960863697705803,0.8842780026990553,0.9092442645074224,0.8959514170040486,0.018244346313431883
1.4188271045684815,0.03801683326206313,0.044279956817626955,0.0024096271546975457,3,,2,11,421,"{'max_depth': 3, 'max_features': None, 'min_samples_leaf': 2, 'min_samples_split': 11, 'n_estimators': 421}",0.5,0.48888888888888893,0.788888888888889,0.6833333333333333,0.41666666666666663,0.5755555555555556,0.13826973102786644,174,0.9210526315789473,0.8954116059379217,0.9345479082321188,0.8970985155195681,0.9220647773279352,0.9140350877192983,0.015285150924752284
0.6978307723999023,0.03596434484101692,0.02717733383178711,0.004167785267272282,,log2,1,15,221,"{'max_depth': None, 'max_features': 'log2', 'min_samples_leaf': 1, 'min_samples_split': 15, 'n_estimators': 221}",0.4,0.5888888888888889,0.7333333333333334,0.6833333333333333,0.4722222222222222,0.5755555555555556,0.12504813887874158,174,0.9342105263157894,0.9483805668016194,0.9487179487179487,0.9352226720647774,0.9345479082321188,0.9402159244264509,0.006812776018066679
0.7428127765655518,0.012430401691879363,0.024932670593261718,0.0012610875136243828,3,,1,15,221,"{'max_depth': 3, 'max_features': None, 'min_samples_leaf': 1, 'min_samples_split': 15, 'n_estimators': 221}",0.55,0.48888888888888893,0.7333333333333334,0.7333333333333334,0.3611111111111111,0.5733333333333334,0.14416211724784955,178,0.9210526315789473,0.8954116059379217,0.8960863697705803,0.8842780026990553,0.8836032388663968,0.8960863697705804,0.013557548635211658
0.3474714756011963,0.00801755881298789,0.0133636474609375,0.00048663427825756836,8,,2,15,100,"{'max_depth': 8, 'max_features': None, 'min_samples_leaf': 2, 'min_samples_split': 15, 'n_estimators': 100}",0.44999999999999996,0.48888888888888893,0.7333333333333334,0.6333333333333333,0.5277777777777778,0.5666666666666667,0.10333930687632377,179,0.9342105263157894,0.9220647773279352,0.9483805668016194,0.9227395411605939,0.9345479082321188,0.9323886639676113,0.009627156181922676
1.4983199119567872,0.014328625754854522,0.045279836654663085,0.003373427330118024,,,2,11,421,"{'max_depth': None, 'max_features': None, 'min_samples_leaf': 2, 'min_samples_split': 11, 'n_estimators': 421}",0.44999999999999996,0.48888888888888893,0.7333333333333334,0.6333333333333333,0.5277777777777778,0.5666666666666667,0.10333930687632377,179,0.986842105263158,0.9740215924426451,0.9871794871794872,0.9612010796221322,0.9345479082321188,0.9687584345479083,0.019603718432457607
0.8056467056274415,0.024749208322185214,0.026527595520019532,0.0022363966124373663,,,2,11,221,"{'max_depth': None, 'max_features': None, 'min_samples_leaf': 2, 'min_samples_split': 11, 'n_estimators': 221}",0.44999999999999996,0.48888888888888893,0.7333333333333334,0.6333333333333333,0.5277777777777778,0.5666666666666667,0.10333930687632377,179,0.986842105263158,0.9740215924426451,0.9871794871794872,0.986842105263158,0.9345479082321188,0.9738866396761134,0.020297497263328166
0.36515183448791505,0.010705805188535911,0.014426755905151366,0.0009997099006085035,,,2,13,100,"{'max_depth': None, 'max_features': None, 'min_samples_leaf': 2, 'min_samples_split': 13, 'n_estimators': 100}",0.44999999999999996,0.48888888888888893,0.7333333333333334,0.6333333333333333,0.5277777777777778,0.5666666666666667,0.10333930687632377,179,0.9736842105263158,0.9220647773279352,0.9615384615384616,0.9483805668016194,0.9345479082321188,0.9480431848852902,0.018421176214283946
1.5096152305603028,0.022660360252076447,0.046076726913452146,0.00415704274504496,8,,2,13,421,"{'max_depth': 8, 'max_features': None, 'min_samples_leaf': 2, 'min_samples_split': 13, 'n_estimators': 421}",0.44999999999999996,0.48888888888888893,0.7333333333333334,0.6333333333333333,0.5277777777777778,0.5666666666666667,0.10333930687632377,179,0.986842105263158,0.9612010796221322,0.9615384615384616,0.9612010796221322,0.9345479082321188,0.9610661268556007,0.01654011188825919
0.784233570098877,0.02039679137658808,0.02433180809020996,0.0010164314037412266,8,,2,13,221,"{'max_depth': 8, 'max_features': None, 'min_samples_leaf': 2, 'min_samples_split': 13, 'n_estimators': 221}",0.44999999999999996,0.48888888888888893,0.7333333333333334,0.6333333333333333,0.5277777777777778,0.5666666666666667,0.10333930687632377,179,0.986842105263158,0.9612010796221322,0.9615384615384616,0.9612010796221322,0.9345479082321188,0.9610661268556007,0.01654011188825919
0.3594377517700195,0.009064837917064672,0.014762973785400391,0.0018284632964534705,8,,2,11,100,"{'max_depth': 8, 'max_features': None, 'min_samples_leaf': 2, 'min_samples_split': 11, 'n_estimators': 100}",0.44999999999999996,0.48888888888888893,0.7333333333333334,0.6333333333333333,0.5277777777777778,0.5666666666666667,0.10333930687632377,179,0.9736842105263158,0.9480431848852902,0.9743589743589743,0.9612010796221322,0.9345479082321188,0.9583670715249664,0.0153122335448101
0.7972658157348633,0.012872474031101616,0.025731468200683595,0.0019337280849931662,,,2,13,221,"{'max_depth': None, 'max_features': None, 'min_samples_leaf': 2, 'min_samples_split': 13, 'n_estimators': 221}",0.44999999999999996,0.48888888888888893,0.7333333333333334,0.6333333333333333,0.5277777777777778,0.5666666666666667,0.10333930687632377,179,0.986842105263158,0.9612010796221322,0.9615384615384616,0.9612010796221322,0.9345479082321188,0.9610661268556007,0.01654011188825919
1.4989908695220948,0.0384666384450404,0.044281387329101564,0.003128882393079053,,,2,13,421,"{'max_depth': None, 'max_features': None, 'min_samples_leaf': 2, 'min_samples_split': 13, 'n_estimators': 421}",0.44999999999999996,0.48888888888888893,0.7333333333333334,0.6333333333333333,0.5277777777777778,0.5666666666666667,0.10333930687632377,179,0.986842105263158,0.9612010796221322,0.9615384615384616,0.9612010796221322,0.9345479082321188,0.9610661268556007,0.01654011188825919
0.37462592124938965,0.010344366797981727,0.014116144180297852,0.0012076326656466432,,,1,11,100,"{'max_depth': None, 'max_features': None, 'min_samples_leaf': 1, 'min_samples_split': 11, 'n_estimators': 100}",0.4,0.48888888888888893,0.7333333333333334,0.6833333333333333,0.5277777777777778,0.5666666666666667,0.12387767761927765,179,0.986842105263158,0.9608636977058029,0.9871794871794872,0.9740215924426451,0.9477058029689609,0.9713225371120109,0.01527561595502265
0.36063785552978517,0.009372430866289779,0.01376171112060547,0.0007441758830694063,,,2,15,100,"{'max_depth': None, 'max_features': None, 'min_samples_leaf': 2, 'min_samples_split': 15, 'n_estimators': 100}",0.44999999999999996,0.48888888888888893,0.7333333333333334,0.6333333333333333,0.5277777777777778,0.5666666666666667,0.10333930687632377,179,0.9342105263157894,0.9220647773279352,0.9483805668016194,0.9227395411605939,0.9345479082321188,0.9323886639676113,0.009627156181922676
0.37798800468444826,0.014968413556079127,0.013365077972412109,0.0004904313961198898,8,,1,11,100,"{'max_depth': 8, 'max_features': None, 'min_samples_leaf': 1, 'min_samples_split': 11, 'n_estimators': 100}",0.4,0.48888888888888893,0.7333333333333334,0.6833333333333333,0.5277777777777778,0.5666666666666667,0.12387767761927765,179,0.986842105263158,0.9608636977058029,0.9871794871794872,0.9740215924426451,0.9477058029689609,0.9713225371120109,0.01527561595502265
0.36801557540893554,0.005535204391508826,0.01515974998474121,0.0021307324359590807,8,,2,13,100,"{'max_depth': 8, 'max_features': None, 'min_samples_leaf': 2, 'min_samples_split': 13, 'n_estimators': 100}",0.44999999999999996,0.48888888888888893,0.7333333333333334,0.6333333333333333,0.5277777777777778,0.5666666666666667,0.10333930687632377,179,0.9736842105263158,0.9220647773279352,0.9615384615384616,0.9483805668016194,0.9345479082321188,0.9480431848852902,0.018421176214283946
1.5143746376037597,0.021561948258838243,0.045279073715209964,0.0018498793623944881,8,,2,11,421,"{'max_depth': 8, 'max_features': None, 'min_samples_leaf': 2, 'min_samples_split': 11, 'n_estimators': 421}",0.44999999999999996,0.48888888888888893,0.7333333333333334,0.6333333333333333,0.5277777777777778,0.5666666666666667,0.10333930687632377,179,0.986842105263158,0.9740215924426451,0.9871794871794872,0.9612010796221322,0.9345479082321188,0.9687584345479083,0.019603718432457607
0.810627794265747,0.010659929526115297,0.025931787490844727,0.0018918296828339613,8,,2,11,221,"{'max_depth': 8, 'max_features': None, 'min_samples_leaf': 2, 'min_samples_split': 11, 'n_estimators': 221}",0.44999999999999996,0.48888888888888893,0.7333333333333334,0.6333333333333333,0.5277777777777778,0.5666666666666667,0.10333930687632377,179,0.986842105263158,0.9740215924426451,0.9871794871794872,0.986842105263158,0.9345479082321188,0.9738866396761134,0.020297497263328166
0.36506943702697753,0.011430588251103137,0.014364337921142578,0.0010177430450810764,,,2,11,100,"{'max_depth': None, 'max_features': None, 'min_samples_leaf': 2, 'min_samples_split': 11, 'n_estimators': 100}",0.44999999999999996,0.48888888888888893,0.7333333333333334,0.6333333333333333,0.5277777777777778,0.5666666666666667,0.10333930687632377,179,0.9736842105263158,0.9480431848852902,0.9743589743589743,0.9612010796221322,0.9345479082321188,0.9583670715249664,0.0153122335448101
1.5497519969940186,0.03137811918261213,0.04567723274230957,0.0029843323899606893,,,1,13,421,"{'max_depth': None, 'max_features': None, 'min_samples_leaf': 1, 'min_samples_split': 13, 'n_estimators': 421}",0.44999999999999996,0.48888888888888893,0.6777777777777778,0.6833333333333333,0.5277777777777778,0.5655555555555555,0.09708084959467905,195,0.986842105263158,0.9612010796221322,0.9615384615384616,0.9740215924426451,0.9345479082321188,0.9636302294197032,0.01733683519511205
1.53257474899292,0.05024794106637217,0.045677566528320314,0.001827340970653639,8,,1,13,421,"{'max_depth': 8, 'max_features': None, 'min_samples_leaf': 1, 'min_samples_split': 13, 'n_estimators': 421}",0.44999999999999996,0.48888888888888893,0.6777777777777778,0.6833333333333333,0.5277777777777778,0.5655555555555555,0.09708084959467905,195,0.986842105263158,0.9612010796221322,0.9615384615384616,0.9740215924426451,0.9345479082321188,0.9636302294197032,0.01733683519511205
1.5115583896636964,0.05216946621212288,0.045677804946899415,0.0019354759198825777,8,,1,15,421,"{'max_depth': 8, 'max_features': None, 'min_samples_leaf': 1, 'min_samples_split': 15, 'n_estimators': 421}",0.5,0.48888888888888893,0.6777777777777778,0.6333333333333333,0.5277777777777778,0.5655555555555555,0.07588164923983942,195,0.986842105263158,0.9612010796221322,0.9487179487179487,0.9740215924426451,0.9345479082321188,0.9610661268556007,0.018373659330547718
1.5195815563201904,0.03423121056297031,0.04507756233215332,0.0032998911686921797,,,1,15,421,"{'max_depth': None, 'max_features': None, 'min_samples_leaf': 1, 'min_samples_split': 15, 'n_estimators': 421}",0.5,0.48888888888888893,0.6777777777777778,0.6333333333333333,0.5277777777777778,0.5655555555555555,0.07588164923983942,195,0.986842105263158,0.9612010796221322,0.9487179487179487,0.9740215924426451,0.9345479082321188,0.9610661268556007,0.018373659330547718
0.7532756805419922,0.017426758851113826,0.024334716796875,0.001849879362394488,3,,1,13,221,"{'max_depth': 3, 'max_features': None, 'min_samples_leaf': 1, 'min_samples_split': 13, 'n_estimators': 221}",0.5,0.48888888888888893,0.7333333333333334,0.7333333333333334,0.3611111111111111,0.5633333333333334,0.14713729206441645,199,0.9342105263157895,0.8954116059379217,0.9089068825910931,0.8970985155195681,0.8964237516869096,0.9064102564102564,0.014741080396800376
0.34049229621887206,0.00906651141953065,0.013561296463012695,0.0022411289539670753,3,,1,13,100,"{'max_depth': 3, 'max_features': None, 'min_samples_leaf': 1, 'min_samples_split': 13, 'n_estimators': 100}",0.55,0.48888888888888893,0.7333333333333334,0.6833333333333333,0.3611111111111111,0.5633333333333334,0.13409964969895605,199,0.9210526315789473,0.8822537112010795,0.9085695006747638,0.8714574898785425,0.8964237516869096,0.8959514170040486,0.01776000967906947
0.7492949962615967,0.01549287238151112,0.025731420516967772,0.0027055501835968054,3,,2,13,221,"{'max_depth': 3, 'max_features': None, 'min_samples_leaf': 2, 'min_samples_split': 13, 'n_estimators': 221}",0.5,0.48888888888888893,0.7333333333333334,0.7333333333333334,0.3611111111111111,0.5633333333333334,0.14713729206441645,199,0.9210526315789473,0.8954116059379217,0.8960863697705803,0.8970985155195681,0.8964237516869096,0.9012145748987855,0.009933935386378406
0.30518355369567873,0.0028904642965148167,0.015159845352172852,0.0009769899068144013,8,sqrt,2,15,100,"{'max_depth': 8, 'max_features': 'sqrt', 'min_samples_leaf': 2, 'min_samples_split': 15, 'n_estimators': 100}",0.4,0.5888888888888889,0.7388888888888889,0.6333333333333333,0.41666666666666663,0.5555555555555556,0.12981468272831026,202,0.9078947368421053,0.9220647773279352,0.9352226720647774,0.9220647773279352,0.9345479082321188,0.9243589743589744,0.010034262288386872
0.30403642654418944,0.011398638442588774,0.014386558532714843,0.000847625772659033,8,log2,2,15,100,"{'max_depth': 8, 'max_features': 'log2', 'min_samples_leaf': 2, 'min_samples_split': 15, 'n_estimators': 100}",0.4,0.5888888888888889,0.7388888888888889,0.6333333333333333,0.41666666666666663,0.5555555555555556,0.12981468272831026,202,0.9078947368421053,0.9220647773279352,0.9352226720647774,0.9220647773279352,0.9345479082321188,0.9243589743589744,0.010034262288386872
1.5444705486297607,0.05974302043130417,0.044280719757080075,0.005730376639169723,8,,1,11,421,"{'max_depth': 8, 'max_features': None, 'min_samples_leaf': 1, 'min_samples_split': 11, 'n_estimators': 421}",0.44999999999999996,0.48888888888888893,0.6777777777777778,0.6333333333333333,0.5277777777777778,0.5555555555555556,0.08642416214502248,202,1.0,0.9740215924426451,1.0,0.9740215924426451,0.9477058029689609,0.9791497975708502,0.019548829401632162
0.30418667793273924,0.009933479025659686,0.014162206649780273,0.0011623118383956468,,log2,2,15,100,"{'max_depth': None, 'max_features': 'log2', 'min_samples_leaf': 2, 'min_samples_split': 15, 'n_estimators': 100}",0.4,0.5888888888888889,0.7388888888888889,0.6333333333333333,0.41666666666666663,0.5555555555555556,0.12981468272831026,202,0.9078947368421053,0.9220647773279352,0.9352226720647774,0.9220647773279352,0.9345479082321188,0.9243589743589744,0.010034262288386872
0.3001671314239502,0.0033819517885553085,0.013457059860229492,0.003280988431426658,,sqrt,2,15,100,"{'max_depth': None, 'max_features': 'sqrt', 'min_samples_leaf': 2, 'min_samples_split': 15, 'n_estimators': 100}",0.4,0.5888888888888889,0.7388888888888889,0.6333333333333333,0.41666666666666663,0.5555555555555556,0.12981468272831026,202,0.9078947368421053,0.9220647773279352,0.9352226720647774,0.9220647773279352,0.9345479082321188,0.9243589743589744,0.010034262288386872
1.4096276760101318,0.023922295558416178,0.04448156356811524,0.0019544276686358753,3,,2,15,421,"{'max_depth': 3, 'max_features': None, 'min_samples_leaf': 2, 'min_samples_split': 15, 'n_estimators': 421}",0.44999999999999996,0.48888888888888893,0.7333333333333334,0.6833333333333333,0.41666666666666663,0.5544444444444444,0.12868758225703247,207,0.9210526315789473,0.8690958164642375,0.8960863697705803,0.8842780026990553,0.9092442645074224,0.8959514170040486,0.018244346313431883
1.4085567951202393,0.02141100519225452,0.04408245086669922,0.002129200590087164,3,,2,13,421,"{'max_depth': 3, 'max_features': None, 'min_samples_leaf': 2, 'min_samples_split': 13, 'n_estimators': 421}",0.44999999999999996,0.48888888888888893,0.7333333333333334,0.6833333333333333,0.41666666666666663,0.5544444444444444,0.12868758225703247,207,0.9210526315789473,0.8954116059379217,0.9089068825910931,0.8842780026990553,0.9092442645074224,0.9037786774628881,0.012687354511723373
0.826390552520752,0.009824643555433452,0.024336719512939455,0.001852514449846225,3,,1,11,221,"{'max_depth': 3, 'max_features': None, 'min_samples_leaf': 1, 'min_samples_split': 11, 'n_estimators': 221}",0.5,0.48888888888888893,0.7333333333333334,0.6833333333333333,0.3611111111111111,0.5533333333333335,0.13656274278165836,209,0.9342105263157895,0.8954116059379217,0.9345479082321188,0.8970985155195681,0.9092442645074224,0.9141025641025641,0.017230408591939257
0.7641555786132812,0.011430582193088476,0.027726221084594726,0.0022207352945539586,3,,2,11,221,"{'max_depth': 3, 'max_features': None, 'min_samples_leaf': 2, 'min_samples_split': 11, 'n_estimators': 221}",0.5,0.48888888888888893,0.7333333333333334,0.6833333333333333,0.3611111111111111,0.5533333333333335,0.13656274278165836,209,0.9210526315789473,0.8954116059379217,0.9345479082321188,0.909919028340081,0.9092442645074224,0.9140350877192983,0.013090070532546755
0.3418839931488037,0.009253500760074527,0.014163637161254882,0.0009756997444581618,3,,2,15,100,"{'max_depth': 3, 'max_features': None, 'min_samples_leaf': 2, 'min_samples_split': 15, 'n_estimators': 100}",0.55,0.48888888888888893,0.6833333333333333,0.6833333333333333,0.3611111111111111,0.5533333333333335,0.12240390536818144,209,0.9078947368421053,0.8694331983805668,0.8694331983805668,0.8586369770580298,0.8707827260458839,0.8752361673414304,0.016907378961798468
0.738322401046753,0.00840088682605538,0.024335432052612304,0.0017401736004831285,3,,2,15,221,"{'max_depth': 3, 'max_features': None, 'min_samples_leaf': 2, 'min_samples_split': 15, 'n_estimators': 221}",0.5,0.48888888888888893,0.6833333333333333,0.7333333333333334,0.3611111111111111,0.5533333333333335,0.13656274278165836,209,0.9210526315789473,0.8822537112010795,0.8832658569500675,0.8842780026990553,0.8836032388663968,0.8908906882591093,0.01509511695210667
0.36282849311828613,0.0034775527893077343,0.015759611129760744,0.0011606452456780234,3,,1,11,100,"{'max_depth': 3, 'max_features': None, 'min_samples_leaf': 1, 'min_samples_split': 11, 'n_estimators': 100}",0.5,0.48888888888888893,0.7333333333333334,0.6333333333333333,0.4111111111111111,0.5533333333333333,0.11491274198975909,213,0.9078947368421053,0.8822537112010795,0.9217273954116059,0.8842780026990553,0.8836032388663968,0.8959514170040486,0.016021343269157388
1.5522493362426757,0.02674221038312295,0.04348320960998535,0.0035461120158655763,,,1,11,421,"{'max_depth': None, 'max_features': None, 'min_samples_leaf': 1, 'min_samples_split': 11, 'n_estimators': 421}",0.4,0.48888888888888893,0.6777777777777778,0.6333333333333333,0.5277777777777778,0.5455555555555556,0.09990118574661787,214,1.0,0.9740215924426451,1.0,0.9740215924426451,0.9477058029689609,0.9791497975708502,0.019548829401632162
0.34348149299621583,0.003711493775881334,0.014760875701904297,0.001931417108119939,3,,2,13,100,"{'max_depth': 3, 'max_features': None, 'min_samples_leaf': 2, 'min_samples_split': 13, 'n_estimators': 100}",0.55,0.48888888888888893,0.6833333333333333,0.6333333333333333,0.3611111111111111,0.5433333333333333,0.1130606741948,215,0.9210526315789473,0.8694331983805668,0.895748987854251,0.8714574898785425,0.9092442645074224,0.893387314439946,0.020381889120687217
0.3482717514038086,0.005757004673030718,0.013361692428588867,0.0012017225331775296,3,,2,11,100,"{'max_depth': 3, 'max_features': None, 'min_samples_leaf': 2, 'min_samples_split': 11, 'n_estimators': 100}",0.5,0.48888888888888893,0.6833333333333333,0.6333333333333333,0.3611111111111111,0.5333333333333333,0.11423389477755445,216,0.9078947368421053,0.8822537112010795,0.9085695006747638,0.8842780026990553,0.8836032388663968,0.8933198380566802,0.012195131279441163
