mean_fit_time,std_fit_time,mean_score_time,std_score_time,param_max_depth,param_max_features,param_min_samples_leaf,param_min_samples_split,param_n_estimators,params,split0_test_score,split1_test_score,split2_test_score,split3_test_score,split4_test_score,mean_test_score,std_test_score,rank_test_score,split0_train_score,split1_train_score,split2_train_score,split3_train_score,split4_train_score,mean_train_score,std_train_score
0.4130955696105957,0.01403927142674389,0.018151569366455077,0.0011629002649493098,20,log2,3,10,143,"{'max_depth': 20, 'max_features': 'log2', 'min_samples_leaf': 3, 'min_samples_split': 10, 'n_estimators': 143}",0.6000000000000001,0.6888888888888889,0.788888888888889,0.6277777777777778,0.5777777777777777,0.6566666666666666,0.07588164923983946,1,1.0,1.0,1.0,0.9740215924426451,0.986842105263158,0.9921727395411606,0.010408437170577507
0.4114991664886475,0.010044928105357039,0.017353582382202148,0.0007974863105826842,25,log2,3,10,143,"{'max_depth': 25, 'max_features': 'log2', 'min_samples_leaf': 3, 'min_samples_split': 10, 'n_estimators': 143}",0.6000000000000001,0.6888888888888889,0.788888888888889,0.6277777777777778,0.5777777777777777,0.6566666666666666,0.07588164923983946,1,1.0,1.0,1.0,0.9740215924426451,0.986842105263158,0.9921727395411606,0.010408437170577507
0.41070261001586916,0.01487847247957985,0.018152570724487303,0.002033485736704777,,log2,3,10,143,"{'max_depth': None, 'max_features': 'log2', 'min_samples_leaf': 3, 'min_samples_split': 10, 'n_estimators': 143}",0.6000000000000001,0.6888888888888889,0.788888888888889,0.6277777777777778,0.5777777777777777,0.6566666666666666,0.07588164923983946,1,1.0,1.0,1.0,0.9740215924426451,0.986842105263158,0.9921727395411606,0.010408437170577507
0.41907968521118166,0.005997294550154179,0.017962646484375,0.0015394735572543034,15,log2,3,10,143,"{'max_depth': 15, 'max_features': 'log2', 'min_samples_leaf': 3, 'min_samples_split': 10, 'n_estimators': 143}",0.6000000000000001,0.6888888888888889,0.788888888888889,0.6277777777777778,0.5777777777777777,0.6566666666666666,0.07588164923983946,1,1.0,1.0,1.0,0.9740215924426451,0.986842105263158,0.9921727395411606,0.010408437170577507
0.41608591079711915,0.008210427805868645,0.01775383949279785,0.00039971299642756105,20,sqrt,3,6,143,"{'max_depth': 20, 'max_features': 'sqrt', 'min_samples_leaf': 3, 'min_samples_split': 6, 'n_estimators': 143}",0.55,0.5333333333333333,0.85,0.6833333333333333,0.6277777777777778,0.648888888888889,0.11420146806692974,5,1.0,1.0,1.0,0.986842105263158,1.0,0.9973684210526315,0.005263157894736814
0.4254630088806152,0.007480347883134838,0.018151330947875976,0.001465129563641273,,sqrt,3,6,143,"{'max_depth': None, 'max_features': 'sqrt', 'min_samples_leaf': 3, 'min_samples_split': 6, 'n_estimators': 143}",0.55,0.5333333333333333,0.85,0.6833333333333333,0.6277777777777778,0.648888888888889,0.11420146806692974,5,1.0,1.0,1.0,0.986842105263158,1.0,0.9973684210526315,0.005263157894736814
0.44899954795837405,0.021207562030218192,0.018749809265136717,0.0017159391349096335,15,sqrt,3,6,143,"{'max_depth': 15, 'max_features': 'sqrt', 'min_samples_leaf': 3, 'min_samples_split': 6, 'n_estimators': 143}",0.55,0.5333333333333333,0.85,0.6833333333333333,0.6277777777777778,0.648888888888889,0.11420146806692974,5,1.0,1.0,1.0,0.986842105263158,1.0,0.9973684210526315,0.005263157894736814
0.4120980739593506,0.008209548195533767,0.018151283264160156,0.0014651035038796766,25,sqrt,3,6,143,"{'max_depth': 25, 'max_features': 'sqrt', 'min_samples_leaf': 3, 'min_samples_split': 6, 'n_estimators': 143}",0.55,0.5333333333333333,0.85,0.6833333333333333,0.6277777777777778,0.648888888888889,0.11420146806692974,5,1.0,1.0,1.0,0.986842105263158,1.0,0.9973684210526315,0.005263157894736814
0.42685894966125487,0.010834276971818902,0.017552995681762697,0.0004884417044859074,20,sqrt,2,8,143,"{'max_depth': 20, 'max_features': 'sqrt', 'min_samples_leaf': 2, 'min_samples_split': 8, 'n_estimators': 143}",0.55,0.6388888888888888,0.7944444444444444,0.6833333333333333,0.5722222222222222,0.6477777777777778,0.0873194786861711,9,1.0,1.0,1.0,0.986842105263158,1.0,0.9973684210526315,0.005263157894736814
0.4290524959564209,0.016823963390181017,0.016954994201660155,0.0006306759837484585,15,sqrt,2,8,143,"{'max_depth': 15, 'max_features': 'sqrt', 'min_samples_leaf': 2, 'min_samples_split': 8, 'n_estimators': 143}",0.55,0.6388888888888888,0.7944444444444444,0.6833333333333333,0.5722222222222222,0.6477777777777778,0.0873194786861711,9,1.0,1.0,1.0,0.986842105263158,1.0,0.9973684210526315,0.005263157894736814
0.4402216911315918,0.0080430231608393,0.017951583862304686,0.0014100315248685282,,sqrt,2,8,143,"{'max_depth': None, 'max_features': 'sqrt', 'min_samples_leaf': 2, 'min_samples_split': 8, 'n_estimators': 143}",0.55,0.6388888888888888,0.7944444444444444,0.6833333333333333,0.5722222222222222,0.6477777777777778,0.0873194786861711,9,1.0,1.0,1.0,0.986842105263158,1.0,0.9973684210526315,0.005263157894736814
0.4218727111816406,0.01115971689791438,0.018151617050170897,0.001933727961530944,25,sqrt,2,8,143,"{'max_depth': 25, 'max_features': 'sqrt', 'min_samples_leaf': 2, 'min_samples_split': 8, 'n_estimators': 143}",0.55,0.6388888888888888,0.7944444444444444,0.6833333333333333,0.5722222222222222,0.6477777777777778,0.0873194786861711,9,1.0,1.0,1.0,0.986842105263158,1.0,0.9973684210526315,0.005263157894736814
0.40950465202331543,0.008382519793611485,0.016955995559692384,0.0006318824581684339,25,log2,4,10,143,"{'max_depth': 25, 'max_features': 'log2', 'min_samples_leaf': 4, 'min_samples_split': 10, 'n_estimators': 143}",0.6000000000000001,0.6888888888888889,0.788888888888889,0.6277777777777778,0.5222222222222221,0.6455555555555555,0.08947032061865513,13,1.0,1.0,0.9871794871794872,0.9740215924426451,0.986842105263158,0.989608636977058,0.009720815549427497
0.40970478057861326,0.013983217694310214,0.018151140213012694,0.0014657394907143203,,log2,4,10,143,"{'max_depth': None, 'max_features': 'log2', 'min_samples_leaf': 4, 'min_samples_split': 10, 'n_estimators': 143}",0.6000000000000001,0.6888888888888889,0.788888888888889,0.6277777777777778,0.5222222222222221,0.6455555555555555,0.08947032061865513,13,1.0,1.0,0.9871794871794872,0.9740215924426451,0.986842105263158,0.989608636977058,0.009720815549427497
0.40950541496276854,0.009175090191397917,0.017154169082641602,0.00039889830638367675,15,log2,4,10,143,"{'max_depth': 15, 'max_features': 'log2', 'min_samples_leaf': 4, 'min_samples_split': 10, 'n_estimators': 143}",0.6000000000000001,0.6888888888888889,0.788888888888889,0.6277777777777778,0.5222222222222221,0.6455555555555555,0.08947032061865513,13,1.0,1.0,0.9871794871794872,0.9740215924426451,0.986842105263158,0.989608636977058,0.009720815549427497
0.4214738368988037,0.011241372065397688,0.01755247116088867,0.0004883062926218473,20,log2,4,10,143,"{'max_depth': 20, 'max_features': 'log2', 'min_samples_leaf': 4, 'min_samples_split': 10, 'n_estimators': 143}",0.6000000000000001,0.6888888888888889,0.788888888888889,0.6277777777777778,0.5222222222222221,0.6455555555555555,0.08947032061865513,13,1.0,1.0,0.9871794871794872,0.9740215924426451,0.986842105263158,0.989608636977058,0.009720815549427497
0.42346582412719724,0.014526967795655665,0.017553329467773438,0.0010171677409973867,25,sqrt,3,8,143,"{'max_depth': 25, 'max_features': 'sqrt', 'min_samples_leaf': 3, 'min_samples_split': 8, 'n_estimators': 143}",0.55,0.5333333333333333,0.7944444444444444,0.6833333333333333,0.6277777777777778,0.6377777777777778,0.09521904571390465,17,1.0,1.0,1.0,0.986842105263158,0.986842105263158,0.9947368421052631,0.006446025638903066
0.4332419872283936,0.009965249834108965,0.017554664611816408,0.0004896155395619241,,sqrt,3,8,143,"{'max_depth': None, 'max_features': 'sqrt', 'min_samples_leaf': 3, 'min_samples_split': 8, 'n_estimators': 143}",0.55,0.5333333333333333,0.7944444444444444,0.6833333333333333,0.6277777777777778,0.6377777777777778,0.09521904571390465,17,1.0,1.0,1.0,0.986842105263158,0.986842105263158,0.9947368421052631,0.006446025638903066
0.42107424736022947,0.008634809846527092,0.018350887298583984,0.001352845452222811,20,sqrt,3,8,143,"{'max_depth': 20, 'max_features': 'sqrt', 'min_samples_leaf': 3, 'min_samples_split': 8, 'n_estimators': 143}",0.55,0.5333333333333333,0.7944444444444444,0.6833333333333333,0.6277777777777778,0.6377777777777778,0.09521904571390465,17,1.0,1.0,1.0,0.986842105263158,0.986842105263158,0.9947368421052631,0.006446025638903066
0.43942599296569823,0.003918128941874923,0.018550968170166014,0.0011984851599905625,15,sqrt,3,8,143,"{'max_depth': 15, 'max_features': 'sqrt', 'min_samples_leaf': 3, 'min_samples_split': 8, 'n_estimators': 143}",0.55,0.5333333333333333,0.7944444444444444,0.6833333333333333,0.6277777777777778,0.6377777777777778,0.09521904571390465,17,1.0,1.0,1.0,0.986842105263158,0.986842105263158,0.9947368421052631,0.006446025638903066
0.41589813232421874,0.011967781262567747,0.018941164016723633,0.002280575687164291,25,log2,4,8,143,"{'max_depth': 25, 'max_features': 'log2', 'min_samples_leaf': 4, 'min_samples_split': 8, 'n_estimators': 143}",0.6,0.6388888888888888,0.788888888888889,0.6277777777777778,0.5222222222222221,0.6355555555555555,0.08682322042482807,21,1.0,1.0,0.9871794871794872,0.9740215924426451,0.986842105263158,0.989608636977058,0.009720815549427497
0.4079103469848633,0.013990948456909694,0.018750953674316406,0.0015947595120831065,25,log2,4,6,143,"{'max_depth': 25, 'max_features': 'log2', 'min_samples_leaf': 4, 'min_samples_split': 6, 'n_estimators': 143}",0.6,0.6388888888888888,0.788888888888889,0.6277777777777778,0.5222222222222221,0.6355555555555555,0.08682322042482807,21,1.0,1.0,0.9871794871794872,0.9740215924426451,0.986842105263158,0.989608636977058,0.009720815549427497
0.40691184997558594,0.007903558309601653,0.019149351119995116,0.0026309880697535397,15,log2,4,6,143,"{'max_depth': 15, 'max_features': 'log2', 'min_samples_leaf': 4, 'min_samples_split': 6, 'n_estimators': 143}",0.6,0.6388888888888888,0.788888888888889,0.6277777777777778,0.5222222222222221,0.6355555555555555,0.08682322042482807,21,1.0,1.0,0.9871794871794872,0.9740215924426451,0.986842105263158,0.989608636977058,0.009720815549427497
0.40731134414672854,0.005447879704844509,0.017752790451049806,0.00039918435158881684,20,log2,4,8,143,"{'max_depth': 20, 'max_features': 'log2', 'min_samples_leaf': 4, 'min_samples_split': 8, 'n_estimators': 143}",0.6,0.6388888888888888,0.788888888888889,0.6277777777777778,0.5222222222222221,0.6355555555555555,0.08682322042482807,21,1.0,1.0,0.9871794871794872,0.9740215924426451,0.986842105263158,0.989608636977058,0.009720815549427497
0.40412125587463377,0.008883119842681204,0.017152738571166993,0.0014660839127833072,15,log2,4,8,143,"{'max_depth': 15, 'max_features': 'log2', 'min_samples_leaf': 4, 'min_samples_split': 8, 'n_estimators': 143}",0.6,0.6388888888888888,0.788888888888889,0.6277777777777778,0.5222222222222221,0.6355555555555555,0.08682322042482807,21,1.0,1.0,0.9871794871794872,0.9740215924426451,0.986842105263158,0.989608636977058,0.009720815549427497
0.41409101486206057,0.0074196024703923275,0.018151569366455077,0.000977320807402814,,log2,4,8,143,"{'max_depth': None, 'max_features': 'log2', 'min_samples_leaf': 4, 'min_samples_split': 8, 'n_estimators': 143}",0.6,0.6388888888888888,0.788888888888889,0.6277777777777778,0.5222222222222221,0.6355555555555555,0.08682322042482807,21,1.0,1.0,0.9871794871794872,0.9740215924426451,0.986842105263158,0.989608636977058,0.009720815549427497
0.4136936187744141,0.00957431304710448,0.018350887298583984,0.00279304982198397,,log2,4,6,143,"{'max_depth': None, 'max_features': 'log2', 'min_samples_leaf': 4, 'min_samples_split': 6, 'n_estimators': 143}",0.6,0.6388888888888888,0.788888888888889,0.6277777777777778,0.5222222222222221,0.6355555555555555,0.08682322042482807,21,1.0,1.0,0.9871794871794872,0.9740215924426451,0.986842105263158,0.989608636977058,0.009720815549427497
0.4132977485656738,0.01115271591169212,0.018149375915527344,0.0011636128411403079,20,log2,4,6,143,"{'max_depth': 20, 'max_features': 'log2', 'min_samples_leaf': 4, 'min_samples_split': 6, 'n_estimators': 143}",0.6,0.6388888888888888,0.788888888888889,0.6277777777777778,0.5222222222222221,0.6355555555555555,0.08682322042482807,21,1.0,1.0,0.9871794871794872,0.9740215924426451,0.986842105263158,0.989608636977058,0.009720815549427497
0.9853668212890625,0.020556260673622814,0.03829770088195801,0.003710406687208594,,log2,3,8,343,"{'max_depth': None, 'max_features': 'log2', 'min_samples_leaf': 3, 'min_samples_split': 8, 'n_estimators': 343}",0.65,0.6888888888888889,0.7388888888888889,0.5722222222222222,0.5222222222222221,0.6344444444444445,0.07820517491007903,29,1.0,1.0,0.9871794871794872,0.986842105263158,0.986842105263158,0.9921727395411606,0.006392118668172731
0.9825724601745606,0.031189888729252695,0.03611688613891602,0.0009659517995660552,15,log2,3,8,343,"{'max_depth': 15, 'max_features': 'log2', 'min_samples_leaf': 3, 'min_samples_split': 8, 'n_estimators': 343}",0.65,0.6888888888888889,0.7388888888888889,0.5722222222222222,0.5222222222222221,0.6344444444444445,0.07820517491007903,29,1.0,1.0,0.9871794871794872,0.986842105263158,0.986842105263158,0.9921727395411606,0.006392118668172731
0.9843687057495117,0.0326914810500377,0.0353057861328125,0.0007977247861657337,20,log2,3,8,343,"{'max_depth': 20, 'max_features': 'log2', 'min_samples_leaf': 3, 'min_samples_split': 8, 'n_estimators': 343}",0.65,0.6888888888888889,0.7388888888888889,0.5722222222222222,0.5222222222222221,0.6344444444444445,0.07820517491007903,29,1.0,1.0,0.9871794871794872,0.986842105263158,0.986842105263158,0.9921727395411606,0.006392118668172731
0.983173131942749,0.03570230204336323,0.03450665473937988,0.0007977982800276428,25,log2,3,8,343,"{'max_depth': 25, 'max_features': 'log2', 'min_samples_leaf': 3, 'min_samples_split': 8, 'n_estimators': 343}",0.65,0.6888888888888889,0.7388888888888889,0.5722222222222222,0.5222222222222221,0.6344444444444445,0.07820517491007903,29,1.0,1.0,0.9871794871794872,0.986842105263158,0.986842105263158,0.9921727395411606,0.006392118668172731
0.4192790508270264,0.018633409065491553,0.01715431213378906,0.0007462637202336617,20,log2,3,8,143,"{'max_depth': 20, 'max_features': 'log2', 'min_samples_leaf': 3, 'min_samples_split': 8, 'n_estimators': 143}",0.6,0.6888888888888889,0.7833333333333333,0.5722222222222222,0.5222222222222221,0.6333333333333332,0.0924962461700774,33,1.0,1.0,1.0,0.986842105263158,0.986842105263158,0.9947368421052631,0.006446025638903066
0.4204753875732422,0.01341895993249236,0.018351316452026367,0.001352964916640255,,log2,3,6,143,"{'max_depth': None, 'max_features': 'log2', 'min_samples_leaf': 3, 'min_samples_split': 6, 'n_estimators': 143}",0.55,0.6888888888888889,0.7833333333333333,0.5722222222222222,0.5722222222222222,0.6333333333333332,0.08944271909999157,33,1.0,1.0,0.9871794871794872,0.986842105263158,0.986842105263158,0.9921727395411606,0.006392118668172731
0.41030325889587405,0.011152291183306169,0.01775355339050293,0.0003988536155577082,25,log2,3,6,143,"{'max_depth': 25, 'max_features': 'log2', 'min_samples_leaf': 3, 'min_samples_split': 6, 'n_estimators': 143}",0.55,0.6888888888888889,0.7833333333333333,0.5722222222222222,0.5722222222222222,0.6333333333333332,0.08944271909999157,33,1.0,1.0,0.9871794871794872,0.986842105263158,0.986842105263158,0.9921727395411606,0.006392118668172731
0.4114996910095215,0.0076116271311409646,0.01954808235168457,0.00386768705860768,25,log2,3,8,143,"{'max_depth': 25, 'max_features': 'log2', 'min_samples_leaf': 3, 'min_samples_split': 8, 'n_estimators': 143}",0.6,0.6888888888888889,0.7833333333333333,0.5722222222222222,0.5222222222222221,0.6333333333333332,0.0924962461700774,33,1.0,1.0,1.0,0.986842105263158,0.986842105263158,0.9947368421052631,0.006446025638903066
0.4220722198486328,0.013534591867181757,0.01795191764831543,0.001545325983171474,15,log2,3,6,143,"{'max_depth': 15, 'max_features': 'log2', 'min_samples_leaf': 3, 'min_samples_split': 6, 'n_estimators': 143}",0.55,0.6888888888888889,0.7833333333333333,0.5722222222222222,0.5722222222222222,0.6333333333333332,0.08944271909999157,33,1.0,1.0,0.9871794871794872,0.986842105263158,0.986842105263158,0.9921727395411606,0.006392118668172731
0.41110076904296877,0.013146540084992532,0.01835150718688965,0.0010180281853941152,20,log2,3,6,143,"{'max_depth': 20, 'max_features': 'log2', 'min_samples_leaf': 3, 'min_samples_split': 6, 'n_estimators': 143}",0.55,0.6888888888888889,0.7833333333333333,0.5722222222222222,0.5722222222222222,0.6333333333333332,0.08944271909999157,33,1.0,1.0,0.9871794871794872,0.986842105263158,0.986842105263158,0.9921727395411606,0.006392118668172731
0.4140927314758301,0.006657635752962887,0.017952442169189453,0.0015452643877113246,15,log2,3,8,143,"{'max_depth': 15, 'max_features': 'log2', 'min_samples_leaf': 3, 'min_samples_split': 8, 'n_estimators': 143}",0.6,0.6888888888888889,0.7833333333333333,0.5722222222222222,0.5222222222222221,0.6333333333333332,0.0924962461700774,33,1.0,1.0,1.0,0.986842105263158,0.986842105263158,0.9947368421052631,0.006446025638903066
0.4142921447753906,0.006664195530733829,0.018749809265136717,0.0014655382712805585,,log2,3,8,143,"{'max_depth': None, 'max_features': 'log2', 'min_samples_leaf': 3, 'min_samples_split': 8, 'n_estimators': 143}",0.6,0.6888888888888889,0.7833333333333333,0.5722222222222222,0.5222222222222221,0.6333333333333332,0.0924962461700774,33,1.0,1.0,1.0,0.986842105263158,0.986842105263158,0.9947368421052631,0.006446025638903066
0.40991787910461425,0.013035735132623575,0.017140769958496095,0.0011774265125203318,20,sqrt,4,6,143,"{'max_depth': 20, 'max_features': 'sqrt', 'min_samples_leaf': 4, 'min_samples_split': 6, 'n_estimators': 143}",0.55,0.5333333333333333,0.7944444444444444,0.6277777777777778,0.6277777777777778,0.6266666666666667,0.09245619583428763,41,1.0,1.0,1.0,0.986842105263158,0.986842105263158,0.9947368421052631,0.006446025638903066
0.4156867504119873,0.01751008028668696,0.01655712127685547,0.0004897119611240117,20,sqrt,4,8,143,"{'max_depth': 20, 'max_features': 'sqrt', 'min_samples_leaf': 4, 'min_samples_split': 8, 'n_estimators': 143}",0.55,0.5333333333333333,0.7944444444444444,0.6277777777777778,0.6277777777777778,0.6266666666666667,0.09245619583428763,41,1.0,1.0,1.0,0.986842105263158,0.986842105263158,0.9947368421052631,0.006446025638903066
0.42187252044677737,0.013094981878081838,0.017553186416625975,0.0010168310131214576,,sqrt,4,8,143,"{'max_depth': None, 'max_features': 'sqrt', 'min_samples_leaf': 4, 'min_samples_split': 8, 'n_estimators': 143}",0.55,0.5333333333333333,0.7944444444444444,0.6277777777777778,0.6277777777777778,0.6266666666666667,0.09245619583428763,41,1.0,1.0,1.0,0.986842105263158,0.986842105263158,0.9947368421052631,0.006446025638903066
0.41768388748168944,0.011874343784290455,0.01835017204284668,0.001016307762808822,25,sqrt,4,8,143,"{'max_depth': 25, 'max_features': 'sqrt', 'min_samples_leaf': 4, 'min_samples_split': 8, 'n_estimators': 143}",0.55,0.5333333333333333,0.7944444444444444,0.6277777777777778,0.6277777777777778,0.6266666666666667,0.09245619583428763,41,1.0,1.0,1.0,0.986842105263158,0.986842105263158,0.9947368421052631,0.006446025638903066
0.45977158546447755,0.04791753877040548,0.02254061698913574,0.00941280635817144,15,sqrt,4,8,143,"{'max_depth': 15, 'max_features': 'sqrt', 'min_samples_leaf': 4, 'min_samples_split': 8, 'n_estimators': 143}",0.55,0.5333333333333333,0.7944444444444444,0.6277777777777778,0.6277777777777778,0.6266666666666667,0.09245619583428763,41,1.0,1.0,1.0,0.986842105263158,0.986842105263158,0.9947368421052631,0.006446025638903066
0.42147274017333985,0.009946233065093518,0.017954206466674803,0.0015505897550462916,15,sqrt,4,6,143,"{'max_depth': 15, 'max_features': 'sqrt', 'min_samples_leaf': 4, 'min_samples_split': 6, 'n_estimators': 143}",0.55,0.5333333333333333,0.7944444444444444,0.6277777777777778,0.6277777777777778,0.6266666666666667,0.09245619583428763,41,1.0,1.0,1.0,0.986842105263158,0.986842105263158,0.9947368421052631,0.006446025638903066
0.4113004684448242,0.009537113702728188,0.01735405921936035,0.0007977253134668379,25,sqrt,4,6,143,"{'max_depth': 25, 'max_features': 'sqrt', 'min_samples_leaf': 4, 'min_samples_split': 6, 'n_estimators': 143}",0.55,0.5333333333333333,0.7944444444444444,0.6277777777777778,0.6277777777777778,0.6266666666666667,0.09245619583428763,41,1.0,1.0,1.0,0.986842105263158,0.986842105263158,0.9947368421052631,0.006446025638903066
0.42386813163757325,0.008050185407739783,0.017751264572143554,0.00039830985610274714,,sqrt,4,6,143,"{'max_depth': None, 'max_features': 'sqrt', 'min_samples_leaf': 4, 'min_samples_split': 6, 'n_estimators': 143}",0.55,0.5333333333333333,0.7944444444444444,0.6277777777777778,0.6277777777777778,0.6266666666666667,0.09245619583428763,41,1.0,1.0,1.0,0.986842105263158,0.986842105263158,0.9947368421052631,0.006446025638903066
0.4240671157836914,0.010002105456966136,0.017352485656738283,0.0004886969923586877,,sqrt,3,10,143,"{'max_depth': None, 'max_features': 'sqrt', 'min_samples_leaf': 3, 'min_samples_split': 10, 'n_estimators': 143}",0.55,0.5333333333333333,0.7944444444444444,0.6833333333333333,0.5722222222222222,0.6266666666666666,0.09890761370785726,49,1.0,0.9871794871794872,1.0,0.986842105263158,0.986842105263158,0.9921727395411606,0.006392118668172731
1.597730779647827,0.035682316737070036,0.05267148017883301,0.0022109362352899092,20,sqrt,2,6,543,"{'max_depth': 20, 'max_features': 'sqrt', 'min_samples_leaf': 2, 'min_samples_split': 6, 'n_estimators': 543}",0.55,0.5333333333333333,0.7944444444444444,0.6833333333333333,0.5722222222222222,0.6266666666666666,0.09890761370785726,49,1.0,1.0,1.0,0.986842105263158,1.0,0.9973684210526315,0.005263157894736814
0.4256621837615967,0.017070497289931184,0.017752552032470705,0.0007460091448501517,20,sqrt,3,10,143,"{'max_depth': 20, 'max_features': 'sqrt', 'min_samples_leaf': 3, 'min_samples_split': 10, 'n_estimators': 143}",0.55,0.5333333333333333,0.7944444444444444,0.6833333333333333,0.5722222222222222,0.6266666666666666,0.09890761370785726,49,1.0,0.9871794871794872,1.0,0.986842105263158,0.986842105263158,0.9921727395411606,0.006392118668172731
1.596533203125,0.04093881508126259,0.05245985984802246,0.001954398154694692,25,sqrt,2,6,543,"{'max_depth': 25, 'max_features': 'sqrt', 'min_samples_leaf': 2, 'min_samples_split': 6, 'n_estimators': 543}",0.55,0.5333333333333333,0.7944444444444444,0.6833333333333333,0.5722222222222222,0.6266666666666666,0.09890761370785726,49,1.0,1.0,1.0,0.986842105263158,1.0,0.9973684210526315,0.005263157894736814
0.43743081092834474,0.005835554163720847,0.019747400283813478,0.004108267049733878,15,sqrt,3,10,143,"{'max_depth': 15, 'max_features': 'sqrt', 'min_samples_leaf': 3, 'min_samples_split': 10, 'n_estimators': 143}",0.55,0.5333333333333333,0.7944444444444444,0.6833333333333333,0.5722222222222222,0.6266666666666666,0.09890761370785726,49,1.0,0.9871794871794872,1.0,0.986842105263158,0.986842105263158,0.9921727395411606,0.006392118668172731
1.586560106277466,0.03324780099998245,0.052061033248901364,0.001596367388315411,15,sqrt,2,6,543,"{'max_depth': 15, 'max_features': 'sqrt', 'min_samples_leaf': 2, 'min_samples_split': 6, 'n_estimators': 543}",0.55,0.5333333333333333,0.7944444444444444,0.6833333333333333,0.5722222222222222,0.6266666666666666,0.09890761370785726,49,1.0,1.0,1.0,0.986842105263158,1.0,0.9973684210526315,0.005263157894736814
1.5811745166778564,0.026929199256823872,0.05245981216430664,0.0017389482254192318,,sqrt,2,6,543,"{'max_depth': None, 'max_features': 'sqrt', 'min_samples_leaf': 2, 'min_samples_split': 6, 'n_estimators': 543}",0.55,0.5333333333333333,0.7944444444444444,0.6833333333333333,0.5722222222222222,0.6266666666666666,0.09890761370785726,49,1.0,1.0,1.0,0.986842105263158,1.0,0.9973684210526315,0.005263157894736814
0.41050286293029786,0.005733132397613183,0.016954612731933594,0.0006304494945025497,25,sqrt,3,10,143,"{'max_depth': 25, 'max_features': 'sqrt', 'min_samples_leaf': 3, 'min_samples_split': 10, 'n_estimators': 143}",0.55,0.5333333333333333,0.7944444444444444,0.6833333333333333,0.5722222222222222,0.6266666666666666,0.09890761370785726,49,1.0,0.9871794871794872,1.0,0.986842105263158,0.986842105263158,0.9921727395411606,0.006392118668172731
0.42965164184570315,0.012605733499533991,0.01775202751159668,0.001716160897280788,15,sqrt,2,10,143,"{'max_depth': 15, 'max_features': 'sqrt', 'min_samples_leaf': 2, 'min_samples_split': 10, 'n_estimators': 143}",0.6000000000000001,0.5888888888888889,0.7388888888888889,0.6277777777777778,0.5722222222222222,0.6255555555555556,0.05948337250810745,57,1.0,1.0,1.0,0.986842105263158,0.986842105263158,0.9947368421052631,0.006446025638903066
0.4224697589874268,0.011588604201691334,0.018151569366455077,0.0019338804419511417,,sqrt,2,10,143,"{'max_depth': None, 'max_features': 'sqrt', 'min_samples_leaf': 2, 'min_samples_split': 10, 'n_estimators': 143}",0.6000000000000001,0.5888888888888889,0.7388888888888889,0.6277777777777778,0.5722222222222222,0.6255555555555556,0.05948337250810745,57,1.0,1.0,1.0,0.986842105263158,0.986842105263158,0.9947368421052631,0.006446025638903066
0.4226702690124512,0.01313143703113397,0.01874990463256836,0.001163186436213646,25,sqrt,2,10,143,"{'max_depth': 25, 'max_features': 'sqrt', 'min_samples_leaf': 2, 'min_samples_split': 10, 'n_estimators': 143}",0.6000000000000001,0.5888888888888889,0.7388888888888889,0.6277777777777778,0.5722222222222222,0.6255555555555556,0.05948337250810745,57,1.0,1.0,1.0,0.986842105263158,0.986842105263158,0.9947368421052631,0.006446025638903066
0.42047457695007323,0.010882372181061719,0.016955089569091798,0.0006305254975992009,20,sqrt,2,10,143,"{'max_depth': 20, 'max_features': 'sqrt', 'min_samples_leaf': 2, 'min_samples_split': 10, 'n_estimators': 143}",0.6000000000000001,0.5888888888888889,0.7388888888888889,0.6277777777777778,0.5722222222222222,0.6255555555555556,0.05948337250810745,57,1.0,1.0,1.0,0.986842105263158,0.986842105263158,0.9947368421052631,0.006446025638903066
0.6111670017242432,0.022772286758538082,0.01635589599609375,0.0004890846371103791,20,,2,10,143,"{'max_depth': 20, 'max_features': None, 'min_samples_leaf': 2, 'min_samples_split': 10, 'n_estimators': 143}",0.6000000000000001,0.6333333333333333,0.6388888888888888,0.6833333333333333,0.5722222222222222,0.6255555555555554,0.037614024177357236,61,1.0,0.9871794871794872,1.0,1.0,1.0,0.9974358974358974,0.00512820512820511
0.6315117359161377,0.023663588944893066,0.01755352020263672,0.0007985595376368209,,,2,6,143,"{'max_depth': None, 'max_features': None, 'min_samples_leaf': 2, 'min_samples_split': 6, 'n_estimators': 143}",0.6000000000000001,0.6888888888888889,0.6388888888888888,0.6277777777777778,0.5722222222222222,0.6255555555555554,0.03922080576605064,61,1.0,1.0,1.0,1.0,1.0,1.0,0.0
0.6402870178222656,0.046784627034780396,0.01735372543334961,0.0004888502220213629,20,,2,6,143,"{'max_depth': 20, 'max_features': None, 'min_samples_leaf': 2, 'min_samples_split': 6, 'n_estimators': 143}",0.6000000000000001,0.6888888888888889,0.6388888888888888,0.6277777777777778,0.5722222222222222,0.6255555555555554,0.03922080576605064,61,1.0,1.0,1.0,1.0,1.0,1.0,0.0
0.6181456565856933,0.019567646435726435,0.017553377151489257,0.0010169058280695134,25,,2,6,143,"{'max_depth': 25, 'max_features': None, 'min_samples_leaf': 2, 'min_samples_split': 6, 'n_estimators': 143}",0.6000000000000001,0.6888888888888889,0.6388888888888888,0.6277777777777778,0.5722222222222222,0.6255555555555554,0.03922080576605064,61,1.0,1.0,1.0,1.0,1.0,1.0,0.0
0.6029880523681641,0.018696674001705396,0.01695570945739746,0.0006306760919055765,20,,2,8,143,"{'max_depth': 20, 'max_features': None, 'min_samples_leaf': 2, 'min_samples_split': 8, 'n_estimators': 143}",0.6000000000000001,0.6888888888888889,0.6388888888888888,0.6277777777777778,0.5722222222222222,0.6255555555555554,0.03922080576605064,61,1.0,1.0,1.0,1.0,1.0,1.0,0.0
0.6121643543243408,0.019445322820513852,0.01675448417663574,0.001162843084815781,25,,2,8,143,"{'max_depth': 25, 'max_features': None, 'min_samples_leaf': 2, 'min_samples_split': 8, 'n_estimators': 143}",0.6000000000000001,0.6888888888888889,0.6388888888888888,0.6277777777777778,0.5722222222222222,0.6255555555555554,0.03922080576605064,61,1.0,1.0,1.0,1.0,1.0,1.0,0.0
0.6049796104431152,0.017007416308370344,0.015758037567138672,0.0003991130432346206,25,,2,10,143,"{'max_depth': 25, 'max_features': None, 'min_samples_leaf': 2, 'min_samples_split': 10, 'n_estimators': 143}",0.6000000000000001,0.6333333333333333,0.6388888888888888,0.6833333333333333,0.5722222222222222,0.6255555555555554,0.037614024177357236,61,1.0,0.9871794871794872,1.0,1.0,1.0,0.9974358974358974,0.00512820512820511
0.6039853096008301,0.010528720662566647,0.016555929183959962,0.0004886360620900065,,,2,8,143,"{'max_depth': None, 'max_features': None, 'min_samples_leaf': 2, 'min_samples_split': 8, 'n_estimators': 143}",0.6000000000000001,0.6888888888888889,0.6388888888888888,0.6277777777777778,0.5722222222222222,0.6255555555555554,0.03922080576605064,61,1.0,1.0,1.0,1.0,1.0,1.0,0.0
0.6187453269958496,0.018938550563826085,0.017752647399902344,0.0011633581735889904,15,,2,6,143,"{'max_depth': 15, 'max_features': None, 'min_samples_leaf': 2, 'min_samples_split': 6, 'n_estimators': 143}",0.6000000000000001,0.6888888888888889,0.6388888888888888,0.6277777777777778,0.5722222222222222,0.6255555555555554,0.03922080576605064,61,1.0,1.0,1.0,1.0,1.0,1.0,0.0
0.6181467533111572,0.008953191950342259,0.01755356788635254,0.0013528945834369453,15,,2,10,143,"{'max_depth': 15, 'max_features': None, 'min_samples_leaf': 2, 'min_samples_split': 10, 'n_estimators': 143}",0.6000000000000001,0.6333333333333333,0.6388888888888888,0.6833333333333333,0.5722222222222222,0.6255555555555554,0.037614024177357236,61,1.0,0.9871794871794872,1.0,1.0,1.0,0.9974358974358974,0.00512820512820511
0.6117659091949463,0.017747385845014348,0.017154884338378907,0.0009790456645630686,15,,2,8,143,"{'max_depth': 15, 'max_features': None, 'min_samples_leaf': 2, 'min_samples_split': 8, 'n_estimators': 143}",0.6000000000000001,0.6888888888888889,0.6388888888888888,0.6277777777777778,0.5722222222222222,0.6255555555555554,0.03922080576605064,61,1.0,1.0,1.0,1.0,1.0,1.0,0.0
0.6081745624542236,0.01964905523281773,0.01815142631530762,0.0023936709345237237,,,2,10,143,"{'max_depth': None, 'max_features': None, 'min_samples_leaf': 2, 'min_samples_split': 10, 'n_estimators': 143}",0.6000000000000001,0.6333333333333333,0.6388888888888888,0.6833333333333333,0.5722222222222222,0.6255555555555554,0.037614024177357236,61,1.0,0.9871794871794872,1.0,1.0,1.0,0.9974358974358974,0.00512820512820511
1.587358283996582,0.04613486496856795,0.05604996681213379,0.005620404278402893,25,sqrt,2,10,543,"{'max_depth': 25, 'max_features': 'sqrt', 'min_samples_leaf': 2, 'min_samples_split': 10, 'n_estimators': 543}",0.55,0.5888888888888889,0.7388888888888889,0.6833333333333333,0.5222222222222221,0.6166666666666666,0.08187614856418021,73,1.0,1.0,1.0,0.986842105263158,0.986842105263158,0.9947368421052631,0.006446025638903066
1.7024511337280273,0.05428670659143965,0.05724830627441406,0.0064507219144107845,15,sqrt,2,10,543,"{'max_depth': 15, 'max_features': 'sqrt', 'min_samples_leaf': 2, 'min_samples_split': 10, 'n_estimators': 543}",0.55,0.5888888888888889,0.7388888888888889,0.6833333333333333,0.5222222222222221,0.6166666666666666,0.08187614856418021,73,1.0,1.0,1.0,0.986842105263158,0.986842105263158,0.9947368421052631,0.006446025638903066
1.5895519256591797,0.0271994680663097,0.05285863876342774,0.0016683829596119,,sqrt,2,10,543,"{'max_depth': None, 'max_features': 'sqrt', 'min_samples_leaf': 2, 'min_samples_split': 10, 'n_estimators': 543}",0.55,0.5888888888888889,0.7388888888888889,0.6833333333333333,0.5222222222222221,0.6166666666666666,0.08187614856418021,73,1.0,1.0,1.0,0.986842105263158,0.986842105263158,0.9947368421052631,0.006446025638903066
1.5947382926940918,0.026783315784416478,0.053456783294677734,0.0029990065119129814,20,sqrt,2,10,543,"{'max_depth': 20, 'max_features': 'sqrt', 'min_samples_leaf': 2, 'min_samples_split': 10, 'n_estimators': 543}",0.55,0.5888888888888889,0.7388888888888889,0.6833333333333333,0.5222222222222221,0.6166666666666666,0.08187614856418021,73,1.0,1.0,1.0,0.986842105263158,0.986842105263158,0.9947368421052631,0.006446025638903066
0.6137592792510986,0.014773845730320985,0.017354249954223633,0.0018505837737341445,20,,3,6,143,"{'max_depth': 20, 'max_features': None, 'min_samples_leaf': 3, 'min_samples_split': 6, 'n_estimators': 143}",0.55,0.6888888888888889,0.6388888888888888,0.6277777777777778,0.5722222222222222,0.6155555555555555,0.049491238780711294,77,1.0,0.9871794871794872,0.9871794871794872,1.0,1.0,0.9948717948717949,0.006280742930213255
1.0146867752075195,0.02020909895155672,0.034906530380249025,0.0012617282458993546,25,sqrt,2,8,343,"{'max_depth': 25, 'max_features': 'sqrt', 'min_samples_leaf': 2, 'min_samples_split': 8, 'n_estimators': 343}",0.55,0.5833333333333333,0.7388888888888889,0.6833333333333333,0.5222222222222221,0.6155555555555555,0.08228226036254944,77,1.0,1.0,1.0,0.986842105263158,0.986842105263158,0.9947368421052631,0.006446025638903066
0.6077492237091064,0.006408915389849954,0.01655569076538086,0.0007974626914760553,15,,3,6,143,"{'max_depth': 15, 'max_features': None, 'min_samples_leaf': 3, 'min_samples_split': 6, 'n_estimators': 143}",0.55,0.6888888888888889,0.6388888888888888,0.6277777777777778,0.5722222222222222,0.6155555555555555,0.049491238780711294,77,1.0,0.9871794871794872,0.9871794871794872,1.0,1.0,0.9948717948717949,0.006280742930213255
1.0178802013397217,0.02803674230066659,0.03710055351257324,0.001162499555726751,15,sqrt,2,8,343,"{'max_depth': 15, 'max_features': 'sqrt', 'min_samples_leaf': 2, 'min_samples_split': 8, 'n_estimators': 343}",0.55,0.5833333333333333,0.7388888888888889,0.6833333333333333,0.5222222222222221,0.6155555555555555,0.08228226036254944,77,1.0,1.0,1.0,0.986842105263158,0.986842105263158,0.9947368421052631,0.006446025638903066
1.0055120468139649,0.015286298831209006,0.035306358337402345,0.0017382666762056154,20,sqrt,2,8,343,"{'max_depth': 20, 'max_features': 'sqrt', 'min_samples_leaf': 2, 'min_samples_split': 8, 'n_estimators': 343}",0.55,0.5833333333333333,0.7388888888888889,0.6833333333333333,0.5222222222222221,0.6155555555555555,0.08228226036254944,77,1.0,1.0,1.0,0.986842105263158,0.986842105263158,0.9947368421052631,0.006446025638903066
0.5884272575378418,0.016484611647494467,0.016755008697509767,0.0013228300954339213,25,,3,6,143,"{'max_depth': 25, 'max_features': None, 'min_samples_leaf': 3, 'min_samples_split': 6, 'n_estimators': 143}",0.55,0.6888888888888889,0.6388888888888888,0.6277777777777778,0.5722222222222222,0.6155555555555555,0.049491238780711294,77,1.0,0.9871794871794872,0.9871794871794872,1.0,1.0,0.9948717948717949,0.006280742930213255
1.0114965915679932,0.02394778524930065,0.036505842208862306,0.0019515539755289636,,sqrt,2,8,343,"{'max_depth': None, 'max_features': 'sqrt', 'min_samples_leaf': 2, 'min_samples_split': 8, 'n_estimators': 343}",0.55,0.5833333333333333,0.7388888888888889,0.6833333333333333,0.5222222222222221,0.6155555555555555,0.08228226036254944,77,1.0,1.0,1.0,0.986842105263158,0.986842105263158,0.9947368421052631,0.006446025638903066
0.5838547229766846,0.01354665703841206,0.016758823394775392,0.0009951343199699134,,,3,6,143,"{'max_depth': None, 'max_features': None, 'min_samples_leaf': 3, 'min_samples_split': 6, 'n_estimators': 143}",0.55,0.6888888888888889,0.6388888888888888,0.6277777777777778,0.5722222222222222,0.6155555555555555,0.049491238780711294,77,1.0,0.9871794871794872,0.9871794871794872,1.0,1.0,0.9948717948717949,0.006280742930213255
0.35385446548461913,0.008565910815710998,0.015558719635009766,0.0004885193078675993,15,log2,2,6,143,"{'max_depth': 15, 'max_features': 'log2', 'min_samples_leaf': 2, 'min_samples_split': 6, 'n_estimators': 143}",0.5,0.7388888888888889,0.7333333333333334,0.6277777777777778,0.4722222222222222,0.6144444444444445,0.11235965182406314,85,1.0,1.0,1.0,0.986842105263158,1.0,0.9973684210526315,0.005263157894736814
0.43463802337646484,0.012351272734605179,0.0169553279876709,0.0008915369450676141,20,sqrt,2,6,143,"{'max_depth': 20, 'max_features': 'sqrt', 'min_samples_leaf': 2, 'min_samples_split': 6, 'n_estimators': 143}",0.55,0.4777777777777778,0.7388888888888889,0.6833333333333333,0.6222222222222222,0.6144444444444445,0.09286921641763052,85,1.0,1.0,1.0,1.0,1.0,1.0,0.0
0.4128972053527832,0.01345303964244087,0.017552614212036133,0.0018518200185680882,20,log2,2,6,143,"{'max_depth': 20, 'max_features': 'log2', 'min_samples_leaf': 2, 'min_samples_split': 6, 'n_estimators': 143}",0.5,0.7388888888888889,0.7333333333333334,0.6277777777777778,0.4722222222222222,0.6144444444444445,0.11235965182406314,85,1.0,1.0,1.0,0.986842105263158,1.0,0.9973684210526315,0.005263157894736814
0.4282562732696533,0.01246601333792921,0.017154645919799805,0.0007457355760454878,,sqrt,2,6,143,"{'max_depth': None, 'max_features': 'sqrt', 'min_samples_leaf': 2, 'min_samples_split': 6, 'n_estimators': 143}",0.55,0.4777777777777778,0.7388888888888889,0.6833333333333333,0.6222222222222222,0.6144444444444445,0.09286921641763052,85,1.0,1.0,1.0,1.0,1.0,1.0,0.0
0.41289577484130857,0.014926917691104696,0.01695556640625,0.0006306764668501084,25,log2,2,6,143,"{'max_depth': 25, 'max_features': 'log2', 'min_samples_leaf': 2, 'min_samples_split': 6, 'n_estimators': 143}",0.5,0.7388888888888889,0.7333333333333334,0.6277777777777778,0.4722222222222222,0.6144444444444445,0.11235965182406314,85,1.0,1.0,1.0,0.986842105263158,1.0,0.9973684210526315,0.005263157894736814
0.42965097427368165,0.01836160081383603,0.017752695083618163,0.0009769022967891512,15,sqrt,2,6,143,"{'max_depth': 15, 'max_features': 'sqrt', 'min_samples_leaf': 2, 'min_samples_split': 6, 'n_estimators': 143}",0.55,0.4777777777777778,0.7388888888888889,0.6833333333333333,0.6222222222222222,0.6144444444444445,0.09286921641763052,85,1.0,1.0,1.0,1.0,1.0,1.0,0.0
0.43443951606750486,0.0076893713596370575,0.017752361297607423,0.0011634728106878654,25,sqrt,2,6,143,"{'max_depth': 25, 'max_features': 'sqrt', 'min_samples_leaf': 2, 'min_samples_split': 6, 'n_estimators': 143}",0.55,0.4777777777777778,0.7388888888888889,0.6833333333333333,0.6222222222222222,0.6144444444444445,0.09286921641763052,85,1.0,1.0,1.0,1.0,1.0,1.0,0.0
0.42366552352905273,0.005141995409339858,0.017353630065917967,0.0007975817350294556,,log2,2,6,143,"{'max_depth': None, 'max_features': 'log2', 'min_samples_leaf': 2, 'min_samples_split': 6, 'n_estimators': 143}",0.5,0.7388888888888889,0.7333333333333334,0.6277777777777778,0.4722222222222222,0.6144444444444445,0.11235965182406314,85,1.0,1.0,1.0,0.986842105263158,1.0,0.9973684210526315,0.005263157894736814
1.547664737701416,0.028471991155564473,0.05285844802856445,0.002889987151966539,15,log2,2,6,543,"{'max_depth': 15, 'max_features': 'log2', 'min_samples_leaf': 2, 'min_samples_split': 6, 'n_estimators': 543}",0.55,0.6888888888888889,0.6833333333333333,0.6277777777777778,0.5222222222222221,0.6144444444444443,0.06800508332488604,93,1.0,1.0,1.0,0.986842105263158,1.0,0.9973684210526315,0.005263157894736814
0.4204763412475586,0.011486391867727,0.018350934982299803,0.001620446299453325,15,log2,2,8,143,"{'max_depth': 15, 'max_features': 'log2', 'min_samples_leaf': 2, 'min_samples_split': 8, 'n_estimators': 143}",0.55,0.6388888888888888,0.788888888888889,0.5722222222222222,0.5222222222222221,0.6144444444444443,0.09536156018277929,93,1.0,1.0,1.0,0.986842105263158,0.986842105263158,0.9947368421052631,0.006446025638903066
0.4196781158447266,0.008680652756656929,0.017752838134765626,0.001595521040005947,15,log2,2,10,143,"{'max_depth': 15, 'max_features': 'log2', 'min_samples_leaf': 2, 'min_samples_split': 10, 'n_estimators': 143}",0.55,0.6888888888888889,0.788888888888889,0.5722222222222222,0.4722222222222222,0.6144444444444443,0.1114771747660801,93,1.0,1.0,0.9871794871794872,0.986842105263158,0.986842105263158,0.9921727395411606,0.006392118668172731
1.562424612045288,0.03755965881847706,0.0514625072479248,0.002239712916546415,,log2,2,6,543,"{'max_depth': None, 'max_features': 'log2', 'min_samples_leaf': 2, 'min_samples_split': 6, 'n_estimators': 543}",0.55,0.6888888888888889,0.6833333333333333,0.6277777777777778,0.5222222222222221,0.6144444444444443,0.06800508332488604,93,1.0,1.0,1.0,0.986842105263158,1.0,0.9973684210526315,0.005263157894736814
1.5747918128967284,0.03647041406013508,0.053258323669433595,0.002053442270168371,20,log2,2,6,543,"{'max_depth': 20, 'max_features': 'log2', 'min_samples_leaf': 2, 'min_samples_split': 6, 'n_estimators': 543}",0.55,0.6888888888888889,0.6833333333333333,0.6277777777777778,0.5222222222222221,0.6144444444444443,0.06800508332488604,93,1.0,1.0,1.0,0.986842105263158,1.0,0.9973684210526315,0.005263157894736814
0.4112998485565186,0.007919589368658485,0.017154359817504884,0.0014657329056190387,,log2,2,8,143,"{'max_depth': None, 'max_features': 'log2', 'min_samples_leaf': 2, 'min_samples_split': 8, 'n_estimators': 143}",0.55,0.6388888888888888,0.788888888888889,0.5722222222222222,0.5222222222222221,0.6144444444444443,0.09536156018277929,93,1.0,1.0,1.0,0.986842105263158,0.986842105263158,0.9947368421052631,0.006446025638903066
0.40691123008728025,0.009206262688617819,0.016755056381225587,0.0007464677505611128,,log2,2,10,143,"{'max_depth': None, 'max_features': 'log2', 'min_samples_leaf': 2, 'min_samples_split': 10, 'n_estimators': 143}",0.55,0.6888888888888889,0.788888888888889,0.5722222222222222,0.4722222222222222,0.6144444444444443,0.1114771747660801,93,1.0,1.0,0.9871794871794872,0.986842105263158,0.986842105263158,0.9921727395411606,0.006392118668172731
0.40691237449645995,0.006115715660730804,0.017553138732910156,0.001849591398534142,25,log2,2,8,143,"{'max_depth': 25, 'max_features': 'log2', 'min_samples_leaf': 2, 'min_samples_split': 8, 'n_estimators': 143}",0.55,0.6388888888888888,0.788888888888889,0.5722222222222222,0.5222222222222221,0.6144444444444443,0.09536156018277929,93,1.0,1.0,1.0,0.986842105263158,0.986842105263158,0.9947368421052631,0.006446025638903066
1.5632241249084473,0.04601921044615506,0.0564486026763916,0.006659690082334214,25,log2,2,6,543,"{'max_depth': 25, 'max_features': 'log2', 'min_samples_leaf': 2, 'min_samples_split': 6, 'n_estimators': 543}",0.55,0.6888888888888889,0.6833333333333333,0.6277777777777778,0.5222222222222221,0.6144444444444443,0.06800508332488604,93,1.0,1.0,1.0,0.986842105263158,1.0,0.9973684210526315,0.005263157894736814
0.4113004684448242,0.00891116701544728,0.017752647399902344,0.0011630719957067346,20,log2,2,10,143,"{'max_depth': 20, 'max_features': 'log2', 'min_samples_leaf': 2, 'min_samples_split': 10, 'n_estimators': 143}",0.55,0.6888888888888889,0.788888888888889,0.5722222222222222,0.4722222222222222,0.6144444444444443,0.1114771747660801,93,1.0,1.0,0.9871794871794872,0.986842105263158,0.986842105263158,0.9921727395411606,0.006392118668172731
0.4172845363616943,0.011152921445097622,0.017553329467773438,0.0013528594826916775,20,log2,2,8,143,"{'max_depth': 20, 'max_features': 'log2', 'min_samples_leaf': 2, 'min_samples_split': 8, 'n_estimators': 143}",0.55,0.6388888888888888,0.788888888888889,0.5722222222222222,0.5222222222222221,0.6144444444444443,0.09536156018277929,93,1.0,1.0,1.0,0.986842105263158,0.986842105263158,0.9947368421052631,0.006446025638903066
0.39793643951416013,0.006147668922472216,0.017154407501220704,0.0011637344283386376,25,log2,2,10,143,"{'max_depth': 25, 'max_features': 'log2', 'min_samples_leaf': 2, 'min_samples_split': 10, 'n_estimators': 143}",0.55,0.6888888888888889,0.788888888888889,0.5722222222222222,0.4722222222222222,0.6144444444444443,0.1114771747660801,93,1.0,1.0,0.9871794871794872,0.986842105263158,0.986842105263158,0.9921727395411606,0.006392118668172731
1.0035180568695068,0.029849847990598352,0.034108734130859374,0.001163055648377912,20,sqrt,2,10,343,"{'max_depth': 20, 'max_features': 'sqrt', 'min_samples_leaf': 2, 'min_samples_split': 10, 'n_estimators': 343}",0.5,0.5888888888888889,0.7388888888888889,0.6833333333333333,0.5222222222222221,0.6066666666666667,0.09185334526862396,105,1.0,1.0,1.0,0.986842105263158,0.986842105263158,0.9947368421052631,0.006446025638903066
1.007507848739624,0.015800128239729143,0.036701536178588866,0.0024745542247894678,25,sqrt,2,10,343,"{'max_depth': 25, 'max_features': 'sqrt', 'min_samples_leaf': 2, 'min_samples_split': 10, 'n_estimators': 343}",0.5,0.5888888888888889,0.7388888888888889,0.6833333333333333,0.5222222222222221,0.6066666666666667,0.09185334526862396,105,1.0,1.0,1.0,0.986842105263158,0.986842105263158,0.9947368421052631,0.006446025638903066
2.2555713653564453,0.0685176525822923,0.05565214157104492,0.008257669503402598,25,,3,8,543,"{'max_depth': 25, 'max_features': None, 'min_samples_leaf': 3, 'min_samples_split': 8, 'n_estimators': 543}",0.5,0.6388888888888888,0.6388888888888888,0.6833333333333333,0.5722222222222222,0.6066666666666667,0.064060156912887,105,1.0,0.9871794871794872,0.9871794871794872,0.986842105263158,1.0,0.9922402159244263,0.00633703475404796
2.2689364910125733,0.059653820386742974,0.051861572265625,0.0022742678621871133,20,,3,8,543,"{'max_depth': 20, 'max_features': None, 'min_samples_leaf': 3, 'min_samples_split': 8, 'n_estimators': 543}",0.5,0.6388888888888888,0.6388888888888888,0.6833333333333333,0.5722222222222222,0.6066666666666667,0.064060156912887,105,1.0,0.9871794871794872,0.9871794871794872,0.986842105263158,1.0,0.9922402159244263,0.00633703475404796
2.275917816162109,0.05299978226276489,0.050866127014160156,0.002602888135379695,20,,3,6,543,"{'max_depth': 20, 'max_features': None, 'min_samples_leaf': 3, 'min_samples_split': 6, 'n_estimators': 543}",0.5,0.6388888888888888,0.6388888888888888,0.6833333333333333,0.5722222222222222,0.6066666666666667,0.064060156912887,105,1.0,0.9871794871794872,0.9871794871794872,1.0,1.0,0.9948717948717949,0.006280742930213255
2.254974937438965,0.06348183952789091,0.05186119079589844,0.0015457888946510956,25,,3,6,543,"{'max_depth': 25, 'max_features': None, 'min_samples_leaf': 3, 'min_samples_split': 6, 'n_estimators': 543}",0.5,0.6388888888888888,0.6388888888888888,0.6833333333333333,0.5722222222222222,0.6066666666666667,0.064060156912887,105,1.0,0.9871794871794872,0.9871794871794872,1.0,1.0,0.9948717948717949,0.006280742930213255
2.260758304595947,0.049960475059833344,0.05106358528137207,0.0022207909768423586,15,,3,8,543,"{'max_depth': 15, 'max_features': None, 'min_samples_leaf': 3, 'min_samples_split': 8, 'n_estimators': 543}",0.5,0.6388888888888888,0.6388888888888888,0.6833333333333333,0.5722222222222222,0.6066666666666667,0.064060156912887,105,1.0,0.9871794871794872,0.9871794871794872,0.986842105263158,1.0,0.9922402159244263,0.00633703475404796
2.271729278564453,0.05564873306018501,0.0534574031829834,0.0031282805316992387,15,,3,6,543,"{'max_depth': 15, 'max_features': None, 'min_samples_leaf': 3, 'min_samples_split': 6, 'n_estimators': 543}",0.5,0.6388888888888888,0.6388888888888888,0.6833333333333333,0.5722222222222222,0.6066666666666667,0.064060156912887,105,1.0,0.9871794871794872,0.9871794871794872,1.0,1.0,0.9948717948717949,0.006280742930213255
1.0081058979034423,0.023814359454683902,0.0386965274810791,0.0037529196643395772,,sqrt,2,10,343,"{'max_depth': None, 'max_features': 'sqrt', 'min_samples_leaf': 2, 'min_samples_split': 10, 'n_estimators': 343}",0.5,0.5888888888888889,0.7388888888888889,0.6833333333333333,0.5222222222222221,0.6066666666666667,0.09185334526862396,105,1.0,1.0,1.0,0.986842105263158,0.986842105263158,0.9947368421052631,0.006446025638903066
1.0733301639556885,0.011375628601873954,0.03670248985290527,0.002631541066258501,15,sqrt,2,10,343,"{'max_depth': 15, 'max_features': 'sqrt', 'min_samples_leaf': 2, 'min_samples_split': 10, 'n_estimators': 343}",0.5,0.5888888888888889,0.7388888888888889,0.6833333333333333,0.5222222222222221,0.6066666666666667,0.09185334526862396,105,1.0,1.0,1.0,0.986842105263158,0.986842105263158,0.9947368421052631,0.006446025638903066
2.265945053100586,0.04790973063465536,0.05285868644714355,0.0036232968666659914,,,3,8,543,"{'max_depth': None, 'max_features': None, 'min_samples_leaf': 3, 'min_samples_split': 8, 'n_estimators': 543}",0.5,0.6388888888888888,0.6388888888888888,0.6833333333333333,0.5722222222222222,0.6066666666666667,0.064060156912887,105,1.0,0.9871794871794872,0.9871794871794872,0.986842105263158,1.0,0.9922402159244263,0.00633703475404796
2.2832977294921877,0.05862298046095485,0.051662254333496097,0.002705722404071928,,,3,6,543,"{'max_depth': None, 'max_features': None, 'min_samples_leaf': 3, 'min_samples_split': 6, 'n_estimators': 543}",0.5,0.6388888888888888,0.6388888888888888,0.6833333333333333,0.5722222222222222,0.6066666666666667,0.064060156912887,105,1.0,0.9871794871794872,0.9871794871794872,1.0,1.0,0.9948717948717949,0.006280742930213255
2.301847743988037,0.08508038171481422,0.05365662574768067,0.004942821704649603,,,2,10,543,"{'max_depth': None, 'max_features': None, 'min_samples_leaf': 2, 'min_samples_split': 10, 'n_estimators': 543}",0.55,0.5833333333333333,0.6388888888888888,0.6833333333333333,0.5722222222222222,0.6055555555555555,0.04868644955601477,117,1.0,0.9871794871794872,0.9871794871794872,1.0,1.0,0.9948717948717949,0.006280742930213255
2.3315682411193848,0.005619216316849041,0.05266098976135254,0.0034770487604450003,,,2,6,543,"{'max_depth': None, 'max_features': None, 'min_samples_leaf': 2, 'min_samples_split': 6, 'n_estimators': 543}",0.55,0.5833333333333333,0.6388888888888888,0.6833333333333333,0.5722222222222222,0.6055555555555555,0.04868644955601477,117,1.0,1.0,1.0,1.0,1.0,1.0,0.0
2.2585654735565184,0.05708785564073678,0.05026478767395019,0.002326869207296323,20,,2,10,543,"{'max_depth': 20, 'max_features': None, 'min_samples_leaf': 2, 'min_samples_split': 10, 'n_estimators': 543}",0.55,0.5833333333333333,0.6388888888888888,0.6833333333333333,0.5722222222222222,0.6055555555555555,0.04868644955601477,117,1.0,0.9871794871794872,0.9871794871794872,1.0,1.0,0.9948717948717949,0.006280742930213255
0.5870304584503174,0.02202899603425129,0.017353534698486328,0.001016840420354473,15,,3,10,143,"{'max_depth': 15, 'max_features': None, 'min_samples_leaf': 3, 'min_samples_split': 10, 'n_estimators': 143}",0.55,0.6388888888888888,0.6388888888888888,0.6277777777777778,0.5722222222222222,0.6055555555555555,0.03718489006818111,117,1.0,0.9871794871794872,0.9871794871794872,0.986842105263158,1.0,0.9922402159244263,0.00633703475404796
0.6027890205383301,0.02042555205069474,0.016954851150512696,0.0006307511628920234,20,,3,10,143,"{'max_depth': 20, 'max_features': None, 'min_samples_leaf': 3, 'min_samples_split': 10, 'n_estimators': 143}",0.55,0.6388888888888888,0.6388888888888888,0.6277777777777778,0.5722222222222222,0.6055555555555555,0.03718489006818111,117,1.0,0.9871794871794872,0.9871794871794872,0.986842105263158,1.0,0.9922402159244263,0.00633703475404796
1.4856295585632324,0.05994818549491297,0.03410859107971191,0.0011627940520393856,,,2,8,343,"{'max_depth': None, 'max_features': None, 'min_samples_leaf': 2, 'min_samples_split': 8, 'n_estimators': 343}",0.55,0.5833333333333333,0.6388888888888888,0.6833333333333333,0.5722222222222222,0.6055555555555555,0.04868644955601477,117,1.0,1.0,1.0,1.0,1.0,1.0,0.0
2.2950666904449464,0.06359916043129195,0.056848669052124025,0.007436527904385896,15,,2,10,543,"{'max_depth': 15, 'max_features': None, 'min_samples_leaf': 2, 'min_samples_split': 10, 'n_estimators': 543}",0.55,0.5833333333333333,0.6388888888888888,0.6833333333333333,0.5722222222222222,0.6055555555555555,0.04868644955601477,117,1.0,0.9871794871794872,0.9871794871794872,1.0,1.0,0.9948717948717949,0.006280742930213255
2.2805052280426024,0.05764943737270859,0.04986615180969238,0.0017832874046472603,15,,2,8,543,"{'max_depth': 15, 'max_features': None, 'min_samples_leaf': 2, 'min_samples_split': 8, 'n_estimators': 543}",0.55,0.5833333333333333,0.6388888888888888,0.6833333333333333,0.5722222222222222,0.6055555555555555,0.04868644955601477,117,1.0,0.9871794871794872,1.0,1.0,1.0,0.9974358974358974,0.00512820512820511
1.4870259284973144,0.0326786293967637,0.03590536117553711,0.003785411131194722,15,,2,8,343,"{'max_depth': 15, 'max_features': None, 'min_samples_leaf': 2, 'min_samples_split': 8, 'n_estimators': 343}",0.55,0.5833333333333333,0.6388888888888888,0.6833333333333333,0.5722222222222222,0.6055555555555555,0.04868644955601477,117,1.0,1.0,1.0,1.0,1.0,1.0,0.0
2.3106253147125244,0.04305165113155235,0.052858829498291016,0.006212115817360877,,,2,8,543,"{'max_depth': None, 'max_features': None, 'min_samples_leaf': 2, 'min_samples_split': 8, 'n_estimators': 543}",0.55,0.5833333333333333,0.6388888888888888,0.6833333333333333,0.5722222222222222,0.6055555555555555,0.04868644955601477,117,1.0,0.9871794871794872,1.0,1.0,1.0,0.9974358974358974,0.00512820512820511
2.3363584995269777,0.049800637329908,0.05445199012756348,0.009285356748329624,20,,2,8,543,"{'max_depth': 20, 'max_features': None, 'min_samples_leaf': 2, 'min_samples_split': 8, 'n_estimators': 543}",0.55,0.5833333333333333,0.6388888888888888,0.6833333333333333,0.5722222222222222,0.6055555555555555,0.04868644955601477,117,1.0,0.9871794871794872,1.0,1.0,1.0,0.9974358974358974,0.00512820512820511
0.5884283542633056,0.015138778506574345,0.01635403633117676,0.000488860431283498,,,3,10,143,"{'max_depth': None, 'max_features': None, 'min_samples_leaf': 3, 'min_samples_split': 10, 'n_estimators': 143}",0.55,0.6388888888888888,0.6388888888888888,0.6277777777777778,0.5722222222222222,0.6055555555555555,0.03718489006818111,117,1.0,0.9871794871794872,0.9871794871794872,0.986842105263158,1.0,0.9922402159244263,0.00633703475404796
1.6019195556640624,0.04169476766569279,0.05545196533203125,0.005374860098332337,15,sqrt,2,8,543,"{'max_depth': 15, 'max_features': 'sqrt', 'min_samples_leaf': 2, 'min_samples_split': 8, 'n_estimators': 543}",0.55,0.5333333333333333,0.7388888888888889,0.6833333333333333,0.5222222222222221,0.6055555555555555,0.08840144124851597,117,1.0,1.0,1.0,0.986842105263158,1.0,0.9973684210526315,0.005263157894736814
1.5819729804992675,0.03760019772242373,0.0546539306640625,0.005690731924168087,25,sqrt,2,8,543,"{'max_depth': 25, 'max_features': 'sqrt', 'min_samples_leaf': 2, 'min_samples_split': 8, 'n_estimators': 543}",0.55,0.5333333333333333,0.7388888888888889,0.6833333333333333,0.5222222222222221,0.6055555555555555,0.08840144124851597,117,1.0,1.0,1.0,0.986842105263158,1.0,0.9973684210526315,0.005263157894736814
0.5894246101379395,0.014562275889177231,0.01735367774963379,0.0010170648823819633,25,,3,10,143,"{'max_depth': 25, 'max_features': None, 'min_samples_leaf': 3, 'min_samples_split': 10, 'n_estimators': 143}",0.55,0.6388888888888888,0.6388888888888888,0.6277777777777778,0.5722222222222222,0.6055555555555555,0.03718489006818111,117,1.0,0.9871794871794872,0.9871794871794872,0.986842105263158,1.0,0.9922402159244263,0.00633703475404796
2.341342830657959,0.045277695426669595,0.05305867195129395,0.004058564224934934,25,,2,6,543,"{'max_depth': 25, 'max_features': None, 'min_samples_leaf': 2, 'min_samples_split': 6, 'n_estimators': 543}",0.55,0.5833333333333333,0.6388888888888888,0.6833333333333333,0.5722222222222222,0.6055555555555555,0.04868644955601477,117,1.0,1.0,1.0,1.0,1.0,1.0,0.0
1.4389551162719727,0.02812640083304386,0.03730001449584961,0.009784319434808342,25,,2,8,343,"{'max_depth': 25, 'max_features': None, 'min_samples_leaf': 2, 'min_samples_split': 8, 'n_estimators': 343}",0.55,0.5833333333333333,0.6388888888888888,0.6833333333333333,0.5722222222222222,0.6055555555555555,0.04868644955601477,117,1.0,1.0,1.0,1.0,1.0,1.0,0.0
2.316410684585571,0.04260065293044678,0.050265026092529294,0.002721732977118346,25,,2,8,543,"{'max_depth': 25, 'max_features': None, 'min_samples_leaf': 2, 'min_samples_split': 8, 'n_estimators': 543}",0.55,0.5833333333333333,0.6388888888888888,0.6833333333333333,0.5722222222222222,0.6055555555555555,0.04868644955601477,117,1.0,0.9871794871794872,1.0,1.0,1.0,0.9974358974358974,0.00512820512820511
2.3136180877685546,0.06495386418302264,0.05325703620910645,0.0035449592804374075,25,,2,10,543,"{'max_depth': 25, 'max_features': None, 'min_samples_leaf': 2, 'min_samples_split': 10, 'n_estimators': 543}",0.55,0.5833333333333333,0.6388888888888888,0.6833333333333333,0.5722222222222222,0.6055555555555555,0.04868644955601477,117,1.0,0.9871794871794872,0.9871794871794872,1.0,1.0,0.9948717948717949,0.006280742930213255
2.3030449867248537,0.04433591704833617,0.051862144470214845,0.00260089083933318,15,,2,6,543,"{'max_depth': 15, 'max_features': None, 'min_samples_leaf': 2, 'min_samples_split': 6, 'n_estimators': 543}",0.55,0.5833333333333333,0.6388888888888888,0.6833333333333333,0.5722222222222222,0.6055555555555555,0.04868644955601477,117,1.0,1.0,1.0,1.0,1.0,1.0,0.0
1.4640883922576904,0.04248725382077603,0.03470773696899414,0.002034285305352883,20,,2,8,343,"{'max_depth': 20, 'max_features': None, 'min_samples_leaf': 2, 'min_samples_split': 8, 'n_estimators': 343}",0.55,0.5833333333333333,0.6388888888888888,0.6833333333333333,0.5722222222222222,0.6055555555555555,0.04868644955601477,117,1.0,1.0,1.0,1.0,1.0,1.0,0.0
1.6158817768096925,0.04464145261657208,0.06023845672607422,0.004909404579807776,20,sqrt,2,8,543,"{'max_depth': 20, 'max_features': 'sqrt', 'min_samples_leaf': 2, 'min_samples_split': 8, 'n_estimators': 543}",0.55,0.5333333333333333,0.7388888888888889,0.6833333333333333,0.5222222222222221,0.6055555555555555,0.08840144124851597,117,1.0,1.0,1.0,0.986842105263158,1.0,0.9973684210526315,0.005263157894736814
1.5975303649902344,0.026861266036552277,0.05385522842407227,0.002092169420972402,,sqrt,2,8,543,"{'max_depth': None, 'max_features': 'sqrt', 'min_samples_leaf': 2, 'min_samples_split': 8, 'n_estimators': 543}",0.55,0.5333333333333333,0.7388888888888889,0.6833333333333333,0.5222222222222221,0.6055555555555555,0.08840144124851597,117,1.0,1.0,1.0,0.986842105263158,1.0,0.9973684210526315,0.005263157894736814
2.3443343162536623,0.05728076174375105,0.054256439208984375,0.008381260957868134,20,,2,6,543,"{'max_depth': 20, 'max_features': None, 'min_samples_leaf': 2, 'min_samples_split': 6, 'n_estimators': 543}",0.55,0.5833333333333333,0.6388888888888888,0.6833333333333333,0.5722222222222222,0.6055555555555555,0.04868644955601477,117,1.0,1.0,1.0,1.0,1.0,1.0,0.0
1.59573655128479,0.049017308649750395,0.05285797119140625,0.0012607118501656385,15,sqrt,3,6,543,"{'max_depth': 15, 'max_features': 'sqrt', 'min_samples_leaf': 3, 'min_samples_split': 6, 'n_estimators': 543}",0.55,0.5333333333333333,0.7388888888888889,0.6277777777777778,0.5722222222222222,0.6044444444444445,0.07440297352348094,141,1.0,1.0,1.0,0.986842105263158,1.0,0.9973684210526315,0.005263157894736814
1.5761879444122315,0.04277842373661964,0.054454469680786134,0.0029989145286112144,20,sqrt,3,6,543,"{'max_depth': 20, 'max_features': 'sqrt', 'min_samples_leaf': 3, 'min_samples_split': 6, 'n_estimators': 543}",0.55,0.5333333333333333,0.7388888888888889,0.6277777777777778,0.5722222222222222,0.6044444444444445,0.07440297352348094,141,1.0,1.0,1.0,0.986842105263158,1.0,0.9973684210526315,0.005263157894736814
1.5908405780792236,0.039338869144353986,0.05485358238220215,0.0036238218349249154,,sqrt,3,6,543,"{'max_depth': None, 'max_features': 'sqrt', 'min_samples_leaf': 3, 'min_samples_split': 6, 'n_estimators': 543}",0.55,0.5333333333333333,0.7388888888888889,0.6277777777777778,0.5722222222222222,0.6044444444444445,0.07440297352348094,141,1.0,1.0,1.0,0.986842105263158,1.0,0.9973684210526315,0.005263157894736814
1.5777840614318848,0.04253827137282948,0.05485315322875976,0.004324970046259472,25,sqrt,3,6,543,"{'max_depth': 25, 'max_features': 'sqrt', 'min_samples_leaf': 3, 'min_samples_split': 6, 'n_estimators': 543}",0.55,0.5333333333333333,0.7388888888888889,0.6277777777777778,0.5722222222222222,0.6044444444444445,0.07440297352348094,141,1.0,1.0,1.0,0.986842105263158,1.0,0.9973684210526315,0.005263157894736814
1.5329034805297852,0.043978491655040385,0.05525217056274414,0.005337386815102733,25,log2,3,8,543,"{'max_depth': 25, 'max_features': 'log2', 'min_samples_leaf': 3, 'min_samples_split': 8, 'n_estimators': 543}",0.6000000000000001,0.5833333333333333,0.7388888888888889,0.5722222222222222,0.5222222222222221,0.6033333333333333,0.07257180352359084,145,1.0,1.0,1.0,0.986842105263158,0.986842105263158,0.9947368421052631,0.006446025638903066
0.9963386058807373,0.043802770811355675,0.036501169204711914,0.0020532171000672383,20,log2,2,6,343,"{'max_depth': 20, 'max_features': 'log2', 'min_samples_leaf': 2, 'min_samples_split': 6, 'n_estimators': 343}",0.55,0.6888888888888889,0.6833333333333333,0.5722222222222222,0.5222222222222221,0.6033333333333333,0.06944222218666556,145,1.0,1.0,1.0,0.986842105263158,1.0,0.9973684210526315,0.005263157894736814
1.5307193279266358,0.038553070660557506,0.0520510196685791,0.001156489955039475,15,log2,3,8,543,"{'max_depth': 15, 'max_features': 'log2', 'min_samples_leaf': 3, 'min_samples_split': 8, 'n_estimators': 543}",0.6000000000000001,0.5833333333333333,0.7388888888888889,0.5722222222222222,0.5222222222222221,0.6033333333333333,0.07257180352359084,145,1.0,1.0,1.0,0.986842105263158,0.986842105263158,0.9947368421052631,0.006446025638903066
0.9807814598083496,0.027667447969497425,0.035106658935546875,0.0011634678722441648,25,log2,2,6,343,"{'max_depth': 25, 'max_features': 'log2', 'min_samples_leaf': 2, 'min_samples_split': 6, 'n_estimators': 343}",0.55,0.6888888888888889,0.6833333333333333,0.5722222222222222,0.5222222222222221,0.6033333333333333,0.06944222218666556,145,1.0,1.0,1.0,0.986842105263158,1.0,0.9973684210526315,0.005263157894736814
0.9897552967071533,0.02563455417203829,0.03610339164733887,0.0020342044275192812,,log2,2,6,343,"{'max_depth': None, 'max_features': 'log2', 'min_samples_leaf': 2, 'min_samples_split': 6, 'n_estimators': 343}",0.55,0.6888888888888889,0.6833333333333333,0.5722222222222222,0.5222222222222221,0.6033333333333333,0.06944222218666556,145,1.0,1.0,1.0,0.986842105263158,1.0,0.9973684210526315,0.005263157894736814
0.9402873516082764,0.03620450352346159,0.03769869804382324,0.004249728518748293,15,log2,2,6,343,"{'max_depth': 15, 'max_features': 'log2', 'min_samples_leaf': 2, 'min_samples_split': 6, 'n_estimators': 343}",0.55,0.6888888888888889,0.6833333333333333,0.5722222222222222,0.5222222222222221,0.6033333333333333,0.06944222218666556,145,1.0,1.0,1.0,0.986842105263158,1.0,0.9973684210526315,0.005263157894736814
1.5606310367584229,0.04288882345047096,0.054253149032592776,0.0037653440246480114,,log2,3,8,543,"{'max_depth': None, 'max_features': 'log2', 'min_samples_leaf': 3, 'min_samples_split': 8, 'n_estimators': 543}",0.6000000000000001,0.5833333333333333,0.7388888888888889,0.5722222222222222,0.5222222222222221,0.6033333333333333,0.07257180352359084,145,1.0,1.0,1.0,0.986842105263158,0.986842105263158,0.9947368421052631,0.006446025638903066
1.5570388793945313,0.052703792299057896,0.05485348701477051,0.003337506682213468,20,log2,3,8,543,"{'max_depth': 20, 'max_features': 'log2', 'min_samples_leaf': 3, 'min_samples_split': 8, 'n_estimators': 543}",0.6000000000000001,0.5833333333333333,0.7388888888888889,0.5722222222222222,0.5222222222222221,0.6033333333333333,0.07257180352359084,145,1.0,1.0,1.0,0.986842105263158,0.986842105263158,0.9947368421052631,0.006446025638903066
1.4720655918121337,0.047442578781210186,0.03450789451599121,0.002410068650722926,15,,2,6,343,"{'max_depth': 15, 'max_features': None, 'min_samples_leaf': 2, 'min_samples_split': 6, 'n_estimators': 343}",0.5,0.5833333333333333,0.6388888888888888,0.6833333333333333,0.5722222222222222,0.5955555555555556,0.062301536750560826,153,1.0,1.0,1.0,1.0,1.0,1.0,0.0
1.4640873908996581,0.021759673530142982,0.03650555610656738,0.004743818765596037,,,2,10,343,"{'max_depth': None, 'max_features': None, 'min_samples_leaf': 2, 'min_samples_split': 10, 'n_estimators': 343}",0.5,0.5833333333333333,0.6388888888888888,0.6833333333333333,0.5722222222222222,0.5955555555555556,0.062301536750560826,153,1.0,1.0,0.9871794871794872,1.0,1.0,0.9974358974358974,0.00512820512820511
1.466481351852417,0.03752830310009444,0.03570432662963867,0.002221240607391936,15,,2,10,343,"{'max_depth': 15, 'max_features': None, 'min_samples_leaf': 2, 'min_samples_split': 10, 'n_estimators': 343}",0.5,0.5833333333333333,0.6388888888888888,0.6833333333333333,0.5722222222222222,0.5955555555555556,0.062301536750560826,153,1.0,1.0,0.9871794871794872,1.0,1.0,0.9974358974358974,0.00512820512820511
2.2156792640686036,0.051917521834078384,0.051262521743774415,0.0022397343522051866,15,,3,10,543,"{'max_depth': 15, 'max_features': None, 'min_samples_leaf': 3, 'min_samples_split': 10, 'n_estimators': 543}",0.5,0.5833333333333333,0.6388888888888888,0.6833333333333333,0.5722222222222222,0.5955555555555556,0.062301536750560826,153,1.0,0.9871794871794872,0.9871794871794872,0.986842105263158,1.0,0.9922402159244263,0.00633703475404796
0.5810466289520264,0.008523427196769143,0.01815180778503418,0.0034198543290723487,,,3,8,143,"{'max_depth': None, 'max_features': None, 'min_samples_leaf': 3, 'min_samples_split': 8, 'n_estimators': 143}",0.5,0.6388888888888888,0.6388888888888888,0.6277777777777778,0.5722222222222222,0.5955555555555556,0.05379430416404534,153,1.0,0.9871794871794872,0.9871794871794872,0.986842105263158,1.0,0.9922402159244263,0.00633703475404796
2.2362236976623535,0.04371169040516111,0.05325751304626465,0.004660845809997687,20,,3,10,543,"{'max_depth': 20, 'max_features': None, 'min_samples_leaf': 3, 'min_samples_split': 10, 'n_estimators': 543}",0.5,0.5833333333333333,0.6388888888888888,0.6833333333333333,0.5722222222222222,0.5955555555555556,0.062301536750560826,153,1.0,0.9871794871794872,0.9871794871794872,0.986842105263158,1.0,0.9922402159244263,0.00633703475404796
1.4704699993133545,0.02003230493665442,0.034508800506591795,0.0017386473289016777,25,,2,6,343,"{'max_depth': 25, 'max_features': None, 'min_samples_leaf': 2, 'min_samples_split': 6, 'n_estimators': 343}",0.5,0.5833333333333333,0.6388888888888888,0.6833333333333333,0.5722222222222222,0.5955555555555556,0.062301536750560826,153,1.0,1.0,1.0,1.0,1.0,1.0,0.0
0.5999963283538818,0.019148776931784725,0.017553424835205077,0.0010167375621701375,25,,3,8,143,"{'max_depth': 25, 'max_features': None, 'min_samples_leaf': 3, 'min_samples_split': 8, 'n_estimators': 143}",0.5,0.6388888888888888,0.6388888888888888,0.6277777777777778,0.5722222222222222,0.5955555555555556,0.05379430416404534,153,1.0,0.9871794871794872,0.9871794871794872,0.986842105263158,1.0,0.9922402159244263,0.00633703475404796
0.5808474540710449,0.010084321144134743,0.016757917404174805,0.000747238857029973,20,,3,8,143,"{'max_depth': 20, 'max_features': None, 'min_samples_leaf': 3, 'min_samples_split': 8, 'n_estimators': 143}",0.5,0.6388888888888888,0.6388888888888888,0.6277777777777778,0.5722222222222222,0.5955555555555556,0.05379430416404534,153,1.0,0.9871794871794872,0.9871794871794872,0.986842105263158,1.0,0.9922402159244263,0.00633703475404796
0.5916187286376953,0.022278077634917466,0.01715431213378906,0.00039894587609056776,15,,3,8,143,"{'max_depth': 15, 'max_features': None, 'min_samples_leaf': 3, 'min_samples_split': 8, 'n_estimators': 143}",0.5,0.6388888888888888,0.6388888888888888,0.6277777777777778,0.5722222222222222,0.5955555555555556,0.05379430416404534,153,1.0,0.9871794871794872,0.9871794871794872,0.986842105263158,1.0,0.9922402159244263,0.00633703475404796
1.4488832473754882,0.03750026172983393,0.0331118106842041,0.00116274488813291,25,,2,10,343,"{'max_depth': 25, 'max_features': None, 'min_samples_leaf': 2, 'min_samples_split': 10, 'n_estimators': 343}",0.5,0.5833333333333333,0.6388888888888888,0.6833333333333333,0.5722222222222222,0.5955555555555556,0.062301536750560826,153,1.0,1.0,0.9871794871794872,1.0,1.0,0.9974358974358974,0.00512820512820511
1.4688740253448487,0.04082736263438684,0.0351069450378418,0.002778262476864347,,,2,6,343,"{'max_depth': None, 'max_features': None, 'min_samples_leaf': 2, 'min_samples_split': 6, 'n_estimators': 343}",0.5,0.5833333333333333,0.6388888888888888,0.6833333333333333,0.5722222222222222,0.5955555555555556,0.062301536750560826,153,1.0,1.0,1.0,1.0,1.0,1.0,0.0
1.4670796871185303,0.04493051984807759,0.033311080932617185,0.0007981896591843128,20,,2,10,343,"{'max_depth': 20, 'max_features': None, 'min_samples_leaf': 2, 'min_samples_split': 10, 'n_estimators': 343}",0.5,0.5833333333333333,0.6388888888888888,0.6833333333333333,0.5722222222222222,0.5955555555555556,0.062301536750560826,153,1.0,1.0,0.9871794871794872,1.0,1.0,0.9974358974358974,0.00512820512820511
1.5053752422332765,0.060819603455800154,0.03510651588439941,0.0029179800006629594,20,,2,6,343,"{'max_depth': 20, 'max_features': None, 'min_samples_leaf': 2, 'min_samples_split': 6, 'n_estimators': 343}",0.5,0.5833333333333333,0.6388888888888888,0.6833333333333333,0.5722222222222222,0.5955555555555556,0.062301536750560826,153,1.0,1.0,1.0,1.0,1.0,1.0,0.0
2.2436041831970215,0.06613071471967882,0.05046582221984863,0.0007978083177159558,25,,3,10,543,"{'max_depth': 25, 'max_features': None, 'min_samples_leaf': 3, 'min_samples_split': 10, 'n_estimators': 543}",0.5,0.5833333333333333,0.6388888888888888,0.6833333333333333,0.5722222222222222,0.5955555555555556,0.062301536750560826,153,1.0,0.9871794871794872,0.9871794871794872,0.986842105263158,1.0,0.9922402159244263,0.00633703475404796
2.2312353610992433,0.06629140782861125,0.050662994384765625,0.0029165198068321144,,,3,10,543,"{'max_depth': None, 'max_features': None, 'min_samples_leaf': 3, 'min_samples_split': 10, 'n_estimators': 543}",0.5,0.5833333333333333,0.6388888888888888,0.6833333333333333,0.5722222222222222,0.5955555555555556,0.062301536750560826,153,1.0,0.9871794871794872,0.9871794871794872,0.986842105263158,1.0,0.9922402159244263,0.00633703475404796
0.5886268615722656,0.01451350609881218,0.01655569076538086,0.0007973433449854088,,,4,6,143,"{'max_depth': None, 'max_features': None, 'min_samples_leaf': 4, 'min_samples_split': 6, 'n_estimators': 143}",0.5,0.6388888888888888,0.6888888888888889,0.6277777777777778,0.5166666666666666,0.5944444444444444,0.07345108391572627,169,1.0,0.9871794871794872,0.9871794871794872,0.986842105263158,1.0,0.9922402159244263,0.00633703475404796
0.9833706378936767,0.020717491480786554,0.03510761260986328,0.001161887206485202,15,sqrt,3,10,343,"{'max_depth': 15, 'max_features': 'sqrt', 'min_samples_leaf': 3, 'min_samples_split': 10, 'n_estimators': 343}",0.55,0.5333333333333333,0.7388888888888889,0.6277777777777778,0.5222222222222221,0.5944444444444444,0.08111872110419549,169,1.0,1.0,0.9871794871794872,0.986842105263158,0.986842105263158,0.9921727395411606,0.006392118668172731
0.9895532608032227,0.024245630408327213,0.03490681648254394,0.0014103347535890328,20,sqrt,3,10,343,"{'max_depth': 20, 'max_features': 'sqrt', 'min_samples_leaf': 3, 'min_samples_split': 10, 'n_estimators': 343}",0.55,0.5333333333333333,0.7388888888888889,0.6277777777777778,0.5222222222222221,0.5944444444444444,0.08111872110419549,169,1.0,1.0,0.9871794871794872,0.986842105263158,0.986842105263158,0.9921727395411606,0.006392118668172731
0.9881589412689209,0.02497276758062157,0.035704851150512695,0.0014657199323518375,25,sqrt,3,10,343,"{'max_depth': 25, 'max_features': 'sqrt', 'min_samples_leaf': 3, 'min_samples_split': 10, 'n_estimators': 343}",0.55,0.5333333333333333,0.7388888888888889,0.6277777777777778,0.5222222222222221,0.5944444444444444,0.08111872110419549,169,1.0,1.0,0.9871794871794872,0.986842105263158,0.986842105263158,0.9921727395411606,0.006392118668172731
0.5762594223022461,0.019031968282554435,0.01655611991882324,0.0011969328532144736,15,,4,6,143,"{'max_depth': 15, 'max_features': None, 'min_samples_leaf': 4, 'min_samples_split': 6, 'n_estimators': 143}",0.5,0.6388888888888888,0.6888888888888889,0.6277777777777778,0.5166666666666666,0.5944444444444444,0.07345108391572627,169,1.0,0.9871794871794872,0.9871794871794872,0.986842105263158,1.0,0.9922402159244263,0.00633703475404796
0.5872293949127197,0.023546919041019437,0.016954898834228516,0.0006306756304350771,15,,4,8,143,"{'max_depth': 15, 'max_features': None, 'min_samples_leaf': 4, 'min_samples_split': 8, 'n_estimators': 143}",0.5,0.6388888888888888,0.6888888888888889,0.6277777777777778,0.5166666666666666,0.5944444444444444,0.07345108391572627,169,1.0,0.9871794871794872,0.9871794871794872,0.986842105263158,1.0,0.9922402159244263,0.00633703475404796
0.5744648456573487,0.019472476262822974,0.01635603904724121,0.000797844032850266,20,,4,8,143,"{'max_depth': 20, 'max_features': None, 'min_samples_leaf': 4, 'min_samples_split': 8, 'n_estimators': 143}",0.5,0.6388888888888888,0.6888888888888889,0.6277777777777778,0.5166666666666666,0.5944444444444444,0.07345108391572627,169,1.0,0.9871794871794872,0.9871794871794872,0.986842105263158,1.0,0.9922402159244263,0.00633703475404796
1.0099012851715088,0.021892779655621787,0.03550529479980469,0.001017027674831432,,sqrt,3,10,343,"{'max_depth': None, 'max_features': 'sqrt', 'min_samples_leaf': 3, 'min_samples_split': 10, 'n_estimators': 343}",0.55,0.5333333333333333,0.7388888888888889,0.6277777777777778,0.5222222222222221,0.5944444444444444,0.08111872110419549,169,1.0,1.0,0.9871794871794872,0.986842105263158,0.986842105263158,0.9921727395411606,0.006392118668172731
0.5764606952667236,0.009420182170317804,0.01755247116088867,0.0007976285578544564,20,,4,6,143,"{'max_depth': 20, 'max_features': None, 'min_samples_leaf': 4, 'min_samples_split': 6, 'n_estimators': 143}",0.5,0.6388888888888888,0.6888888888888889,0.6277777777777778,0.5166666666666666,0.5944444444444444,0.07345108391572627,169,1.0,0.9871794871794872,0.9871794871794872,0.986842105263158,1.0,0.9922402159244263,0.00633703475404796
0.5764593601226806,0.01925718796952708,0.017353534698486328,0.001492450952475652,25,,4,6,143,"{'max_depth': 25, 'max_features': None, 'min_samples_leaf': 4, 'min_samples_split': 6, 'n_estimators': 143}",0.5,0.6388888888888888,0.6888888888888889,0.6277777777777778,0.5166666666666666,0.5944444444444444,0.07345108391572627,169,1.0,0.9871794871794872,0.9871794871794872,0.986842105263158,1.0,0.9922402159244263,0.00633703475404796
0.5878289222717286,0.007842665806293411,0.022741317749023438,0.009126558716792675,,,4,8,143,"{'max_depth': None, 'max_features': None, 'min_samples_leaf': 4, 'min_samples_split': 8, 'n_estimators': 143}",0.5,0.6388888888888888,0.6888888888888889,0.6277777777777778,0.5166666666666666,0.5944444444444444,0.07345108391572627,169,1.0,0.9871794871794872,0.9871794871794872,0.986842105263158,1.0,0.9922402159244263,0.00633703475404796
0.5740679740905762,0.013946990506884525,0.01775016784667969,0.0023044433948053167,25,,4,8,143,"{'max_depth': 25, 'max_features': None, 'min_samples_leaf': 4, 'min_samples_split': 8, 'n_estimators': 143}",0.5,0.6388888888888888,0.6888888888888889,0.6277777777777778,0.5166666666666666,0.5944444444444444,0.07345108391572627,169,1.0,0.9871794871794872,0.9871794871794872,0.986842105263158,1.0,0.9922402159244263,0.00633703475404796
0.4248642444610596,0.013276188564232261,0.018351030349731446,0.0022388973096513407,25,sqrt,4,10,143,"{'max_depth': 25, 'max_features': 'sqrt', 'min_samples_leaf': 4, 'min_samples_split': 10, 'n_estimators': 143}",0.55,0.5333333333333333,0.7388888888888889,0.5722222222222222,0.5722222222222222,0.5933333333333334,0.07423685817106697,181,0.986842105263158,0.9743589743589743,1.0,0.986842105263158,0.986842105263158,0.9869770580296897,0.008110088653409737
1.589352512359619,0.028205799464510708,0.05704793930053711,0.007175418548492595,25,sqrt,3,8,543,"{'max_depth': 25, 'max_features': 'sqrt', 'min_samples_leaf': 3, 'min_samples_split': 8, 'n_estimators': 543}",0.55,0.5333333333333333,0.6833333333333333,0.6277777777777778,0.5722222222222222,0.5933333333333334,0.055154105093292695,181,1.0,1.0,1.0,0.986842105263158,0.986842105263158,0.9947368421052631,0.006446025638903066
1.5333023071289062,0.03495275416142171,0.055253124237060545,0.0026468969279204654,20,log2,3,10,543,"{'max_depth': 20, 'max_features': 'log2', 'min_samples_leaf': 3, 'min_samples_split': 10, 'n_estimators': 543}",0.6000000000000001,0.5333333333333333,0.7388888888888889,0.5722222222222222,0.5222222222222221,0.5933333333333334,0.07788880963698618,181,1.0,1.0,0.9871794871794872,0.9740215924426451,0.986842105263158,0.989608636977058,0.009720815549427497
0.9791820526123047,0.02689755983607927,0.03610491752624512,0.0007458487549355868,20,log2,4,10,343,"{'max_depth': 20, 'max_features': 'log2', 'min_samples_leaf': 4, 'min_samples_split': 10, 'n_estimators': 343}",0.6000000000000001,0.5888888888888889,0.7388888888888889,0.5722222222222222,0.4666666666666667,0.5933333333333334,0.08688007912144274,181,1.0,1.0,0.9871794871794872,0.9740215924426451,0.986842105263158,0.989608636977058,0.009720815549427497
0.9773886680603028,0.017582362012504727,0.03570380210876465,0.0017152285987454313,15,log2,4,10,343,"{'max_depth': 15, 'max_features': 'log2', 'min_samples_leaf': 4, 'min_samples_split': 10, 'n_estimators': 343}",0.6000000000000001,0.5888888888888889,0.7388888888888889,0.5722222222222222,0.4666666666666667,0.5933333333333334,0.08688007912144274,181,1.0,1.0,0.9871794871794872,0.9740215924426451,0.986842105263158,0.989608636977058,0.009720815549427497
1.547663164138794,0.028680306129846674,0.05365667343139648,0.0027793855284896415,15,log2,4,10,543,"{'max_depth': 15, 'max_features': 'log2', 'min_samples_leaf': 4, 'min_samples_split': 10, 'n_estimators': 543}",0.6000000000000001,0.5888888888888889,0.7388888888888889,0.5722222222222222,0.4666666666666667,0.5933333333333334,0.08688007912144274,181,1.0,0.9871794871794872,0.9871794871794872,0.9740215924426451,0.986842105263158,0.9870445344129555,0.008216063634104155
1.5396852493286133,0.03830264833482588,0.05265960693359375,0.0017156342625859896,15,log2,3,10,543,"{'max_depth': 15, 'max_features': 'log2', 'min_samples_leaf': 3, 'min_samples_split': 10, 'n_estimators': 543}",0.6000000000000001,0.5333333333333333,0.7388888888888889,0.5722222222222222,0.5222222222222221,0.5933333333333334,0.07788880963698618,181,1.0,1.0,0.9871794871794872,0.9740215924426451,0.986842105263158,0.989608636977058,0.009720815549427497
1.5291136741638183,0.03589569286868136,0.05325765609741211,0.002409875351605858,25,log2,4,10,543,"{'max_depth': 25, 'max_features': 'log2', 'min_samples_leaf': 4, 'min_samples_split': 10, 'n_estimators': 543}",0.6000000000000001,0.5888888888888889,0.7388888888888889,0.5722222222222222,0.4666666666666667,0.5933333333333334,0.08688007912144274,181,1.0,0.9871794871794872,0.9871794871794872,0.9740215924426451,0.986842105263158,0.9870445344129555,0.008216063634104155
1.5448716640472413,0.04005272635781261,0.053258323669433595,0.0013529578969289937,20,log2,4,10,543,"{'max_depth': 20, 'max_features': 'log2', 'min_samples_leaf': 4, 'min_samples_split': 10, 'n_estimators': 543}",0.6000000000000001,0.5888888888888889,0.7388888888888889,0.5722222222222222,0.4666666666666667,0.5933333333333334,0.08688007912144274,181,1.0,0.9871794871794872,0.9871794871794872,0.9740215924426451,0.986842105263158,0.9870445344129555,0.008216063634104155
1.5915466785430907,0.04467466366856398,0.05265974998474121,0.0023090434501654954,15,sqrt,3,8,543,"{'max_depth': 15, 'max_features': 'sqrt', 'min_samples_leaf': 3, 'min_samples_split': 8, 'n_estimators': 543}",0.55,0.5333333333333333,0.6833333333333333,0.6277777777777778,0.5722222222222222,0.5933333333333334,0.055154105093292695,181,1.0,1.0,1.0,0.986842105263158,0.986842105263158,0.9947368421052631,0.006446025638903066
1.5708026885986328,0.03061025177981574,0.054255342483520506,0.0016209748868330062,,log2,3,10,543,"{'max_depth': None, 'max_features': 'log2', 'min_samples_leaf': 3, 'min_samples_split': 10, 'n_estimators': 543}",0.6000000000000001,0.5333333333333333,0.7388888888888889,0.5722222222222222,0.5222222222222221,0.5933333333333334,0.07788880963698618,181,1.0,1.0,0.9871794871794872,0.9740215924426451,0.986842105263158,0.989608636977058,0.009720815549427497
0.9947412014007568,0.019375741219412827,0.03829746246337891,0.002931368491158449,25,log2,4,10,343,"{'max_depth': 25, 'max_features': 'log2', 'min_samples_leaf': 4, 'min_samples_split': 10, 'n_estimators': 343}",0.6000000000000001,0.5888888888888889,0.7388888888888889,0.5722222222222222,0.4666666666666667,0.5933333333333334,0.08688007912144274,181,1.0,1.0,0.9871794871794872,0.9740215924426451,0.986842105263158,0.989608636977058,0.009720815549427497
0.4190798282623291,0.010618887442292065,0.020744752883911134,0.004433514402596438,20,sqrt,4,10,143,"{'max_depth': 20, 'max_features': 'sqrt', 'min_samples_leaf': 4, 'min_samples_split': 10, 'n_estimators': 143}",0.55,0.5333333333333333,0.7388888888888889,0.5722222222222222,0.5722222222222222,0.5933333333333334,0.07423685817106697,181,0.986842105263158,0.9743589743589743,1.0,0.986842105263158,0.986842105263158,0.9869770580296897,0.008110088653409737
0.9704074382781982,0.029104108191260407,0.0361027717590332,0.0019343035649379097,,log2,4,10,343,"{'max_depth': None, 'max_features': 'log2', 'min_samples_leaf': 4, 'min_samples_split': 10, 'n_estimators': 343}",0.6000000000000001,0.5888888888888889,0.7388888888888889,0.5722222222222222,0.4666666666666667,0.5933333333333334,0.08688007912144274,181,1.0,1.0,0.9871794871794872,0.9740215924426451,0.986842105263158,0.989608636977058,0.009720815549427497
1.5735953807830811,0.0515332301831134,0.05664682388305664,0.0064774075439789245,25,log2,3,10,543,"{'max_depth': 25, 'max_features': 'log2', 'min_samples_leaf': 3, 'min_samples_split': 10, 'n_estimators': 543}",0.6000000000000001,0.5333333333333333,0.7388888888888889,0.5722222222222222,0.5222222222222221,0.5933333333333334,0.07788880963698618,181,1.0,1.0,0.9871794871794872,0.9740215924426451,0.986842105263158,0.989608636977058,0.009720815549427497
0.472138786315918,0.05642680333427916,0.021343326568603514,0.006781530485025187,15,sqrt,4,10,143,"{'max_depth': 15, 'max_features': 'sqrt', 'min_samples_leaf': 4, 'min_samples_split': 10, 'n_estimators': 143}",0.55,0.5333333333333333,0.7388888888888889,0.5722222222222222,0.5722222222222222,0.5933333333333334,0.07423685817106697,181,0.986842105263158,0.9743589743589743,1.0,0.986842105263158,0.986842105263158,0.9869770580296897,0.008110088653409737
1.5698052883148192,0.03485878319387072,0.05884246826171875,0.011159516621688891,20,sqrt,3,8,543,"{'max_depth': 20, 'max_features': 'sqrt', 'min_samples_leaf': 3, 'min_samples_split': 8, 'n_estimators': 543}",0.55,0.5333333333333333,0.6833333333333333,0.6277777777777778,0.5722222222222222,0.5933333333333334,0.055154105093292695,181,1.0,1.0,1.0,0.986842105263158,0.986842105263158,0.9947368421052631,0.006446025638903066
1.6033145427703857,0.04860532804696398,0.051462745666503905,0.001016924567279806,,sqrt,3,8,543,"{'max_depth': None, 'max_features': 'sqrt', 'min_samples_leaf': 3, 'min_samples_split': 8, 'n_estimators': 543}",0.55,0.5333333333333333,0.6833333333333333,0.6277777777777778,0.5722222222222222,0.5933333333333334,0.055154105093292695,181,1.0,1.0,1.0,0.986842105263158,0.986842105263158,0.9947368421052631,0.006446025638903066
1.5420794486999512,0.0329290836380609,0.053458023071289065,0.0017397579427738546,,log2,4,10,543,"{'max_depth': None, 'max_features': 'log2', 'min_samples_leaf': 4, 'min_samples_split': 10, 'n_estimators': 543}",0.6000000000000001,0.5888888888888889,0.7388888888888889,0.5722222222222222,0.4666666666666667,0.5933333333333334,0.08688007912144274,181,1.0,0.9871794871794872,0.9871794871794872,0.9740215924426451,0.986842105263158,0.9870445344129555,0.008216063634104155
0.42127413749694825,0.006693017930579843,0.01835150718688965,0.0013523814975484893,,sqrt,4,10,143,"{'max_depth': None, 'max_features': 'sqrt', 'min_samples_leaf': 4, 'min_samples_split': 10, 'n_estimators': 143}",0.55,0.5333333333333333,0.7388888888888889,0.5722222222222222,0.5722222222222222,0.5933333333333334,0.07423685817106697,181,0.986842105263158,0.9743589743589743,1.0,0.986842105263158,0.986842105263158,0.9869770580296897,0.008110088653409737
1.5612280368804932,0.047999632648275566,0.05445423126220703,0.001492425468811122,20,log2,4,6,543,"{'max_depth': 20, 'max_features': 'log2', 'min_samples_leaf': 4, 'min_samples_split': 6, 'n_estimators': 543}",0.6000000000000001,0.6388888888888888,0.6833333333333333,0.5722222222222222,0.4666666666666667,0.5922222222222222,0.07308037178846821,201,1.0,1.0,0.9871794871794872,0.9740215924426451,0.986842105263158,0.989608636977058,0.009720815549427497
0.9833720684051513,0.027667696864435206,0.038696575164794925,0.004522038594189525,15,log2,2,10,343,"{'max_depth': 15, 'max_features': 'log2', 'min_samples_leaf': 2, 'min_samples_split': 10, 'n_estimators': 343}",0.6000000000000001,0.5833333333333333,0.6833333333333333,0.5722222222222222,0.5222222222222221,0.5922222222222222,0.05242278272037981,201,1.0,1.0,0.9871794871794872,0.986842105263158,0.986842105263158,0.9921727395411606,0.006392118668172731
0.9843688488006592,0.0229431571753178,0.03570432662963867,0.0013239156216838413,25,log2,2,10,343,"{'max_depth': 25, 'max_features': 'log2', 'min_samples_leaf': 2, 'min_samples_split': 10, 'n_estimators': 343}",0.6000000000000001,0.5833333333333333,0.6833333333333333,0.5722222222222222,0.5222222222222221,0.5922222222222222,0.05242278272037981,201,1.0,1.0,0.9871794871794872,0.986842105263158,0.986842105263158,0.9921727395411606,0.006392118668172731
1.5622250080108642,0.046384452894820176,0.06303153038024903,0.00830596976805893,25,log2,4,6,543,"{'max_depth': 25, 'max_features': 'log2', 'min_samples_leaf': 4, 'min_samples_split': 6, 'n_estimators': 543}",0.6000000000000001,0.6388888888888888,0.6833333333333333,0.5722222222222222,0.4666666666666667,0.5922222222222222,0.07308037178846821,201,1.0,1.0,0.9871794871794872,0.9740215924426451,0.986842105263158,0.989608636977058,0.009720815549427497
0.9783851146697998,0.02845360387888794,0.03470778465270996,0.0007483303309292114,20,log2,2,10,343,"{'max_depth': 20, 'max_features': 'log2', 'min_samples_leaf': 2, 'min_samples_split': 10, 'n_estimators': 343}",0.6000000000000001,0.5833333333333333,0.6833333333333333,0.5722222222222222,0.5222222222222221,0.5922222222222222,0.05242278272037981,201,1.0,1.0,0.9871794871794872,0.986842105263158,0.986842105263158,0.9921727395411606,0.006392118668172731
1.542079210281372,0.028219030531635717,0.05744681358337402,0.008238782718201013,20,log2,4,8,543,"{'max_depth': 20, 'max_features': 'log2', 'min_samples_leaf': 4, 'min_samples_split': 8, 'n_estimators': 543}",0.6000000000000001,0.6388888888888888,0.6833333333333333,0.5722222222222222,0.4666666666666667,0.5922222222222222,0.07308037178846821,201,1.0,1.0,0.9871794871794872,0.9740215924426451,0.986842105263158,0.989608636977058,0.009720815549427497
1.5400850772857666,0.02226828568395044,0.05545144081115723,0.002646936334299437,15,log2,4,6,543,"{'max_depth': 15, 'max_features': 'log2', 'min_samples_leaf': 4, 'min_samples_split': 6, 'n_estimators': 543}",0.6000000000000001,0.6388888888888888,0.6833333333333333,0.5722222222222222,0.4666666666666667,0.5922222222222222,0.07308037178846821,201,1.0,1.0,0.9871794871794872,0.9740215924426451,0.986842105263158,0.989608636977058,0.009720815549427497
1.5506558418273926,0.02968891699438927,0.05325751304626465,0.001196765966154737,15,log2,4,8,543,"{'max_depth': 15, 'max_features': 'log2', 'min_samples_leaf': 4, 'min_samples_split': 8, 'n_estimators': 543}",0.6000000000000001,0.6388888888888888,0.6833333333333333,0.5722222222222222,0.4666666666666667,0.5922222222222222,0.07308037178846821,201,1.0,1.0,0.9871794871794872,0.9740215924426451,0.986842105263158,0.989608636977058,0.009720815549427497
1.5380900859832765,0.05071451196230258,0.05445475578308105,0.0017396817472569942,25,log2,4,8,543,"{'max_depth': 25, 'max_features': 'log2', 'min_samples_leaf': 4, 'min_samples_split': 8, 'n_estimators': 543}",0.6000000000000001,0.6388888888888888,0.6833333333333333,0.5722222222222222,0.4666666666666667,0.5922222222222222,0.07308037178846821,201,1.0,1.0,0.9871794871794872,0.9740215924426451,0.986842105263158,0.989608636977058,0.009720815549427497
1.5388875007629395,0.04436086432088693,0.05325894355773926,0.0022387108347334743,,log2,4,8,543,"{'max_depth': None, 'max_features': 'log2', 'min_samples_leaf': 4, 'min_samples_split': 8, 'n_estimators': 543}",0.6000000000000001,0.6388888888888888,0.6833333333333333,0.5722222222222222,0.4666666666666667,0.5922222222222222,0.07308037178846821,201,1.0,1.0,0.9871794871794872,0.9740215924426451,0.986842105263158,0.989608636977058,0.009720815549427497
1.5644190788269043,0.030873025285231608,0.056052207946777344,0.003857462291240784,,log2,4,6,543,"{'max_depth': None, 'max_features': 'log2', 'min_samples_leaf': 4, 'min_samples_split': 6, 'n_estimators': 543}",0.6000000000000001,0.6388888888888888,0.6833333333333333,0.5722222222222222,0.4666666666666667,0.5922222222222222,0.07308037178846821,201,1.0,1.0,0.9871794871794872,0.9740215924426451,0.986842105263158,0.989608636977058,0.009720815549427497
0.9773877143859864,0.03043432160029453,0.033724641799926756,0.0007311248937280592,,log2,2,10,343,"{'max_depth': None, 'max_features': 'log2', 'min_samples_leaf': 2, 'min_samples_split': 10, 'n_estimators': 343}",0.6000000000000001,0.5833333333333333,0.6833333333333333,0.5722222222222222,0.5222222222222221,0.5922222222222222,0.05242278272037981,201,1.0,1.0,0.9871794871794872,0.986842105263158,0.986842105263158,0.9921727395411606,0.006392118668172731
1.0186781883239746,0.02960315604695068,0.03630290031433105,0.002410246353808034,15,sqrt,2,6,343,"{'max_depth': 15, 'max_features': 'sqrt', 'min_samples_leaf': 2, 'min_samples_split': 6, 'n_estimators': 343}",0.5,0.5333333333333333,0.6888888888888889,0.6833333333333333,0.5222222222222221,0.5855555555555555,0.08282064512704101,213,1.0,1.0,1.0,1.0,1.0,1.0,0.0
1.0174806118011475,0.02687528032374967,0.03610353469848633,0.0021295131898387593,20,sqrt,2,6,343,"{'max_depth': 20, 'max_features': 'sqrt', 'min_samples_leaf': 2, 'min_samples_split': 6, 'n_estimators': 343}",0.5,0.5333333333333333,0.6888888888888889,0.6833333333333333,0.5222222222222221,0.5855555555555555,0.08282064512704101,213,1.0,1.0,1.0,1.0,1.0,1.0,0.0
1.0128931045532226,0.031573962346855104,0.03550500869750976,0.0018493395493650766,25,sqrt,2,6,343,"{'max_depth': 25, 'max_features': 'sqrt', 'min_samples_leaf': 2, 'min_samples_split': 6, 'n_estimators': 343}",0.5,0.5333333333333333,0.6888888888888889,0.6833333333333333,0.5222222222222221,0.5855555555555555,0.08282064512704101,213,1.0,1.0,1.0,1.0,1.0,1.0,0.0
1.0134918689727783,0.027244245936927407,0.03809809684753418,0.003855833585256317,,sqrt,2,6,343,"{'max_depth': None, 'max_features': 'sqrt', 'min_samples_leaf': 2, 'min_samples_split': 6, 'n_estimators': 343}",0.5,0.5333333333333333,0.6888888888888889,0.6833333333333333,0.5222222222222221,0.5855555555555555,0.08282064512704101,213,1.0,1.0,1.0,1.0,1.0,1.0,0.0
1.3741278171539306,0.029501270669887444,0.043483829498291014,0.012936265082713169,25,,4,6,343,"{'max_depth': 25, 'max_features': None, 'min_samples_leaf': 4, 'min_samples_split': 6, 'n_estimators': 343}",0.5,0.6388888888888888,0.6388888888888888,0.6277777777777778,0.5166666666666666,0.5844444444444444,0.06249938271300103,217,1.0,0.9871794871794872,0.9871794871794872,1.0,1.0,0.9948717948717949,0.006280742930213255
2.1570350170135497,0.033069082333235626,0.05186152458190918,0.0028211414841637387,,,4,6,543,"{'max_depth': None, 'max_features': None, 'min_samples_leaf': 4, 'min_samples_split': 6, 'n_estimators': 543}",0.5,0.6388888888888888,0.6388888888888888,0.6277777777777778,0.5166666666666666,0.5844444444444444,0.06249938271300103,217,1.0,0.9871794871794872,0.9871794871794872,0.986842105263158,1.0,0.9922402159244263,0.00633703475404796
1.3906843185424804,0.03578619194571123,0.034308433532714844,0.001017588516494073,,,4,8,343,"{'max_depth': None, 'max_features': None, 'min_samples_leaf': 4, 'min_samples_split': 8, 'n_estimators': 343}",0.5,0.6388888888888888,0.6388888888888888,0.6277777777777778,0.5166666666666666,0.5844444444444444,0.06249938271300103,217,1.0,0.9871794871794872,0.9871794871794872,1.0,1.0,0.9948717948717949,0.006280742930213255
1.3749260902404785,0.04259853173776699,0.035304927825927736,0.0029968147767138256,25,,4,8,343,"{'max_depth': 25, 'max_features': None, 'min_samples_leaf': 4, 'min_samples_split': 8, 'n_estimators': 343}",0.5,0.6388888888888888,0.6388888888888888,0.6277777777777778,0.5166666666666666,0.5844444444444444,0.06249938271300103,217,1.0,0.9871794871794872,0.9871794871794872,1.0,1.0,0.9948717948717949,0.006280742930213255
1.385297966003418,0.04281802465490748,0.03490667343139649,0.0016687818216162276,,,4,6,343,"{'max_depth': None, 'max_features': None, 'min_samples_leaf': 4, 'min_samples_split': 6, 'n_estimators': 343}",0.5,0.6388888888888888,0.6388888888888888,0.6277777777777778,0.5166666666666666,0.5844444444444444,0.06249938271300103,217,1.0,0.9871794871794872,0.9871794871794872,1.0,1.0,0.9948717948717949,0.006280742930213255
2.172393798828125,0.04084002165663862,0.051662111282348634,0.0027779338123797934,,,4,8,543,"{'max_depth': None, 'max_features': None, 'min_samples_leaf': 4, 'min_samples_split': 8, 'n_estimators': 543}",0.5,0.6388888888888888,0.6388888888888888,0.6277777777777778,0.5166666666666666,0.5844444444444444,0.06249938271300103,217,1.0,0.9871794871794872,0.9871794871794872,0.986842105263158,1.0,0.9922402159244263,0.00633703475404796
2.159828948974609,0.030756823030874503,0.054255342483520506,0.002998708465373477,25,,4,8,543,"{'max_depth': 25, 'max_features': None, 'min_samples_leaf': 4, 'min_samples_split': 8, 'n_estimators': 543}",0.5,0.6388888888888888,0.6388888888888888,0.6277777777777778,0.5166666666666666,0.5844444444444444,0.06249938271300103,217,1.0,0.9871794871794872,0.9871794871794872,0.986842105263158,1.0,0.9922402159244263,0.00633703475404796
2.1374884128570555,0.04957651917078459,0.05166220664978027,0.0017156240404866674,25,,4,10,543,"{'max_depth': 25, 'max_features': None, 'min_samples_leaf': 4, 'min_samples_split': 10, 'n_estimators': 543}",0.5,0.6388888888888888,0.6388888888888888,0.6277777777777778,0.5166666666666666,0.5844444444444444,0.06249938271300103,217,1.0,0.9871794871794872,0.9871794871794872,0.986842105263158,1.0,0.9922402159244263,0.00633703475404796
0.5704758167266846,0.010442094527454156,0.01615562438964844,0.0007464465227227497,,,4,10,143,"{'max_depth': None, 'max_features': None, 'min_samples_leaf': 4, 'min_samples_split': 10, 'n_estimators': 143}",0.5,0.6388888888888888,0.6388888888888888,0.6277777777777778,0.5166666666666666,0.5844444444444444,0.06249938271300103,217,1.0,0.9743589743589743,0.9871794871794872,0.986842105263158,1.0,0.9896761133603238,0.009612957526859986
1.3807104110717774,0.03384185721050189,0.035903644561767575,0.0017843266173127059,25,,4,10,343,"{'max_depth': 25, 'max_features': None, 'min_samples_leaf': 4, 'min_samples_split': 10, 'n_estimators': 343}",0.5,0.6388888888888888,0.6388888888888888,0.6277777777777778,0.5166666666666666,0.5844444444444444,0.06249938271300103,217,1.0,0.9871794871794872,0.9871794871794872,0.986842105263158,1.0,0.9922402159244263,0.00633703475404796
0.5818450450897217,0.011777193489735277,0.017154359817504884,0.0011631704482171017,25,,4,10,143,"{'max_depth': 25, 'max_features': None, 'min_samples_leaf': 4, 'min_samples_split': 10, 'n_estimators': 143}",0.5,0.6388888888888888,0.6388888888888888,0.6277777777777778,0.5166666666666666,0.5844444444444444,0.06249938271300103,217,1.0,0.9743589743589743,0.9871794871794872,0.986842105263158,1.0,0.9896761133603238,0.009612957526859986
2.204309415817261,0.050277783083844445,0.05704765319824219,0.009491147653084673,25,,4,6,543,"{'max_depth': 25, 'max_features': None, 'min_samples_leaf': 4, 'min_samples_split': 6, 'n_estimators': 543}",0.5,0.6388888888888888,0.6388888888888888,0.6277777777777778,0.5166666666666666,0.5844444444444444,0.06249938271300103,217,1.0,0.9871794871794872,0.9871794871794872,0.986842105263158,1.0,0.9922402159244263,0.00633703475404796
2.1556399345397947,0.04813929590240388,0.053656911849975585,0.005292630409506918,20,,4,10,543,"{'max_depth': 20, 'max_features': None, 'min_samples_leaf': 4, 'min_samples_split': 10, 'n_estimators': 543}",0.5,0.6388888888888888,0.6388888888888888,0.6277777777777778,0.5166666666666666,0.5844444444444444,0.06249938271300103,217,1.0,0.9871794871794872,0.9871794871794872,0.986842105263158,1.0,0.9922402159244263,0.00633703475404796
2.014616298675537,0.043747515634237934,0.04508056640625,0.004778637753274198,,,4,10,543,"{'max_depth': None, 'max_features': None, 'min_samples_leaf': 4, 'min_samples_split': 10, 'n_estimators': 543}",0.5,0.6388888888888888,0.6388888888888888,0.6277777777777778,0.5166666666666666,0.5844444444444444,0.06249938271300103,217,1.0,0.9871794871794872,0.9871794871794872,0.986842105263158,1.0,0.9922402159244263,0.00633703475404796
0.5734677791595459,0.017559790268373524,0.017355728149414062,0.0010156142240928935,15,,4,10,143,"{'max_depth': 15, 'max_features': None, 'min_samples_leaf': 4, 'min_samples_split': 10, 'n_estimators': 143}",0.5,0.6388888888888888,0.6388888888888888,0.6277777777777778,0.5166666666666666,0.5844444444444444,0.06249938271300103,217,1.0,0.9743589743589743,0.9871794871794872,0.986842105263158,1.0,0.9896761133603238,0.009612957526859986
1.3972662448883058,0.04936555938823632,0.034712934494018556,0.0014635806005069097,15,,4,10,343,"{'max_depth': 15, 'max_features': None, 'min_samples_leaf': 4, 'min_samples_split': 10, 'n_estimators': 343}",0.5,0.6388888888888888,0.6388888888888888,0.6277777777777778,0.5166666666666666,0.5844444444444444,0.06249938271300103,217,1.0,0.9871794871794872,0.9871794871794872,0.986842105263158,1.0,0.9922402159244263,0.00633703475404796
2.2023160457611084,0.09071763692339642,0.0526585578918457,0.002306881138473872,15,,4,10,543,"{'max_depth': 15, 'max_features': None, 'min_samples_leaf': 4, 'min_samples_split': 10, 'n_estimators': 543}",0.5,0.6388888888888888,0.6388888888888888,0.6277777777777778,0.5166666666666666,0.5844444444444444,0.06249938271300103,217,1.0,0.9871794871794872,0.9871794871794872,0.986842105263158,1.0,0.9922402159244263,0.00633703475404796
1.373329496383667,0.046214655569969294,0.03550529479980469,0.0034318560702137294,15,,4,8,343,"{'max_depth': 15, 'max_features': None, 'min_samples_leaf': 4, 'min_samples_split': 8, 'n_estimators': 343}",0.5,0.6388888888888888,0.6388888888888888,0.6277777777777778,0.5166666666666666,0.5844444444444444,0.06249938271300103,217,1.0,0.9871794871794872,0.9871794871794872,1.0,1.0,0.9948717948717949,0.006280742930213255
2.184562253952026,0.07492249237996526,0.05305814743041992,0.0017157063470005776,15,,4,6,543,"{'max_depth': 15, 'max_features': None, 'min_samples_leaf': 4, 'min_samples_split': 6, 'n_estimators': 543}",0.5,0.6388888888888888,0.6388888888888888,0.6277777777777778,0.5166666666666666,0.5844444444444444,0.06249938271300103,217,1.0,0.9871794871794872,0.9871794871794872,0.986842105263158,1.0,0.9922402159244263,0.00633703475404796
1.3886892318725585,0.032712944254263424,0.033721637725830075,0.0009799310396315596,15,,4,6,343,"{'max_depth': 15, 'max_features': None, 'min_samples_leaf': 4, 'min_samples_split': 6, 'n_estimators': 343}",0.5,0.6388888888888888,0.6388888888888888,0.6277777777777778,0.5166666666666666,0.5844444444444444,0.06249938271300103,217,1.0,0.9871794871794872,0.9871794871794872,1.0,1.0,0.9948717948717949,0.006280742930213255
2.194750452041626,0.05897083883558444,0.05185685157775879,0.0014394694595799334,20,,4,6,543,"{'max_depth': 20, 'max_features': None, 'min_samples_leaf': 4, 'min_samples_split': 6, 'n_estimators': 543}",0.5,0.6388888888888888,0.6388888888888888,0.6277777777777778,0.5166666666666666,0.5844444444444444,0.06249938271300103,217,1.0,0.9871794871794872,0.9871794871794872,0.986842105263158,1.0,0.9922402159244263,0.00633703475404796
1.3773182392120362,0.03040091152200702,0.0347074031829834,0.0024754186353417806,20,,4,8,343,"{'max_depth': 20, 'max_features': None, 'min_samples_leaf': 4, 'min_samples_split': 8, 'n_estimators': 343}",0.5,0.6388888888888888,0.6388888888888888,0.6277777777777778,0.5166666666666666,0.5844444444444444,0.06249938271300103,217,1.0,0.9871794871794872,0.9871794871794872,1.0,1.0,0.9948717948717949,0.006280742930213255
2.207899332046509,0.05293392909571778,0.05126233100891113,0.0029974272035067613,20,,4,8,543,"{'max_depth': 20, 'max_features': None, 'min_samples_leaf': 4, 'min_samples_split': 8, 'n_estimators': 543}",0.5,0.6388888888888888,0.6388888888888888,0.6277777777777778,0.5166666666666666,0.5844444444444444,0.06249938271300103,217,1.0,0.9871794871794872,0.9871794871794872,0.986842105263158,1.0,0.9922402159244263,0.00633703475404796
0.5686800479888916,0.012286050919645986,0.017154121398925783,0.0011630882958878759,20,,4,10,143,"{'max_depth': 20, 'max_features': None, 'min_samples_leaf': 4, 'min_samples_split': 10, 'n_estimators': 143}",0.5,0.6388888888888888,0.6388888888888888,0.6277777777777778,0.5166666666666666,0.5844444444444444,0.06249938271300103,217,1.0,0.9743589743589743,0.9871794871794872,0.986842105263158,1.0,0.9896761133603238,0.009612957526859986
1.370736312866211,0.04685202709236965,0.03550443649291992,0.0013519035183220144,20,,4,10,343,"{'max_depth': 20, 'max_features': None, 'min_samples_leaf': 4, 'min_samples_split': 10, 'n_estimators': 343}",0.5,0.6388888888888888,0.6388888888888888,0.6277777777777778,0.5166666666666666,0.5844444444444444,0.06249938271300103,217,1.0,0.9871794871794872,0.9871794871794872,0.986842105263158,1.0,0.9922402159244263,0.00633703475404796
1.376322078704834,0.036020105106688294,0.03370990753173828,0.0013229739031795766,,,4,10,343,"{'max_depth': None, 'max_features': None, 'min_samples_leaf': 4, 'min_samples_split': 10, 'n_estimators': 343}",0.5,0.6388888888888888,0.6388888888888888,0.6277777777777778,0.5166666666666666,0.5844444444444444,0.06249938271300103,217,1.0,0.9871794871794872,0.9871794871794872,0.986842105263158,1.0,0.9922402159244263,0.00633703475404796
1.387491226196289,0.040118911735717154,0.03490762710571289,0.0025226270917898075,20,,4,6,343,"{'max_depth': 20, 'max_features': None, 'min_samples_leaf': 4, 'min_samples_split': 6, 'n_estimators': 343}",0.5,0.6388888888888888,0.6388888888888888,0.6277777777777778,0.5166666666666666,0.5844444444444444,0.06249938271300103,217,1.0,0.9871794871794872,0.9871794871794872,1.0,1.0,0.9948717948717949,0.006280742930213255
2.1867561817169188,0.07161864558019211,0.05206518173217774,0.0014649586970832006,15,,4,8,543,"{'max_depth': 15, 'max_features': None, 'min_samples_leaf': 4, 'min_samples_split': 8, 'n_estimators': 543}",0.5,0.6388888888888888,0.6388888888888888,0.6277777777777778,0.5166666666666666,0.5844444444444444,0.06249938271300103,217,1.0,0.9871794871794872,0.9871794871794872,0.986842105263158,1.0,0.9922402159244263,0.00633703475404796
1.4223987579345703,0.042945582149475234,0.03550558090209961,0.0019538190868457483,20,,3,10,343,"{'max_depth': 20, 'max_features': None, 'min_samples_leaf': 3, 'min_samples_split': 10, 'n_estimators': 343}",0.5,0.5833333333333333,0.6388888888888888,0.6277777777777778,0.5722222222222222,0.5844444444444443,0.04924115512480074,245,1.0,0.9871794871794872,0.9871794871794872,0.986842105263158,1.0,0.9922402159244263,0.00633703475404796
1.4297773838043213,0.045736117411825046,0.03570547103881836,0.002475537962790769,25,,3,10,343,"{'max_depth': 25, 'max_features': None, 'min_samples_leaf': 3, 'min_samples_split': 10, 'n_estimators': 343}",0.5,0.5833333333333333,0.6388888888888888,0.6277777777777778,0.5722222222222222,0.5844444444444443,0.04924115512480074,245,1.0,0.9871794871794872,0.9871794871794872,0.986842105263158,1.0,0.9922402159244263,0.00633703475404796
1.4134232521057128,0.048039915904748605,0.03490700721740723,0.0014105032922139867,15,,3,10,343,"{'max_depth': 15, 'max_features': None, 'min_samples_leaf': 3, 'min_samples_split': 10, 'n_estimators': 343}",0.5,0.5833333333333333,0.6388888888888888,0.6277777777777778,0.5722222222222222,0.5844444444444443,0.04924115512480074,245,1.0,0.9871794871794872,0.9871794871794872,0.986842105263158,1.0,0.9922402159244263,0.00633703475404796
1.4028518199920654,0.047874194547264375,0.0339080810546875,0.0014117514529620862,,,3,10,343,"{'max_depth': None, 'max_features': None, 'min_samples_leaf': 3, 'min_samples_split': 10, 'n_estimators': 343}",0.5,0.5833333333333333,0.6388888888888888,0.6277777777777778,0.5722222222222222,0.5844444444444443,0.04924115512480074,245,1.0,0.9871794871794872,0.9871794871794872,0.986842105263158,1.0,0.9922402159244263,0.00633703475404796
1.58376784324646,0.04297120269113511,0.0552523136138916,0.00135254306428968,,sqrt,3,10,543,"{'max_depth': None, 'max_features': 'sqrt', 'min_samples_leaf': 3, 'min_samples_split': 10, 'n_estimators': 543}",0.55,0.5333333333333333,0.6833333333333333,0.6277777777777778,0.5222222222222221,0.5833333333333334,0.06216266991421941,249,1.0,1.0,1.0,0.986842105263158,0.986842105263158,0.9947368421052631,0.006446025638903066
1.5761874675750733,0.037543549739450705,0.05325794219970703,0.0024912554448702612,15,sqrt,3,10,543,"{'max_depth': 15, 'max_features': 'sqrt', 'min_samples_leaf': 3, 'min_samples_split': 10, 'n_estimators': 543}",0.55,0.5333333333333333,0.6833333333333333,0.6277777777777778,0.5222222222222221,0.5833333333333334,0.06216266991421941,249,1.0,1.0,1.0,0.986842105263158,0.986842105263158,0.9947368421052631,0.006446025638903066
1.5686076164245606,0.03567781843711489,0.052659130096435545,0.001596224346073356,25,sqrt,3,10,543,"{'max_depth': 25, 'max_features': 'sqrt', 'min_samples_leaf': 3, 'min_samples_split': 10, 'n_estimators': 543}",0.55,0.5333333333333333,0.6833333333333333,0.6277777777777778,0.5222222222222221,0.5833333333333334,0.06216266991421941,249,1.0,1.0,1.0,0.986842105263158,0.986842105263158,0.9947368421052631,0.006446025638903066
1.5793793678283692,0.04303445536567926,0.055651187896728516,0.003301920273231338,20,sqrt,3,10,543,"{'max_depth': 20, 'max_features': 'sqrt', 'min_samples_leaf': 3, 'min_samples_split': 10, 'n_estimators': 543}",0.55,0.5333333333333333,0.6833333333333333,0.6277777777777778,0.5222222222222221,0.5833333333333334,0.06216266991421941,249,1.0,1.0,1.0,0.986842105263158,0.986842105263158,0.9947368421052631,0.006446025638903066
1.5668130397796631,0.033968338133363134,0.05365767478942871,0.0023090147092738214,20,sqrt,4,8,543,"{'max_depth': 20, 'max_features': 'sqrt', 'min_samples_leaf': 4, 'min_samples_split': 8, 'n_estimators': 543}",0.55,0.5333333333333333,0.6833333333333333,0.5722222222222222,0.5722222222222222,0.5822222222222223,0.05263430792145339,253,1.0,1.0,1.0,0.986842105263158,0.986842105263158,0.9947368421052631,0.006446025638903066
1.5765878677368164,0.03789581575151133,0.05126247406005859,0.0013524802626250212,20,sqrt,4,6,543,"{'max_depth': 20, 'max_features': 'sqrt', 'min_samples_leaf': 4, 'min_samples_split': 6, 'n_estimators': 543}",0.55,0.5333333333333333,0.6833333333333333,0.5722222222222222,0.5722222222222222,0.5822222222222223,0.05263430792145339,253,1.0,1.0,1.0,0.986842105263158,0.986842105263158,0.9947368421052631,0.006446025638903066
1.5508554935455323,0.04036925455665435,0.05286011695861816,0.002091123897170134,25,sqrt,4,6,543,"{'max_depth': 25, 'max_features': 'sqrt', 'min_samples_leaf': 4, 'min_samples_split': 6, 'n_estimators': 543}",0.55,0.5333333333333333,0.6833333333333333,0.5722222222222222,0.5722222222222222,0.5822222222222223,0.05263430792145339,253,1.0,1.0,1.0,0.986842105263158,0.986842105263158,0.9947368421052631,0.006446025638903066
0.9945424556732178,0.02493300993694447,0.036701393127441403,0.0015952826570690218,,sqrt,4,10,343,"{'max_depth': None, 'max_features': 'sqrt', 'min_samples_leaf': 4, 'min_samples_split': 10, 'n_estimators': 343}",0.55,0.5333333333333333,0.6833333333333333,0.5722222222222222,0.5722222222222222,0.5822222222222223,0.05263430792145339,253,0.986842105263158,0.9871794871794872,0.9871794871794872,0.986842105263158,0.986842105263158,0.9869770580296897,0.00016528270868981104
0.9829744815826416,0.02286024665726222,0.034707260131835935,0.0007444331470479263,25,log2,3,10,343,"{'max_depth': 25, 'max_features': 'log2', 'min_samples_leaf': 3, 'min_samples_split': 10, 'n_estimators': 343}",0.6000000000000001,0.5333333333333333,0.7388888888888889,0.5722222222222222,0.4666666666666667,0.5822222222222223,0.09022605355849686,253,1.0,1.0,0.9871794871794872,0.9740215924426451,0.986842105263158,0.989608636977058,0.009720815549427497
1.5586349010467528,0.026562552300815834,0.052260398864746094,0.0011970599928997027,25,sqrt,4,8,543,"{'max_depth': 25, 'max_features': 'sqrt', 'min_samples_leaf': 4, 'min_samples_split': 8, 'n_estimators': 543}",0.55,0.5333333333333333,0.6833333333333333,0.5722222222222222,0.5722222222222222,0.5822222222222223,0.05263430792145339,253,1.0,1.0,1.0,0.986842105263158,0.986842105263158,0.9947368421052631,0.006446025638903066
0.9905517578125,0.03574058801247526,0.03690156936645508,0.004038470966680651,20,log2,2,8,343,"{'max_depth': 20, 'max_features': 'log2', 'min_samples_leaf': 2, 'min_samples_split': 8, 'n_estimators': 343}",0.6,0.5333333333333333,0.7388888888888889,0.5722222222222222,0.4666666666666667,0.5822222222222223,0.09022605355849686,253,1.0,1.0,1.0,0.986842105263158,0.986842105263158,0.9947368421052631,0.006446025638903066
0.9915483474731446,0.023562438898702538,0.03550519943237305,0.00162071044984892,25,sqrt,4,10,343,"{'max_depth': 25, 'max_features': 'sqrt', 'min_samples_leaf': 4, 'min_samples_split': 10, 'n_estimators': 343}",0.55,0.5333333333333333,0.6833333333333333,0.5722222222222222,0.5722222222222222,0.5822222222222223,0.05263430792145339,253,0.986842105263158,0.9871794871794872,0.9871794871794872,0.986842105263158,0.986842105263158,0.9869770580296897,0.00016528270868981104
0.9859650135040283,0.019273413488607737,0.037699413299560544,0.002778091315000308,15,log2,2,8,343,"{'max_depth': 15, 'max_features': 'log2', 'min_samples_leaf': 2, 'min_samples_split': 8, 'n_estimators': 343}",0.6,0.5333333333333333,0.7388888888888889,0.5722222222222222,0.4666666666666667,0.5822222222222223,0.09022605355849686,253,1.0,1.0,1.0,0.986842105263158,0.986842105263158,0.9947368421052631,0.006446025638903066
1.5769848823547363,0.03666839987116435,0.051662635803222653,0.0017157008697410087,,sqrt,4,8,543,"{'max_depth': None, 'max_features': 'sqrt', 'min_samples_leaf': 4, 'min_samples_split': 8, 'n_estimators': 543}",0.55,0.5333333333333333,0.6833333333333333,0.5722222222222222,0.5722222222222222,0.5822222222222223,0.05263430792145339,253,1.0,1.0,1.0,0.986842105263158,0.986842105263158,0.9947368421052631,0.006446025638903066
0.9757918357849121,0.025773700189156347,0.03769936561584473,0.0017154735553364425,20,log2,3,10,343,"{'max_depth': 20, 'max_features': 'log2', 'min_samples_leaf': 3, 'min_samples_split': 10, 'n_estimators': 343}",0.6000000000000001,0.5333333333333333,0.7388888888888889,0.5722222222222222,0.4666666666666667,0.5822222222222223,0.09022605355849686,253,1.0,1.0,0.9871794871794872,0.9740215924426451,0.986842105263158,0.989608636977058,0.009720815549427497
0.9855653285980225,0.028226408136608247,0.03550591468811035,0.00149248944756943,15,sqrt,4,10,343,"{'max_depth': 15, 'max_features': 'sqrt', 'min_samples_leaf': 4, 'min_samples_split': 10, 'n_estimators': 343}",0.55,0.5333333333333333,0.6833333333333333,0.5722222222222222,0.5722222222222222,0.5822222222222223,0.05263430792145339,253,0.986842105263158,0.9871794871794872,0.9871794871794872,0.986842105263158,0.986842105263158,0.9869770580296897,0.00016528270868981104
0.9905525207519531,0.02318803673542045,0.03530592918395996,0.001492463737563887,20,sqrt,4,10,343,"{'max_depth': 20, 'max_features': 'sqrt', 'min_samples_leaf': 4, 'min_samples_split': 10, 'n_estimators': 343}",0.55,0.5333333333333333,0.6833333333333333,0.5722222222222222,0.5722222222222222,0.5822222222222223,0.05263430792145339,253,0.986842105263158,0.9871794871794872,0.9871794871794872,0.986842105263158,0.986842105263158,0.9869770580296897,0.00016528270868981104
1.7471311569213868,0.17167042729927529,0.055651187896728516,0.002310052478040462,15,sqrt,4,6,543,"{'max_depth': 15, 'max_features': 'sqrt', 'min_samples_leaf': 4, 'min_samples_split': 6, 'n_estimators': 543}",0.55,0.5333333333333333,0.6833333333333333,0.5722222222222222,0.5722222222222222,0.5822222222222223,0.05263430792145339,253,1.0,1.0,1.0,0.986842105263158,0.986842105263158,0.9947368421052631,0.006446025638903066
0.969808292388916,0.026332081673268462,0.034108543395996095,0.0011623114373706383,,log2,2,8,343,"{'max_depth': None, 'max_features': 'log2', 'min_samples_leaf': 2, 'min_samples_split': 8, 'n_estimators': 343}",0.6,0.5333333333333333,0.7388888888888889,0.5722222222222222,0.4666666666666667,0.5822222222222223,0.09022605355849686,253,1.0,1.0,1.0,0.986842105263158,0.986842105263158,0.9947368421052631,0.006446025638903066
0.9757933139801025,0.02604131550779323,0.036900901794433595,0.0027509024766158895,25,log2,2,8,343,"{'max_depth': 25, 'max_features': 'log2', 'min_samples_leaf': 2, 'min_samples_split': 8, 'n_estimators': 343}",0.6,0.5333333333333333,0.7388888888888889,0.5722222222222222,0.4666666666666667,0.5822222222222223,0.09022605355849686,253,1.0,1.0,1.0,0.986842105263158,0.986842105263158,0.9947368421052631,0.006446025638903066
1.5897512435913086,0.04587264775717535,0.05485372543334961,0.0029586614199820288,,sqrt,4,6,543,"{'max_depth': None, 'max_features': 'sqrt', 'min_samples_leaf': 4, 'min_samples_split': 6, 'n_estimators': 543}",0.55,0.5333333333333333,0.6833333333333333,0.5722222222222222,0.5722222222222222,0.5822222222222223,0.05263430792145339,253,1.0,1.0,1.0,0.986842105263158,0.986842105263158,0.9947368421052631,0.006446025638903066
0.9740075588226318,0.02027479879717932,0.037290096282958984,0.0027952757310417795,15,log2,3,10,343,"{'max_depth': 15, 'max_features': 'log2', 'min_samples_leaf': 3, 'min_samples_split': 10, 'n_estimators': 343}",0.6000000000000001,0.5333333333333333,0.7388888888888889,0.5722222222222222,0.4666666666666667,0.5822222222222223,0.09022605355849686,253,1.0,1.0,0.9871794871794872,0.9740215924426451,0.986842105263158,0.989608636977058,0.009720815549427497
0.9722021102905274,0.025818804942584785,0.03490638732910156,0.000891430826082546,,log2,3,10,343,"{'max_depth': None, 'max_features': 'log2', 'min_samples_leaf': 3, 'min_samples_split': 10, 'n_estimators': 343}",0.6000000000000001,0.5333333333333333,0.7388888888888889,0.5722222222222222,0.4666666666666667,0.5822222222222223,0.09022605355849686,253,1.0,1.0,0.9871794871794872,0.9740215924426451,0.986842105263158,0.989608636977058,0.009720815549427497
1.6837000846862793,0.1662570089543371,0.05425529479980469,0.0037637129502316982,15,sqrt,4,8,543,"{'max_depth': 15, 'max_features': 'sqrt', 'min_samples_leaf': 4, 'min_samples_split': 8, 'n_estimators': 543}",0.55,0.5333333333333333,0.6833333333333333,0.5722222222222222,0.5722222222222222,0.5822222222222223,0.05263430792145339,253,1.0,1.0,1.0,0.986842105263158,0.986842105263158,0.9947368421052631,0.006446025638903066
1.5452706813812256,0.03348223174092691,0.0534578800201416,0.003867220088909177,,log2,3,6,543,"{'max_depth': None, 'max_features': 'log2', 'min_samples_leaf': 3, 'min_samples_split': 6, 'n_estimators': 543}",0.55,0.5833333333333333,0.6833333333333333,0.5722222222222222,0.5222222222222221,0.5822222222222222,0.054704593889294106,273,1.0,1.0,1.0,0.986842105263158,0.986842105263158,0.9947368421052631,0.006446025638903066
1.5652173995971679,0.03828839782056996,0.05245914459228516,0.001850050431761481,20,log2,3,6,543,"{'max_depth': 20, 'max_features': 'log2', 'min_samples_leaf': 3, 'min_samples_split': 6, 'n_estimators': 543}",0.55,0.5833333333333333,0.6833333333333333,0.5722222222222222,0.5222222222222221,0.5822222222222222,0.054704593889294106,273,1.0,1.0,1.0,0.986842105263158,0.986842105263158,0.9947368421052631,0.006446025638903066
1.5428767204284668,0.04594665669049577,0.05644888877868652,0.007263287632536663,25,log2,3,6,543,"{'max_depth': 25, 'max_features': 'log2', 'min_samples_leaf': 3, 'min_samples_split': 6, 'n_estimators': 543}",0.55,0.5833333333333333,0.6833333333333333,0.5722222222222222,0.5222222222222221,0.5822222222222222,0.054704593889294106,273,1.0,1.0,1.0,0.986842105263158,0.986842105263158,0.9947368421052631,0.006446025638903066
1.547663974761963,0.030194120467665442,0.05325770378112793,0.0013527891776222627,15,log2,3,6,543,"{'max_depth': 15, 'max_features': 'log2', 'min_samples_leaf': 3, 'min_samples_split': 6, 'n_estimators': 543}",0.55,0.5833333333333333,0.6833333333333333,0.5722222222222222,0.5222222222222221,0.5822222222222222,0.054704593889294106,273,1.0,1.0,1.0,0.986842105263158,0.986842105263158,0.9947368421052631,0.006446025638903066
0.9913502693176269,0.01895471155496291,0.03610386848449707,0.0027058137613344274,25,log2,3,6,343,"{'max_depth': 25, 'max_features': 'log2', 'min_samples_leaf': 3, 'min_samples_split': 6, 'n_estimators': 343}",0.55,0.6333333333333333,0.6833333333333333,0.5722222222222222,0.4666666666666667,0.5811111111111111,0.07392021057102176,277,1.0,1.0,1.0,0.986842105263158,0.986842105263158,0.9947368421052631,0.006446025638903066
0.9731990814208984,0.023764170474262734,0.03690147399902344,0.0022741006330994026,15,log2,3,6,343,"{'max_depth': 15, 'max_features': 'log2', 'min_samples_leaf': 3, 'min_samples_split': 6, 'n_estimators': 343}",0.55,0.6333333333333333,0.6833333333333333,0.5722222222222222,0.4666666666666667,0.5811111111111111,0.07392021057102176,277,1.0,1.0,1.0,0.986842105263158,0.986842105263158,0.9947368421052631,0.006446025638903066
0.9973344802856445,0.023977469054899513,0.0357058048248291,0.0007478192016162763,20,log2,3,6,343,"{'max_depth': 20, 'max_features': 'log2', 'min_samples_leaf': 3, 'min_samples_split': 6, 'n_estimators': 343}",0.55,0.6333333333333333,0.6833333333333333,0.5722222222222222,0.4666666666666667,0.5811111111111111,0.07392021057102176,277,1.0,1.0,1.0,0.986842105263158,0.986842105263158,0.9947368421052631,0.006446025638903066
0.9851663112640381,0.016740025134721243,0.03450732231140137,0.0004883636045668368,,log2,3,6,343,"{'max_depth': None, 'max_features': 'log2', 'min_samples_leaf': 3, 'min_samples_split': 6, 'n_estimators': 343}",0.55,0.6333333333333333,0.6833333333333333,0.5722222222222222,0.4666666666666667,0.5811111111111111,0.07392021057102176,277,1.0,1.0,1.0,0.986842105263158,0.986842105263158,0.9947368421052631,0.006446025638903066
1.048597812652588,0.045422465165322515,0.03550486564636231,0.001620686963295342,15,sqrt,3,6,343,"{'max_depth': 15, 'max_features': 'sqrt', 'min_samples_leaf': 3, 'min_samples_split': 6, 'n_estimators': 343}",0.5,0.5333333333333333,0.6888888888888889,0.6277777777777778,0.5222222222222221,0.5744444444444443,0.07197393218089622,281,1.0,1.0,1.0,0.986842105263158,0.986842105263158,0.9947368421052631,0.006446025638903066
0.9971341133117676,0.022436768695855237,0.03550567626953125,0.0025695902505365204,20,sqrt,3,6,343,"{'max_depth': 20, 'max_features': 'sqrt', 'min_samples_leaf': 3, 'min_samples_split': 6, 'n_estimators': 343}",0.5,0.5333333333333333,0.6888888888888889,0.6277777777777778,0.5222222222222221,0.5744444444444443,0.07197393218089622,281,1.0,1.0,1.0,0.986842105263158,0.986842105263158,0.9947368421052631,0.006446025638903066
1.0112952709197998,0.02500865902911671,0.036502933502197264,0.002239245636221522,25,sqrt,3,6,343,"{'max_depth': 25, 'max_features': 'sqrt', 'min_samples_leaf': 3, 'min_samples_split': 6, 'n_estimators': 343}",0.5,0.5333333333333333,0.6888888888888889,0.6277777777777778,0.5222222222222221,0.5744444444444443,0.07197393218089622,281,1.0,1.0,1.0,0.986842105263158,0.986842105263158,0.9947368421052631,0.006446025638903066
1.0003265380859374,0.02776096838645069,0.03910017013549805,0.004436124665297791,,sqrt,3,6,343,"{'max_depth': None, 'max_features': 'sqrt', 'min_samples_leaf': 3, 'min_samples_split': 6, 'n_estimators': 343}",0.5,0.5333333333333333,0.6888888888888889,0.6277777777777778,0.5222222222222221,0.5744444444444443,0.07197393218089622,281,1.0,1.0,1.0,0.986842105263158,0.986842105263158,0.9947368421052631,0.006446025638903066
1.0208714008331299,0.029857376560548314,0.03550553321838379,0.001353000065065708,20,sqrt,3,8,343,"{'max_depth': 20, 'max_features': 'sqrt', 'min_samples_leaf': 3, 'min_samples_split': 8, 'n_estimators': 343}",0.55,0.5333333333333333,0.6333333333333333,0.6277777777777778,0.5222222222222221,0.5733333333333334,0.04758358467858635,285,1.0,1.0,1.0,0.986842105263158,0.986842105263158,0.9947368421052631,0.006446025638903066
1.015486478805542,0.02429412640428751,0.03650221824645996,0.0011967341347914806,,sqrt,3,8,343,"{'max_depth': None, 'max_features': 'sqrt', 'min_samples_leaf': 3, 'min_samples_split': 8, 'n_estimators': 343}",0.55,0.5333333333333333,0.6333333333333333,0.6277777777777778,0.5222222222222221,0.5733333333333334,0.04758358467858635,285,1.0,1.0,1.0,0.986842105263158,0.986842105263158,0.9947368421052631,0.006446025638903066
1.0051142215728759,0.028818717651358638,0.03570470809936523,0.0019332066454986491,15,sqrt,3,8,343,"{'max_depth': 15, 'max_features': 'sqrt', 'min_samples_leaf': 3, 'min_samples_split': 8, 'n_estimators': 343}",0.55,0.5333333333333333,0.6333333333333333,0.6277777777777778,0.5222222222222221,0.5733333333333334,0.04758358467858635,285,1.0,1.0,1.0,0.986842105263158,0.986842105263158,0.9947368421052631,0.006446025638903066
0.9963378429412841,0.012033899170728739,0.03430933952331543,0.001015648946976234,25,sqrt,3,8,343,"{'max_depth': 25, 'max_features': 'sqrt', 'min_samples_leaf': 3, 'min_samples_split': 8, 'n_estimators': 343}",0.55,0.5333333333333333,0.6333333333333333,0.6277777777777778,0.5222222222222221,0.5733333333333334,0.04758358467858635,285,1.0,1.0,1.0,0.986842105263158,0.986842105263158,0.9947368421052631,0.006446025638903066
1.4092339515686034,0.023584329572199296,0.03410892486572266,0.0007465314091343397,,,3,6,343,"{'max_depth': None, 'max_features': None, 'min_samples_leaf': 3, 'min_samples_split': 6, 'n_estimators': 343}",0.5,0.5833333333333333,0.6388888888888888,0.6277777777777778,0.5166666666666666,0.5733333333333333,0.05648117789839481,289,1.0,0.9871794871794872,0.9871794871794872,1.0,1.0,0.9948717948717949,0.006280742930213255
1.4429445743560791,0.042170040491931834,0.0341087818145752,0.001465960140231006,,,3,8,343,"{'max_depth': None, 'max_features': None, 'min_samples_leaf': 3, 'min_samples_split': 8, 'n_estimators': 343}",0.5,0.5833333333333333,0.6388888888888888,0.6277777777777778,0.5166666666666666,0.5733333333333333,0.05648117789839481,289,1.0,0.9871794871794872,0.9871794871794872,1.0,1.0,0.9948717948717949,0.006280742930213255
1.4208027839660644,0.03569079699829066,0.034707164764404295,0.0014654409289016263,15,,3,6,343,"{'max_depth': 15, 'max_features': None, 'min_samples_leaf': 3, 'min_samples_split': 6, 'n_estimators': 343}",0.5,0.5833333333333333,0.6388888888888888,0.6277777777777778,0.5166666666666666,0.5733333333333333,0.05648117789839481,289,1.0,0.9871794871794872,0.9871794871794872,1.0,1.0,0.9948717948717949,0.006280742930213255
1.4233961582183838,0.03943975371815805,0.033111286163330075,0.0013223125434918053,15,,3,8,343,"{'max_depth': 15, 'max_features': None, 'min_samples_leaf': 3, 'min_samples_split': 8, 'n_estimators': 343}",0.5,0.5833333333333333,0.6388888888888888,0.6277777777777778,0.5166666666666666,0.5733333333333333,0.05648117789839481,289,1.0,0.9871794871794872,0.9871794871794872,1.0,1.0,0.9948717948717949,0.006280742930213255
1.4222004890441895,0.041672460203509336,0.0349057674407959,0.00166958030975622,25,,3,8,343,"{'max_depth': 25, 'max_features': None, 'min_samples_leaf': 3, 'min_samples_split': 8, 'n_estimators': 343}",0.5,0.5833333333333333,0.6388888888888888,0.6277777777777778,0.5166666666666666,0.5733333333333333,0.05648117789839481,289,1.0,0.9871794871794872,0.9871794871794872,1.0,1.0,0.9948717948717949,0.006280742930213255
1.4479310035705566,0.028721672654772466,0.03510546684265137,0.002129651795391261,20,,3,6,343,"{'max_depth': 20, 'max_features': None, 'min_samples_leaf': 3, 'min_samples_split': 6, 'n_estimators': 343}",0.5,0.5833333333333333,0.6388888888888888,0.6277777777777778,0.5166666666666666,0.5733333333333333,0.05648117789839481,289,1.0,0.9871794871794872,0.9871794871794872,1.0,1.0,0.9948717948717949,0.006280742930213255
1.4116273880004884,0.04542218374212608,0.036103343963623045,0.004250196204325708,20,,3,8,343,"{'max_depth': 20, 'max_features': None, 'min_samples_leaf': 3, 'min_samples_split': 8, 'n_estimators': 343}",0.5,0.5833333333333333,0.6388888888888888,0.6277777777777778,0.5166666666666666,0.5733333333333333,0.05648117789839481,289,1.0,0.9871794871794872,0.9871794871794872,1.0,1.0,0.9948717948717949,0.006280742930213255
1.4194057941436768,0.03954909406987739,0.03550572395324707,0.0033730362742707366,25,,3,6,343,"{'max_depth': 25, 'max_features': None, 'min_samples_leaf': 3, 'min_samples_split': 6, 'n_estimators': 343}",0.5,0.5833333333333333,0.6388888888888888,0.6277777777777778,0.5166666666666666,0.5733333333333333,0.05648117789839481,289,1.0,0.9871794871794872,0.9871794871794872,1.0,1.0,0.9948717948717949,0.006280742930213255
1.5855627536773682,0.037153605896575244,0.055252599716186526,0.004618308743626246,25,log2,2,8,543,"{'max_depth': 25, 'max_features': 'log2', 'min_samples_leaf': 2, 'min_samples_split': 8, 'n_estimators': 543}",0.55,0.5333333333333333,0.6833333333333333,0.5722222222222222,0.5222222222222221,0.5722222222222222,0.058054891011613936,297,1.0,1.0,1.0,0.986842105263158,0.986842105263158,0.9947368421052631,0.006446025638903066
1.5442725658416747,0.03488523912187609,0.05445456504821777,0.003489461134585681,15,log2,2,10,543,"{'max_depth': 15, 'max_features': 'log2', 'min_samples_leaf': 2, 'min_samples_split': 10, 'n_estimators': 543}",0.55,0.5333333333333333,0.6833333333333333,0.5722222222222222,0.5222222222222221,0.5722222222222222,0.058054891011613936,297,1.0,1.0,1.0,0.986842105263158,0.986842105263158,0.9947368421052631,0.006446025638903066
1.5307089805603027,0.046776691333814596,0.05305838584899902,0.00517890156543249,25,log2,2,10,543,"{'max_depth': 25, 'max_features': 'log2', 'min_samples_leaf': 2, 'min_samples_split': 10, 'n_estimators': 543}",0.55,0.5333333333333333,0.6833333333333333,0.5722222222222222,0.5222222222222221,0.5722222222222222,0.058054891011613936,297,1.0,1.0,1.0,0.986842105263158,0.986842105263158,0.9947368421052631,0.006446025638903066
1.5612283229827881,0.036977612586518285,0.05405535697937012,0.002554496065514459,15,sqrt,4,10,543,"{'max_depth': 15, 'max_features': 'sqrt', 'min_samples_leaf': 4, 'min_samples_split': 10, 'n_estimators': 543}",0.55,0.5333333333333333,0.6833333333333333,0.5722222222222222,0.5222222222222221,0.5722222222222222,0.058054891011613936,297,0.986842105263158,0.9871794871794872,1.0,0.9740215924426451,0.986842105263158,0.9869770580296897,0.008216063634104154
1.5759889125823974,0.03733424451577305,0.054653358459472653,0.0027786905461039623,,log2,2,8,543,"{'max_depth': None, 'max_features': 'log2', 'min_samples_leaf': 2, 'min_samples_split': 8, 'n_estimators': 543}",0.55,0.5333333333333333,0.6833333333333333,0.5722222222222222,0.5222222222222221,0.5722222222222222,0.058054891011613936,297,1.0,1.0,1.0,0.986842105263158,0.986842105263158,0.9947368421052631,0.006446025638903066
1.6376230716705322,0.05841019053026436,0.055852222442626956,0.00601637323331292,20,sqrt,4,10,543,"{'max_depth': 20, 'max_features': 'sqrt', 'min_samples_leaf': 4, 'min_samples_split': 10, 'n_estimators': 543}",0.55,0.5333333333333333,0.6833333333333333,0.5722222222222222,0.5222222222222221,0.5722222222222222,0.058054891011613936,297,0.986842105263158,0.9871794871794872,1.0,0.9740215924426451,0.986842105263158,0.9869770580296897,0.008216063634104154
1.5448710441589355,0.045332679554703666,0.05046529769897461,0.0013527399333253436,25,sqrt,4,10,543,"{'max_depth': 25, 'max_features': 'sqrt', 'min_samples_leaf': 4, 'min_samples_split': 10, 'n_estimators': 543}",0.55,0.5333333333333333,0.6833333333333333,0.5722222222222222,0.5222222222222221,0.5722222222222222,0.058054891011613936,297,0.986842105263158,0.9871794871794872,1.0,0.9740215924426451,0.986842105263158,0.9869770580296897,0.008216063634104154
1.557238721847534,0.033582905184382936,0.05325765609741211,0.003489575633357717,,sqrt,4,10,543,"{'max_depth': None, 'max_features': 'sqrt', 'min_samples_leaf': 4, 'min_samples_split': 10, 'n_estimators': 543}",0.55,0.5333333333333333,0.6833333333333333,0.5722222222222222,0.5222222222222221,0.5722222222222222,0.058054891011613936,297,0.986842105263158,0.9871794871794872,1.0,0.9740215924426451,0.986842105263158,0.9869770580296897,0.008216063634104154
1.5504568099975586,0.026617001076956796,0.053457212448120114,0.002792607079601621,20,log2,2,10,543,"{'max_depth': 20, 'max_features': 'log2', 'min_samples_leaf': 2, 'min_samples_split': 10, 'n_estimators': 543}",0.55,0.5333333333333333,0.6833333333333333,0.5722222222222222,0.5222222222222221,0.5722222222222222,0.058054891011613936,297,1.0,1.0,1.0,0.986842105263158,0.986842105263158,0.9947368421052631,0.006446025638903066
1.5861613273620605,0.04851037420325975,0.05305824279785156,0.001163096516269165,20,log2,2,8,543,"{'max_depth': 20, 'max_features': 'log2', 'min_samples_leaf': 2, 'min_samples_split': 8, 'n_estimators': 543}",0.55,0.5333333333333333,0.6833333333333333,0.5722222222222222,0.5222222222222221,0.5722222222222222,0.058054891011613936,297,1.0,1.0,1.0,0.986842105263158,0.986842105263158,0.9947368421052631,0.006446025638903066
1.5376916408538819,0.029956232021116046,0.05166106224060059,0.0011626307640090138,15,log2,2,8,543,"{'max_depth': 15, 'max_features': 'log2', 'min_samples_leaf': 2, 'min_samples_split': 8, 'n_estimators': 543}",0.55,0.5333333333333333,0.6833333333333333,0.5722222222222222,0.5222222222222221,0.5722222222222222,0.058054891011613936,297,1.0,1.0,1.0,0.986842105263158,0.986842105263158,0.9947368421052631,0.006446025638903066
1.5466666221618652,0.02833007181686032,0.0522613525390625,0.0010164701139435588,,log2,2,10,543,"{'max_depth': None, 'max_features': 'log2', 'min_samples_leaf': 2, 'min_samples_split': 10, 'n_estimators': 543}",0.55,0.5333333333333333,0.6833333333333333,0.5722222222222222,0.5222222222222221,0.5722222222222222,0.058054891011613936,297,1.0,1.0,1.0,0.986842105263158,0.986842105263158,0.9947368421052631,0.006446025638903066
0.9949410915374756,0.023815954141367706,0.03450760841369629,0.000488305524319523,25,log2,4,6,343,"{'max_depth': 25, 'max_features': 'log2', 'min_samples_leaf': 4, 'min_samples_split': 6, 'n_estimators': 343}",0.6000000000000001,0.5333333333333333,0.6833333333333333,0.5722222222222222,0.4666666666666667,0.5711111111111111,0.07178500135650265,309,1.0,1.0,0.9871794871794872,0.9740215924426451,0.986842105263158,0.989608636977058,0.009720815549427497
0.9759912967681885,0.030268873710833956,0.03470697402954102,0.0007463280969199989,15,log2,4,8,343,"{'max_depth': 15, 'max_features': 'log2', 'min_samples_leaf': 4, 'min_samples_split': 8, 'n_estimators': 343}",0.6000000000000001,0.5333333333333333,0.6833333333333333,0.5722222222222222,0.4666666666666667,0.5711111111111111,0.07178500135650265,309,1.0,1.0,0.9871794871794872,0.9740215924426451,0.986842105263158,0.989608636977058,0.009720815549427497
0.9751948356628418,0.025462316381484756,0.03430776596069336,0.0007977248004171195,20,log2,4,6,343,"{'max_depth': 20, 'max_features': 'log2', 'min_samples_leaf': 4, 'min_samples_split': 6, 'n_estimators': 343}",0.6000000000000001,0.5333333333333333,0.6833333333333333,0.5722222222222222,0.4666666666666667,0.5711111111111111,0.07178500135650265,309,1.0,1.0,0.9871794871794872,0.9740215924426451,0.986842105263158,0.989608636977058,0.009720815549427497
0.9779860496520996,0.02588946378783989,0.0353055477142334,0.0018499050632624658,,log2,4,6,343,"{'max_depth': None, 'max_features': 'log2', 'min_samples_leaf': 4, 'min_samples_split': 6, 'n_estimators': 343}",0.6000000000000001,0.5333333333333333,0.6833333333333333,0.5722222222222222,0.4666666666666667,0.5711111111111111,0.07178500135650265,309,1.0,1.0,0.9871794871794872,0.9740215924426451,0.986842105263158,0.989608636977058,0.009720815549427497
0.9731995582580566,0.021953578165879915,0.03550558090209961,0.0004888537336595017,15,log2,4,6,343,"{'max_depth': 15, 'max_features': 'log2', 'min_samples_leaf': 4, 'min_samples_split': 6, 'n_estimators': 343}",0.6000000000000001,0.5333333333333333,0.6833333333333333,0.5722222222222222,0.4666666666666667,0.5711111111111111,0.07178500135650265,309,1.0,1.0,0.9871794871794872,0.9740215924426451,0.986842105263158,0.989608636977058,0.009720815549427497
0.9865643978118896,0.028957119181000458,0.03530406951904297,0.0004864805702971198,,log2,4,8,343,"{'max_depth': None, 'max_features': 'log2', 'min_samples_leaf': 4, 'min_samples_split': 8, 'n_estimators': 343}",0.6000000000000001,0.5333333333333333,0.6833333333333333,0.5722222222222222,0.4666666666666667,0.5711111111111111,0.07178500135650265,309,1.0,1.0,0.9871794871794872,0.9740215924426451,0.986842105263158,0.989608636977058,0.009720815549427497
0.9879606246948243,0.01341909883939056,0.0347074031829834,0.0014651813900268351,20,log2,4,8,343,"{'max_depth': 20, 'max_features': 'log2', 'min_samples_leaf': 4, 'min_samples_split': 8, 'n_estimators': 343}",0.6000000000000001,0.5333333333333333,0.6833333333333333,0.5722222222222222,0.4666666666666667,0.5711111111111111,0.07178500135650265,309,1.0,1.0,0.9871794871794872,0.9740215924426451,0.986842105263158,0.989608636977058,0.009720815549427497
0.9973329067230224,0.01603114630903517,0.03611183166503906,0.0020256335674829237,25,log2,4,8,343,"{'max_depth': 25, 'max_features': 'log2', 'min_samples_leaf': 4, 'min_samples_split': 8, 'n_estimators': 343}",0.6000000000000001,0.5333333333333333,0.6833333333333333,0.5722222222222222,0.4666666666666667,0.5711111111111111,0.07178500135650265,309,1.0,1.0,0.9871794871794872,0.9740215924426451,0.986842105263158,0.989608636977058,0.009720815549427497
1.004514503479004,0.008612350366151385,0.03610482215881348,0.0034207249841520706,25,sqrt,4,8,343,"{'max_depth': 25, 'max_features': 'sqrt', 'min_samples_leaf': 4, 'min_samples_split': 8, 'n_estimators': 343}",0.55,0.5333333333333333,0.6333333333333333,0.5722222222222222,0.5222222222222221,0.5622222222222222,0.039346513799168384,317,1.0,1.0,1.0,0.986842105263158,0.986842105263158,0.9947368421052631,0.006446025638903066
0.9944258213043213,0.02508539575914574,0.035906314849853516,0.002527113169212479,,sqrt,4,6,343,"{'max_depth': None, 'max_features': 'sqrt', 'min_samples_leaf': 4, 'min_samples_split': 6, 'n_estimators': 343}",0.55,0.5333333333333333,0.6333333333333333,0.5722222222222222,0.5222222222222221,0.5622222222222222,0.039346513799168384,317,1.0,1.0,1.0,0.986842105263158,0.986842105263158,0.9947368421052631,0.006446025638903066
0.9907488822937012,0.017477551559796856,0.03530569076538086,0.002792399280247526,,sqrt,4,8,343,"{'max_depth': None, 'max_features': 'sqrt', 'min_samples_leaf': 4, 'min_samples_split': 8, 'n_estimators': 343}",0.55,0.5333333333333333,0.6333333333333333,0.5722222222222222,0.5222222222222221,0.5622222222222222,0.039346513799168384,317,1.0,1.0,1.0,0.986842105263158,0.986842105263158,0.9947368421052631,0.006446025638903066
1.1068411350250245,0.17199608479420148,0.03570446968078613,0.0035342558371955894,15,sqrt,4,8,343,"{'max_depth': 15, 'max_features': 'sqrt', 'min_samples_leaf': 4, 'min_samples_split': 8, 'n_estimators': 343}",0.55,0.5333333333333333,0.6333333333333333,0.5722222222222222,0.5222222222222221,0.5622222222222222,0.039346513799168384,317,1.0,1.0,1.0,0.986842105263158,0.986842105263158,0.9947368421052631,0.006446025638903066
0.994542121887207,0.029882850587797227,0.03590426445007324,0.0017842199770424856,20,sqrt,4,8,343,"{'max_depth': 20, 'max_features': 'sqrt', 'min_samples_leaf': 4, 'min_samples_split': 8, 'n_estimators': 343}",0.55,0.5333333333333333,0.6333333333333333,0.5722222222222222,0.5222222222222221,0.5622222222222222,0.039346513799168384,317,1.0,1.0,1.0,0.986842105263158,0.986842105263158,0.9947368421052631,0.006446025638903066
0.9817769050598144,0.029375075256117777,0.03470773696899414,0.0013220502827912023,20,sqrt,4,6,343,"{'max_depth': 20, 'max_features': 'sqrt', 'min_samples_leaf': 4, 'min_samples_split': 6, 'n_estimators': 343}",0.55,0.5333333333333333,0.6333333333333333,0.5722222222222222,0.5222222222222221,0.5622222222222222,0.039346513799168384,317,1.0,1.0,1.0,0.986842105263158,0.986842105263158,0.9947368421052631,0.006446025638903066
1.0015361785888672,0.022100206634129833,0.036289644241333005,0.002865614220705592,25,sqrt,4,6,343,"{'max_depth': 25, 'max_features': 'sqrt', 'min_samples_leaf': 4, 'min_samples_split': 6, 'n_estimators': 343}",0.55,0.5333333333333333,0.6333333333333333,0.5722222222222222,0.5222222222222221,0.5622222222222222,0.039346513799168384,317,1.0,1.0,1.0,0.986842105263158,0.986842105263158,0.9947368421052631,0.006446025638903066
0.9947437763214111,0.025450638143610135,0.03550252914428711,0.0010158143087737573,15,sqrt,4,6,343,"{'max_depth': 15, 'max_features': 'sqrt', 'min_samples_leaf': 4, 'min_samples_split': 6, 'n_estimators': 343}",0.55,0.5333333333333333,0.6333333333333333,0.5722222222222222,0.5222222222222221,0.5622222222222222,0.039346513799168384,317,1.0,1.0,1.0,0.986842105263158,0.986842105263158,0.9947368421052631,0.006446025638903066
