mean_fit_time,std_fit_time,mean_score_time,std_score_time,param_max_depth,param_max_features,param_min_samples_leaf,param_min_samples_split,param_n_estimators,params,split0_test_score,split1_test_score,split2_test_score,split3_test_score,split4_test_score,mean_test_score,std_test_score,rank_test_score,split0_train_score,split1_train_score,split2_train_score,split3_train_score,split4_train_score,mean_train_score,std_train_score
1.0317441463470458,0.035473914185854896,0.038261938095092776,0.004613638599124252,25,log2,3,10,330,"{'max_depth': 25, 'max_features': 'log2', 'min_samples_leaf': 3, 'min_samples_split': 10, 'n_estimators': 330}",0.55,0.8944444444444444,0.6388888888888888,0.8333333333333333,0.6777777777777778,0.7188888888888888,0.1269100974686654,1,0.9605263157894737,0.9740215924426451,0.9352226720647774,0.986842105263158,0.9612010796221322,0.9635627530364372,0.0171421889137379
0.9939423084259034,0.011625635581044954,0.03989467620849609,0.002425299889474491,15,log2,3,10,330,"{'max_depth': 15, 'max_features': 'log2', 'min_samples_leaf': 3, 'min_samples_split': 10, 'n_estimators': 330}",0.55,0.8944444444444444,0.6388888888888888,0.8333333333333333,0.6777777777777778,0.7188888888888888,0.1269100974686654,1,0.9605263157894737,0.9740215924426451,0.9352226720647774,0.986842105263158,0.9612010796221322,0.9635627530364372,0.0171421889137379
1.0179731845855713,0.0238411092654945,0.03818597793579102,0.0017384543906204565,,log2,3,10,330,"{'max_depth': None, 'max_features': 'log2', 'min_samples_leaf': 3, 'min_samples_split': 10, 'n_estimators': 330}",0.55,0.8944444444444444,0.6388888888888888,0.8333333333333333,0.6777777777777778,0.7188888888888888,0.1269100974686654,1,0.9605263157894737,0.9740215924426451,0.9352226720647774,0.986842105263158,0.9612010796221322,0.9635627530364372,0.0171421889137379
0.9972921371459961,0.02137572273142924,0.0370213508605957,0.0019601761929289537,20,log2,3,10,330,"{'max_depth': 20, 'max_features': 'log2', 'min_samples_leaf': 3, 'min_samples_split': 10, 'n_estimators': 330}",0.55,0.8944444444444444,0.6388888888888888,0.8333333333333333,0.6777777777777778,0.7188888888888888,0.1269100974686654,1,0.9605263157894737,0.9740215924426451,0.9352226720647774,0.986842105263158,0.9612010796221322,0.9635627530364372,0.0171421889137379
1.7009166717529296,0.03039393126414242,0.06764354705810546,0.009035334269000966,15,sqrt,3,6,530,"{'max_depth': 15, 'max_features': 'sqrt', 'min_samples_leaf': 3, 'min_samples_split': 6, 'n_estimators': 530}",0.55,0.8944444444444444,0.6388888888888888,0.8333333333333333,0.6722222222222223,0.7177777777777777,0.12728891992550828,5,0.986842105263158,0.9871794871794872,0.9871794871794872,0.986842105263158,0.9871794871794872,0.9870445344129555,0.00016528270868981104
1.102350378036499,0.08199723502986955,0.046039676666259764,0.011560249108325196,15,sqrt,3,6,330,"{'max_depth': 15, 'max_features': 'sqrt', 'min_samples_leaf': 3, 'min_samples_split': 6, 'n_estimators': 330}",0.55,0.8944444444444444,0.6388888888888888,0.8333333333333333,0.6722222222222223,0.7177777777777777,0.12728891992550828,5,0.986842105263158,0.9740215924426451,0.9743589743589743,0.986842105263158,0.9740215924426451,0.9792172739541162,0.006226867473716272
1.6393845558166504,0.010276759841601599,0.057327795028686526,0.002682635393797119,25,sqrt,3,6,530,"{'max_depth': 25, 'max_features': 'sqrt', 'min_samples_leaf': 3, 'min_samples_split': 6, 'n_estimators': 530}",0.55,0.8944444444444444,0.6388888888888888,0.8333333333333333,0.6722222222222223,0.7177777777777777,0.12728891992550828,5,0.986842105263158,0.9871794871794872,0.9871794871794872,0.986842105263158,0.9871794871794872,0.9870445344129555,0.00016528270868981104
1.006336545944214,0.012821876515311869,0.03932456970214844,0.0010163631556631477,25,sqrt,3,6,330,"{'max_depth': 25, 'max_features': 'sqrt', 'min_samples_leaf': 3, 'min_samples_split': 6, 'n_estimators': 330}",0.55,0.8944444444444444,0.6388888888888888,0.8333333333333333,0.6722222222222223,0.7177777777777777,0.12728891992550828,5,0.986842105263158,0.9740215924426451,0.9743589743589743,0.986842105263158,0.9740215924426451,0.9792172739541162,0.006226867473716272
0.9987202644348144,0.0071310932739060496,0.03762240409851074,0.003127210824585513,,sqrt,3,6,330,"{'max_depth': None, 'max_features': 'sqrt', 'min_samples_leaf': 3, 'min_samples_split': 6, 'n_estimators': 330}",0.55,0.8944444444444444,0.6388888888888888,0.8333333333333333,0.6722222222222223,0.7177777777777777,0.12728891992550828,5,0.986842105263158,0.9740215924426451,0.9743589743589743,0.986842105263158,0.9740215924426451,0.9792172739541162,0.006226867473716272
1.6468156337738038,0.030592491154708034,0.058967971801757814,0.005441965953270293,20,sqrt,3,6,530,"{'max_depth': 20, 'max_features': 'sqrt', 'min_samples_leaf': 3, 'min_samples_split': 6, 'n_estimators': 530}",0.55,0.8944444444444444,0.6388888888888888,0.8333333333333333,0.6722222222222223,0.7177777777777777,0.12728891992550828,5,0.986842105263158,0.9871794871794872,0.9871794871794872,0.986842105263158,0.9871794871794872,0.9870445344129555,0.00016528270868981104
1.0376129150390625,0.05148946831870368,0.03666524887084961,0.002738637691078513,20,sqrt,3,6,330,"{'max_depth': 20, 'max_features': 'sqrt', 'min_samples_leaf': 3, 'min_samples_split': 6, 'n_estimators': 330}",0.55,0.8944444444444444,0.6388888888888888,0.8333333333333333,0.6722222222222223,0.7177777777777777,0.12728891992550828,5,0.986842105263158,0.9740215924426451,0.9743589743589743,0.986842105263158,0.9740215924426451,0.9792172739541162,0.006226867473716272
1.699334478378296,0.028722420909509126,0.052988100051879886,0.0024952308468353004,,sqrt,3,6,530,"{'max_depth': None, 'max_features': 'sqrt', 'min_samples_leaf': 3, 'min_samples_split': 6, 'n_estimators': 530}",0.55,0.8944444444444444,0.6388888888888888,0.8333333333333333,0.6722222222222223,0.7177777777777777,0.12728891992550828,5,0.986842105263158,0.9871794871794872,0.9871794871794872,0.986842105263158,0.9871794871794872,0.9870445344129555,0.00016528270868981104
1.570627498626709,0.14360919136958467,0.037088966369628905,0.00784089355411798,20,,3,6,330,"{'max_depth': 20, 'max_features': None, 'min_samples_leaf': 3, 'min_samples_split': 6, 'n_estimators': 330}",0.44999999999999996,0.8944444444444444,0.6944444444444444,0.8333333333333333,0.6777777777777778,0.71,0.15369522511198003,13,0.986842105263158,0.9871794871794872,0.9612010796221322,0.986842105263158,0.9871794871794872,0.9818488529014846,0.01032498913609003
1.383762741088867,0.07010472762632888,0.035101461410522464,0.00378909597833032,15,,3,6,330,"{'max_depth': 15, 'max_features': None, 'min_samples_leaf': 3, 'min_samples_split': 6, 'n_estimators': 330}",0.44999999999999996,0.8944444444444444,0.6944444444444444,0.8333333333333333,0.6777777777777778,0.71,0.15369522511198003,13,0.986842105263158,0.9871794871794872,0.9612010796221322,0.986842105263158,0.9871794871794872,0.9818488529014846,0.01032498913609003
1.5561238288879395,0.0737790135753435,0.0423701286315918,0.004405131771200667,25,,3,6,330,"{'max_depth': 25, 'max_features': None, 'min_samples_leaf': 3, 'min_samples_split': 6, 'n_estimators': 330}",0.44999999999999996,0.8944444444444444,0.6944444444444444,0.8333333333333333,0.6777777777777778,0.71,0.15369522511198003,13,0.986842105263158,0.9871794871794872,0.9612010796221322,0.986842105263158,0.9871794871794872,0.9818488529014846,0.01032498913609003
2.0886977672576905,0.3521345157320661,0.05194377899169922,0.01240142000621991,,,3,6,330,"{'max_depth': None, 'max_features': None, 'min_samples_leaf': 3, 'min_samples_split': 6, 'n_estimators': 330}",0.44999999999999996,0.8944444444444444,0.6944444444444444,0.8333333333333333,0.6777777777777778,0.71,0.15369522511198003,13,0.986842105263158,0.9871794871794872,0.9612010796221322,0.986842105263158,0.9871794871794872,0.9818488529014846,0.01032498913609003
1.0642518043518066,0.03322566737925445,0.04152379035949707,0.007354595844076648,15,sqrt,2,10,330,"{'max_depth': 15, 'max_features': 'sqrt', 'min_samples_leaf': 2, 'min_samples_split': 10, 'n_estimators': 330}",0.55,0.8444444444444444,0.6388888888888888,0.8888888888888888,0.6222222222222222,0.7088888888888889,0.13299029946987267,17,0.9736842105263157,0.9740215924426451,0.9612010796221322,0.986842105263158,0.9740215924426451,0.9739541160593792,0.008109527226760428
0.9986094474792481,0.01232865783610976,0.04243588447570801,0.012163692644203083,20,log2,2,10,330,"{'max_depth': 20, 'max_features': 'log2', 'min_samples_leaf': 2, 'min_samples_split': 10, 'n_estimators': 330}",0.55,0.8444444444444444,0.6388888888888888,0.8333333333333333,0.6777777777777778,0.7088888888888889,0.11399588469938314,17,0.9736842105263157,0.9740215924426451,0.9483805668016194,0.986842105263158,0.9612010796221322,0.9688259109311741,0.013048613632105625
1.0225359439849853,0.013189362084534376,0.03811063766479492,0.0030865607872284165,20,sqrt,2,10,330,"{'max_depth': 20, 'max_features': 'sqrt', 'min_samples_leaf': 2, 'min_samples_split': 10, 'n_estimators': 330}",0.55,0.8444444444444444,0.6388888888888888,0.8888888888888888,0.6222222222222222,0.7088888888888889,0.13299029946987267,17,0.9736842105263157,0.9740215924426451,0.9612010796221322,0.986842105263158,0.9740215924426451,0.9739541160593792,0.008109527226760428
1.0257845401763916,0.01498865259486656,0.03984198570251465,0.0029942499564990254,15,sqrt,2,8,330,"{'max_depth': 15, 'max_features': 'sqrt', 'min_samples_leaf': 2, 'min_samples_split': 8, 'n_estimators': 330}",0.55,0.8444444444444444,0.6388888888888888,0.8888888888888888,0.6222222222222222,0.7088888888888889,0.13299029946987267,17,0.986842105263158,0.9871794871794872,0.9871794871794872,0.986842105263158,0.9740215924426451,0.984412955465587,0.005197871841449618
2.2459231853485107,0.022588598486520648,0.07311015129089356,0.005338199951963288,25,log2,2,8,730,"{'max_depth': 25, 'max_features': 'log2', 'min_samples_leaf': 2, 'min_samples_split': 8, 'n_estimators': 730}",0.55,0.8444444444444444,0.6388888888888888,0.8333333333333333,0.6777777777777778,0.7088888888888889,0.11399588469938314,17,0.986842105263158,0.9871794871794872,0.9871794871794872,0.986842105263158,0.9871794871794872,0.9870445344129555,0.00016528270868981104
1.1656782627105713,0.10624323273211082,0.04424552917480469,0.013043089494201826,,log2,2,10,330,"{'max_depth': None, 'max_features': 'log2', 'min_samples_leaf': 2, 'min_samples_split': 10, 'n_estimators': 330}",0.55,0.8444444444444444,0.6388888888888888,0.8333333333333333,0.6777777777777778,0.7088888888888889,0.11399588469938314,17,0.9736842105263157,0.9740215924426451,0.9483805668016194,0.986842105263158,0.9612010796221322,0.9688259109311741,0.013048613632105625
1.0030453681945801,0.011905638721611548,0.035518217086791995,0.002606928495696057,,sqrt,2,8,330,"{'max_depth': None, 'max_features': 'sqrt', 'min_samples_leaf': 2, 'min_samples_split': 8, 'n_estimators': 330}",0.55,0.8444444444444444,0.6388888888888888,0.8888888888888888,0.6222222222222222,0.7088888888888889,0.13299029946987267,17,0.986842105263158,0.9871794871794872,0.9871794871794872,0.986842105263158,0.9740215924426451,0.984412955465587,0.005197871841449618
2.6096023082733155,0.17734289517909144,0.07343153953552246,0.005196459224336254,,log2,2,8,730,"{'max_depth': None, 'max_features': 'log2', 'min_samples_leaf': 2, 'min_samples_split': 8, 'n_estimators': 730}",0.55,0.8444444444444444,0.6388888888888888,0.8333333333333333,0.6777777777777778,0.7088888888888889,0.11399588469938314,17,0.986842105263158,0.9871794871794872,0.9871794871794872,0.986842105263158,0.9871794871794872,0.9870445344129555,0.00016528270868981104
2.2073441982269286,0.02516099210116505,0.08444099426269532,0.019838244206040623,20,log2,2,8,730,"{'max_depth': 20, 'max_features': 'log2', 'min_samples_leaf': 2, 'min_samples_split': 8, 'n_estimators': 730}",0.55,0.8444444444444444,0.6388888888888888,0.8333333333333333,0.6777777777777778,0.7088888888888889,0.11399588469938314,17,0.986842105263158,0.9871794871794872,0.9871794871794872,0.986842105263158,0.9871794871794872,0.9870445344129555,0.00016528270868981104
0.9821276187896728,0.015521818101987349,0.03742265701293945,0.005350529795569877,25,log2,2,10,330,"{'max_depth': 25, 'max_features': 'log2', 'min_samples_leaf': 2, 'min_samples_split': 10, 'n_estimators': 330}",0.55,0.8444444444444444,0.6388888888888888,0.8333333333333333,0.6777777777777778,0.7088888888888889,0.11399588469938314,17,0.9736842105263157,0.9740215924426451,0.9483805668016194,0.986842105263158,0.9612010796221322,0.9688259109311741,0.013048613632105625
1.0073209285736084,0.006720543891229473,0.03376021385192871,0.002608538763950637,,sqrt,2,10,330,"{'max_depth': None, 'max_features': 'sqrt', 'min_samples_leaf': 2, 'min_samples_split': 10, 'n_estimators': 330}",0.55,0.8444444444444444,0.6388888888888888,0.8888888888888888,0.6222222222222222,0.7088888888888889,0.13299029946987267,17,0.9736842105263157,0.9740215924426451,0.9612010796221322,0.986842105263158,0.9740215924426451,0.9739541160593792,0.008109527226760428
0.9981157302856445,0.009642187236183325,0.03805394172668457,0.0033961623536444157,20,sqrt,2,8,330,"{'max_depth': 20, 'max_features': 'sqrt', 'min_samples_leaf': 2, 'min_samples_split': 8, 'n_estimators': 330}",0.55,0.8444444444444444,0.6388888888888888,0.8888888888888888,0.6222222222222222,0.7088888888888889,0.13299029946987267,17,0.986842105263158,0.9871794871794872,0.9871794871794872,0.986842105263158,0.9740215924426451,0.984412955465587,0.005197871841449618
2.2221115112304686,0.018613957091740473,0.07759137153625488,0.006882787999149175,15,log2,2,8,730,"{'max_depth': 15, 'max_features': 'log2', 'min_samples_leaf': 2, 'min_samples_split': 8, 'n_estimators': 730}",0.55,0.8444444444444444,0.6388888888888888,0.8333333333333333,0.6777777777777778,0.7088888888888889,0.11399588469938314,17,0.986842105263158,0.9871794871794872,0.9871794871794872,0.986842105263158,0.9871794871794872,0.9870445344129555,0.00016528270868981104
1.0119836807250977,0.0180744788567447,0.036017990112304686,0.0038466432024523074,15,log2,2,10,330,"{'max_depth': 15, 'max_features': 'log2', 'min_samples_leaf': 2, 'min_samples_split': 10, 'n_estimators': 330}",0.55,0.8444444444444444,0.6388888888888888,0.8333333333333333,0.6777777777777778,0.7088888888888889,0.11399588469938314,17,0.9736842105263157,0.9740215924426451,0.9483805668016194,0.986842105263158,0.9612010796221322,0.9688259109311741,0.013048613632105625
1.029076337814331,0.02185567736454532,0.035888957977294925,0.00378834194073196,25,sqrt,2,10,330,"{'max_depth': 25, 'max_features': 'sqrt', 'min_samples_leaf': 2, 'min_samples_split': 10, 'n_estimators': 330}",0.55,0.8444444444444444,0.6388888888888888,0.8888888888888888,0.6222222222222222,0.7088888888888889,0.13299029946987267,17,0.9736842105263157,0.9740215924426451,0.9612010796221322,0.986842105263158,0.9740215924426451,0.9739541160593792,0.008109527226760428
1.0085135459899903,0.015863235543411573,0.03764872550964356,0.005507012060111765,25,sqrt,2,8,330,"{'max_depth': 25, 'max_features': 'sqrt', 'min_samples_leaf': 2, 'min_samples_split': 8, 'n_estimators': 330}",0.55,0.8444444444444444,0.6388888888888888,0.8888888888888888,0.6222222222222222,0.7088888888888889,0.13299029946987267,17,0.986842105263158,0.9871794871794872,0.9871794871794872,0.986842105263158,0.9740215924426451,0.984412955465587,0.005197871841449618
1.0207517623901368,0.011674585922942524,0.041732406616210936,0.007491853098181556,15,sqrt,2,6,330,"{'max_depth': 15, 'max_features': 'sqrt', 'min_samples_leaf': 2, 'min_samples_split': 6, 'n_estimators': 330}",0.55,0.8444444444444444,0.6388888888888888,0.8333333333333333,0.6722222222222223,0.7077777777777777,0.11432032103903983,33,1.0,0.9871794871794872,0.9871794871794872,0.986842105263158,0.9871794871794872,0.9896761133603238,0.005163596887910639
1.068791151046753,0.051325190704277136,0.036498498916625974,0.004421921151895253,,sqrt,2,6,330,"{'max_depth': None, 'max_features': 'sqrt', 'min_samples_leaf': 2, 'min_samples_split': 6, 'n_estimators': 330}",0.55,0.8444444444444444,0.6388888888888888,0.8333333333333333,0.6722222222222223,0.7077777777777777,0.11432032103903983,33,1.0,0.9871794871794872,0.9871794871794872,0.986842105263158,0.9871794871794872,0.9896761133603238,0.005163596887910639
1.0346287727355956,0.036967651116787924,0.03741168975830078,0.0012581054695999087,20,sqrt,2,6,330,"{'max_depth': 20, 'max_features': 'sqrt', 'min_samples_leaf': 2, 'min_samples_split': 6, 'n_estimators': 330}",0.55,0.8444444444444444,0.6388888888888888,0.8333333333333333,0.6722222222222223,0.7077777777777777,0.11432032103903983,33,1.0,0.9871794871794872,0.9871794871794872,0.986842105263158,0.9871794871794872,0.9896761133603238,0.005163596887910639
1.0226889610290528,0.014913248439779245,0.03899965286254883,0.0013599914260679503,25,sqrt,2,6,330,"{'max_depth': 25, 'max_features': 'sqrt', 'min_samples_leaf': 2, 'min_samples_split': 6, 'n_estimators': 330}",0.55,0.8444444444444444,0.6388888888888888,0.8333333333333333,0.6722222222222223,0.7077777777777777,0.11432032103903983,33,1.0,0.9871794871794872,0.9871794871794872,0.986842105263158,0.9871794871794872,0.9896761133603238,0.005163596887910639
1.3188250541687012,0.016527659104817793,0.039255619049072266,0.0068994905621117516,15,,2,10,330,"{'max_depth': 15, 'max_features': None, 'min_samples_leaf': 2, 'min_samples_split': 10, 'n_estimators': 330}",0.55,0.8944444444444444,0.6388888888888888,0.8333333333333333,0.6222222222222222,0.7077777777777776,0.13233888410785988,37,0.986842105263158,0.9871794871794872,0.9871794871794872,0.986842105263158,0.9871794871794872,0.9870445344129555,0.00016528270868981104
2.295812559127808,0.015415002073267082,0.0767892837524414,0.003536652697363891,20,sqrt,3,6,730,"{'max_depth': 20, 'max_features': 'sqrt', 'min_samples_leaf': 3, 'min_samples_split': 6, 'n_estimators': 730}",0.55,0.8944444444444444,0.6388888888888888,0.8333333333333333,0.6222222222222222,0.7077777777777776,0.13233888410785988,37,0.9736842105263158,0.9871794871794872,0.9871794871794872,0.986842105263158,0.9871794871794872,0.9844129554655872,0.005365963657778968
1.0360665798187256,0.02210979932659636,0.036738920211791995,0.0026324718654530165,20,sqrt,3,8,330,"{'max_depth': 20, 'max_features': 'sqrt', 'min_samples_leaf': 3, 'min_samples_split': 8, 'n_estimators': 330}",0.55,0.8944444444444444,0.6388888888888888,0.8333333333333333,0.6222222222222222,0.7077777777777776,0.13233888410785988,37,0.9736842105263157,0.9740215924426451,0.9352226720647774,0.986842105263158,0.9740215924426451,0.9687584345479083,0.01750046538182265
1.587940788269043,0.114128892972388,0.03967041969299316,0.009713477123152197,25,,2,8,330,"{'max_depth': 25, 'max_features': None, 'min_samples_leaf': 2, 'min_samples_split': 8, 'n_estimators': 330}",0.55,0.8944444444444444,0.6388888888888888,0.8333333333333333,0.6222222222222222,0.7077777777777776,0.13233888410785988,37,0.986842105263158,1.0,0.9871794871794872,1.0,0.9871794871794872,0.9922402159244263,0.00633703475404796
1.60632643699646,0.014792304973070401,0.056343460083007814,0.0033981124481393702,20,sqrt,3,8,530,"{'max_depth': 20, 'max_features': 'sqrt', 'min_samples_leaf': 3, 'min_samples_split': 8, 'n_estimators': 530}",0.55,0.8944444444444444,0.6388888888888888,0.8333333333333333,0.6222222222222222,0.7077777777777776,0.13233888410785988,37,0.9736842105263158,0.9740215924426451,0.9483805668016194,0.986842105263158,0.9612010796221322,0.9688259109311741,0.013048613632105634
1.0327066421508788,0.043063499300427424,0.03948888778686523,0.004574427049642587,20,sqrt,4,6,330,"{'max_depth': 20, 'max_features': 'sqrt', 'min_samples_leaf': 4, 'min_samples_split': 6, 'n_estimators': 330}",0.55,0.8944444444444444,0.6388888888888888,0.8333333333333333,0.6222222222222222,0.7077777777777776,0.13233888410785988,37,0.9473684210526316,0.9740215924426451,0.9352226720647774,0.986842105263158,0.9612010796221322,0.9609311740890689,0.01837217244768398
1.6057923793792725,0.00742086197388414,0.058084630966186525,0.0042413889935222935,20,log2,2,6,530,"{'max_depth': 20, 'max_features': 'log2', 'min_samples_leaf': 2, 'min_samples_split': 6, 'n_estimators': 530}",0.55,0.8944444444444444,0.6388888888888888,0.8333333333333333,0.6222222222222222,0.7077777777777776,0.13233888410785988,37,0.986842105263158,0.9871794871794872,1.0,0.986842105263158,0.9871794871794872,0.989608636977058,0.005197871841449574
1.668311309814453,0.025071532257582872,0.057197856903076175,0.002088676493242433,20,log2,3,6,530,"{'max_depth': 20, 'max_features': 'log2', 'min_samples_leaf': 3, 'min_samples_split': 6, 'n_estimators': 530}",0.55,0.8944444444444444,0.6388888888888888,0.8333333333333333,0.6222222222222222,0.7077777777777776,0.13233888410785988,37,0.9736842105263158,0.9871794871794872,0.9743589743589743,0.986842105263158,0.9871794871794872,0.9818488529014846,0.00639567914227953
1.3863436698913574,0.09329118935023778,0.044936609268188474,0.009100931726568543,20,,2,10,330,"{'max_depth': 20, 'max_features': None, 'min_samples_leaf': 2, 'min_samples_split': 10, 'n_estimators': 330}",0.55,0.8944444444444444,0.6388888888888888,0.8333333333333333,0.6222222222222222,0.7077777777777776,0.13233888410785988,37,0.986842105263158,0.9871794871794872,0.9871794871794872,0.986842105263158,0.9871794871794872,0.9870445344129555,0.00016528270868981104
1.6715652465820312,0.09390697189241022,0.04088826179504394,0.003568129306003676,25,,2,10,330,"{'max_depth': 25, 'max_features': None, 'min_samples_leaf': 2, 'min_samples_split': 10, 'n_estimators': 330}",0.55,0.8944444444444444,0.6388888888888888,0.8333333333333333,0.6222222222222222,0.7077777777777776,0.13233888410785988,37,0.986842105263158,0.9871794871794872,0.9871794871794872,0.986842105263158,0.9871794871794872,0.9870445344129555,0.00016528270868981104
1.3309627532958985,0.02131648899731716,0.035467910766601565,0.004311239835006273,20,,2,8,330,"{'max_depth': 20, 'max_features': None, 'min_samples_leaf': 2, 'min_samples_split': 8, 'n_estimators': 330}",0.55,0.8944444444444444,0.6388888888888888,0.8333333333333333,0.6222222222222222,0.7077777777777776,0.13233888410785988,37,0.986842105263158,1.0,0.9871794871794872,1.0,0.9871794871794872,0.9922402159244263,0.00633703475404796
1.0285358428955078,0.021289376473225412,0.03710155487060547,0.004184035593157192,20,sqrt,4,8,330,"{'max_depth': 20, 'max_features': 'sqrt', 'min_samples_leaf': 4, 'min_samples_split': 8, 'n_estimators': 330}",0.55,0.8944444444444444,0.6388888888888888,0.8333333333333333,0.6222222222222222,0.7077777777777776,0.13233888410785988,37,0.9473684210526316,0.9740215924426451,0.9352226720647774,0.986842105263158,0.9612010796221322,0.9609311740890689,0.01837217244768398
1.665852928161621,0.2284136300083062,0.05754776000976562,0.007053142291222522,,,2,10,330,"{'max_depth': None, 'max_features': None, 'min_samples_leaf': 2, 'min_samples_split': 10, 'n_estimators': 330}",0.55,0.8944444444444444,0.6388888888888888,0.8333333333333333,0.6222222222222222,0.7077777777777776,0.13233888410785988,37,0.986842105263158,0.9871794871794872,0.9871794871794872,0.986842105263158,0.9871794871794872,0.9870445344129555,0.00016528270868981104
2.2143601417541503,0.025925202534712827,0.0746924877166748,0.0031696334701820958,20,log2,3,8,730,"{'max_depth': 20, 'max_features': 'log2', 'min_samples_leaf': 3, 'min_samples_split': 8, 'n_estimators': 730}",0.55,0.8944444444444444,0.6388888888888888,0.8333333333333333,0.6222222222222222,0.7077777777777776,0.13233888410785988,37,0.9736842105263158,0.9740215924426451,0.9615384615384616,0.986842105263158,0.9743589743589743,0.9740890688259108,0.008004985870760243
1.342434787750244,0.017144032827773232,0.035191011428833005,0.003355933818760666,,,2,8,330,"{'max_depth': None, 'max_features': None, 'min_samples_leaf': 2, 'min_samples_split': 8, 'n_estimators': 330}",0.55,0.8944444444444444,0.6388888888888888,0.8333333333333333,0.6222222222222222,0.7077777777777776,0.13233888410785988,37,0.986842105263158,1.0,0.9871794871794872,1.0,0.9871794871794872,0.9922402159244263,0.00633703475404796
1.6001784324645996,0.027376297978075666,0.05415430068969727,0.002857460047006629,20,log2,3,8,530,"{'max_depth': 20, 'max_features': 'log2', 'min_samples_leaf': 3, 'min_samples_split': 8, 'n_estimators': 530}",0.55,0.8944444444444444,0.6388888888888888,0.8333333333333333,0.6222222222222222,0.7077777777777776,0.13233888410785988,37,0.9605263157894737,0.9740215924426451,0.9483805668016194,0.986842105263158,0.9743589743589743,0.9688259109311741,0.013183994323152318
1.0046788692474364,0.013887358445698682,0.03705706596374512,0.0019909113467441574,20,log2,3,8,330,"{'max_depth': 20, 'max_features': 'log2', 'min_samples_leaf': 3, 'min_samples_split': 8, 'n_estimators': 330}",0.55,0.8944444444444444,0.6388888888888888,0.8333333333333333,0.6222222222222222,0.7077777777777776,0.13233888410785988,37,0.9605263157894737,0.9740215924426451,0.9483805668016194,0.986842105263158,0.9612010796221322,0.9661943319838058,0.013130009553528011
2.209499406814575,0.01977659867985327,0.07746300697326661,0.006822193550110742,20,log2,3,6,730,"{'max_depth': 20, 'max_features': 'log2', 'min_samples_leaf': 3, 'min_samples_split': 6, 'n_estimators': 730}",0.55,0.8944444444444444,0.6388888888888888,0.8333333333333333,0.6222222222222222,0.7077777777777776,0.13233888410785988,37,0.9736842105263158,0.9871794871794872,0.9743589743589743,0.986842105263158,0.9871794871794872,0.9818488529014846,0.00639567914227953
1.0061349391937255,0.03544164957780586,0.037473297119140624,0.002981065765548054,,log2,2,6,330,"{'max_depth': None, 'max_features': 'log2', 'min_samples_leaf': 2, 'min_samples_split': 6, 'n_estimators': 330}",0.55,0.8944444444444444,0.6388888888888888,0.8333333333333333,0.6222222222222222,0.7077777777777776,0.13233888410785988,37,0.986842105263158,0.9871794871794872,1.0,1.0,1.0,0.9948043184885289,0.0063642786086648
0.9948626518249511,0.012973976413907216,0.03798494338989258,0.00350002423142027,20,log2,2,6,330,"{'max_depth': 20, 'max_features': 'log2', 'min_samples_leaf': 2, 'min_samples_split': 6, 'n_estimators': 330}",0.55,0.8944444444444444,0.6388888888888888,0.8333333333333333,0.6222222222222222,0.7077777777777776,0.13233888410785988,37,0.986842105263158,0.9871794871794872,1.0,1.0,1.0,0.9948043184885289,0.0063642786086648
1.3508198261260986,0.021782501062360158,0.03730764389038086,0.0036620475178948215,15,,2,8,330,"{'max_depth': 15, 'max_features': None, 'min_samples_leaf': 2, 'min_samples_split': 8, 'n_estimators': 330}",0.55,0.8944444444444444,0.6388888888888888,0.8333333333333333,0.6222222222222222,0.7077777777777776,0.13233888410785988,37,0.986842105263158,1.0,0.9871794871794872,1.0,0.9871794871794872,0.9922402159244263,0.00633703475404796
0.9608619689941407,0.004971391292671223,0.03371448516845703,0.003944216855873866,15,log2,2,6,330,"{'max_depth': 15, 'max_features': 'log2', 'min_samples_leaf': 2, 'min_samples_split': 6, 'n_estimators': 330}",0.55,0.8944444444444444,0.6388888888888888,0.8333333333333333,0.6222222222222222,0.7077777777777776,0.13233888410785988,37,0.986842105263158,0.9871794871794872,1.0,1.0,1.0,0.9948043184885289,0.0063642786086648
2.2870261669158936,0.06502823086897104,0.07439169883728028,0.003996439610500154,15,sqrt,3,6,730,"{'max_depth': 15, 'max_features': 'sqrt', 'min_samples_leaf': 3, 'min_samples_split': 6, 'n_estimators': 730}",0.55,0.8944444444444444,0.6388888888888888,0.8333333333333333,0.6222222222222222,0.7077777777777776,0.13233888410785988,37,0.9736842105263158,0.9871794871794872,0.9871794871794872,0.986842105263158,0.9871794871794872,0.9844129554655872,0.005365963657778968
1.015657663345337,0.01733592406710666,0.03579158782958984,0.0027599331726266504,15,sqrt,3,8,330,"{'max_depth': 15, 'max_features': 'sqrt', 'min_samples_leaf': 3, 'min_samples_split': 8, 'n_estimators': 330}",0.55,0.8944444444444444,0.6388888888888888,0.8333333333333333,0.6222222222222222,0.7077777777777776,0.13233888410785988,37,0.9736842105263157,0.9740215924426451,0.9352226720647774,0.986842105263158,0.9740215924426451,0.9687584345479083,0.01750046538182265
0.9996827602386474,0.013199948787125932,0.03712010383605957,0.0021467130060106366,25,log2,3,8,330,"{'max_depth': 25, 'max_features': 'log2', 'min_samples_leaf': 3, 'min_samples_split': 8, 'n_estimators': 330}",0.55,0.8944444444444444,0.6388888888888888,0.8333333333333333,0.6222222222222222,0.7077777777777776,0.13233888410785988,37,0.9605263157894737,0.9740215924426451,0.9483805668016194,0.986842105263158,0.9612010796221322,0.9661943319838058,0.013130009553528011
1.6114758014678956,0.021769072487391693,0.05570859909057617,0.002164006783654454,,log2,3,6,530,"{'max_depth': None, 'max_features': 'log2', 'min_samples_leaf': 3, 'min_samples_split': 6, 'n_estimators': 530}",0.55,0.8944444444444444,0.6388888888888888,0.8333333333333333,0.6222222222222222,0.7077777777777776,0.13233888410785988,37,0.9736842105263158,0.9871794871794872,0.9743589743589743,0.986842105263158,0.9871794871794872,0.9818488529014846,0.00639567914227953
1.6079468727111816,0.018127289754942846,0.05642013549804688,0.0025910638963876236,25,log2,3,8,530,"{'max_depth': 25, 'max_features': 'log2', 'min_samples_leaf': 3, 'min_samples_split': 8, 'n_estimators': 530}",0.55,0.8944444444444444,0.6388888888888888,0.8333333333333333,0.6222222222222222,0.7077777777777776,0.13233888410785988,37,0.9605263157894737,0.9740215924426451,0.9483805668016194,0.986842105263158,0.9743589743589743,0.9688259109311741,0.013183994323152318
2.2532485008239744,0.02480074060666199,0.08227005004882812,0.0039509636236416965,25,log2,3,8,730,"{'max_depth': 25, 'max_features': 'log2', 'min_samples_leaf': 3, 'min_samples_split': 8, 'n_estimators': 730}",0.55,0.8944444444444444,0.6388888888888888,0.8333333333333333,0.6222222222222222,0.7077777777777776,0.13233888410785988,37,0.9736842105263158,0.9740215924426451,0.9615384615384616,0.986842105263158,0.9743589743589743,0.9740890688259108,0.008004985870760243
1.6083606243133546,0.007370506879646401,0.05448594093322754,0.004706379015997396,,sqrt,3,8,530,"{'max_depth': None, 'max_features': 'sqrt', 'min_samples_leaf': 3, 'min_samples_split': 8, 'n_estimators': 530}",0.55,0.8944444444444444,0.6388888888888888,0.8333333333333333,0.6222222222222222,0.7077777777777776,0.13233888410785988,37,0.9736842105263158,0.9740215924426451,0.9483805668016194,0.986842105263158,0.9612010796221322,0.9688259109311741,0.013048613632105634
2.2157506465911867,0.029316607340368957,0.07530121803283692,0.004125281547200068,,log2,3,6,730,"{'max_depth': None, 'max_features': 'log2', 'min_samples_leaf': 3, 'min_samples_split': 6, 'n_estimators': 730}",0.55,0.8944444444444444,0.6388888888888888,0.8333333333333333,0.6222222222222222,0.7077777777777776,0.13233888410785988,37,0.9736842105263158,0.9871794871794872,0.9743589743589743,0.986842105263158,0.9871794871794872,0.9818488529014846,0.00639567914227953
1.0041030406951905,0.018491009299072447,0.03639078140258789,0.003402366271350804,,log2,3,8,330,"{'max_depth': None, 'max_features': 'log2', 'min_samples_leaf': 3, 'min_samples_split': 8, 'n_estimators': 330}",0.55,0.8944444444444444,0.6388888888888888,0.8333333333333333,0.6222222222222222,0.7077777777777776,0.13233888410785988,37,0.9605263157894737,0.9740215924426451,0.9483805668016194,0.986842105263158,0.9612010796221322,0.9661943319838058,0.013130009553528011
1.6138127326965332,0.02063640417563701,0.05510611534118652,0.002331846988203975,,log2,3,8,530,"{'max_depth': None, 'max_features': 'log2', 'min_samples_leaf': 3, 'min_samples_split': 8, 'n_estimators': 530}",0.55,0.8944444444444444,0.6388888888888888,0.8333333333333333,0.6222222222222222,0.7077777777777776,0.13233888410785988,37,0.9605263157894737,0.9740215924426451,0.9483805668016194,0.986842105263158,0.9743589743589743,0.9688259109311741,0.013183994323152318
2.243088960647583,0.02984224894958725,0.07444496154785156,0.00457849877753884,,log2,3,8,730,"{'max_depth': None, 'max_features': 'log2', 'min_samples_leaf': 3, 'min_samples_split': 8, 'n_estimators': 730}",0.55,0.8944444444444444,0.6388888888888888,0.8333333333333333,0.6222222222222222,0.7077777777777776,0.13233888410785988,37,0.9736842105263158,0.9740215924426451,0.9615384615384616,0.986842105263158,0.9743589743589743,0.9740890688259108,0.008004985870760243
1.3764586448669434,0.06697948442784223,0.049846649169921875,0.010538233199522665,25,sqrt,4,8,330,"{'max_depth': 25, 'max_features': 'sqrt', 'min_samples_leaf': 4, 'min_samples_split': 8, 'n_estimators': 330}",0.55,0.8944444444444444,0.6388888888888888,0.8333333333333333,0.6222222222222222,0.7077777777777776,0.13233888410785988,37,0.9473684210526316,0.9740215924426451,0.9352226720647774,0.986842105263158,0.9612010796221322,0.9609311740890689,0.01837217244768398
0.9893739700317383,0.016628595981250775,0.037485599517822266,0.002207255651769027,25,sqrt,4,6,330,"{'max_depth': 25, 'max_features': 'sqrt', 'min_samples_leaf': 4, 'min_samples_split': 6, 'n_estimators': 330}",0.55,0.8944444444444444,0.6388888888888888,0.8333333333333333,0.6222222222222222,0.7077777777777776,0.13233888410785988,37,0.9473684210526316,0.9740215924426451,0.9352226720647774,0.986842105263158,0.9612010796221322,0.9609311740890689,0.01837217244768398
2.1922683238983156,0.02185706136209676,0.07898492813110351,0.004768128313534869,15,log2,3,8,730,"{'max_depth': 15, 'max_features': 'log2', 'min_samples_leaf': 3, 'min_samples_split': 8, 'n_estimators': 730}",0.55,0.8944444444444444,0.6388888888888888,0.8333333333333333,0.6222222222222222,0.7077777777777776,0.13233888410785988,37,0.9736842105263158,0.9740215924426451,0.9615384615384616,0.986842105263158,0.9743589743589743,0.9740890688259108,0.008004985870760243
1.6022777557373047,0.006517798232482002,0.058335161209106444,0.001065819079541793,15,log2,3,8,530,"{'max_depth': 15, 'max_features': 'log2', 'min_samples_leaf': 3, 'min_samples_split': 8, 'n_estimators': 530}",0.55,0.8944444444444444,0.6388888888888888,0.8333333333333333,0.6222222222222222,0.7077777777777776,0.13233888410785988,37,0.9605263157894737,0.9740215924426451,0.9483805668016194,0.986842105263158,0.9743589743589743,0.9688259109311741,0.013183994323152318
1.0072553634643555,0.007791523643630105,0.03555459976196289,0.0017057441950601817,15,log2,3,8,330,"{'max_depth': 15, 'max_features': 'log2', 'min_samples_leaf': 3, 'min_samples_split': 8, 'n_estimators': 330}",0.55,0.8944444444444444,0.6388888888888888,0.8333333333333333,0.6222222222222222,0.7077777777777776,0.13233888410785988,37,0.9605263157894737,0.9740215924426451,0.9483805668016194,0.986842105263158,0.9612010796221322,0.9661943319838058,0.013130009553528011
2.2328843593597414,0.017325797424900036,0.07538471221923829,0.0038686071228229346,15,log2,3,6,730,"{'max_depth': 15, 'max_features': 'log2', 'min_samples_leaf': 3, 'min_samples_split': 6, 'n_estimators': 730}",0.55,0.8944444444444444,0.6388888888888888,0.8333333333333333,0.6222222222222222,0.7077777777777776,0.13233888410785988,37,0.9736842105263158,0.9871794871794872,0.9743589743589743,0.986842105263158,0.9871794871794872,0.9818488529014846,0.00639567914227953
1.6433507919311523,0.03288529317280269,0.05764284133911133,0.0061472586395607395,15,log2,3,6,530,"{'max_depth': 15, 'max_features': 'log2', 'min_samples_leaf': 3, 'min_samples_split': 6, 'n_estimators': 530}",0.55,0.8944444444444444,0.6388888888888888,0.8333333333333333,0.6222222222222222,0.7077777777777776,0.13233888410785988,37,0.9736842105263158,0.9871794871794872,0.9743589743589743,0.986842105263158,0.9871794871794872,0.9818488529014846,0.00639567914227953
2.209115982055664,0.016333450903459886,0.07325010299682617,0.0051650927580037505,25,sqrt,3,6,730,"{'max_depth': 25, 'max_features': 'sqrt', 'min_samples_leaf': 3, 'min_samples_split': 6, 'n_estimators': 730}",0.55,0.8944444444444444,0.6388888888888888,0.8333333333333333,0.6222222222222222,0.7077777777777776,0.13233888410785988,37,0.9736842105263158,0.9871794871794872,0.9871794871794872,0.986842105263158,0.9871794871794872,0.9844129554655872,0.005365963657778968
1.007948064804077,0.01318172968784335,0.037122583389282225,0.002085143339494944,25,sqrt,3,8,330,"{'max_depth': 25, 'max_features': 'sqrt', 'min_samples_leaf': 3, 'min_samples_split': 8, 'n_estimators': 330}",0.55,0.8944444444444444,0.6388888888888888,0.8333333333333333,0.6222222222222222,0.7077777777777776,0.13233888410785988,37,0.9736842105263157,0.9740215924426451,0.9352226720647774,0.986842105263158,0.9740215924426451,0.9687584345479083,0.01750046538182265
1.6263659954071046,0.03203220745557201,0.05263495445251465,0.001439139113927311,25,sqrt,3,8,530,"{'max_depth': 25, 'max_features': 'sqrt', 'min_samples_leaf': 3, 'min_samples_split': 8, 'n_estimators': 530}",0.55,0.8944444444444444,0.6388888888888888,0.8333333333333333,0.6222222222222222,0.7077777777777776,0.13233888410785988,37,0.9736842105263158,0.9740215924426451,0.9483805668016194,0.986842105263158,0.9612010796221322,0.9688259109311741,0.013048613632105634
1.7538848400115967,0.0303089778262071,0.06821322441101074,0.013816512317619925,15,log2,2,6,530,"{'max_depth': 15, 'max_features': 'log2', 'min_samples_leaf': 2, 'min_samples_split': 6, 'n_estimators': 530}",0.55,0.8944444444444444,0.6388888888888888,0.8333333333333333,0.6222222222222222,0.7077777777777776,0.13233888410785988,37,0.986842105263158,0.9871794871794872,1.0,0.986842105263158,0.9871794871794872,0.989608636977058,0.005197871841449574
1.6445284366607666,0.015380870517900996,0.05647296905517578,0.004079337678547063,15,sqrt,3,8,530,"{'max_depth': 15, 'max_features': 'sqrt', 'min_samples_leaf': 3, 'min_samples_split': 8, 'n_estimators': 530}",0.55,0.8944444444444444,0.6388888888888888,0.8333333333333333,0.6222222222222222,0.7077777777777776,0.13233888410785988,37,0.9736842105263158,0.9740215924426451,0.9483805668016194,0.986842105263158,0.9612010796221322,0.9688259109311741,0.013048613632105634
2.1938692569732665,0.006899490348891994,0.07390613555908203,0.004183429886751841,25,log2,3,6,730,"{'max_depth': 25, 'max_features': 'log2', 'min_samples_leaf': 3, 'min_samples_split': 6, 'n_estimators': 730}",0.55,0.8944444444444444,0.6388888888888888,0.8333333333333333,0.6222222222222222,0.7077777777777776,0.13233888410785988,37,0.9736842105263158,0.9871794871794872,0.9743589743589743,0.986842105263158,0.9871794871794872,0.9818488529014846,0.00639567914227953
1.6236570835113526,0.03725363034678097,0.05726399421691895,0.003441414051829418,,log2,2,6,530,"{'max_depth': None, 'max_features': 'log2', 'min_samples_leaf': 2, 'min_samples_split': 6, 'n_estimators': 530}",0.55,0.8944444444444444,0.6388888888888888,0.8333333333333333,0.6222222222222222,0.7077777777777776,0.13233888410785988,37,0.986842105263158,0.9871794871794872,1.0,0.986842105263158,0.9871794871794872,0.989608636977058,0.005197871841449574
1.0117074012756349,0.015505872731121204,0.0397834300994873,0.0013742342034548014,,sqrt,3,8,330,"{'max_depth': None, 'max_features': 'sqrt', 'min_samples_leaf': 3, 'min_samples_split': 8, 'n_estimators': 330}",0.55,0.8944444444444444,0.6388888888888888,0.8333333333333333,0.6222222222222222,0.7077777777777776,0.13233888410785988,37,0.9736842105263157,0.9740215924426451,0.9352226720647774,0.986842105263158,0.9740215924426451,0.9687584345479083,0.01750046538182265
1.5953421115875244,0.023733582798205893,0.06059112548828125,0.005315401531606752,25,log2,2,6,530,"{'max_depth': 25, 'max_features': 'log2', 'min_samples_leaf': 2, 'min_samples_split': 6, 'n_estimators': 530}",0.55,0.8944444444444444,0.6388888888888888,0.8333333333333333,0.6222222222222222,0.7077777777777776,0.13233888410785988,37,0.986842105263158,0.9871794871794872,1.0,0.986842105263158,0.9871794871794872,0.989608636977058,0.005197871841449574
1.582702112197876,0.00692058952149014,0.05398297309875488,0.002251363623571189,25,log2,3,6,530,"{'max_depth': 25, 'max_features': 'log2', 'min_samples_leaf': 3, 'min_samples_split': 6, 'n_estimators': 530}",0.55,0.8944444444444444,0.6388888888888888,0.8333333333333333,0.6222222222222222,0.7077777777777776,0.13233888410785988,37,0.9736842105263158,0.9871794871794872,0.9743589743589743,0.986842105263158,0.9871794871794872,0.9818488529014846,0.00639567914227953
1.0037714481353759,0.04489197227280147,0.0384821891784668,0.003964541422380094,15,sqrt,4,8,330,"{'max_depth': 15, 'max_features': 'sqrt', 'min_samples_leaf': 4, 'min_samples_split': 8, 'n_estimators': 330}",0.55,0.8944444444444444,0.6388888888888888,0.8333333333333333,0.6222222222222222,0.7077777777777776,0.13233888410785988,37,0.9473684210526316,0.9740215924426451,0.9352226720647774,0.986842105263158,0.9612010796221322,0.9609311740890689,0.01837217244768398
1.0019631862640381,0.014185572988476967,0.03588647842407226,0.002175668415801055,15,sqrt,4,6,330,"{'max_depth': 15, 'max_features': 'sqrt', 'min_samples_leaf': 4, 'min_samples_split': 6, 'n_estimators': 330}",0.55,0.8944444444444444,0.6388888888888888,0.8333333333333333,0.6222222222222222,0.7077777777777776,0.13233888410785988,37,0.9473684210526316,0.9740215924426451,0.9352226720647774,0.986842105263158,0.9612010796221322,0.9609311740890689,0.01837217244768398
0.9931811332702637,0.008906340866576424,0.036188697814941405,0.0027948736426268443,25,log2,2,6,330,"{'max_depth': 25, 'max_features': 'log2', 'min_samples_leaf': 2, 'min_samples_split': 6, 'n_estimators': 330}",0.55,0.8944444444444444,0.6388888888888888,0.8333333333333333,0.6222222222222222,0.7077777777777776,0.13233888410785988,37,0.986842105263158,0.9871794871794872,1.0,1.0,1.0,0.9948043184885289,0.0063642786086648
1.0054117679595946,0.011280290419382524,0.03766484260559082,0.002672753236685955,,sqrt,4,6,330,"{'max_depth': None, 'max_features': 'sqrt', 'min_samples_leaf': 4, 'min_samples_split': 6, 'n_estimators': 330}",0.55,0.8944444444444444,0.6388888888888888,0.8333333333333333,0.6222222222222222,0.7077777777777776,0.13233888410785988,37,0.9473684210526316,0.9740215924426451,0.9352226720647774,0.986842105263158,0.9612010796221322,0.9609311740890689,0.01837217244768398
1.0115674495697022,0.012466691817035448,0.03645720481872559,0.00251272514025328,,sqrt,4,8,330,"{'max_depth': None, 'max_features': 'sqrt', 'min_samples_leaf': 4, 'min_samples_split': 8, 'n_estimators': 330}",0.55,0.8944444444444444,0.6388888888888888,0.8333333333333333,0.6222222222222222,0.7077777777777776,0.13233888410785988,37,0.9473684210526316,0.9740215924426451,0.9352226720647774,0.986842105263158,0.9612010796221322,0.9609311740890689,0.01837217244768398
2.273001194000244,0.02398974243809993,0.07549209594726562,0.0039611250318800995,,sqrt,3,6,730,"{'max_depth': None, 'max_features': 'sqrt', 'min_samples_leaf': 3, 'min_samples_split': 6, 'n_estimators': 730}",0.55,0.8944444444444444,0.6388888888888888,0.8333333333333333,0.6222222222222222,0.7077777777777776,0.13233888410785988,37,0.9736842105263158,0.9871794871794872,0.9871794871794872,0.986842105263158,0.9871794871794872,0.9844129554655872,0.005365963657778968
2.0962425231933595,0.03616545853746641,0.053868341445922854,0.0035364564055119954,20,,3,8,530,"{'max_depth': 20, 'max_features': None, 'min_samples_leaf': 3, 'min_samples_split': 8, 'n_estimators': 530}",0.44999999999999996,0.8944444444444444,0.6944444444444444,0.8333333333333333,0.6222222222222222,0.6988888888888888,0.15758203820687208,93,0.986842105263158,0.9871794871794872,0.9743589743589743,0.986842105263158,0.9871794871794872,0.9844804318488529,0.0050629774581117904
2.1723724842071532,0.07053122247198522,0.05967240333557129,0.002031692795307989,15,,3,6,530,"{'max_depth': 15, 'max_features': None, 'min_samples_leaf': 3, 'min_samples_split': 6, 'n_estimators': 530}",0.44999999999999996,0.8944444444444444,0.6944444444444444,0.8333333333333333,0.6222222222222222,0.6988888888888888,0.15758203820687208,93,0.986842105263158,0.9871794871794872,0.9743589743589743,0.986842105263158,0.9871794871794872,0.9844804318488529,0.0050629774581117904
2.0526811122894286,0.03182869901234002,0.05498008728027344,0.003833941734591018,25,,3,10,530,"{'max_depth': 25, 'max_features': None, 'min_samples_leaf': 3, 'min_samples_split': 10, 'n_estimators': 530}",0.44999999999999996,0.8944444444444444,0.6944444444444444,0.8333333333333333,0.6222222222222222,0.6988888888888888,0.15758203820687208,93,0.986842105263158,0.9871794871794872,0.9483805668016194,0.986842105263158,0.9871794871794872,0.979284750337382,0.015452828392061996
2.89251594543457,0.01959442556699914,0.07699713706970215,0.0071595961834500154,15,,3,6,730,"{'max_depth': 15, 'max_features': None, 'min_samples_leaf': 3, 'min_samples_split': 6, 'n_estimators': 730}",0.44999999999999996,0.8944444444444444,0.6944444444444444,0.8333333333333333,0.6222222222222222,0.6988888888888888,0.15758203820687208,93,0.986842105263158,0.9871794871794872,0.9871794871794872,0.986842105263158,0.9871794871794872,0.9870445344129555,0.00016528270868981104
3.4263376235961913,0.1708919583735549,0.07764229774475098,0.0065552370387494795,25,,3,6,730,"{'max_depth': 25, 'max_features': None, 'min_samples_leaf': 3, 'min_samples_split': 6, 'n_estimators': 730}",0.44999999999999996,0.8944444444444444,0.6944444444444444,0.8333333333333333,0.6222222222222222,0.6988888888888888,0.15758203820687208,93,0.986842105263158,0.9871794871794872,0.9871794871794872,0.986842105263158,0.9871794871794872,0.9870445344129555,0.00016528270868981104
1.2964133739471435,0.018333331856073002,0.03652744293212891,0.005473635157804025,15,,3,8,330,"{'max_depth': 15, 'max_features': None, 'min_samples_leaf': 3, 'min_samples_split': 8, 'n_estimators': 330}",0.44999999999999996,0.8944444444444444,0.6944444444444444,0.8333333333333333,0.6222222222222222,0.6988888888888888,0.15758203820687208,93,0.986842105263158,0.9871794871794872,0.9612010796221322,0.986842105263158,0.9871794871794872,0.9818488529014846,0.01032498913609003
2.0979663372039794,0.01478518284865953,0.052924299240112306,0.002015340335796746,25,,3,8,530,"{'max_depth': 25, 'max_features': None, 'min_samples_leaf': 3, 'min_samples_split': 8, 'n_estimators': 530}",0.44999999999999996,0.8944444444444444,0.6944444444444444,0.8333333333333333,0.6222222222222222,0.6988888888888888,0.15758203820687208,93,0.986842105263158,0.9871794871794872,0.9743589743589743,0.986842105263158,0.9871794871794872,0.9844804318488529,0.0050629774581117904
2.603999376296997,0.13796840578911693,0.06882271766662598,0.011577319362392773,25,,3,6,530,"{'max_depth': 25, 'max_features': None, 'min_samples_leaf': 3, 'min_samples_split': 6, 'n_estimators': 530}",0.44999999999999996,0.8944444444444444,0.6944444444444444,0.8333333333333333,0.6222222222222222,0.6988888888888888,0.15758203820687208,93,0.986842105263158,0.9871794871794872,0.9743589743589743,0.986842105263158,0.9871794871794872,0.9844804318488529,0.0050629774581117904
1.2920747756958009,0.017917928796153452,0.03332047462463379,0.0037443725196593183,20,,3,8,330,"{'max_depth': 20, 'max_features': None, 'min_samples_leaf': 3, 'min_samples_split': 8, 'n_estimators': 330}",0.44999999999999996,0.8944444444444444,0.6944444444444444,0.8333333333333333,0.6222222222222222,0.6988888888888888,0.15758203820687208,93,0.986842105263158,0.9871794871794872,0.9612010796221322,0.986842105263158,0.9871794871794872,0.9818488529014846,0.01032498913609003
2.1843857765197754,0.03924763391076516,0.05442094802856445,0.0037688064563853193,15,,3,10,530,"{'max_depth': 15, 'max_features': None, 'min_samples_leaf': 3, 'min_samples_split': 10, 'n_estimators': 530}",0.44999999999999996,0.8944444444444444,0.6944444444444444,0.8333333333333333,0.6222222222222222,0.6988888888888888,0.15758203820687208,93,0.986842105263158,0.9871794871794872,0.9483805668016194,0.986842105263158,0.9871794871794872,0.979284750337382,0.015452828392061996
2.8642637729644775,0.05354369945667193,0.07472753524780273,0.003805480187118007,20,,3,6,730,"{'max_depth': 20, 'max_features': None, 'min_samples_leaf': 3, 'min_samples_split': 6, 'n_estimators': 730}",0.44999999999999996,0.8944444444444444,0.6944444444444444,0.8333333333333333,0.6222222222222222,0.6988888888888888,0.15758203820687208,93,0.986842105263158,0.9871794871794872,0.9871794871794872,0.986842105263158,0.9871794871794872,0.9870445344129555,0.00016528270868981104
2.1186535358428955,0.07749235138483865,0.05312280654907227,0.0017867915185528062,20,,3,6,530,"{'max_depth': 20, 'max_features': None, 'min_samples_leaf': 3, 'min_samples_split': 6, 'n_estimators': 530}",0.44999999999999996,0.8944444444444444,0.6944444444444444,0.8333333333333333,0.6222222222222222,0.6988888888888888,0.15758203820687208,93,0.986842105263158,0.9871794871794872,0.9743589743589743,0.986842105263158,0.9871794871794872,0.9844804318488529,0.0050629774581117904
2.16034197807312,0.05771561275132137,0.05655665397644043,0.00721152061321549,,,3,10,530,"{'max_depth': None, 'max_features': None, 'min_samples_leaf': 3, 'min_samples_split': 10, 'n_estimators': 530}",0.44999999999999996,0.8944444444444444,0.6944444444444444,0.8333333333333333,0.6222222222222222,0.6988888888888888,0.15758203820687208,93,0.986842105263158,0.9871794871794872,0.9483805668016194,0.986842105263158,0.9871794871794872,0.979284750337382,0.015452828392061996
2.2546263694763184,0.07979617059349305,0.057439994812011716,0.006056741393496752,,,3,8,530,"{'max_depth': None, 'max_features': None, 'min_samples_leaf': 3, 'min_samples_split': 8, 'n_estimators': 530}",0.44999999999999996,0.8944444444444444,0.6944444444444444,0.8333333333333333,0.6222222222222222,0.6988888888888888,0.15758203820687208,93,0.986842105263158,0.9871794871794872,0.9743589743589743,0.986842105263158,0.9871794871794872,0.9844804318488529,0.0050629774581117904
1.3436054229736327,0.1242032642838099,0.040468692779541016,0.010893435208577922,,,3,8,330,"{'max_depth': None, 'max_features': None, 'min_samples_leaf': 3, 'min_samples_split': 8, 'n_estimators': 330}",0.44999999999999996,0.8944444444444444,0.6944444444444444,0.8333333333333333,0.6222222222222222,0.6988888888888888,0.15758203820687208,93,0.986842105263158,0.9871794871794872,0.9612010796221322,0.986842105263158,0.9871794871794872,0.9818488529014846,0.01032498913609003
3.324909973144531,0.24594380194770404,0.07730274200439453,0.00314632175549043,,,3,6,730,"{'max_depth': None, 'max_features': None, 'min_samples_leaf': 3, 'min_samples_split': 6, 'n_estimators': 730}",0.44999999999999996,0.8944444444444444,0.6944444444444444,0.8333333333333333,0.6222222222222222,0.6988888888888888,0.15758203820687208,93,0.986842105263158,0.9871794871794872,0.9871794871794872,0.986842105263158,0.9871794871794872,0.9870445344129555,0.00016528270868981104
1.475611639022827,0.09042282903918787,0.03605542182922363,0.005408308688429722,25,,3,8,330,"{'max_depth': 25, 'max_features': None, 'min_samples_leaf': 3, 'min_samples_split': 8, 'n_estimators': 330}",0.44999999999999996,0.8944444444444444,0.6944444444444444,0.8333333333333333,0.6222222222222222,0.6988888888888888,0.15758203820687208,93,0.986842105263158,0.9871794871794872,0.9612010796221322,0.986842105263158,0.9871794871794872,0.9818488529014846,0.01032498913609003
3.1038486480712892,0.41629332206938086,0.05258612632751465,0.005994215220823025,,,3,6,530,"{'max_depth': None, 'max_features': None, 'min_samples_leaf': 3, 'min_samples_split': 6, 'n_estimators': 530}",0.44999999999999996,0.8944444444444444,0.6944444444444444,0.8333333333333333,0.6222222222222222,0.6988888888888888,0.15758203820687208,93,0.986842105263158,0.9871794871794872,0.9743589743589743,0.986842105263158,0.9871794871794872,0.9844804318488529,0.0050629774581117904
2.084592914581299,0.032402207284116066,0.05120573043823242,0.0010113846810848599,15,,3,8,530,"{'max_depth': 15, 'max_features': None, 'min_samples_leaf': 3, 'min_samples_split': 8, 'n_estimators': 530}",0.44999999999999996,0.8944444444444444,0.6944444444444444,0.8333333333333333,0.6222222222222222,0.6988888888888888,0.15758203820687208,93,0.986842105263158,0.9871794871794872,0.9743589743589743,0.986842105263158,0.9871794871794872,0.9844804318488529,0.0050629774581117904
2.1290636539459227,0.05143316230671244,0.055646514892578124,0.003715186539650832,20,,3,10,530,"{'max_depth': 20, 'max_features': None, 'min_samples_leaf': 3, 'min_samples_split': 10, 'n_estimators': 530}",0.44999999999999996,0.8944444444444444,0.6944444444444444,0.8333333333333333,0.6222222222222222,0.6988888888888888,0.15758203820687208,93,0.986842105263158,0.9871794871794872,0.9483805668016194,0.986842105263158,0.9871794871794872,0.979284750337382,0.015452828392061996
0.9788544654846192,0.010355355886815647,0.03704667091369629,0.0012763797006431707,25,log2,4,8,330,"{'max_depth': 25, 'max_features': 'log2', 'min_samples_leaf': 4, 'min_samples_split': 8, 'n_estimators': 330}",0.55,0.8444444444444444,0.6388888888888888,0.7777777777777778,0.6777777777777778,0.6977777777777778,0.10355412493050895,113,0.9605263157894737,0.9740215924426451,0.9352226720647774,0.986842105263158,0.9612010796221322,0.9635627530364372,0.0171421889137379
0.9819739818572998,0.010524994452441469,0.03744206428527832,0.0028956680362892916,25,log2,4,6,330,"{'max_depth': 25, 'max_features': 'log2', 'min_samples_leaf': 4, 'min_samples_split': 6, 'n_estimators': 330}",0.55,0.8444444444444444,0.6388888888888888,0.7777777777777778,0.6777777777777778,0.6977777777777778,0.10355412493050895,113,0.9605263157894737,0.9740215924426451,0.9352226720647774,0.986842105263158,0.9612010796221322,0.9635627530364372,0.0171421889137379
1.0041112422943115,0.01675658644779475,0.03511214256286621,0.0039835427059994755,20,log2,4,8,330,"{'max_depth': 20, 'max_features': 'log2', 'min_samples_leaf': 4, 'min_samples_split': 8, 'n_estimators': 330}",0.55,0.8444444444444444,0.6388888888888888,0.7777777777777778,0.6777777777777778,0.6977777777777778,0.10355412493050895,113,0.9605263157894737,0.9740215924426451,0.9352226720647774,0.986842105263158,0.9612010796221322,0.9635627530364372,0.0171421889137379
1.007340431213379,0.013132408538489496,0.03727869987487793,0.0029128088220622436,15,log2,4,8,330,"{'max_depth': 15, 'max_features': 'log2', 'min_samples_leaf': 4, 'min_samples_split': 8, 'n_estimators': 330}",0.55,0.8444444444444444,0.6388888888888888,0.7777777777777778,0.6777777777777778,0.6977777777777778,0.10355412493050895,113,0.9605263157894737,0.9740215924426451,0.9352226720647774,0.986842105263158,0.9612010796221322,0.9635627530364372,0.0171421889137379
1.0266187191009521,0.04353643156110439,0.03821568489074707,0.003242443888661856,15,log2,4,6,330,"{'max_depth': 15, 'max_features': 'log2', 'min_samples_leaf': 4, 'min_samples_split': 6, 'n_estimators': 330}",0.55,0.8444444444444444,0.6388888888888888,0.7777777777777778,0.6777777777777778,0.6977777777777778,0.10355412493050895,113,0.9605263157894737,0.9740215924426451,0.9352226720647774,0.986842105263158,0.9612010796221322,0.9635627530364372,0.0171421889137379
0.9946846485137939,0.009535153740994525,0.03573665618896484,0.003727459402988514,20,log2,4,6,330,"{'max_depth': 20, 'max_features': 'log2', 'min_samples_leaf': 4, 'min_samples_split': 6, 'n_estimators': 330}",0.55,0.8444444444444444,0.6388888888888888,0.7777777777777778,0.6777777777777778,0.6977777777777778,0.10355412493050895,113,0.9605263157894737,0.9740215924426451,0.9352226720647774,0.986842105263158,0.9612010796221322,0.9635627530364372,0.0171421889137379
0.9842167854309082,0.01921546569774482,0.03588457107543945,0.003120112846076313,,log2,4,8,330,"{'max_depth': None, 'max_features': 'log2', 'min_samples_leaf': 4, 'min_samples_split': 8, 'n_estimators': 330}",0.55,0.8444444444444444,0.6388888888888888,0.7777777777777778,0.6777777777777778,0.6977777777777778,0.10355412493050895,113,0.9605263157894737,0.9740215924426451,0.9352226720647774,0.986842105263158,0.9612010796221322,0.9635627530364372,0.0171421889137379
0.9972799777984619,0.047509678612830494,0.0332951545715332,0.003071133131541259,,log2,4,6,330,"{'max_depth': None, 'max_features': 'log2', 'min_samples_leaf': 4, 'min_samples_split': 6, 'n_estimators': 330}",0.55,0.8444444444444444,0.6388888888888888,0.7777777777777778,0.6777777777777778,0.6977777777777778,0.10355412493050895,113,0.9605263157894737,0.9740215924426451,0.9352226720647774,0.986842105263158,0.9612010796221322,0.9635627530364372,0.0171421889137379
1.6415064334869385,0.017996833467266958,0.05631589889526367,0.004028622893484923,20,sqrt,2,8,530,"{'max_depth': 20, 'max_features': 'sqrt', 'min_samples_leaf': 2, 'min_samples_split': 8, 'n_estimators': 530}",0.55,0.8444444444444444,0.6388888888888888,0.8333333333333333,0.6222222222222222,0.6977777777777777,0.11908084192505627,121,0.986842105263158,0.9871794871794872,0.9871794871794872,0.986842105263158,0.9871794871794872,0.9870445344129555,0.00016528270868981104
2.238952875137329,0.025798358596485084,0.07685561180114746,0.0020177293012416963,15,sqrt,3,8,730,"{'max_depth': 15, 'max_features': 'sqrt', 'min_samples_leaf': 3, 'min_samples_split': 8, 'n_estimators': 730}",0.55,0.8444444444444444,0.6388888888888888,0.8333333333333333,0.6222222222222222,0.6977777777777777,0.11908084192505627,121,0.9736842105263158,0.9740215924426451,0.9615384615384616,0.986842105263158,0.9612010796221322,0.9714574898785425,0.009505791622943684
1.8782997131347656,0.1569559157524337,0.056425046920776364,0.004242410344102431,,log2,2,10,530,"{'max_depth': None, 'max_features': 'log2', 'min_samples_leaf': 2, 'min_samples_split': 10, 'n_estimators': 530}",0.55,0.8444444444444444,0.6388888888888888,0.8333333333333333,0.6222222222222222,0.6977777777777777,0.11908084192505627,121,0.9736842105263157,0.9871794871794872,0.9615384615384616,0.986842105263158,0.9871794871794872,0.9792847503373819,0.010276810452629404
1.1652114868164063,0.12674550288580969,0.0380152702331543,0.008398640680452247,25,sqrt,4,10,330,"{'max_depth': 25, 'max_features': 'sqrt', 'min_samples_leaf': 4, 'min_samples_split': 10, 'n_estimators': 330}",0.55,0.8444444444444444,0.6388888888888888,0.8333333333333333,0.6222222222222222,0.6977777777777777,0.11908084192505627,121,0.9473684210526316,0.9740215924426451,0.9352226720647774,0.986842105263158,0.9480431848852902,0.9582995951417004,0.019073987418345262
1.607755994796753,0.010062419626802217,0.054746389389038086,0.0036245497742028263,15,sqrt,3,10,530,"{'max_depth': 15, 'max_features': 'sqrt', 'min_samples_leaf': 3, 'min_samples_split': 10, 'n_estimators': 530}",0.5,0.8944444444444444,0.6388888888888888,0.8333333333333333,0.6222222222222222,0.6977777777777777,0.1451521126352253,121,0.9605263157894737,0.9740215924426451,0.9483805668016194,0.986842105263158,0.9612010796221322,0.9661943319838058,0.013130009553528011
1.578805685043335,0.021596857427089933,0.05144829750061035,0.0012244312012121823,25,log2,2,10,530,"{'max_depth': 25, 'max_features': 'log2', 'min_samples_leaf': 2, 'min_samples_split': 10, 'n_estimators': 530}",0.55,0.8444444444444444,0.6388888888888888,0.8333333333333333,0.6222222222222222,0.6977777777777777,0.11908084192505627,121,0.9736842105263157,0.9871794871794872,0.9615384615384616,0.986842105263158,0.9871794871794872,0.9792847503373819,0.010276810452629404
2.2176069259643554,0.008546233072061524,0.0726099967956543,0.004050482830422908,15,sqrt,3,10,730,"{'max_depth': 15, 'max_features': 'sqrt', 'min_samples_leaf': 3, 'min_samples_split': 10, 'n_estimators': 730}",0.55,0.8444444444444444,0.6388888888888888,0.8333333333333333,0.6222222222222222,0.6977777777777777,0.11908084192505627,121,0.9605263157894737,0.9740215924426451,0.9483805668016194,0.986842105263158,0.9612010796221322,0.9661943319838058,0.013130009553528011
1.6462867259979248,0.026160355874888658,0.057111501693725586,0.004172152703673115,25,log2,2,8,530,"{'max_depth': 25, 'max_features': 'log2', 'min_samples_leaf': 2, 'min_samples_split': 8, 'n_estimators': 530}",0.55,0.8444444444444444,0.6388888888888888,0.8333333333333333,0.6222222222222222,0.6977777777777777,0.11908084192505627,121,0.986842105263158,0.9871794871794872,0.9743589743589743,0.986842105263158,0.9871794871794872,0.9844804318488529,0.0050629774581117904
0.9952991485595704,0.022471508844571726,0.03956537246704102,0.004816353175893998,25,log2,2,8,330,"{'max_depth': 25, 'max_features': 'log2', 'min_samples_leaf': 2, 'min_samples_split': 8, 'n_estimators': 330}",0.55,0.8444444444444444,0.6388888888888888,0.8333333333333333,0.6222222222222222,0.6977777777777777,0.11908084192505627,121,0.986842105263158,0.9740215924426451,0.9743589743589743,0.986842105263158,0.9871794871794872,0.9818488529014846,0.006255319128111661
2.2156464576721193,0.01815122378618702,0.07374339103698731,0.0036776081094475888,25,log2,2,6,730,"{'max_depth': 25, 'max_features': 'log2', 'min_samples_leaf': 2, 'min_samples_split': 6, 'n_estimators': 730}",0.55,0.8444444444444444,0.6388888888888888,0.8333333333333333,0.6222222222222222,0.6977777777777777,0.11908084192505627,121,0.986842105263158,0.9871794871794872,0.9871794871794872,0.986842105263158,1.0,0.989608636977058,0.005197871841449574
1.0075504779815674,0.009044418614634713,0.03693809509277344,0.0024481067899553666,15,sqrt,4,10,330,"{'max_depth': 15, 'max_features': 'sqrt', 'min_samples_leaf': 4, 'min_samples_split': 10, 'n_estimators': 330}",0.55,0.8444444444444444,0.6388888888888888,0.8333333333333333,0.6222222222222222,0.6977777777777777,0.11908084192505627,121,0.9473684210526316,0.9740215924426451,0.9352226720647774,0.986842105263158,0.9480431848852902,0.9582995951417004,0.019073987418345262
2.222077512741089,0.026049391446707374,0.07598614692687988,0.0032094222575483923,,sqrt,3,10,730,"{'max_depth': None, 'max_features': 'sqrt', 'min_samples_leaf': 3, 'min_samples_split': 10, 'n_estimators': 730}",0.55,0.8444444444444444,0.6388888888888888,0.8333333333333333,0.6222222222222222,0.6977777777777777,0.11908084192505627,121,0.9605263157894737,0.9740215924426451,0.9483805668016194,0.986842105263158,0.9612010796221322,0.9661943319838058,0.013130009553528011
1.7387799263000487,0.10301863007234685,0.06422343254089355,0.008029951139742444,,log2,2,8,530,"{'max_depth': None, 'max_features': 'log2', 'min_samples_leaf': 2, 'min_samples_split': 8, 'n_estimators': 530}",0.55,0.8444444444444444,0.6388888888888888,0.8333333333333333,0.6222222222222222,0.6977777777777777,0.11908084192505627,121,0.986842105263158,0.9871794871794872,0.9743589743589743,0.986842105263158,0.9871794871794872,0.9844804318488529,0.0050629774581117904
2.2764538288116456,0.0317688943366234,0.07599530220031739,0.0037494247125275416,20,sqrt,2,8,730,"{'max_depth': 20, 'max_features': 'sqrt', 'min_samples_leaf': 2, 'min_samples_split': 8, 'n_estimators': 730}",0.55,0.8444444444444444,0.6388888888888888,0.8333333333333333,0.6222222222222222,0.6977777777777777,0.11908084192505627,121,0.986842105263158,0.9871794871794872,0.9743589743589743,0.986842105263158,0.9871794871794872,0.9844804318488529,0.0050629774581117904
2.288972330093384,0.03935436144382033,0.0935201644897461,0.02501946866301993,15,sqrt,2,10,730,"{'max_depth': 15, 'max_features': 'sqrt', 'min_samples_leaf': 2, 'min_samples_split': 10, 'n_estimators': 730}",0.55,0.8444444444444444,0.6388888888888888,0.8333333333333333,0.6222222222222222,0.6977777777777777,0.11908084192505627,121,0.986842105263158,0.9871794871794872,0.9743589743589743,0.986842105263158,0.9871794871794872,0.9844804318488529,0.0050629774581117904
2.282635498046875,0.04390748451574403,0.07813572883605957,0.0031010571450505765,15,sqrt,2,8,730,"{'max_depth': 15, 'max_features': 'sqrt', 'min_samples_leaf': 2, 'min_samples_split': 8, 'n_estimators': 730}",0.55,0.8444444444444444,0.6388888888888888,0.8333333333333333,0.6222222222222222,0.6977777777777777,0.11908084192505627,121,0.986842105263158,0.9871794871794872,0.9743589743589743,0.986842105263158,0.9871794871794872,0.9844804318488529,0.0050629774581117904
1.6755373001098632,0.04409437621422771,0.058007431030273435,0.004925172905621694,15,sqrt,2,6,530,"{'max_depth': 15, 'max_features': 'sqrt', 'min_samples_leaf': 2, 'min_samples_split': 6, 'n_estimators': 530}",0.55,0.8444444444444444,0.6388888888888888,0.8333333333333333,0.6222222222222222,0.6977777777777777,0.11908084192505627,121,1.0,0.9871794871794872,1.0,0.986842105263158,0.9871794871794872,0.9922402159244263,0.00633703475404796
2.2451461791992187,0.05306463592848654,0.07277464866638184,0.004657051122947344,15,sqrt,2,6,730,"{'max_depth': 15, 'max_features': 'sqrt', 'min_samples_leaf': 2, 'min_samples_split': 6, 'n_estimators': 730}",0.55,0.8444444444444444,0.6388888888888888,0.8333333333333333,0.6222222222222222,0.6977777777777777,0.11908084192505627,121,1.0,0.9871794871794872,1.0,0.986842105263158,0.9871794871794872,0.9922402159244263,0.00633703475404796
1.0239220142364502,0.005660361013068941,0.03856778144836426,0.0013218262060581125,,log2,2,8,330,"{'max_depth': None, 'max_features': 'log2', 'min_samples_leaf': 2, 'min_samples_split': 8, 'n_estimators': 330}",0.55,0.8444444444444444,0.6388888888888888,0.8333333333333333,0.6222222222222222,0.6977777777777777,0.11908084192505627,121,0.986842105263158,0.9740215924426451,0.9743589743589743,0.986842105263158,0.9871794871794872,0.9818488529014846,0.006255319128111661
2.2152757167816164,0.022259840662855208,0.07891716957092285,0.003891580958879106,,sqrt,3,8,730,"{'max_depth': None, 'max_features': 'sqrt', 'min_samples_leaf': 3, 'min_samples_split': 8, 'n_estimators': 730}",0.55,0.8444444444444444,0.6388888888888888,0.8333333333333333,0.6222222222222222,0.6977777777777777,0.11908084192505627,121,0.9736842105263158,0.9740215924426451,0.9615384615384616,0.986842105263158,0.9612010796221322,0.9714574898785425,0.009505791622943684
2.2412013530731203,0.06140334731870616,0.07483224868774414,0.004062946292173549,25,sqrt,3,10,730,"{'max_depth': 25, 'max_features': 'sqrt', 'min_samples_leaf': 3, 'min_samples_split': 10, 'n_estimators': 730}",0.55,0.8444444444444444,0.6388888888888888,0.8333333333333333,0.6222222222222222,0.6977777777777777,0.11908084192505627,121,0.9605263157894737,0.9740215924426451,0.9483805668016194,0.986842105263158,0.9612010796221322,0.9661943319838058,0.013130009553528011
1.6242974758148194,0.017543016088706533,0.05418558120727539,0.004192836879795516,25,sqrt,2,6,530,"{'max_depth': 25, 'max_features': 'sqrt', 'min_samples_leaf': 2, 'min_samples_split': 6, 'n_estimators': 530}",0.55,0.8444444444444444,0.6388888888888888,0.8333333333333333,0.6222222222222222,0.6977777777777777,0.11908084192505627,121,1.0,0.9871794871794872,1.0,0.986842105263158,0.9871794871794872,0.9922402159244263,0.00633703475404796
2.2240201950073244,0.02892855317132584,0.07634143829345703,0.002657932371669859,25,sqrt,2,6,730,"{'max_depth': 25, 'max_features': 'sqrt', 'min_samples_leaf': 2, 'min_samples_split': 6, 'n_estimators': 730}",0.55,0.8444444444444444,0.6388888888888888,0.8333333333333333,0.6222222222222222,0.6977777777777777,0.11908084192505627,121,1.0,0.9871794871794872,1.0,0.986842105263158,0.9871794871794872,0.9922402159244263,0.00633703475404796
1.6235410213470458,0.014889159116531495,0.05813841819763184,0.003422367271801602,25,sqrt,2,8,530,"{'max_depth': 25, 'max_features': 'sqrt', 'min_samples_leaf': 2, 'min_samples_split': 8, 'n_estimators': 530}",0.55,0.8444444444444444,0.6388888888888888,0.8333333333333333,0.6222222222222222,0.6977777777777777,0.11908084192505627,121,0.986842105263158,0.9871794871794872,0.9871794871794872,0.986842105263158,0.9871794871794872,0.9870445344129555,0.00016528270868981104
2.2292598247528077,0.024985792855137568,0.0740361213684082,0.00370147891039754,25,sqrt,2,8,730,"{'max_depth': 25, 'max_features': 'sqrt', 'min_samples_leaf': 2, 'min_samples_split': 8, 'n_estimators': 730}",0.55,0.8444444444444444,0.6388888888888888,0.8333333333333333,0.6222222222222222,0.6977777777777777,0.11908084192505627,121,0.986842105263158,0.9871794871794872,0.9743589743589743,0.986842105263158,0.9871794871794872,0.9844804318488529,0.0050629774581117904
1.6181288242340088,0.050886065460433234,0.05735964775085449,0.0034207286293342397,25,sqrt,3,10,530,"{'max_depth': 25, 'max_features': 'sqrt', 'min_samples_leaf': 3, 'min_samples_split': 10, 'n_estimators': 530}",0.5,0.8944444444444444,0.6388888888888888,0.8333333333333333,0.6222222222222222,0.6977777777777777,0.1451521126352253,121,0.9605263157894737,0.9740215924426451,0.9483805668016194,0.986842105263158,0.9612010796221322,0.9661943319838058,0.013130009553528011
2.2726203918457033,0.045180310758977105,0.07383003234863281,0.0035400788413116877,25,sqrt,2,10,730,"{'max_depth': 25, 'max_features': 'sqrt', 'min_samples_leaf': 2, 'min_samples_split': 10, 'n_estimators': 730}",0.55,0.8444444444444444,0.6388888888888888,0.8333333333333333,0.6222222222222222,0.6977777777777777,0.11908084192505627,121,0.986842105263158,0.9871794871794872,0.9743589743589743,0.986842105263158,0.9871794871794872,0.9844804318488529,0.0050629774581117904
1.6167286396026612,0.01656591837819549,0.055809402465820314,0.002571264477506706,15,log2,2,10,530,"{'max_depth': 15, 'max_features': 'log2', 'min_samples_leaf': 2, 'min_samples_split': 10, 'n_estimators': 530}",0.55,0.8444444444444444,0.6388888888888888,0.8333333333333333,0.6222222222222222,0.6977777777777777,0.11908084192505627,121,0.9736842105263157,0.9871794871794872,0.9615384615384616,0.986842105263158,0.9871794871794872,0.9792847503373819,0.010276810452629404
1.600880002975464,0.016888715245039997,0.057584619522094725,0.007383346694041147,15,log2,2,8,530,"{'max_depth': 15, 'max_features': 'log2', 'min_samples_leaf': 2, 'min_samples_split': 8, 'n_estimators': 530}",0.55,0.8444444444444444,0.6388888888888888,0.8333333333333333,0.6222222222222222,0.6977777777777777,0.11908084192505627,121,0.986842105263158,0.9871794871794872,0.9743589743589743,0.986842105263158,0.9871794871794872,0.9844804318488529,0.0050629774581117904
1.013939619064331,0.012935423920422722,0.03965106010437012,0.006561740573135264,15,log2,2,8,330,"{'max_depth': 15, 'max_features': 'log2', 'min_samples_leaf': 2, 'min_samples_split': 8, 'n_estimators': 330}",0.55,0.8444444444444444,0.6388888888888888,0.8333333333333333,0.6222222222222222,0.6977777777777777,0.11908084192505627,121,0.986842105263158,0.9740215924426451,0.9743589743589743,0.986842105263158,0.9871794871794872,0.9818488529014846,0.006255319128111661
2.339520740509033,0.08228870951357534,0.07918486595153809,0.00559077673985452,15,log2,2,6,730,"{'max_depth': 15, 'max_features': 'log2', 'min_samples_leaf': 2, 'min_samples_split': 6, 'n_estimators': 730}",0.55,0.8444444444444444,0.6388888888888888,0.8333333333333333,0.6222222222222222,0.6977777777777777,0.11908084192505627,121,0.986842105263158,0.9871794871794872,0.9871794871794872,0.986842105263158,1.0,0.989608636977058,0.005197871841449574
1.6236696243286133,0.01099796589814143,0.05794882774353027,0.0019034465571933982,15,sqrt,2,8,530,"{'max_depth': 15, 'max_features': 'sqrt', 'min_samples_leaf': 2, 'min_samples_split': 8, 'n_estimators': 530}",0.55,0.8444444444444444,0.6388888888888888,0.8333333333333333,0.6222222222222222,0.6977777777777777,0.11908084192505627,121,0.986842105263158,0.9871794871794872,0.9871794871794872,0.986842105263158,0.9871794871794872,0.9870445344129555,0.00016528270868981104
1.0371677875518799,0.06951443500593577,0.04209427833557129,0.004714295853156259,,sqrt,4,10,330,"{'max_depth': None, 'max_features': 'sqrt', 'min_samples_leaf': 4, 'min_samples_split': 10, 'n_estimators': 330}",0.55,0.8444444444444444,0.6388888888888888,0.8333333333333333,0.6222222222222222,0.6977777777777777,0.11908084192505627,121,0.9473684210526316,0.9740215924426451,0.9352226720647774,0.986842105263158,0.9480431848852902,0.9582995951417004,0.019073987418345262
1.6266328334808349,0.03110577379748408,0.05400094985961914,0.00442622959172499,,sqrt,3,10,530,"{'max_depth': None, 'max_features': 'sqrt', 'min_samples_leaf': 3, 'min_samples_split': 10, 'n_estimators': 530}",0.5,0.8944444444444444,0.6388888888888888,0.8333333333333333,0.6222222222222222,0.6977777777777777,0.1451521126352253,121,0.9605263157894737,0.9740215924426451,0.9483805668016194,0.986842105263158,0.9612010796221322,0.9661943319838058,0.013130009553528011
2.1961440563201906,0.02809410582139435,0.07284760475158691,0.003721970058165115,25,sqrt,3,8,730,"{'max_depth': 25, 'max_features': 'sqrt', 'min_samples_leaf': 3, 'min_samples_split': 8, 'n_estimators': 730}",0.55,0.8444444444444444,0.6388888888888888,0.8333333333333333,0.6222222222222222,0.6977777777777777,0.11908084192505627,121,0.9736842105263158,0.9740215924426451,0.9615384615384616,0.986842105263158,0.9612010796221322,0.9714574898785425,0.009505791622943684
1.647955560684204,0.036305170975171566,0.05696015357971192,0.0031142955613106776,20,log2,2,10,530,"{'max_depth': 20, 'max_features': 'log2', 'min_samples_leaf': 2, 'min_samples_split': 10, 'n_estimators': 530}",0.55,0.8444444444444444,0.6388888888888888,0.8333333333333333,0.6222222222222222,0.6977777777777777,0.11908084192505627,121,0.9736842105263157,0.9871794871794872,0.9615384615384616,0.986842105263158,0.9871794871794872,0.9792847503373819,0.010276810452629404
1.613137435913086,0.016267643103593337,0.058038187026977536,0.0043795078394807275,20,log2,2,8,530,"{'max_depth': 20, 'max_features': 'log2', 'min_samples_leaf': 2, 'min_samples_split': 8, 'n_estimators': 530}",0.55,0.8444444444444444,0.6388888888888888,0.8333333333333333,0.6222222222222222,0.6977777777777777,0.11908084192505627,121,0.986842105263158,0.9871794871794872,0.9743589743589743,0.986842105263158,0.9871794871794872,0.9844804318488529,0.0050629774581117904
1.013261890411377,0.008323738804424542,0.03567471504211426,0.006682614969989415,20,log2,2,8,330,"{'max_depth': 20, 'max_features': 'log2', 'min_samples_leaf': 2, 'min_samples_split': 8, 'n_estimators': 330}",0.55,0.8444444444444444,0.6388888888888888,0.8333333333333333,0.6222222222222222,0.6977777777777777,0.11908084192505627,121,0.986842105263158,0.9740215924426451,0.9743589743589743,0.986842105263158,0.9871794871794872,0.9818488529014846,0.006255319128111661
2.223603868484497,0.019749368607302354,0.07892303466796875,0.004916119800220779,20,log2,2,6,730,"{'max_depth': 20, 'max_features': 'log2', 'min_samples_leaf': 2, 'min_samples_split': 6, 'n_estimators': 730}",0.55,0.8444444444444444,0.6388888888888888,0.8333333333333333,0.6222222222222222,0.6977777777777777,0.11908084192505627,121,0.986842105263158,0.9871794871794872,0.9871794871794872,0.986842105263158,1.0,0.989608636977058,0.005197871841449574
2.219793701171875,0.04158824022226741,0.07860260009765625,0.004935666064274062,20,sqrt,3,10,730,"{'max_depth': 20, 'max_features': 'sqrt', 'min_samples_leaf': 3, 'min_samples_split': 10, 'n_estimators': 730}",0.55,0.8444444444444444,0.6388888888888888,0.8333333333333333,0.6222222222222222,0.6977777777777777,0.11908084192505627,121,0.9605263157894737,0.9740215924426451,0.9483805668016194,0.986842105263158,0.9612010796221322,0.9661943319838058,0.013130009553528011
1.0106538772583007,0.009708703643523178,0.03667407035827637,0.0020780638435966914,20,sqrt,4,10,330,"{'max_depth': 20, 'max_features': 'sqrt', 'min_samples_leaf': 4, 'min_samples_split': 10, 'n_estimators': 330}",0.55,0.8444444444444444,0.6388888888888888,0.8333333333333333,0.6222222222222222,0.6977777777777777,0.11908084192505627,121,0.9473684210526316,0.9740215924426451,0.9352226720647774,0.986842105263158,0.9480431848852902,0.9582995951417004,0.019073987418345262
1.6061375617980957,0.014608500771454534,0.06195569038391113,0.004676674022170729,20,sqrt,3,10,530,"{'max_depth': 20, 'max_features': 'sqrt', 'min_samples_leaf': 3, 'min_samples_split': 10, 'n_estimators': 530}",0.5,0.8944444444444444,0.6388888888888888,0.8333333333333333,0.6222222222222222,0.6977777777777777,0.1451521126352253,121,0.9605263157894737,0.9740215924426451,0.9483805668016194,0.986842105263158,0.9612010796221322,0.9661943319838058,0.013130009553528011
1.6144212245941163,0.014347815613111872,0.055392217636108396,0.00494813807037979,,sqrt,2,8,530,"{'max_depth': None, 'max_features': 'sqrt', 'min_samples_leaf': 2, 'min_samples_split': 8, 'n_estimators': 530}",0.55,0.8444444444444444,0.6388888888888888,0.8333333333333333,0.6222222222222222,0.6977777777777777,0.11908084192505627,121,0.986842105263158,0.9871794871794872,0.9871794871794872,0.986842105263158,0.9871794871794872,0.9870445344129555,0.00016528270868981104
2.2154980182647703,0.021063984032470225,0.0772061824798584,0.0018169844305366211,20,sqrt,3,8,730,"{'max_depth': 20, 'max_features': 'sqrt', 'min_samples_leaf': 3, 'min_samples_split': 8, 'n_estimators': 730}",0.55,0.8444444444444444,0.6388888888888888,0.8333333333333333,0.6222222222222222,0.6977777777777777,0.11908084192505627,121,0.9736842105263158,0.9740215924426451,0.9615384615384616,0.986842105263158,0.9612010796221322,0.9714574898785425,0.009505791622943684
2.2015052318572996,0.016919626747236186,0.07771339416503906,0.0056889455440257836,,sqrt,2,8,730,"{'max_depth': None, 'max_features': 'sqrt', 'min_samples_leaf': 2, 'min_samples_split': 8, 'n_estimators': 730}",0.55,0.8444444444444444,0.6388888888888888,0.8333333333333333,0.6222222222222222,0.6977777777777777,0.11908084192505627,121,0.986842105263158,0.9871794871794872,0.9743589743589743,0.986842105263158,0.9871794871794872,0.9844804318488529,0.0050629774581117904
2.218365526199341,0.016801781548585554,0.07220487594604492,0.002310188951219185,,sqrt,2,10,730,"{'max_depth': None, 'max_features': 'sqrt', 'min_samples_leaf': 2, 'min_samples_split': 10, 'n_estimators': 730}",0.55,0.8444444444444444,0.6388888888888888,0.8333333333333333,0.6222222222222222,0.6977777777777777,0.11908084192505627,121,0.986842105263158,0.9871794871794872,0.9743589743589743,0.986842105263158,0.9871794871794872,0.9844804318488529,0.0050629774581117904
2.223549222946167,0.026695372570935263,0.07518582344055176,0.0028025012800262216,,sqrt,2,6,730,"{'max_depth': None, 'max_features': 'sqrt', 'min_samples_leaf': 2, 'min_samples_split': 6, 'n_estimators': 730}",0.55,0.8444444444444444,0.6388888888888888,0.8333333333333333,0.6222222222222222,0.6977777777777777,0.11908084192505627,121,1.0,0.9871794871794872,1.0,0.986842105263158,0.9871794871794872,0.9922402159244263,0.00633703475404796
1.6141162872314454,0.006668227767397337,0.05285959243774414,0.0023210950651702334,20,sqrt,2,6,530,"{'max_depth': 20, 'max_features': 'sqrt', 'min_samples_leaf': 2, 'min_samples_split': 6, 'n_estimators': 530}",0.55,0.8444444444444444,0.6388888888888888,0.8333333333333333,0.6222222222222222,0.6977777777777777,0.11908084192505627,121,1.0,0.9871794871794872,1.0,0.986842105263158,0.9871794871794872,0.9922402159244263,0.00633703475404796
1.628575325012207,0.02119443541199717,0.05931539535522461,0.0030431576575621756,,sqrt,2,6,530,"{'max_depth': None, 'max_features': 'sqrt', 'min_samples_leaf': 2, 'min_samples_split': 6, 'n_estimators': 530}",0.55,0.8444444444444444,0.6388888888888888,0.8333333333333333,0.6222222222222222,0.6977777777777777,0.11908084192505627,121,1.0,0.9871794871794872,1.0,0.986842105263158,0.9871794871794872,0.9922402159244263,0.00633703475404796
2.2268648624420164,0.01581604566797183,0.07863368988037109,0.003074922090012529,,log2,2,6,730,"{'max_depth': None, 'max_features': 'log2', 'min_samples_leaf': 2, 'min_samples_split': 6, 'n_estimators': 730}",0.55,0.8444444444444444,0.6388888888888888,0.8333333333333333,0.6222222222222222,0.6977777777777777,0.11908084192505627,121,0.986842105263158,0.9871794871794872,0.9871794871794872,0.986842105263158,1.0,0.989608636977058,0.005197871841449574
2.2167237281799315,0.017571858132418138,0.07807750701904297,0.005005604048060139,20,sqrt,2,6,730,"{'max_depth': 20, 'max_features': 'sqrt', 'min_samples_leaf': 2, 'min_samples_split': 6, 'n_estimators': 730}",0.55,0.8444444444444444,0.6388888888888888,0.8333333333333333,0.6222222222222222,0.6977777777777777,0.11908084192505627,121,1.0,0.9871794871794872,1.0,0.986842105263158,0.9871794871794872,0.9922402159244263,0.00633703475404796
2.2861923217773437,0.06768271785826345,0.07580890655517578,0.004484820572185288,20,sqrt,2,10,730,"{'max_depth': 20, 'max_features': 'sqrt', 'min_samples_leaf': 2, 'min_samples_split': 10, 'n_estimators': 730}",0.55,0.8444444444444444,0.6388888888888888,0.8333333333333333,0.6222222222222222,0.6977777777777777,0.11908084192505627,121,0.986842105263158,0.9871794871794872,0.9743589743589743,0.986842105263158,0.9871794871794872,0.9844804318488529,0.0050629774581117904
1.360896348953247,0.024661042307731876,0.03952498435974121,0.004877986351539862,20,,2,6,330,"{'max_depth': 20, 'max_features': None, 'min_samples_leaf': 2, 'min_samples_split': 6, 'n_estimators': 330}",0.5,0.8944444444444444,0.6944444444444444,0.8333333333333333,0.5666666666666667,0.6977777777777776,0.150579128945794,173,1.0,1.0,1.0,1.0,0.9871794871794872,0.9974358974358974,0.00512820512820511
1.3469740867614746,0.022666614272196312,0.03653726577758789,0.003628061669602562,15,,2,6,330,"{'max_depth': 15, 'max_features': None, 'min_samples_leaf': 2, 'min_samples_split': 6, 'n_estimators': 330}",0.5,0.8944444444444444,0.6944444444444444,0.8333333333333333,0.5666666666666667,0.6977777777777776,0.150579128945794,173,1.0,1.0,1.0,1.0,0.9871794871794872,0.9974358974358974,0.00512820512820511
1.6170972824096679,0.11462929612074126,0.04483051300048828,0.008668662095778679,25,,2,6,330,"{'max_depth': 25, 'max_features': None, 'min_samples_leaf': 2, 'min_samples_split': 6, 'n_estimators': 330}",0.5,0.8944444444444444,0.6944444444444444,0.8333333333333333,0.5666666666666667,0.6977777777777776,0.150579128945794,173,1.0,1.0,1.0,1.0,0.9871794871794872,0.9974358974358974,0.00512820512820511
1.3877106189727784,0.048620643902451,0.033244991302490236,0.0015121210217819375,,,2,6,330,"{'max_depth': None, 'max_features': None, 'min_samples_leaf': 2, 'min_samples_split': 6, 'n_estimators': 330}",0.5,0.8944444444444444,0.6944444444444444,0.8333333333333333,0.5666666666666667,0.6977777777777776,0.150579128945794,173,1.0,1.0,1.0,1.0,0.9871794871794872,0.9974358974358974,0.00512820512820511
1.6020623207092286,0.015209384824347088,0.05765271186828613,0.0044982653615954675,20,sqrt,4,8,530,"{'max_depth': 20, 'max_features': 'sqrt', 'min_samples_leaf': 4, 'min_samples_split': 8, 'n_estimators': 530}",0.55,0.8944444444444444,0.6388888888888888,0.7777777777777778,0.6222222222222222,0.6966666666666665,0.12335835582001439,177,0.9473684210526316,0.9740215924426451,0.9352226720647774,0.986842105263158,0.9612010796221322,0.9609311740890689,0.01837217244768398
1.6181524276733399,0.03994743777906355,0.06960148811340332,0.01973704146173157,25,sqrt,4,6,530,"{'max_depth': 25, 'max_features': 'sqrt', 'min_samples_leaf': 4, 'min_samples_split': 6, 'n_estimators': 530}",0.55,0.8944444444444444,0.6388888888888888,0.7777777777777778,0.6222222222222222,0.6966666666666665,0.12335835582001439,177,0.9473684210526316,0.9740215924426451,0.9352226720647774,0.986842105263158,0.9612010796221322,0.9609311740890689,0.01837217244768398
1.639284610748291,0.007190907896636586,0.054824542999267575,0.005304134958583199,,log2,4,6,530,"{'max_depth': None, 'max_features': 'log2', 'min_samples_leaf': 4, 'min_samples_split': 6, 'n_estimators': 530}",0.55,0.8944444444444444,0.6388888888888888,0.7777777777777778,0.6222222222222222,0.6966666666666665,0.12335835582001439,177,0.9605263157894737,0.9740215924426451,0.9483805668016194,0.986842105263158,0.9612010796221322,0.9661943319838058,0.013130009553528011
1.6556316375732423,0.04578766646470945,0.05515046119689941,0.0034092846248561853,20,sqrt,4,6,530,"{'max_depth': 20, 'max_features': 'sqrt', 'min_samples_leaf': 4, 'min_samples_split': 6, 'n_estimators': 530}",0.55,0.8944444444444444,0.6388888888888888,0.7777777777777778,0.6222222222222222,0.6966666666666665,0.12335835582001439,177,0.9473684210526316,0.9740215924426451,0.9352226720647774,0.986842105263158,0.9612010796221322,0.9609311740890689,0.01837217244768398
1.602622127532959,0.018766240045099195,0.05715365409851074,0.0037015102550240894,20,log2,4,8,530,"{'max_depth': 20, 'max_features': 'log2', 'min_samples_leaf': 4, 'min_samples_split': 8, 'n_estimators': 530}",0.55,0.8944444444444444,0.6388888888888888,0.7777777777777778,0.6222222222222222,0.6966666666666665,0.12335835582001439,177,0.9605263157894737,0.9740215924426451,0.9483805668016194,0.986842105263158,0.9612010796221322,0.9661943319838058,0.013130009553528011
1.5866950035095215,0.010999046294514328,0.0586031436920166,0.0066088981380966645,,log2,4,8,530,"{'max_depth': None, 'max_features': 'log2', 'min_samples_leaf': 4, 'min_samples_split': 8, 'n_estimators': 530}",0.55,0.8944444444444444,0.6388888888888888,0.7777777777777778,0.6222222222222222,0.6966666666666665,0.12335835582001439,177,0.9605263157894737,0.9740215924426451,0.9483805668016194,0.986842105263158,0.9612010796221322,0.9661943319838058,0.013130009553528011
1.6125975131988526,0.023770005926188716,0.05534553527832031,0.0030945421413026107,20,log2,4,6,530,"{'max_depth': 20, 'max_features': 'log2', 'min_samples_leaf': 4, 'min_samples_split': 6, 'n_estimators': 530}",0.55,0.8944444444444444,0.6388888888888888,0.7777777777777778,0.6222222222222222,0.6966666666666665,0.12335835582001439,177,0.9605263157894737,0.9740215924426451,0.9483805668016194,0.986842105263158,0.9612010796221322,0.9661943319838058,0.013130009553528011
1.5617496967315674,0.009540428854889186,0.054835939407348634,0.004003106280975844,25,log2,4,8,530,"{'max_depth': 25, 'max_features': 'log2', 'min_samples_leaf': 4, 'min_samples_split': 8, 'n_estimators': 530}",0.55,0.8944444444444444,0.6388888888888888,0.7777777777777778,0.6222222222222222,0.6966666666666665,0.12335835582001439,177,0.9605263157894737,0.9740215924426451,0.9483805668016194,0.986842105263158,0.9612010796221322,0.9661943319838058,0.013130009553528011
2.026123046875,0.18492468056244876,0.0676508903503418,0.008922322280782838,25,sqrt,4,8,530,"{'max_depth': 25, 'max_features': 'sqrt', 'min_samples_leaf': 4, 'min_samples_split': 8, 'n_estimators': 530}",0.55,0.8944444444444444,0.6388888888888888,0.7777777777777778,0.6222222222222222,0.6966666666666665,0.12335835582001439,177,0.9473684210526316,0.9740215924426451,0.9352226720647774,0.986842105263158,0.9612010796221322,0.9609311740890689,0.01837217244768398
1.5912103652954102,0.020991767898501885,0.054504013061523436,0.0038051170858136403,25,log2,4,6,530,"{'max_depth': 25, 'max_features': 'log2', 'min_samples_leaf': 4, 'min_samples_split': 6, 'n_estimators': 530}",0.55,0.8944444444444444,0.6388888888888888,0.7777777777777778,0.6222222222222222,0.6966666666666665,0.12335835582001439,177,0.9605263157894737,0.9740215924426451,0.9483805668016194,0.986842105263158,0.9612010796221322,0.9661943319838058,0.013130009553528011
1.6024526119232179,0.007770603317888819,0.05516119003295898,0.003564671194527027,,sqrt,4,8,530,"{'max_depth': None, 'max_features': 'sqrt', 'min_samples_leaf': 4, 'min_samples_split': 8, 'n_estimators': 530}",0.55,0.8944444444444444,0.6388888888888888,0.7777777777777778,0.6222222222222222,0.6966666666666665,0.12335835582001439,177,0.9473684210526316,0.9740215924426451,0.9352226720647774,0.986842105263158,0.9612010796221322,0.9609311740890689,0.01837217244768398
1.6035646438598632,0.023085430275143794,0.055881834030151366,0.004170111877336271,15,sqrt,4,8,530,"{'max_depth': 15, 'max_features': 'sqrt', 'min_samples_leaf': 4, 'min_samples_split': 8, 'n_estimators': 530}",0.55,0.8944444444444444,0.6388888888888888,0.7777777777777778,0.6222222222222222,0.6966666666666665,0.12335835582001439,177,0.9473684210526316,0.9740215924426451,0.9352226720647774,0.986842105263158,0.9612010796221322,0.9609311740890689,0.01837217244768398
1.6389336585998535,0.03789574265041276,0.05589637756347656,0.0026248588261436143,15,log2,4,6,530,"{'max_depth': 15, 'max_features': 'log2', 'min_samples_leaf': 4, 'min_samples_split': 6, 'n_estimators': 530}",0.55,0.8944444444444444,0.6388888888888888,0.7777777777777778,0.6222222222222222,0.6966666666666665,0.12335835582001439,177,0.9605263157894737,0.9740215924426451,0.9483805668016194,0.986842105263158,0.9612010796221322,0.9661943319838058,0.013130009553528011
1.6137030124664307,0.05663044248357248,0.0522364616394043,0.0020670745094516114,15,sqrt,4,6,530,"{'max_depth': 15, 'max_features': 'sqrt', 'min_samples_leaf': 4, 'min_samples_split': 6, 'n_estimators': 530}",0.55,0.8944444444444444,0.6388888888888888,0.7777777777777778,0.6222222222222222,0.6966666666666665,0.12335835582001439,177,0.9473684210526316,0.9740215924426451,0.9352226720647774,0.986842105263158,0.9612010796221322,0.9609311740890689,0.01837217244768398
1.641681432723999,0.020619639562181626,0.05454726219177246,0.003604097009396245,,sqrt,4,6,530,"{'max_depth': None, 'max_features': 'sqrt', 'min_samples_leaf': 4, 'min_samples_split': 6, 'n_estimators': 530}",0.55,0.8944444444444444,0.6388888888888888,0.7777777777777778,0.6222222222222222,0.6966666666666665,0.12335835582001439,177,0.9473684210526316,0.9740215924426451,0.9352226720647774,0.986842105263158,0.9612010796221322,0.9609311740890689,0.01837217244768398
1.6417290687561035,0.08087669621760767,0.05909056663513183,0.007114360398469662,15,log2,4,8,530,"{'max_depth': 15, 'max_features': 'log2', 'min_samples_leaf': 4, 'min_samples_split': 8, 'n_estimators': 530}",0.55,0.8944444444444444,0.6388888888888888,0.7777777777777778,0.6222222222222222,0.6966666666666665,0.12335835582001439,177,0.9605263157894737,0.9740215924426451,0.9483805668016194,0.986842105263158,0.9612010796221322,0.9661943319838058,0.013130009553528011
3.170141077041626,0.07111713637642147,0.08147644996643066,0.011490744516810791,,,3,8,730,"{'max_depth': None, 'max_features': None, 'min_samples_leaf': 3, 'min_samples_split': 8, 'n_estimators': 730}",0.44999999999999996,0.8444444444444444,0.6944444444444444,0.8333333333333333,0.6222222222222222,0.6888888888888889,0.14601708000888453,193,0.986842105263158,0.9871794871794872,0.9743589743589743,0.986842105263158,0.9871794871794872,0.9844804318488529,0.0050629774581117904
2.963866949081421,0.044789295213535474,0.0725480556488037,0.0026501894399357634,15,,3,10,730,"{'max_depth': 15, 'max_features': None, 'min_samples_leaf': 3, 'min_samples_split': 10, 'n_estimators': 730}",0.44999999999999996,0.8444444444444444,0.6944444444444444,0.8333333333333333,0.6222222222222222,0.6888888888888889,0.14601708000888453,193,0.986842105263158,0.9871794871794872,0.9483805668016194,0.986842105263158,0.9871794871794872,0.979284750337382,0.015452828392061996
2.96574444770813,0.06081561562103827,0.07539124488830566,0.004412363088624994,15,,3,8,730,"{'max_depth': 15, 'max_features': None, 'min_samples_leaf': 3, 'min_samples_split': 8, 'n_estimators': 730}",0.44999999999999996,0.8444444444444444,0.6944444444444444,0.8333333333333333,0.6222222222222222,0.6888888888888889,0.14601708000888453,193,0.986842105263158,0.9871794871794872,0.9743589743589743,0.986842105263158,0.9871794871794872,0.9844804318488529,0.0050629774581117904
2.87998046875,0.03527905733498919,0.07402458190917968,0.001970136866987785,25,,3,8,730,"{'max_depth': 25, 'max_features': None, 'min_samples_leaf': 3, 'min_samples_split': 8, 'n_estimators': 730}",0.44999999999999996,0.8444444444444444,0.6944444444444444,0.8333333333333333,0.6222222222222222,0.6888888888888889,0.14601708000888453,193,0.986842105263158,0.9871794871794872,0.9743589743589743,0.986842105263158,0.9871794871794872,0.9844804318488529,0.0050629774581117904
2.8950055599212647,0.03882969482902581,0.07708077430725098,0.007979175629463937,20,,3,8,730,"{'max_depth': 20, 'max_features': None, 'min_samples_leaf': 3, 'min_samples_split': 8, 'n_estimators': 730}",0.44999999999999996,0.8444444444444444,0.6944444444444444,0.8333333333333333,0.6222222222222222,0.6888888888888889,0.14601708000888453,193,0.986842105263158,0.9871794871794872,0.9743589743589743,0.986842105263158,0.9871794871794872,0.9844804318488529,0.0050629774581117904
2.86975359916687,0.04549546512359407,0.07508249282836914,0.002734542499055583,20,,3,10,730,"{'max_depth': 20, 'max_features': None, 'min_samples_leaf': 3, 'min_samples_split': 10, 'n_estimators': 730}",0.44999999999999996,0.8444444444444444,0.6944444444444444,0.8333333333333333,0.6222222222222222,0.6888888888888889,0.14601708000888453,193,0.986842105263158,0.9871794871794872,0.9483805668016194,0.986842105263158,0.9871794871794872,0.979284750337382,0.015452828392061996
2.869967460632324,0.042117416431671786,0.07405171394348145,0.005809555900451107,25,,3,10,730,"{'max_depth': 25, 'max_features': None, 'min_samples_leaf': 3, 'min_samples_split': 10, 'n_estimators': 730}",0.44999999999999996,0.8444444444444444,0.6944444444444444,0.8333333333333333,0.6222222222222222,0.6888888888888889,0.14601708000888453,193,0.986842105263158,0.9871794871794872,0.9483805668016194,0.986842105263158,0.9871794871794872,0.979284750337382,0.015452828392061996
3.0432382583618165,0.1076442985561072,0.07683048248291016,0.009067613929985018,,,3,10,730,"{'max_depth': None, 'max_features': None, 'min_samples_leaf': 3, 'min_samples_split': 10, 'n_estimators': 730}",0.44999999999999996,0.8444444444444444,0.6944444444444444,0.8333333333333333,0.6222222222222222,0.6888888888888889,0.14601708000888453,193,0.986842105263158,0.9871794871794872,0.9483805668016194,0.986842105263158,0.9871794871794872,0.979284750337382,0.015452828392061996
2.5298276424407957,0.1282705810251713,0.06261262893676758,0.011296381664632144,25,,2,8,530,"{'max_depth': 25, 'max_features': None, 'min_samples_leaf': 2, 'min_samples_split': 8, 'n_estimators': 530}",0.5,0.8444444444444444,0.6388888888888888,0.8333333333333333,0.6222222222222222,0.6877777777777777,0.1324228170261296,201,0.986842105263158,0.9871794871794872,1.0,1.0,0.9871794871794872,0.9922402159244263,0.00633703475404796
3.5738461017608643,0.08706876914061197,0.09914021492004395,0.011777518322319559,25,,2,8,730,"{'max_depth': 25, 'max_features': None, 'min_samples_leaf': 2, 'min_samples_split': 8, 'n_estimators': 730}",0.5,0.8444444444444444,0.6388888888888888,0.8333333333333333,0.6222222222222222,0.6877777777777777,0.1324228170261296,201,0.986842105263158,1.0,1.0,1.0,0.9871794871794872,0.9948043184885289,0.006364278608664801
2.4853963375091555,0.15225240379339872,0.06020269393920898,0.008415134240661195,25,,2,10,530,"{'max_depth': 25, 'max_features': None, 'min_samples_leaf': 2, 'min_samples_split': 10, 'n_estimators': 530}",0.5,0.8444444444444444,0.6388888888888888,0.8333333333333333,0.6222222222222222,0.6877777777777777,0.1324228170261296,201,0.986842105263158,0.9871794871794872,0.9871794871794872,1.0,0.9871794871794872,0.9896761133603238,0.005163596887910639
1.6010793209075929,0.014055843838907978,0.058998918533325194,0.002374683118483853,,sqrt,2,10,530,"{'max_depth': None, 'max_features': 'sqrt', 'min_samples_leaf': 2, 'min_samples_split': 10, 'n_estimators': 530}",0.5,0.8444444444444444,0.6388888888888888,0.8333333333333333,0.6222222222222222,0.6877777777777777,0.1324228170261296,201,0.986842105263158,0.9871794871794872,0.9743589743589743,0.986842105263158,0.9871794871794872,0.9844804318488529,0.0050629774581117904
1.288581418991089,0.028887001609567437,0.036926651000976564,0.004203540905442961,25,,3,10,330,"{'max_depth': 25, 'max_features': None, 'min_samples_leaf': 3, 'min_samples_split': 10, 'n_estimators': 330}",0.44999999999999996,0.8944444444444444,0.6388888888888888,0.8333333333333333,0.6222222222222222,0.6877777777777777,0.1594512193682591,201,0.986842105263158,0.9740215924426451,0.9483805668016194,0.986842105263158,0.9743589743589743,0.9740890688259108,0.014044816518072274
3.323041534423828,0.2646420863004047,0.09881362915039063,0.019408812326235408,,,2,8,730,"{'max_depth': None, 'max_features': None, 'min_samples_leaf': 2, 'min_samples_split': 8, 'n_estimators': 730}",0.5,0.8444444444444444,0.6388888888888888,0.8333333333333333,0.6222222222222222,0.6877777777777777,0.1324228170261296,201,0.986842105263158,1.0,1.0,1.0,0.9871794871794872,0.9948043184885289,0.006364278608664801
1.4156669616699218,0.10795238874955328,0.044532489776611325,0.014268911094675,,,3,10,330,"{'max_depth': None, 'max_features': None, 'min_samples_leaf': 3, 'min_samples_split': 10, 'n_estimators': 330}",0.44999999999999996,0.8944444444444444,0.6388888888888888,0.8333333333333333,0.6222222222222222,0.6877777777777777,0.1594512193682591,201,0.986842105263158,0.9740215924426451,0.9483805668016194,0.986842105263158,0.9743589743589743,0.9740890688259108,0.014044816518072274
1.3615451335906983,0.056832926555935664,0.0358088493347168,0.006139260403875217,15,,3,10,330,"{'max_depth': 15, 'max_features': None, 'min_samples_leaf': 3, 'min_samples_split': 10, 'n_estimators': 330}",0.44999999999999996,0.8944444444444444,0.6388888888888888,0.8333333333333333,0.6222222222222222,0.6877777777777777,0.1594512193682591,201,0.986842105263158,0.9740215924426451,0.9483805668016194,0.986842105263158,0.9743589743589743,0.9740890688259108,0.014044816518072274
1.6217620849609375,0.021929767445118757,0.05561637878417969,0.004108676561471383,20,sqrt,2,10,530,"{'max_depth': 20, 'max_features': 'sqrt', 'min_samples_leaf': 2, 'min_samples_split': 10, 'n_estimators': 530}",0.5,0.8444444444444444,0.6388888888888888,0.8333333333333333,0.6222222222222222,0.6877777777777777,0.1324228170261296,201,0.986842105263158,0.9871794871794872,0.9743589743589743,0.986842105263158,0.9871794871794872,0.9844804318488529,0.0050629774581117904
2.1239342212677004,0.008598134722561606,0.054437780380249025,0.005968171320650731,15,,2,10,530,"{'max_depth': 15, 'max_features': None, 'min_samples_leaf': 2, 'min_samples_split': 10, 'n_estimators': 530}",0.5,0.8444444444444444,0.6388888888888888,0.8333333333333333,0.6222222222222222,0.6877777777777777,0.1324228170261296,201,0.986842105263158,0.9871794871794872,0.9871794871794872,1.0,0.9871794871794872,0.9896761133603238,0.005163596887910639
2.93652548789978,0.13967015884971873,0.06721701622009277,0.011559926397507815,,,2,10,530,"{'max_depth': None, 'max_features': None, 'min_samples_leaf': 2, 'min_samples_split': 10, 'n_estimators': 530}",0.5,0.8444444444444444,0.6388888888888888,0.8333333333333333,0.6222222222222222,0.6877777777777777,0.1324228170261296,201,0.986842105263158,0.9871794871794872,0.9871794871794872,1.0,0.9871794871794872,0.9896761133603238,0.005163596887910639
2.8977810859680178,0.017307216635310933,0.07716045379638672,0.009732154428728757,15,,2,8,730,"{'max_depth': 15, 'max_features': None, 'min_samples_leaf': 2, 'min_samples_split': 8, 'n_estimators': 730}",0.5,0.8444444444444444,0.6388888888888888,0.8333333333333333,0.6222222222222222,0.6877777777777777,0.1324228170261296,201,0.986842105263158,1.0,1.0,1.0,0.9871794871794872,0.9948043184885289,0.006364278608664801
2.117810916900635,0.027656107441138972,0.05412116050720215,0.003033156705300423,15,,2,8,530,"{'max_depth': 15, 'max_features': None, 'min_samples_leaf': 2, 'min_samples_split': 8, 'n_estimators': 530}",0.5,0.8444444444444444,0.6388888888888888,0.8333333333333333,0.6222222222222222,0.6877777777777777,0.1324228170261296,201,0.986842105263158,0.9871794871794872,1.0,1.0,0.9871794871794872,0.9922402159244263,0.00633703475404796
2.130648899078369,0.039482794042434675,0.056211662292480466,0.0037914892434502473,,,2,8,530,"{'max_depth': None, 'max_features': None, 'min_samples_leaf': 2, 'min_samples_split': 8, 'n_estimators': 530}",0.5,0.8444444444444444,0.6388888888888888,0.8333333333333333,0.6222222222222222,0.6877777777777777,0.1324228170261296,201,0.986842105263158,0.9871794871794872,1.0,1.0,0.9871794871794872,0.9922402159244263,0.00633703475404796
2.1526091575622557,0.03694032205358909,0.05598301887512207,0.004714953922033729,20,,2,8,530,"{'max_depth': 20, 'max_features': None, 'min_samples_leaf': 2, 'min_samples_split': 8, 'n_estimators': 530}",0.5,0.8444444444444444,0.6388888888888888,0.8333333333333333,0.6222222222222222,0.6877777777777777,0.1324228170261296,201,0.986842105263158,0.9871794871794872,1.0,1.0,0.9871794871794872,0.9922402159244263,0.00633703475404796
1.676232671737671,0.0421792669432121,0.05906410217285156,0.007095238298774232,15,sqrt,2,10,530,"{'max_depth': 15, 'max_features': 'sqrt', 'min_samples_leaf': 2, 'min_samples_split': 10, 'n_estimators': 530}",0.5,0.8444444444444444,0.6388888888888888,0.8333333333333333,0.6222222222222222,0.6877777777777777,0.1324228170261296,201,0.986842105263158,0.9871794871794872,0.9743589743589743,0.986842105263158,0.9871794871794872,0.9844804318488529,0.0050629774581117904
2.9629572868347167,0.12291383823159487,0.0741917610168457,0.0054615990766572016,20,,2,8,730,"{'max_depth': 20, 'max_features': None, 'min_samples_leaf': 2, 'min_samples_split': 8, 'n_estimators': 730}",0.5,0.8444444444444444,0.6388888888888888,0.8333333333333333,0.6222222222222222,0.6877777777777777,0.1324228170261296,201,0.986842105263158,1.0,1.0,1.0,0.9871794871794872,0.9948043184885289,0.006364278608664801
1.3220820903778077,0.03910105599486017,0.03356671333312988,0.002309819329888286,20,,3,10,330,"{'max_depth': 20, 'max_features': None, 'min_samples_leaf': 3, 'min_samples_split': 10, 'n_estimators': 330}",0.44999999999999996,0.8944444444444444,0.6388888888888888,0.8333333333333333,0.6222222222222222,0.6877777777777777,0.1594512193682591,201,0.986842105263158,0.9740215924426451,0.9483805668016194,0.986842105263158,0.9743589743589743,0.9740890688259108,0.014044816518072274
1.696692705154419,0.05327762048948711,0.05541234016418457,0.0036370985764323286,25,sqrt,2,10,530,"{'max_depth': 25, 'max_features': 'sqrt', 'min_samples_leaf': 2, 'min_samples_split': 10, 'n_estimators': 530}",0.5,0.8444444444444444,0.6388888888888888,0.8333333333333333,0.6222222222222222,0.6877777777777777,0.1324228170261296,201,0.986842105263158,0.9871794871794872,0.9743589743589743,0.986842105263158,0.9871794871794872,0.9844804318488529,0.0050629774581117904
2.3870012283325197,0.24901014742278493,0.05942978858947754,0.007876792815570459,20,,2,10,530,"{'max_depth': 20, 'max_features': None, 'min_samples_leaf': 2, 'min_samples_split': 10, 'n_estimators': 530}",0.5,0.8444444444444444,0.6388888888888888,0.8333333333333333,0.6222222222222222,0.6877777777777777,0.1324228170261296,201,0.986842105263158,0.9871794871794872,0.9871794871794872,1.0,0.9871794871794872,0.9896761133603238,0.005163596887910639
2.1889983654022216,0.012497483022867625,0.07683076858520507,0.005081185523088587,25,log2,4,10,730,"{'max_depth': 25, 'max_features': 'log2', 'min_samples_leaf': 4, 'min_samples_split': 10, 'n_estimators': 730}",0.55,0.8444444444444444,0.6388888888888888,0.7777777777777778,0.6222222222222222,0.6866666666666666,0.10798948279838054,221,0.9473684210526316,0.9740215924426451,0.9220647773279352,0.9740215924426451,0.9612010796221322,0.9557354925775978,0.019505693987234115
1.6200310230255126,0.01727920820579094,0.05539345741271973,0.003720477905123006,15,sqrt,4,10,530,"{'max_depth': 15, 'max_features': 'sqrt', 'min_samples_leaf': 4, 'min_samples_split': 10, 'n_estimators': 530}",0.55,0.8444444444444444,0.6388888888888888,0.7777777777777778,0.6222222222222222,0.6866666666666666,0.10798948279838054,221,0.9473684210526316,0.9608636977058029,0.9352226720647774,0.986842105263158,0.9612010796221322,0.9582995951417004,0.017214546545562457
2.189803409576416,0.020231721772252676,0.07392687797546386,0.003826743012172216,15,log2,4,10,730,"{'max_depth': 15, 'max_features': 'log2', 'min_samples_leaf': 4, 'min_samples_split': 10, 'n_estimators': 730}",0.55,0.8444444444444444,0.6388888888888888,0.7777777777777778,0.6222222222222222,0.6866666666666666,0.10798948279838054,221,0.9473684210526316,0.9740215924426451,0.9220647773279352,0.9740215924426451,0.9612010796221322,0.9557354925775978,0.019505693987234115
1.606355571746826,0.013474326054551625,0.05677075386047363,0.0028562279351318086,15,log2,4,10,530,"{'max_depth': 15, 'max_features': 'log2', 'min_samples_leaf': 4, 'min_samples_split': 10, 'n_estimators': 530}",0.55,0.8444444444444444,0.6388888888888888,0.7777777777777778,0.6222222222222222,0.6866666666666666,0.10798948279838054,221,0.9473684210526316,0.9740215924426451,0.9220647773279352,0.986842105263158,0.9612010796221322,0.9582995951417004,0.022372873236653747
1.0582732677459716,0.05509877573898519,0.03725128173828125,0.0012285792376213673,15,log2,4,10,330,"{'max_depth': 15, 'max_features': 'log2', 'min_samples_leaf': 4, 'min_samples_split': 10, 'n_estimators': 330}",0.55,0.8444444444444444,0.6388888888888888,0.7777777777777778,0.6222222222222222,0.6866666666666666,0.10798948279838054,221,0.9605263157894737,0.9740215924426451,0.9352226720647774,0.9740215924426451,0.9352226720647774,0.9558029689608636,0.017511389031526263
2.344245195388794,0.05337395901011945,0.07522578239440918,0.0027638728274591334,15,log2,4,8,730,"{'max_depth': 15, 'max_features': 'log2', 'min_samples_leaf': 4, 'min_samples_split': 8, 'n_estimators': 730}",0.55,0.8444444444444444,0.6388888888888888,0.7777777777777778,0.6222222222222222,0.6866666666666666,0.10798948279838054,221,0.9605263157894737,0.9740215924426451,0.9483805668016194,0.986842105263158,0.9612010796221322,0.9661943319838058,0.013130009553528011
2.1895095348358153,0.017208939209728324,0.07532052993774414,0.003291955989738158,15,log2,4,6,730,"{'max_depth': 15, 'max_features': 'log2', 'min_samples_leaf': 4, 'min_samples_split': 6, 'n_estimators': 730}",0.55,0.8444444444444444,0.6388888888888888,0.7777777777777778,0.6222222222222222,0.6866666666666666,0.10798948279838054,221,0.9605263157894737,0.9740215924426451,0.9483805668016194,0.986842105263158,0.9612010796221322,0.9661943319838058,0.013130009553528011
2.1766445636749268,0.01724856171876214,0.07387127876281738,0.004652304567047875,,log2,4,6,730,"{'max_depth': None, 'max_features': 'log2', 'min_samples_leaf': 4, 'min_samples_split': 6, 'n_estimators': 730}",0.55,0.8444444444444444,0.6388888888888888,0.7777777777777778,0.6222222222222222,0.6866666666666666,0.10798948279838054,221,0.9605263157894737,0.9740215924426451,0.9483805668016194,0.986842105263158,0.9612010796221322,0.9661943319838058,0.013130009553528011
1.0762544631958009,0.08954645173036084,0.03557581901550293,0.0026097846003647037,15,log2,3,6,330,"{'max_depth': 15, 'max_features': 'log2', 'min_samples_leaf': 3, 'min_samples_split': 6, 'n_estimators': 330}",0.5,0.8944444444444444,0.6388888888888888,0.7777777777777778,0.6222222222222222,0.6866666666666666,0.13620065082058386,221,0.9736842105263158,0.9740215924426451,0.9612010796221322,0.986842105263158,0.9871794871794872,0.9765856950067476,0.00968609321273513
2.2262794017791747,0.03683435231587878,0.07420907020568848,0.007149781092978167,,log2,4,8,730,"{'max_depth': None, 'max_features': 'log2', 'min_samples_leaf': 4, 'min_samples_split': 8, 'n_estimators': 730}",0.55,0.8444444444444444,0.6388888888888888,0.7777777777777778,0.6222222222222222,0.6866666666666666,0.10798948279838054,221,0.9605263157894737,0.9740215924426451,0.9483805668016194,0.986842105263158,0.9612010796221322,0.9661943319838058,0.013130009553528011
1.0339218616485595,0.03728015506511501,0.03833160400390625,0.003712129768993698,,log2,4,10,330,"{'max_depth': None, 'max_features': 'log2', 'min_samples_leaf': 4, 'min_samples_split': 10, 'n_estimators': 330}",0.55,0.8444444444444444,0.6388888888888888,0.7777777777777778,0.6222222222222222,0.6866666666666666,0.10798948279838054,221,0.9605263157894737,0.9740215924426451,0.9352226720647774,0.9740215924426451,0.9352226720647774,0.9558029689608636,0.017511389031526263
1.0394193649291992,0.02490348810658977,0.03800015449523926,0.004634040731665817,,log2,3,6,330,"{'max_depth': None, 'max_features': 'log2', 'min_samples_leaf': 3, 'min_samples_split': 6, 'n_estimators': 330}",0.5,0.8944444444444444,0.6388888888888888,0.7777777777777778,0.6222222222222222,0.6866666666666666,0.13620065082058386,221,0.9736842105263158,0.9740215924426451,0.9612010796221322,0.986842105263158,0.9871794871794872,0.9765856950067476,0.00968609321273513
1.0108810424804688,0.023500009493588315,0.04679298400878906,0.009158172617769939,20,log2,3,6,330,"{'max_depth': 20, 'max_features': 'log2', 'min_samples_leaf': 3, 'min_samples_split': 6, 'n_estimators': 330}",0.5,0.8944444444444444,0.6388888888888888,0.7777777777777778,0.6222222222222222,0.6866666666666666,0.13620065082058386,221,0.9736842105263158,0.9740215924426451,0.9612010796221322,0.986842105263158,0.9871794871794872,0.9765856950067476,0.00968609321273513
2.223361873626709,0.07927594771504053,0.07261781692504883,0.003547024060760978,,log2,4,10,730,"{'max_depth': None, 'max_features': 'log2', 'min_samples_leaf': 4, 'min_samples_split': 10, 'n_estimators': 730}",0.55,0.8444444444444444,0.6388888888888888,0.7777777777777778,0.6222222222222222,0.6866666666666666,0.10798948279838054,221,0.9473684210526316,0.9740215924426451,0.9220647773279352,0.9740215924426451,0.9612010796221322,0.9557354925775978,0.019505693987234115
2.1765944480896,0.05029193121846229,0.07827363014221192,0.006569457504726552,25,log2,4,8,730,"{'max_depth': 25, 'max_features': 'log2', 'min_samples_leaf': 4, 'min_samples_split': 8, 'n_estimators': 730}",0.55,0.8444444444444444,0.6388888888888888,0.7777777777777778,0.6222222222222222,0.6866666666666666,0.10798948279838054,221,0.9605263157894737,0.9740215924426451,0.9483805668016194,0.986842105263158,0.9612010796221322,0.9661943319838058,0.013130009553528011
1.71254620552063,0.04926963667616656,0.0546973705291748,0.004558083443651183,,sqrt,4,10,530,"{'max_depth': None, 'max_features': 'sqrt', 'min_samples_leaf': 4, 'min_samples_split': 10, 'n_estimators': 530}",0.55,0.8444444444444444,0.6388888888888888,0.7777777777777778,0.6222222222222222,0.6866666666666666,0.10798948279838054,221,0.9473684210526316,0.9608636977058029,0.9352226720647774,0.986842105263158,0.9612010796221322,0.9582995951417004,0.017214546545562457
2.1756145477294924,0.027011478292609425,0.07286577224731446,0.006306433074440803,20,log2,4,6,730,"{'max_depth': 20, 'max_features': 'log2', 'min_samples_leaf': 4, 'min_samples_split': 6, 'n_estimators': 730}",0.55,0.8444444444444444,0.6388888888888888,0.7777777777777778,0.6222222222222222,0.6866666666666666,0.10798948279838054,221,0.9605263157894737,0.9740215924426451,0.9483805668016194,0.986842105263158,0.9612010796221322,0.9661943319838058,0.013130009553528011
2.169689178466797,0.01660074530390518,0.07560076713562011,0.0017861157449225356,25,log2,4,6,730,"{'max_depth': 25, 'max_features': 'log2', 'min_samples_leaf': 4, 'min_samples_split': 6, 'n_estimators': 730}",0.55,0.8444444444444444,0.6388888888888888,0.7777777777777778,0.6222222222222222,0.6866666666666666,0.10798948279838054,221,0.9605263157894737,0.9740215924426451,0.9483805668016194,0.986842105263158,0.9612010796221322,0.9661943319838058,0.013130009553528011
0.9893328189849854,0.009400525215358908,0.03750486373901367,0.005551120029707922,25,log2,3,6,330,"{'max_depth': 25, 'max_features': 'log2', 'min_samples_leaf': 3, 'min_samples_split': 6, 'n_estimators': 330}",0.5,0.8944444444444444,0.6388888888888888,0.7777777777777778,0.6222222222222222,0.6866666666666666,0.13620065082058386,221,0.9736842105263158,0.9740215924426451,0.9612010796221322,0.986842105263158,0.9871794871794872,0.9765856950067476,0.00968609321273513
1.5958078384399415,0.04586396511193585,0.05822944641113281,0.0029101664053986557,,log2,4,10,530,"{'max_depth': None, 'max_features': 'log2', 'min_samples_leaf': 4, 'min_samples_split': 10, 'n_estimators': 530}",0.55,0.8444444444444444,0.6388888888888888,0.7777777777777778,0.6222222222222222,0.6866666666666666,0.10798948279838054,221,0.9473684210526316,0.9740215924426451,0.9220647773279352,0.986842105263158,0.9612010796221322,0.9582995951417004,0.022372873236653747
1.622070598602295,0.017514791761574413,0.05648107528686523,0.008372455430593988,20,sqrt,4,10,530,"{'max_depth': 20, 'max_features': 'sqrt', 'min_samples_leaf': 4, 'min_samples_split': 10, 'n_estimators': 530}",0.55,0.8444444444444444,0.6388888888888888,0.7777777777777778,0.6222222222222222,0.6866666666666666,0.10798948279838054,221,0.9473684210526316,0.9608636977058029,0.9352226720647774,0.986842105263158,0.9612010796221322,0.9582995951417004,0.017214546545562457
1.9887391090393067,0.20345196236263882,0.06136188507080078,0.008169336254737708,25,sqrt,4,10,530,"{'max_depth': 25, 'max_features': 'sqrt', 'min_samples_leaf': 4, 'min_samples_split': 10, 'n_estimators': 530}",0.55,0.8444444444444444,0.6388888888888888,0.7777777777777778,0.6222222222222222,0.6866666666666666,0.10798948279838054,221,0.9473684210526316,0.9608636977058029,0.9352226720647774,0.986842105263158,0.9612010796221322,0.9582995951417004,0.017214546545562457
1.00943284034729,0.045536546045543615,0.03780632019042969,0.003859782414435422,25,log2,4,10,330,"{'max_depth': 25, 'max_features': 'log2', 'min_samples_leaf': 4, 'min_samples_split': 10, 'n_estimators': 330}",0.55,0.8444444444444444,0.6388888888888888,0.7777777777777778,0.6222222222222222,0.6866666666666666,0.10798948279838054,221,0.9605263157894737,0.9740215924426451,0.9352226720647774,0.9740215924426451,0.9352226720647774,0.9558029689608636,0.017511389031526263
2.236832857131958,0.024350261217896116,0.07195730209350586,0.004716692231514537,20,log2,4,10,730,"{'max_depth': 20, 'max_features': 'log2', 'min_samples_leaf': 4, 'min_samples_split': 10, 'n_estimators': 730}",0.55,0.8444444444444444,0.6388888888888888,0.7777777777777778,0.6222222222222222,0.6866666666666666,0.10798948279838054,221,0.9473684210526316,0.9740215924426451,0.9220647773279352,0.9740215924426451,0.9612010796221322,0.9557354925775978,0.019505693987234115
1.6007396697998046,0.02373680959004874,0.06015820503234863,0.011658191767112965,20,log2,4,10,530,"{'max_depth': 20, 'max_features': 'log2', 'min_samples_leaf': 4, 'min_samples_split': 10, 'n_estimators': 530}",0.55,0.8444444444444444,0.6388888888888888,0.7777777777777778,0.6222222222222222,0.6866666666666666,0.10798948279838054,221,0.9473684210526316,0.9740215924426451,0.9220647773279352,0.986842105263158,0.9612010796221322,0.9582995951417004,0.022372873236653747
1.012156867980957,0.019348761496236353,0.03468012809753418,0.003371904033015276,20,log2,4,10,330,"{'max_depth': 20, 'max_features': 'log2', 'min_samples_leaf': 4, 'min_samples_split': 10, 'n_estimators': 330}",0.55,0.8444444444444444,0.6388888888888888,0.7777777777777778,0.6222222222222222,0.6866666666666666,0.10798948279838054,221,0.9605263157894737,0.9740215924426451,0.9352226720647774,0.9740215924426451,0.9352226720647774,0.9558029689608636,0.017511389031526263
2.23586220741272,0.03256387605758638,0.07877078056335449,0.005180966315047739,20,log2,4,8,730,"{'max_depth': 20, 'max_features': 'log2', 'min_samples_leaf': 4, 'min_samples_split': 8, 'n_estimators': 730}",0.55,0.8444444444444444,0.6388888888888888,0.7777777777777778,0.6222222222222222,0.6866666666666666,0.10798948279838054,221,0.9605263157894737,0.9740215924426451,0.9483805668016194,0.986842105263158,0.9612010796221322,0.9661943319838058,0.013130009553528011
1.6081794261932374,0.030290215836306988,0.056626510620117185,0.003314518665706757,25,log2,4,10,530,"{'max_depth': 25, 'max_features': 'log2', 'min_samples_leaf': 4, 'min_samples_split': 10, 'n_estimators': 530}",0.55,0.8444444444444444,0.6388888888888888,0.7777777777777778,0.6222222222222222,0.6866666666666666,0.10798948279838054,221,0.9473684210526316,0.9740215924426451,0.9220647773279352,0.986842105263158,0.9612010796221322,0.9582995951417004,0.022372873236653747
1.5795347690582275,0.012842813882890705,0.05745654106140137,0.0051554171444083965,15,log2,3,10,530,"{'max_depth': 15, 'max_features': 'log2', 'min_samples_leaf': 3, 'min_samples_split': 10, 'n_estimators': 530}",0.55,0.8444444444444444,0.6388888888888888,0.8333333333333333,0.5666666666666667,0.6866666666666665,0.12787918681221383,249,0.9605263157894737,0.9740215924426451,0.9483805668016194,0.986842105263158,0.9612010796221322,0.9661943319838058,0.013130009553528011
2.231302547454834,0.02490643172306621,0.07714347839355469,0.005398798993980563,15,log2,3,10,730,"{'max_depth': 15, 'max_features': 'log2', 'min_samples_leaf': 3, 'min_samples_split': 10, 'n_estimators': 730}",0.55,0.8444444444444444,0.6388888888888888,0.8333333333333333,0.5666666666666667,0.6866666666666665,0.12787918681221383,249,0.9605263157894737,0.9740215924426451,0.9483805668016194,0.986842105263158,0.9612010796221322,0.9661943319838058,0.013130009553528011
2.2770675659179687,0.04031297747734014,0.074530029296875,0.0019954051224944425,,log2,3,10,730,"{'max_depth': None, 'max_features': 'log2', 'min_samples_leaf': 3, 'min_samples_split': 10, 'n_estimators': 730}",0.55,0.8444444444444444,0.6388888888888888,0.8333333333333333,0.5666666666666667,0.6866666666666665,0.12787918681221383,249,0.9605263157894737,0.9740215924426451,0.9483805668016194,0.986842105263158,0.9612010796221322,0.9661943319838058,0.013130009553528011
1.5873337745666505,0.01137220780949448,0.053739500045776364,0.004366863201877676,,log2,3,10,530,"{'max_depth': None, 'max_features': 'log2', 'min_samples_leaf': 3, 'min_samples_split': 10, 'n_estimators': 530}",0.55,0.8444444444444444,0.6388888888888888,0.8333333333333333,0.5666666666666667,0.6866666666666665,0.12787918681221383,249,0.9605263157894737,0.9740215924426451,0.9483805668016194,0.986842105263158,0.9612010796221322,0.9661943319838058,0.013130009553528011
2.1837674617767333,0.015386248886338952,0.07011418342590332,0.0024648808762867424,25,log2,3,10,730,"{'max_depth': 25, 'max_features': 'log2', 'min_samples_leaf': 3, 'min_samples_split': 10, 'n_estimators': 730}",0.55,0.8444444444444444,0.6388888888888888,0.8333333333333333,0.5666666666666667,0.6866666666666665,0.12787918681221383,249,0.9605263157894737,0.9740215924426451,0.9483805668016194,0.986842105263158,0.9612010796221322,0.9661943319838058,0.013130009553528011
1.586420440673828,0.008679029736034792,0.056714344024658206,0.0036209877485852385,25,log2,3,10,530,"{'max_depth': 25, 'max_features': 'log2', 'min_samples_leaf': 3, 'min_samples_split': 10, 'n_estimators': 530}",0.55,0.8444444444444444,0.6388888888888888,0.8333333333333333,0.5666666666666667,0.6866666666666665,0.12787918681221383,249,0.9605263157894737,0.9740215924426451,0.9483805668016194,0.986842105263158,0.9612010796221322,0.9661943319838058,0.013130009553528011
2.256970500946045,0.06140440434815666,0.0789186954498291,0.004924141509777694,15,log2,2,10,730,"{'max_depth': 15, 'max_features': 'log2', 'min_samples_leaf': 2, 'min_samples_split': 10, 'n_estimators': 730}",0.55,0.8444444444444444,0.6388888888888888,0.8333333333333333,0.5666666666666667,0.6866666666666665,0.12787918681221383,249,0.986842105263158,0.9871794871794872,0.9615384615384616,0.986842105263158,0.9743589743589743,0.9793522267206478,0.01015603629933497
2.252252388000488,0.06080924966573856,0.07287812232971191,0.004128542298540714,20,log2,3,10,730,"{'max_depth': 20, 'max_features': 'log2', 'min_samples_leaf': 3, 'min_samples_split': 10, 'n_estimators': 730}",0.55,0.8444444444444444,0.6388888888888888,0.8333333333333333,0.5666666666666667,0.6866666666666665,0.12787918681221383,249,0.9605263157894737,0.9740215924426451,0.9483805668016194,0.986842105263158,0.9612010796221322,0.9661943319838058,0.013130009553528011
2.375024843215942,0.08853327590970583,0.0761380672454834,0.004187683642582918,,log2,2,10,730,"{'max_depth': None, 'max_features': 'log2', 'min_samples_leaf': 2, 'min_samples_split': 10, 'n_estimators': 730}",0.55,0.8444444444444444,0.6388888888888888,0.8333333333333333,0.5666666666666667,0.6866666666666665,0.12787918681221383,249,0.986842105263158,0.9871794871794872,0.9615384615384616,0.986842105263158,0.9743589743589743,0.9793522267206478,0.01015603629933497
1.657669687271118,0.038088710788583835,0.05878305435180664,0.0024296381942524735,20,log2,3,10,530,"{'max_depth': 20, 'max_features': 'log2', 'min_samples_leaf': 3, 'min_samples_split': 10, 'n_estimators': 530}",0.55,0.8444444444444444,0.6388888888888888,0.8333333333333333,0.5666666666666667,0.6866666666666665,0.12787918681221383,249,0.9605263157894737,0.9740215924426451,0.9483805668016194,0.986842105263158,0.9612010796221322,0.9661943319838058,0.013130009553528011
2.1921319484710695,0.01863322664799584,0.07567558288574219,0.006290386177995669,25,log2,2,10,730,"{'max_depth': 25, 'max_features': 'log2', 'min_samples_leaf': 2, 'min_samples_split': 10, 'n_estimators': 730}",0.55,0.8444444444444444,0.6388888888888888,0.8333333333333333,0.5666666666666667,0.6866666666666665,0.12787918681221383,249,0.986842105263158,0.9871794871794872,0.9615384615384616,0.986842105263158,0.9743589743589743,0.9793522267206478,0.01015603629933497
2.2169117450714113,0.03205522923610598,0.09537839889526367,0.03093442958457445,20,log2,2,10,730,"{'max_depth': 20, 'max_features': 'log2', 'min_samples_leaf': 2, 'min_samples_split': 10, 'n_estimators': 730}",0.55,0.8444444444444444,0.6388888888888888,0.8333333333333333,0.5666666666666667,0.6866666666666665,0.12787918681221383,249,0.986842105263158,0.9871794871794872,0.9615384615384616,0.986842105263158,0.9743589743589743,0.9793522267206478,0.01015603629933497
2.178350400924683,0.060632216380425055,0.05432281494140625,0.003998247968791068,,,2,6,530,"{'max_depth': None, 'max_features': None, 'min_samples_leaf': 2, 'min_samples_split': 6, 'n_estimators': 530}",0.44999999999999996,0.8444444444444444,0.6388888888888888,0.8333333333333333,0.6222222222222222,0.6777777777777778,0.14727986293003997,261,1.0,1.0,1.0,1.0,1.0,1.0,0.0
1.2303466320037841,0.022637914146949704,0.03767976760864258,0.003614504706341202,,,4,10,330,"{'max_depth': None, 'max_features': None, 'min_samples_leaf': 4, 'min_samples_split': 10, 'n_estimators': 330}",0.4,0.8944444444444444,0.6944444444444444,0.7777777777777778,0.6222222222222222,0.6777777777777778,0.1658126266618252,261,0.9605263157894737,0.9740215924426451,0.9483805668016194,0.9612010796221322,0.9612010796221322,0.9610661268556004,0.008112895203880782
2.748050260543823,0.05361441221949622,0.07329096794128417,0.0019928071573501673,,,4,8,730,"{'max_depth': None, 'max_features': None, 'min_samples_leaf': 4, 'min_samples_split': 8, 'n_estimators': 730}",0.4,0.8944444444444444,0.6944444444444444,0.7777777777777778,0.6222222222222222,0.6777777777777778,0.1658126266618252,261,0.9736842105263158,0.9871794871794872,0.9483805668016194,0.986842105263158,0.9743589743589743,0.9740890688259108,0.014107890179710982
2.049562406539917,0.03091130888413804,0.05147175788879395,0.0009911211848620696,,,4,8,530,"{'max_depth': None, 'max_features': None, 'min_samples_leaf': 4, 'min_samples_split': 8, 'n_estimators': 530}",0.4,0.8944444444444444,0.6944444444444444,0.7777777777777778,0.6222222222222222,0.6777777777777778,0.1658126266618252,261,0.9736842105263158,0.9871794871794872,0.9483805668016194,0.986842105263158,0.9871794871794872,0.9766531713900136,0.015057064258962362
3.012561798095703,0.047112445056353425,0.07157230377197266,0.0026447630461223963,,,2,6,730,"{'max_depth': None, 'max_features': None, 'min_samples_leaf': 2, 'min_samples_split': 6, 'n_estimators': 730}",0.44999999999999996,0.8444444444444444,0.6388888888888888,0.8333333333333333,0.6222222222222222,0.6777777777777778,0.14727986293003997,261,1.0,1.0,1.0,1.0,0.9871794871794872,0.9974358974358974,0.00512820512820511
1.246680450439453,0.018025614664785715,0.040346527099609376,0.014453205479733045,,,4,8,330,"{'max_depth': None, 'max_features': None, 'min_samples_leaf': 4, 'min_samples_split': 8, 'n_estimators': 330}",0.4,0.8944444444444444,0.6944444444444444,0.7777777777777778,0.6222222222222222,0.6777777777777778,0.1658126266618252,261,0.9736842105263158,0.9740215924426451,0.9483805668016194,0.986842105263158,0.9612010796221322,0.9688259109311741,0.013048613632105634
2.7417133808135987,0.03896128953672019,0.07021951675415039,0.0022627500081154866,,,4,6,730,"{'max_depth': None, 'max_features': None, 'min_samples_leaf': 4, 'min_samples_split': 6, 'n_estimators': 730}",0.4,0.8944444444444444,0.6944444444444444,0.7777777777777778,0.6222222222222222,0.6777777777777778,0.1658126266618252,261,0.9736842105263158,0.9871794871794872,0.9483805668016194,0.986842105263158,0.9743589743589743,0.9740890688259108,0.014107890179710982
2.0920197010040282,0.06715553793137508,0.05209627151489258,0.0019153716423239927,,,4,6,530,"{'max_depth': None, 'max_features': None, 'min_samples_leaf': 4, 'min_samples_split': 6, 'n_estimators': 530}",0.4,0.8944444444444444,0.6944444444444444,0.7777777777777778,0.6222222222222222,0.6777777777777778,0.1658126266618252,261,0.9736842105263158,0.9871794871794872,0.9483805668016194,0.986842105263158,0.9871794871794872,0.9766531713900136,0.015057064258962362
3.7972766399383544,0.07144149512758126,0.08743505477905274,0.012761893563372756,,,2,10,730,"{'max_depth': None, 'max_features': None, 'min_samples_leaf': 2, 'min_samples_split': 10, 'n_estimators': 730}",0.44999999999999996,0.8444444444444444,0.6388888888888888,0.8333333333333333,0.6222222222222222,0.6777777777777778,0.14727986293003997,261,0.986842105263158,1.0,1.0,1.0,0.9871794871794872,0.9948043184885289,0.006364278608664801
1.3518789291381836,0.04099269874046891,0.03670592308044433,0.008890270102137025,,,4,6,330,"{'max_depth': None, 'max_features': None, 'min_samples_leaf': 4, 'min_samples_split': 6, 'n_estimators': 330}",0.4,0.8944444444444444,0.6944444444444444,0.7777777777777778,0.6222222222222222,0.6777777777777778,0.1658126266618252,261,0.9736842105263158,0.9740215924426451,0.9483805668016194,0.986842105263158,0.9612010796221322,0.9688259109311741,0.013048613632105634
2.823696994781494,0.030417319496006668,0.07667107582092285,0.0028219966203431096,20,,4,10,730,"{'max_depth': 20, 'max_features': None, 'min_samples_leaf': 4, 'min_samples_split': 10, 'n_estimators': 730}",0.4,0.8944444444444444,0.6944444444444444,0.7777777777777778,0.6222222222222222,0.6777777777777778,0.1658126266618252,261,0.9736842105263158,0.9740215924426451,0.9483805668016194,0.9740215924426451,0.9612010796221322,0.9662618083670715,0.010206569717241062
2.025131034851074,0.020905629707118123,0.055330848693847655,0.010489149851071274,25,,4,10,530,"{'max_depth': 25, 'max_features': None, 'min_samples_leaf': 4, 'min_samples_split': 10, 'n_estimators': 530}",0.4,0.8944444444444444,0.6944444444444444,0.7777777777777778,0.6222222222222222,0.6777777777777778,0.1658126266618252,261,0.9736842105263158,0.9740215924426451,0.9483805668016194,0.9612010796221322,0.9612010796221322,0.963697705802969,0.009522541086271612
2.7928914546966555,0.024736814166071312,0.07440671920776368,0.005931991897914725,20,,4,6,730,"{'max_depth': 20, 'max_features': None, 'min_samples_leaf': 4, 'min_samples_split': 6, 'n_estimators': 730}",0.4,0.8944444444444444,0.6944444444444444,0.7777777777777778,0.6222222222222222,0.6777777777777778,0.1658126266618252,261,0.9736842105263158,0.9871794871794872,0.9483805668016194,0.986842105263158,0.9743589743589743,0.9740890688259108,0.014107890179710982
2.818102502822876,0.053259741903312015,0.07353110313415527,0.003570081750429259,25,,4,10,730,"{'max_depth': 25, 'max_features': None, 'min_samples_leaf': 4, 'min_samples_split': 10, 'n_estimators': 730}",0.4,0.8944444444444444,0.6944444444444444,0.7777777777777778,0.6222222222222222,0.6777777777777778,0.1658126266618252,261,0.9736842105263158,0.9740215924426451,0.9483805668016194,0.9740215924426451,0.9612010796221322,0.9662618083670715,0.010206569717241062
1.2509437561035157,0.013885438408206103,0.03605871200561524,0.0032029913640076063,20,,4,6,330,"{'max_depth': 20, 'max_features': None, 'min_samples_leaf': 4, 'min_samples_split': 6, 'n_estimators': 330}",0.4,0.8944444444444444,0.6944444444444444,0.7777777777777778,0.6222222222222222,0.6777777777777778,0.1658126266618252,261,0.9736842105263158,0.9740215924426451,0.9483805668016194,0.986842105263158,0.9612010796221322,0.9688259109311741,0.013048613632105634
3.2106422901153566,0.39018797062928035,0.06857600212097167,0.002969097924085253,20,,2,10,730,"{'max_depth': 20, 'max_features': None, 'min_samples_leaf': 2, 'min_samples_split': 10, 'n_estimators': 730}",0.44999999999999996,0.8444444444444444,0.6388888888888888,0.8333333333333333,0.6222222222222222,0.6777777777777778,0.14727986293003997,261,0.986842105263158,1.0,1.0,1.0,0.9871794871794872,0.9948043184885289,0.006364278608664801
2.9954600811004637,0.0365468136530808,0.07085585594177246,0.001005303048240175,20,,2,6,730,"{'max_depth': 20, 'max_features': None, 'min_samples_leaf': 2, 'min_samples_split': 6, 'n_estimators': 730}",0.44999999999999996,0.8444444444444444,0.6388888888888888,0.8333333333333333,0.6222222222222222,0.6777777777777778,0.14727986293003997,261,1.0,1.0,1.0,1.0,0.9871794871794872,0.9974358974358974,0.00512820512820511
2.2144906997680662,0.04671835579716793,0.0542724609375,0.004088684545642876,20,,2,6,530,"{'max_depth': 20, 'max_features': None, 'min_samples_leaf': 2, 'min_samples_split': 6, 'n_estimators': 530}",0.44999999999999996,0.8444444444444444,0.6388888888888888,0.8333333333333333,0.6222222222222222,0.6777777777777778,0.14727986293003997,261,1.0,1.0,1.0,1.0,1.0,1.0,0.0
2.8187525272369385,0.033085179871414946,0.074070405960083,0.00431675207589438,15,,4,10,730,"{'max_depth': 15, 'max_features': None, 'min_samples_leaf': 4, 'min_samples_split': 10, 'n_estimators': 730}",0.4,0.8944444444444444,0.6944444444444444,0.7777777777777778,0.6222222222222222,0.6777777777777778,0.1658126266618252,261,0.9736842105263158,0.9740215924426451,0.9483805668016194,0.9740215924426451,0.9612010796221322,0.9662618083670715,0.010206569717241062
2.076833963394165,0.024052181012920903,0.05427265167236328,0.004289682788877192,15,,4,10,530,"{'max_depth': 15, 'max_features': None, 'min_samples_leaf': 4, 'min_samples_split': 10, 'n_estimators': 530}",0.4,0.8944444444444444,0.6944444444444444,0.7777777777777778,0.6222222222222222,0.6777777777777778,0.1658126266618252,261,0.9736842105263158,0.9740215924426451,0.9483805668016194,0.9612010796221322,0.9612010796221322,0.963697705802969,0.009522541086271612
1.2798240661621094,0.034939799373771674,0.037236356735229494,0.002433215328015803,20,,4,8,330,"{'max_depth': 20, 'max_features': None, 'min_samples_leaf': 4, 'min_samples_split': 8, 'n_estimators': 330}",0.4,0.8944444444444444,0.6944444444444444,0.7777777777777778,0.6222222222222222,0.6777777777777778,0.1658126266618252,261,0.9736842105263158,0.9740215924426451,0.9483805668016194,0.986842105263158,0.9612010796221322,0.9688259109311741,0.013048613632105634
1.2911967277526855,0.0450427037110519,0.03456234931945801,0.003400211070839161,15,,4,10,330,"{'max_depth': 15, 'max_features': None, 'min_samples_leaf': 4, 'min_samples_split': 10, 'n_estimators': 330}",0.4,0.8944444444444444,0.6944444444444444,0.7777777777777778,0.6222222222222222,0.6777777777777778,0.1658126266618252,261,0.9605263157894737,0.9740215924426451,0.9483805668016194,0.9612010796221322,0.9612010796221322,0.9610661268556004,0.008112895203880782
2.014656925201416,0.021136737029328945,0.05544414520263672,0.003802583021673423,15,,4,8,530,"{'max_depth': 15, 'max_features': None, 'min_samples_leaf': 4, 'min_samples_split': 8, 'n_estimators': 530}",0.4,0.8944444444444444,0.6944444444444444,0.7777777777777778,0.6222222222222222,0.6777777777777778,0.1658126266618252,261,0.9736842105263158,0.9871794871794872,0.9483805668016194,0.986842105263158,0.9871794871794872,0.9766531713900136,0.015057064258962362
1.2756062030792237,0.02225225538062137,0.03601040840148926,0.003582982876608441,15,,4,8,330,"{'max_depth': 15, 'max_features': None, 'min_samples_leaf': 4, 'min_samples_split': 8, 'n_estimators': 330}",0.4,0.8944444444444444,0.6944444444444444,0.7777777777777778,0.6222222222222222,0.6777777777777778,0.1658126266618252,261,0.9736842105263158,0.9740215924426451,0.9483805668016194,0.986842105263158,0.9612010796221322,0.9688259109311741,0.013048613632105634
2.7960028648376465,0.03300933819616331,0.07197651863098145,0.003920084543574636,15,,4,6,730,"{'max_depth': 15, 'max_features': None, 'min_samples_leaf': 4, 'min_samples_split': 6, 'n_estimators': 730}",0.4,0.8944444444444444,0.6944444444444444,0.7777777777777778,0.6222222222222222,0.6777777777777778,0.1658126266618252,261,0.9736842105263158,0.9871794871794872,0.9483805668016194,0.986842105263158,0.9743589743589743,0.9740890688259108,0.014107890179710982
2.033937692642212,0.028589571113394833,0.05337681770324707,0.0021153443089994774,15,,4,6,530,"{'max_depth': 15, 'max_features': None, 'min_samples_leaf': 4, 'min_samples_split': 6, 'n_estimators': 530}",0.4,0.8944444444444444,0.6944444444444444,0.7777777777777778,0.6222222222222222,0.6777777777777778,0.1658126266618252,261,0.9736842105263158,0.9871794871794872,0.9483805668016194,0.986842105263158,0.9871794871794872,0.9766531713900136,0.015057064258962362
1.273244857788086,0.0074984286021927355,0.03829665184020996,0.007542393798608991,15,,4,6,330,"{'max_depth': 15, 'max_features': None, 'min_samples_leaf': 4, 'min_samples_split': 6, 'n_estimators': 330}",0.4,0.8944444444444444,0.6944444444444444,0.7777777777777778,0.6222222222222222,0.6777777777777778,0.1658126266618252,261,0.9736842105263158,0.9740215924426451,0.9483805668016194,0.986842105263158,0.9612010796221322,0.9688259109311741,0.013048613632105634
2.9744379043579103,0.03433560729991913,0.07509918212890625,0.005135398304149798,15,,2,10,730,"{'max_depth': 15, 'max_features': None, 'min_samples_leaf': 2, 'min_samples_split': 10, 'n_estimators': 730}",0.44999999999999996,0.8444444444444444,0.6388888888888888,0.8333333333333333,0.6222222222222222,0.6777777777777778,0.14727986293003997,261,0.986842105263158,1.0,1.0,1.0,0.9871794871794872,0.9948043184885289,0.006364278608664801
3.047666835784912,0.04159134159450977,0.06945614814758301,0.0029836523207177556,15,,2,6,730,"{'max_depth': 15, 'max_features': None, 'min_samples_leaf': 2, 'min_samples_split': 6, 'n_estimators': 730}",0.44999999999999996,0.8444444444444444,0.6388888888888888,0.8333333333333333,0.6222222222222222,0.6777777777777778,0.14727986293003997,261,1.0,1.0,1.0,1.0,0.9871794871794872,0.9974358974358974,0.00512820512820511
2.1999764442443848,0.03690633560595859,0.0614130973815918,0.00543656165683459,15,,2,6,530,"{'max_depth': 15, 'max_features': None, 'min_samples_leaf': 2, 'min_samples_split': 6, 'n_estimators': 530}",0.44999999999999996,0.8444444444444444,0.6388888888888888,0.8333333333333333,0.6222222222222222,0.6777777777777778,0.14727986293003997,261,1.0,1.0,1.0,1.0,1.0,1.0,0.0
2.820842170715332,0.06485734452651275,0.07871956825256347,0.0061443584912254995,15,,4,8,730,"{'max_depth': 15, 'max_features': None, 'min_samples_leaf': 4, 'min_samples_split': 8, 'n_estimators': 730}",0.4,0.8944444444444444,0.6944444444444444,0.7777777777777778,0.6222222222222222,0.6777777777777778,0.1658126266618252,261,0.9736842105263158,0.9871794871794872,0.9483805668016194,0.986842105263158,0.9743589743589743,0.9740890688259108,0.014107890179710982
2.0887094497680665,0.05549906696414048,0.061685943603515626,0.011054458635293512,20,,4,8,530,"{'max_depth': 20, 'max_features': None, 'min_samples_leaf': 4, 'min_samples_split': 8, 'n_estimators': 530}",0.4,0.8944444444444444,0.6944444444444444,0.7777777777777778,0.6222222222222222,0.6777777777777778,0.1658126266618252,261,0.9736842105263158,0.9871794871794872,0.9483805668016194,0.986842105263158,0.9871794871794872,0.9766531713900136,0.015057064258962362
2.0203221797943116,0.026615294060442104,0.05550165176391601,0.004148183146943559,20,,4,6,530,"{'max_depth': 20, 'max_features': None, 'min_samples_leaf': 4, 'min_samples_split': 6, 'n_estimators': 530}",0.4,0.8944444444444444,0.6944444444444444,0.7777777777777778,0.6222222222222222,0.6777777777777778,0.1658126266618252,261,0.9736842105263158,0.9871794871794872,0.9483805668016194,0.986842105263158,0.9871794871794872,0.9766531713900136,0.015057064258962362
2.5707249641418457,0.09492830365956949,0.06503996849060059,0.011313936481535497,25,,2,6,530,"{'max_depth': 25, 'max_features': None, 'min_samples_leaf': 2, 'min_samples_split': 6, 'n_estimators': 530}",0.44999999999999996,0.8444444444444444,0.6388888888888888,0.8333333333333333,0.6222222222222222,0.6777777777777778,0.14727986293003997,261,1.0,1.0,1.0,1.0,1.0,1.0,0.0
1.2671088695526123,0.010690619251310674,0.03488702774047851,0.0019417749758719278,25,,4,10,330,"{'max_depth': 25, 'max_features': None, 'min_samples_leaf': 4, 'min_samples_split': 10, 'n_estimators': 330}",0.4,0.8944444444444444,0.6944444444444444,0.7777777777777778,0.6222222222222222,0.6777777777777778,0.1658126266618252,261,0.9605263157894737,0.9740215924426451,0.9483805668016194,0.9612010796221322,0.9612010796221322,0.9610661268556004,0.008112895203880782
2.841231107711792,0.03723675657928804,0.06928505897521972,0.0037207120216132556,25,,4,8,730,"{'max_depth': 25, 'max_features': None, 'min_samples_leaf': 4, 'min_samples_split': 8, 'n_estimators': 730}",0.4,0.8944444444444444,0.6944444444444444,0.7777777777777778,0.6222222222222222,0.6777777777777778,0.1658126266618252,261,0.9736842105263158,0.9871794871794872,0.9483805668016194,0.986842105263158,0.9743589743589743,0.9740890688259108,0.014107890179710982
2.066980791091919,0.024742306111818976,0.05261244773864746,0.0017672290584626413,25,,4,8,530,"{'max_depth': 25, 'max_features': None, 'min_samples_leaf': 4, 'min_samples_split': 8, 'n_estimators': 530}",0.4,0.8944444444444444,0.6944444444444444,0.7777777777777778,0.6222222222222222,0.6777777777777778,0.1658126266618252,261,0.9736842105263158,0.9871794871794872,0.9483805668016194,0.986842105263158,0.9871794871794872,0.9766531713900136,0.015057064258962362
1.2652180671691895,0.022726128191988555,0.03780546188354492,0.004669096808375373,25,,4,8,330,"{'max_depth': 25, 'max_features': None, 'min_samples_leaf': 4, 'min_samples_split': 8, 'n_estimators': 330}",0.4,0.8944444444444444,0.6944444444444444,0.7777777777777778,0.6222222222222222,0.6777777777777778,0.1658126266618252,261,0.9736842105263158,0.9740215924426451,0.9483805668016194,0.986842105263158,0.9612010796221322,0.9688259109311741,0.013048613632105634
2.8026492595672607,0.022600263829836872,0.07737016677856445,0.002956887780154776,25,,4,6,730,"{'max_depth': 25, 'max_features': None, 'min_samples_leaf': 4, 'min_samples_split': 6, 'n_estimators': 730}",0.4,0.8944444444444444,0.6944444444444444,0.7777777777777778,0.6222222222222222,0.6777777777777778,0.1658126266618252,261,0.9736842105263158,0.9871794871794872,0.9483805668016194,0.986842105263158,0.9743589743589743,0.9740890688259108,0.014107890179710982
2.095507287979126,0.07601729458992684,0.05218343734741211,0.0036515372548112544,25,,4,6,530,"{'max_depth': 25, 'max_features': None, 'min_samples_leaf': 4, 'min_samples_split': 6, 'n_estimators': 530}",0.4,0.8944444444444444,0.6944444444444444,0.7777777777777778,0.6222222222222222,0.6777777777777778,0.1658126266618252,261,0.9736842105263158,0.9871794871794872,0.9483805668016194,0.986842105263158,0.9871794871794872,0.9766531713900136,0.015057064258962362
1.2979350566864014,0.04928190853220273,0.0350128173828125,0.0026760732899225544,25,,4,6,330,"{'max_depth': 25, 'max_features': None, 'min_samples_leaf': 4, 'min_samples_split': 6, 'n_estimators': 330}",0.4,0.8944444444444444,0.6944444444444444,0.7777777777777778,0.6222222222222222,0.6777777777777778,0.1658126266618252,261,0.9736842105263158,0.9740215924426451,0.9483805668016194,0.986842105263158,0.9612010796221322,0.9688259109311741,0.013048613632105634
3.563384675979614,0.10141170879733767,0.08691816329956055,0.007329493943487437,25,,2,10,730,"{'max_depth': 25, 'max_features': None, 'min_samples_leaf': 2, 'min_samples_split': 10, 'n_estimators': 730}",0.44999999999999996,0.8444444444444444,0.6388888888888888,0.8333333333333333,0.6222222222222222,0.6777777777777778,0.14727986293003997,261,0.986842105263158,1.0,1.0,1.0,0.9871794871794872,0.9948043184885289,0.006364278608664801
3.5430909156799317,0.22465500595210994,0.0781710147857666,0.004118689506676457,25,,2,6,730,"{'max_depth': 25, 'max_features': None, 'min_samples_leaf': 2, 'min_samples_split': 6, 'n_estimators': 730}",0.44999999999999996,0.8444444444444444,0.6388888888888888,0.8333333333333333,0.6222222222222222,0.6777777777777778,0.14727986293003997,261,1.0,1.0,1.0,1.0,0.9871794871794872,0.9974358974358974,0.00512820512820511
2.85229287147522,0.0318523588825827,0.07601447105407715,0.001930878245459851,20,,4,8,730,"{'max_depth': 20, 'max_features': None, 'min_samples_leaf': 4, 'min_samples_split': 8, 'n_estimators': 730}",0.4,0.8944444444444444,0.6944444444444444,0.7777777777777778,0.6222222222222222,0.6777777777777778,0.1658126266618252,261,0.9736842105263158,0.9871794871794872,0.9483805668016194,0.986842105263158,0.9743589743589743,0.9740890688259108,0.014107890179710982
2.4215856552124024,0.2085425873061931,0.05230789184570313,0.005295251203456133,,,4,10,730,"{'max_depth': None, 'max_features': None, 'min_samples_leaf': 4, 'min_samples_split': 10, 'n_estimators': 730}",0.4,0.8944444444444444,0.6944444444444444,0.7777777777777778,0.6222222222222222,0.6777777777777778,0.1658126266618252,261,0.9736842105263158,0.9740215924426451,0.9483805668016194,0.9740215924426451,0.9612010796221322,0.9662618083670715,0.010206569717241062
2.0374805450439455,0.021623502826884716,0.05428643226623535,0.004378787963118567,20,,4,10,530,"{'max_depth': 20, 'max_features': None, 'min_samples_leaf': 4, 'min_samples_split': 10, 'n_estimators': 530}",0.4,0.8944444444444444,0.6944444444444444,0.7777777777777778,0.6222222222222222,0.6777777777777778,0.1658126266618252,261,0.9736842105263158,0.9740215924426451,0.9483805668016194,0.9612010796221322,0.9612010796221322,0.963697705802969,0.009522541086271612
1.3012963771820067,0.02852917261377047,0.03662300109863281,0.003220204271618617,20,,4,10,330,"{'max_depth': 20, 'max_features': None, 'min_samples_leaf': 4, 'min_samples_split': 10, 'n_estimators': 330}",0.4,0.8944444444444444,0.6944444444444444,0.7777777777777778,0.6222222222222222,0.6777777777777778,0.1658126266618252,261,0.9605263157894737,0.9740215924426451,0.9483805668016194,0.9612010796221322,0.9612010796221322,0.9610661268556004,0.008112895203880782
1.9650264739990235,0.024799104901108922,0.053871870040893555,0.005549397550821593,,,4,10,530,"{'max_depth': None, 'max_features': None, 'min_samples_leaf': 4, 'min_samples_split': 10, 'n_estimators': 530}",0.4,0.8944444444444444,0.6944444444444444,0.7777777777777778,0.6222222222222222,0.6777777777777778,0.1658126266618252,261,0.9736842105263158,0.9740215924426451,0.9483805668016194,0.9612010796221322,0.9612010796221322,0.963697705802969,0.009522541086271612
2.2394275188446047,0.06794019121777625,0.07335414886474609,0.00375323023737038,15,sqrt,4,6,730,"{'max_depth': 15, 'max_features': 'sqrt', 'min_samples_leaf': 4, 'min_samples_split': 6, 'n_estimators': 730}",0.5,0.8444444444444444,0.6388888888888888,0.7777777777777778,0.6222222222222222,0.6766666666666666,0.12163495274136897,309,0.9473684210526316,0.9740215924426451,0.9483805668016194,0.986842105263158,0.9612010796221322,0.9635627530364372,0.015163431210691131
2.2200244426727296,0.03002959691027468,0.07628140449523926,0.004431969705839521,15,sqrt,4,8,730,"{'max_depth': 15, 'max_features': 'sqrt', 'min_samples_leaf': 4, 'min_samples_split': 8, 'n_estimators': 730}",0.5,0.8444444444444444,0.6388888888888888,0.7777777777777778,0.6222222222222222,0.6766666666666666,0.12163495274136897,309,0.9473684210526316,0.9740215924426451,0.9483805668016194,0.986842105263158,0.9612010796221322,0.9635627530364372,0.015163431210691131
2.1970401287078856,0.011796597233572854,0.07245450019836426,0.0032361157709644922,15,sqrt,4,10,730,"{'max_depth': 15, 'max_features': 'sqrt', 'min_samples_leaf': 4, 'min_samples_split': 10, 'n_estimators': 730}",0.5,0.8444444444444444,0.6388888888888888,0.7777777777777778,0.6222222222222222,0.6766666666666666,0.12163495274136897,309,0.9473684210526316,0.9740215924426451,0.9352226720647774,0.986842105263158,0.9612010796221322,0.9609311740890689,0.01837217244768398
2.2904342651367187,0.032315960114303224,0.07599239349365235,0.0031214826445027394,,sqrt,4,6,730,"{'max_depth': None, 'max_features': 'sqrt', 'min_samples_leaf': 4, 'min_samples_split': 6, 'n_estimators': 730}",0.5,0.8444444444444444,0.6388888888888888,0.7777777777777778,0.6222222222222222,0.6766666666666666,0.12163495274136897,309,0.9473684210526316,0.9740215924426451,0.9483805668016194,0.986842105263158,0.9612010796221322,0.9635627530364372,0.015163431210691131
2.2742897987365724,0.0236263519740492,0.0753774642944336,0.002473061155163146,,sqrt,4,10,730,"{'max_depth': None, 'max_features': 'sqrt', 'min_samples_leaf': 4, 'min_samples_split': 10, 'n_estimators': 730}",0.5,0.8444444444444444,0.6388888888888888,0.7777777777777778,0.6222222222222222,0.6766666666666666,0.12163495274136897,309,0.9473684210526316,0.9740215924426451,0.9352226720647774,0.986842105263158,0.9612010796221322,0.9609311740890689,0.01837217244768398
2.2104201316833496,0.014271821472806343,0.07805361747741699,0.003945484551570283,20,sqrt,4,6,730,"{'max_depth': 20, 'max_features': 'sqrt', 'min_samples_leaf': 4, 'min_samples_split': 6, 'n_estimators': 730}",0.5,0.8444444444444444,0.6388888888888888,0.7777777777777778,0.6222222222222222,0.6766666666666666,0.12163495274136897,309,0.9473684210526316,0.9740215924426451,0.9483805668016194,0.986842105263158,0.9612010796221322,0.9635627530364372,0.015163431210691131
2.2520068168640135,0.08393570698415105,0.08188509941101074,0.007241123163953887,,sqrt,4,8,730,"{'max_depth': None, 'max_features': 'sqrt', 'min_samples_leaf': 4, 'min_samples_split': 8, 'n_estimators': 730}",0.5,0.8444444444444444,0.6388888888888888,0.7777777777777778,0.6222222222222222,0.6766666666666666,0.12163495274136897,309,0.9473684210526316,0.9740215924426451,0.9483805668016194,0.986842105263158,0.9612010796221322,0.9635627530364372,0.015163431210691131
2.5247036457061767,0.3054805784016868,0.0920370101928711,0.018526661921543293,25,sqrt,4,6,730,"{'max_depth': 25, 'max_features': 'sqrt', 'min_samples_leaf': 4, 'min_samples_split': 6, 'n_estimators': 730}",0.5,0.8444444444444444,0.6388888888888888,0.7777777777777778,0.6222222222222222,0.6766666666666666,0.12163495274136897,309,0.9473684210526316,0.9740215924426451,0.9483805668016194,0.986842105263158,0.9612010796221322,0.9635627530364372,0.015163431210691131
2.2418665409088137,0.015122456484531411,0.08574023246765136,0.03178713680322482,20,sqrt,4,10,730,"{'max_depth': 20, 'max_features': 'sqrt', 'min_samples_leaf': 4, 'min_samples_split': 10, 'n_estimators': 730}",0.5,0.8444444444444444,0.6388888888888888,0.7777777777777778,0.6222222222222222,0.6766666666666666,0.12163495274136897,309,0.9473684210526316,0.9740215924426451,0.9352226720647774,0.986842105263158,0.9612010796221322,0.9609311740890689,0.01837217244768398
2.2181344509124754,0.02589423463863127,0.07562794685363769,0.004523048124132454,20,sqrt,4,8,730,"{'max_depth': 20, 'max_features': 'sqrt', 'min_samples_leaf': 4, 'min_samples_split': 8, 'n_estimators': 730}",0.5,0.8444444444444444,0.6388888888888888,0.7777777777777778,0.6222222222222222,0.6766666666666666,0.12163495274136897,309,0.9473684210526316,0.9740215924426451,0.9483805668016194,0.986842105263158,0.9612010796221322,0.9635627530364372,0.015163431210691131
2.6353110790252687,0.1711874482990541,0.08874311447143554,0.011500930204103296,25,sqrt,4,10,730,"{'max_depth': 25, 'max_features': 'sqrt', 'min_samples_leaf': 4, 'min_samples_split': 10, 'n_estimators': 730}",0.5,0.8444444444444444,0.6388888888888888,0.7777777777777778,0.6222222222222222,0.6766666666666666,0.12163495274136897,309,0.9473684210526316,0.9740215924426451,0.9352226720647774,0.986842105263158,0.9612010796221322,0.9609311740890689,0.01837217244768398
2.6334924697875977,0.4008251481815014,0.10597224235534668,0.03387413571922032,25,sqrt,4,8,730,"{'max_depth': 25, 'max_features': 'sqrt', 'min_samples_leaf': 4, 'min_samples_split': 8, 'n_estimators': 730}",0.5,0.8444444444444444,0.6388888888888888,0.7777777777777778,0.6222222222222222,0.6766666666666666,0.12163495274136897,309,0.9473684210526316,0.9740215924426451,0.9483805668016194,0.986842105263158,0.9612010796221322,0.9635627530364372,0.015163431210691131
1.0200899600982667,0.018188396282066876,0.03821320533752441,0.004845384726963616,,sqrt,3,10,330,"{'max_depth': None, 'max_features': 'sqrt', 'min_samples_leaf': 3, 'min_samples_split': 10, 'n_estimators': 330}",0.5,0.8444444444444444,0.6388888888888888,0.8333333333333333,0.5666666666666667,0.6766666666666665,0.13959376688479475,321,0.9605263157894737,0.9740215924426451,0.9352226720647774,0.9740215924426451,0.9612010796221322,0.9609986504723347,0.014169397839035541
1.0164628505706788,0.010887248874602939,0.03627104759216308,0.004104771839829717,15,sqrt,3,10,330,"{'max_depth': 15, 'max_features': 'sqrt', 'min_samples_leaf': 3, 'min_samples_split': 10, 'n_estimators': 330}",0.5,0.8444444444444444,0.6388888888888888,0.8333333333333333,0.5666666666666667,0.6766666666666665,0.13959376688479475,321,0.9605263157894737,0.9740215924426451,0.9352226720647774,0.9740215924426451,0.9612010796221322,0.9609986504723347,0.014169397839035541
0.9960992336273193,0.012910303745313125,0.03583550453186035,0.0028258100690737925,25,sqrt,3,10,330,"{'max_depth': 25, 'max_features': 'sqrt', 'min_samples_leaf': 3, 'min_samples_split': 10, 'n_estimators': 330}",0.5,0.8444444444444444,0.6388888888888888,0.8333333333333333,0.5666666666666667,0.6766666666666665,0.13959376688479475,321,0.9605263157894737,0.9740215924426451,0.9352226720647774,0.9740215924426451,0.9612010796221322,0.9609986504723347,0.014169397839035541
0.9912844657897949,0.011129906131953448,0.038784360885620116,0.005367918173038056,20,sqrt,3,10,330,"{'max_depth': 20, 'max_features': 'sqrt', 'min_samples_leaf': 3, 'min_samples_split': 10, 'n_estimators': 330}",0.5,0.8444444444444444,0.6388888888888888,0.8333333333333333,0.5666666666666667,0.6766666666666665,0.13959376688479475,321,0.9605263157894737,0.9740215924426451,0.9352226720647774,0.9740215924426451,0.9612010796221322,0.9609986504723347,0.014169397839035541
