mean_fit_time,std_fit_time,mean_score_time,std_score_time,param_max_depth,param_max_features,param_min_samples_leaf,param_min_samples_split,param_n_estimators,params,split0_test_score,split1_test_score,split2_test_score,split3_test_score,split4_test_score,mean_test_score,std_test_score,rank_test_score,split0_train_score,split1_train_score,split2_train_score,split3_train_score,split4_train_score,mean_train_score,std_train_score
24.024802017211915,3.1210207181634906,0.10890936851501465,0.012349486204986262,20,,2,11,984,"{'max_depth': 20, 'max_features': None, 'min_samples_leaf': 2, 'min_samples_split': 11, 'n_estimators': 984}",0.55,0.788888888888889,0.6833333333333333,0.7277777777777779,0.7833333333333333,0.7066666666666667,0.0873760144503889,1,1.0,1.0,1.0,1.0,1.0,1.0,0.0
22.670620727539063,1.2262873837005717,0.11888642311096191,0.01838129098408677,25,,2,11,984,"{'max_depth': 25, 'max_features': None, 'min_samples_leaf': 2, 'min_samples_split': 11, 'n_estimators': 984}",0.55,0.788888888888889,0.6833333333333333,0.7277777777777779,0.7833333333333333,0.7066666666666667,0.0873760144503889,1,1.0,1.0,1.0,1.0,1.0,1.0,0.0
25.455401611328124,1.9827116443928048,0.11549186706542969,0.021450356473511567,15,,2,11,984,"{'max_depth': 15, 'max_features': None, 'min_samples_leaf': 2, 'min_samples_split': 11, 'n_estimators': 984}",0.55,0.788888888888889,0.6833333333333333,0.7277777777777779,0.7833333333333333,0.7066666666666667,0.0873760144503889,1,1.0,1.0,1.0,1.0,1.0,1.0,0.0
21.49298620223999,1.267831808142724,0.09696459770202637,0.0052112884623908996,,,2,11,984,"{'max_depth': None, 'max_features': None, 'min_samples_leaf': 2, 'min_samples_split': 11, 'n_estimators': 984}",0.55,0.788888888888889,0.6833333333333333,0.7277777777777779,0.7833333333333333,0.7066666666666667,0.0873760144503889,1,1.0,1.0,1.0,1.0,1.0,1.0,0.0
25.886627388000488,1.2912831855427227,0.13583717346191407,0.05700018714415002,15,,1,9,984,"{'max_depth': 15, 'max_features': None, 'min_samples_leaf': 1, 'min_samples_split': 9, 'n_estimators': 984}",0.55,0.7388888888888889,0.6833333333333333,0.7277777777777779,0.7833333333333333,0.6966666666666667,0.07993824777157754,5,1.0,1.0,1.0,1.0,1.0,1.0,0.0
22.180928421020507,1.4507872123166419,0.09654178619384765,0.006029545789353728,,,1,9,984,"{'max_depth': None, 'max_features': None, 'min_samples_leaf': 1, 'min_samples_split': 9, 'n_estimators': 984}",0.55,0.7388888888888889,0.6833333333333333,0.7277777777777779,0.7833333333333333,0.6966666666666667,0.07993824777157754,5,1.0,1.0,1.0,1.0,1.0,1.0,0.0
26.29294171333313,0.27531764407239073,0.11310882568359375,0.0030819509022350115,25,,2,9,1184,"{'max_depth': 25, 'max_features': None, 'min_samples_leaf': 2, 'min_samples_split': 9, 'n_estimators': 1184}",0.55,0.7388888888888889,0.6833333333333333,0.7277777777777779,0.7833333333333333,0.6966666666666667,0.07993824777157754,5,1.0,1.0,1.0,1.0,1.0,1.0,0.0
28.48368549346924,2.643573385425584,0.13384227752685546,0.021028866810630882,20,,2,9,1184,"{'max_depth': 20, 'max_features': None, 'min_samples_leaf': 2, 'min_samples_split': 9, 'n_estimators': 1184}",0.55,0.7388888888888889,0.6833333333333333,0.7277777777777779,0.7833333333333333,0.6966666666666667,0.07993824777157754,5,1.0,1.0,1.0,1.0,1.0,1.0,0.0
23.450545501708984,2.156113766444297,0.10670561790466308,0.009323780379136946,25,,1,9,984,"{'max_depth': 25, 'max_features': None, 'min_samples_leaf': 1, 'min_samples_split': 9, 'n_estimators': 984}",0.55,0.7388888888888889,0.6833333333333333,0.7277777777777779,0.7833333333333333,0.6966666666666667,0.07993824777157754,5,1.0,1.0,1.0,1.0,1.0,1.0,0.0
30.6887095451355,2.0565285417520602,0.1308506488800049,0.03342159372551536,15,,2,9,1184,"{'max_depth': 15, 'max_features': None, 'min_samples_leaf': 2, 'min_samples_split': 9, 'n_estimators': 1184}",0.55,0.7388888888888889,0.6833333333333333,0.7277777777777779,0.7833333333333333,0.6966666666666667,0.07993824777157754,5,1.0,1.0,1.0,1.0,1.0,1.0,0.0
25.718442535400392,1.5765942936994108,0.10970611572265625,0.004039248294164309,,,2,9,1184,"{'max_depth': None, 'max_features': None, 'min_samples_leaf': 2, 'min_samples_split': 9, 'n_estimators': 1184}",0.55,0.7388888888888889,0.6833333333333333,0.7277777777777779,0.7833333333333333,0.6966666666666667,0.07993824777157754,5,1.0,1.0,1.0,1.0,1.0,1.0,0.0
25.20926351547241,1.593103747278331,0.11765761375427246,0.02118310889273966,20,,1,9,984,"{'max_depth': 20, 'max_features': None, 'min_samples_leaf': 1, 'min_samples_split': 9, 'n_estimators': 984}",0.55,0.7388888888888889,0.6833333333333333,0.7277777777777779,0.7833333333333333,0.6966666666666667,0.07993824777157754,5,1.0,1.0,1.0,1.0,1.0,1.0,0.0
24.144282388687134,2.260840175614803,0.12067761421203613,0.02529406348664594,25,,1,13,984,"{'max_depth': 25, 'max_features': None, 'min_samples_leaf': 1, 'min_samples_split': 13, 'n_estimators': 984}",0.55,0.7333333333333334,0.6833333333333333,0.7277777777777779,0.7833333333333333,0.6955555555555556,0.0793803159977411,13,1.0,1.0,1.0,1.0,1.0,1.0,0.0
24.760235929489134,1.865897764187473,0.1103053092956543,0.014433316767774219,25,,1,11,984,"{'max_depth': 25, 'max_features': None, 'min_samples_leaf': 1, 'min_samples_split': 11, 'n_estimators': 984}",0.55,0.7333333333333334,0.6833333333333333,0.7277777777777779,0.7833333333333333,0.6955555555555556,0.0793803159977411,13,1.0,1.0,1.0,1.0,1.0,1.0,0.0
17.960397005081177,1.9309573350765883,0.08437776565551758,0.012321561445438322,25,,1,11,784,"{'max_depth': 25, 'max_features': None, 'min_samples_leaf': 1, 'min_samples_split': 11, 'n_estimators': 784}",0.55,0.6833333333333333,0.6833333333333333,0.7777777777777778,0.7833333333333333,0.6955555555555556,0.08479459568150627,13,1.0,1.0,1.0,1.0,1.0,1.0,0.0
21.676276922225952,0.5892552603219631,0.09893465042114258,0.006415499635782179,,,1,13,984,"{'max_depth': None, 'max_features': None, 'min_samples_leaf': 1, 'min_samples_split': 13, 'n_estimators': 984}",0.55,0.7333333333333334,0.6833333333333333,0.7277777777777779,0.7833333333333333,0.6955555555555556,0.0793803159977411,13,1.0,1.0,1.0,1.0,1.0,1.0,0.0
17.576431035995483,0.5745340980423393,0.07699422836303711,0.005062930557227653,,,1,11,784,"{'max_depth': None, 'max_features': None, 'min_samples_leaf': 1, 'min_samples_split': 11, 'n_estimators': 784}",0.55,0.6833333333333333,0.6833333333333333,0.7777777777777778,0.7833333333333333,0.6955555555555556,0.08479459568150627,13,1.0,1.0,1.0,1.0,1.0,1.0,0.0
24.215106439590453,1.304711811495659,0.11408109664916992,0.008437721243631584,15,,1,13,984,"{'max_depth': 15, 'max_features': None, 'min_samples_leaf': 1, 'min_samples_split': 13, 'n_estimators': 984}",0.55,0.7333333333333334,0.6833333333333333,0.7277777777777779,0.7833333333333333,0.6955555555555556,0.0793803159977411,13,1.0,1.0,1.0,1.0,1.0,1.0,0.0
18.754285430908205,1.8640922621478475,0.09753918647766113,0.01835074892054986,20,,1,11,784,"{'max_depth': 20, 'max_features': None, 'min_samples_leaf': 1, 'min_samples_split': 11, 'n_estimators': 784}",0.55,0.6833333333333333,0.6833333333333333,0.7777777777777778,0.7833333333333333,0.6955555555555556,0.08479459568150627,13,1.0,1.0,1.0,1.0,1.0,1.0,0.0
20.62428812980652,1.0891115500757378,0.1430182933807373,0.06396833311743418,15,,1,11,784,"{'max_depth': 15, 'max_features': None, 'min_samples_leaf': 1, 'min_samples_split': 11, 'n_estimators': 784}",0.55,0.6833333333333333,0.6833333333333333,0.7777777777777778,0.7833333333333333,0.6955555555555556,0.08479459568150627,13,1.0,1.0,1.0,1.0,1.0,1.0,0.0
23.72072057723999,1.9871823971925815,0.11658062934875488,0.018195505886184904,20,,1,11,984,"{'max_depth': 20, 'max_features': None, 'min_samples_leaf': 1, 'min_samples_split': 11, 'n_estimators': 984}",0.55,0.7333333333333334,0.6833333333333333,0.7277777777777779,0.7833333333333333,0.6955555555555556,0.0793803159977411,13,1.0,1.0,1.0,1.0,1.0,1.0,0.0
23.03045811653137,1.636849877247879,0.09773921966552734,0.007023394063051763,20,,1,13,984,"{'max_depth': 20, 'max_features': None, 'min_samples_leaf': 1, 'min_samples_split': 13, 'n_estimators': 984}",0.55,0.7333333333333334,0.6833333333333333,0.7277777777777779,0.7833333333333333,0.6955555555555556,0.0793803159977411,13,1.0,1.0,1.0,1.0,1.0,1.0,0.0
27.144466400146484,1.025960301728225,0.12387008666992187,0.008210137943499092,15,,1,11,984,"{'max_depth': 15, 'max_features': None, 'min_samples_leaf': 1, 'min_samples_split': 11, 'n_estimators': 984}",0.55,0.7333333333333334,0.6833333333333333,0.7277777777777779,0.7833333333333333,0.6955555555555556,0.0793803159977411,13,1.0,1.0,1.0,1.0,1.0,1.0,0.0
21.968269395828248,1.2606037191262518,0.09793825149536133,0.012383093142122626,,,1,11,984,"{'max_depth': None, 'max_features': None, 'min_samples_leaf': 1, 'min_samples_split': 11, 'n_estimators': 984}",0.55,0.7333333333333334,0.6833333333333333,0.7277777777777779,0.7833333333333333,0.6955555555555556,0.0793803159977411,13,1.0,1.0,1.0,1.0,1.0,1.0,0.0
23.809877920150758,1.2827987966585475,0.10811147689819336,0.007715114076672023,25,,2,13,984,"{'max_depth': 25, 'max_features': None, 'min_samples_leaf': 2, 'min_samples_split': 13, 'n_estimators': 984}",0.55,0.7333333333333334,0.6833333333333333,0.6777777777777778,0.7833333333333333,0.6855555555555556,0.07782538225705536,25,1.0,1.0,1.0,1.0,1.0,1.0,0.0
17.367590618133544,1.064692935136249,0.09634299278259277,0.021599619122152493,25,,2,11,784,"{'max_depth': 25, 'max_features': None, 'min_samples_leaf': 2, 'min_samples_split': 11, 'n_estimators': 784}",0.55,0.6833333333333333,0.6833333333333333,0.7277777777777779,0.7833333333333333,0.6855555555555556,0.07710822921287765,25,1.0,1.0,1.0,1.0,1.0,1.0,0.0
18.179620027542114,0.679579273866223,0.09295125007629394,0.021936153927283913,20,,2,11,784,"{'max_depth': 20, 'max_features': None, 'min_samples_leaf': 2, 'min_samples_split': 11, 'n_estimators': 784}",0.55,0.6833333333333333,0.6833333333333333,0.7277777777777779,0.7833333333333333,0.6855555555555556,0.07710822921287765,25,1.0,1.0,1.0,1.0,1.0,1.0,0.0
29.88254780769348,2.3444269457885722,0.14064264297485352,0.03263996453931361,20,,1,9,1184,"{'max_depth': 20, 'max_features': None, 'min_samples_leaf': 1, 'min_samples_split': 9, 'n_estimators': 1184}",0.55,0.7388888888888889,0.6833333333333333,0.6722222222222223,0.7833333333333333,0.6855555555555556,0.07869302759833677,25,1.0,1.0,1.0,1.0,1.0,1.0,0.0
21.548420238494874,1.6313403260166095,0.10192694664001464,0.015572719987690303,20,,2,9,984,"{'max_depth': 20, 'max_features': None, 'min_samples_leaf': 2, 'min_samples_split': 9, 'n_estimators': 984}",0.55,0.6833333333333333,0.6833333333333333,0.7277777777777779,0.7833333333333333,0.6855555555555556,0.07710822921287765,25,1.0,1.0,1.0,1.0,1.0,1.0,0.0
29.179027128219605,1.5542969686410195,0.13304457664489747,0.020386754982668023,25,,1,9,1184,"{'max_depth': 25, 'max_features': None, 'min_samples_leaf': 1, 'min_samples_split': 9, 'n_estimators': 1184}",0.55,0.7388888888888889,0.6833333333333333,0.6722222222222223,0.7833333333333333,0.6855555555555556,0.07869302759833677,25,1.0,1.0,1.0,1.0,1.0,1.0,0.0
21.14029197692871,0.7729294827582481,0.09614248275756836,0.005733778281095881,,,2,9,984,"{'max_depth': None, 'max_features': None, 'min_samples_leaf': 2, 'min_samples_split': 9, 'n_estimators': 984}",0.55,0.6833333333333333,0.6833333333333333,0.7277777777777779,0.7833333333333333,0.6855555555555556,0.07710822921287765,25,1.0,1.0,1.0,1.0,1.0,1.0,0.0
16.5880717754364,0.8469858849853416,0.07898983955383301,0.004477985705719064,,,2,11,784,"{'max_depth': None, 'max_features': None, 'min_samples_leaf': 2, 'min_samples_split': 11, 'n_estimators': 784}",0.55,0.6833333333333333,0.6833333333333333,0.7277777777777779,0.7833333333333333,0.6855555555555556,0.07710822921287765,25,1.0,1.0,1.0,1.0,1.0,1.0,0.0
21.959922361373902,1.1902127746843694,0.09714069366455078,0.003601615401518593,25,,2,9,984,"{'max_depth': 25, 'max_features': None, 'min_samples_leaf': 2, 'min_samples_split': 9, 'n_estimators': 984}",0.55,0.6833333333333333,0.6833333333333333,0.7277777777777779,0.7833333333333333,0.6855555555555556,0.07710822921287765,25,1.0,1.0,1.0,1.0,1.0,1.0,0.0
21.04786596298218,0.4987198319406735,0.09614295959472656,0.003489534795359081,,,2,13,984,"{'max_depth': None, 'max_features': None, 'min_samples_leaf': 2, 'min_samples_split': 13, 'n_estimators': 984}",0.55,0.7333333333333334,0.6833333333333333,0.6777777777777778,0.7833333333333333,0.6855555555555556,0.07782538225705536,25,1.0,1.0,1.0,1.0,1.0,1.0,0.0
22.234396505355836,1.5159586969531094,0.10431013107299805,0.01256313563797608,20,,2,13,984,"{'max_depth': 20, 'max_features': None, 'min_samples_leaf': 2, 'min_samples_split': 13, 'n_estimators': 984}",0.55,0.7333333333333334,0.6833333333333333,0.6777777777777778,0.7833333333333333,0.6855555555555556,0.07782538225705536,25,1.0,1.0,1.0,1.0,1.0,1.0,0.0
26.682101583480836,1.5530363218223735,0.10671443939208984,0.0026754638732214456,,,1,9,1184,"{'max_depth': None, 'max_features': None, 'min_samples_leaf': 1, 'min_samples_split': 9, 'n_estimators': 1184}",0.55,0.7388888888888889,0.6833333333333333,0.6722222222222223,0.7833333333333333,0.6855555555555556,0.07869302759833677,25,1.0,1.0,1.0,1.0,1.0,1.0,0.0
30.577267456054688,1.3787770227530067,0.15119614601135253,0.048370829101658144,15,,1,9,1184,"{'max_depth': 15, 'max_features': None, 'min_samples_leaf': 1, 'min_samples_split': 9, 'n_estimators': 1184}",0.55,0.7388888888888889,0.6833333333333333,0.6722222222222223,0.7833333333333333,0.6855555555555556,0.07869302759833677,25,1.0,1.0,1.0,1.0,1.0,1.0,0.0
24.351329231262206,1.2475506082011767,0.09893479347229003,0.0018285844986547384,15,,2,9,984,"{'max_depth': 15, 'max_features': None, 'min_samples_leaf': 2, 'min_samples_split': 9, 'n_estimators': 984}",0.55,0.6833333333333333,0.6833333333333333,0.7277777777777779,0.7833333333333333,0.6855555555555556,0.07710822921287765,25,1.0,1.0,1.0,1.0,1.0,1.0,0.0
19.971832180023192,1.4890497907999973,0.1055185317993164,0.05210409935758366,15,,2,11,784,"{'max_depth': 15, 'max_features': None, 'min_samples_leaf': 2, 'min_samples_split': 11, 'n_estimators': 784}",0.55,0.6833333333333333,0.6833333333333333,0.7277777777777779,0.7833333333333333,0.6855555555555556,0.07710822921287765,25,1.0,1.0,1.0,1.0,1.0,1.0,0.0
23.300936031341553,0.8146752558060524,0.10452127456665039,0.009171037157476135,15,,2,13,984,"{'max_depth': 15, 'max_features': None, 'min_samples_leaf': 2, 'min_samples_split': 13, 'n_estimators': 984}",0.55,0.7333333333333334,0.6833333333333333,0.6777777777777778,0.7833333333333333,0.6855555555555556,0.07782538225705536,25,1.0,1.0,1.0,1.0,1.0,1.0,0.0
20.47050905227661,0.9027678522249337,0.09174456596374511,0.012145624581714825,15,,1,13,784,"{'max_depth': 15, 'max_features': None, 'min_samples_leaf': 1, 'min_samples_split': 13, 'n_estimators': 784}",0.55,0.6277777777777778,0.6833333333333333,0.7777777777777778,0.7833333333333333,0.6844444444444444,0.08919392106839766,41,1.0,1.0,1.0,1.0,1.0,1.0,0.0
16.071652936935426,0.5879968596418661,0.08178210258483887,0.006212414349698137,25,,3,13,784,"{'max_depth': 25, 'max_features': None, 'min_samples_leaf': 3, 'min_samples_split': 13, 'n_estimators': 784}",0.55,0.7333333333333334,0.6333333333333333,0.7222222222222222,0.7833333333333333,0.6844444444444444,0.08280573726171869,41,1.0,1.0,1.0,1.0,1.0,1.0,0.0
17.63727045059204,0.9165392011281517,0.0817915916442871,0.004460254604340065,,,1,13,784,"{'max_depth': None, 'max_features': None, 'min_samples_leaf': 1, 'min_samples_split': 13, 'n_estimators': 784}",0.55,0.6277777777777778,0.6833333333333333,0.7777777777777778,0.7833333333333333,0.6844444444444444,0.08919392106839766,41,1.0,1.0,1.0,1.0,1.0,1.0,0.0
17.710075521469115,0.6525063714759524,0.08736667633056641,0.01323981377016269,20,,3,13,784,"{'max_depth': 20, 'max_features': None, 'min_samples_leaf': 3, 'min_samples_split': 13, 'n_estimators': 784}",0.55,0.7333333333333334,0.6333333333333333,0.7222222222222222,0.7833333333333333,0.6844444444444444,0.08280573726171869,41,1.0,1.0,1.0,1.0,1.0,1.0,0.0
18.369402599334716,1.0855463860511396,0.08597068786621094,0.011430006414417155,20,,1,13,784,"{'max_depth': 20, 'max_features': None, 'min_samples_leaf': 1, 'min_samples_split': 13, 'n_estimators': 784}",0.55,0.6277777777777778,0.6833333333333333,0.7777777777777778,0.7833333333333333,0.6844444444444444,0.08919392106839766,41,1.0,1.0,1.0,1.0,1.0,1.0,0.0
16.048525524139404,0.9842507238266314,0.07818064689636231,0.00494528825205469,,,3,13,784,"{'max_depth': None, 'max_features': None, 'min_samples_leaf': 3, 'min_samples_split': 13, 'n_estimators': 784}",0.55,0.7333333333333334,0.6333333333333333,0.7222222222222222,0.7833333333333333,0.6844444444444444,0.08280573726171869,41,1.0,1.0,1.0,1.0,1.0,1.0,0.0
18.30987434387207,1.8543945010137548,0.0939481258392334,0.014209114493449642,15,,3,13,784,"{'max_depth': 15, 'max_features': None, 'min_samples_leaf': 3, 'min_samples_split': 13, 'n_estimators': 784}",0.55,0.7333333333333334,0.6333333333333333,0.7222222222222222,0.7833333333333333,0.6844444444444444,0.08280573726171869,41,1.0,1.0,1.0,1.0,1.0,1.0,0.0
19.57184820175171,1.4200729874221798,0.08756451606750489,0.008950460267228993,25,,1,13,784,"{'max_depth': 25, 'max_features': None, 'min_samples_leaf': 1, 'min_samples_split': 13, 'n_estimators': 784}",0.55,0.6277777777777778,0.6833333333333333,0.7777777777777778,0.7833333333333333,0.6844444444444444,0.08919392106839766,41,1.0,1.0,1.0,1.0,1.0,1.0,0.0
17.756150102615358,1.2027429579709426,0.0819814682006836,0.012871660018328122,20,,1,9,784,"{'max_depth': 20, 'max_features': None, 'min_samples_leaf': 1, 'min_samples_split': 9, 'n_estimators': 784}",0.55,0.6833333333333333,0.6333333333333333,0.7277777777777779,0.7833333333333333,0.6755555555555556,0.07993824777157754,49,1.0,1.0,1.0,1.0,1.0,1.0,0.0
19.25235524177551,2.25424110569839,0.0953439712524414,0.015288637687731966,25,,1,9,784,"{'max_depth': 25, 'max_features': None, 'min_samples_leaf': 1, 'min_samples_split': 9, 'n_estimators': 784}",0.55,0.6833333333333333,0.6333333333333333,0.7277777777777779,0.7833333333333333,0.6755555555555556,0.07993824777157754,49,1.0,1.0,1.0,1.0,1.0,1.0,0.0
22.066033267974852,1.2196629311576794,0.11888303756713867,0.05096593033578568,15,,1,9,784,"{'max_depth': 15, 'max_features': None, 'min_samples_leaf': 1, 'min_samples_split': 9, 'n_estimators': 784}",0.55,0.6833333333333333,0.6333333333333333,0.7277777777777779,0.7833333333333333,0.6755555555555556,0.07993824777157754,49,1.0,1.0,1.0,1.0,1.0,1.0,0.0
17.51459746360779,0.8727605724045855,0.08198070526123047,0.00647635686155178,,,1,9,784,"{'max_depth': None, 'max_features': None, 'min_samples_leaf': 1, 'min_samples_split': 9, 'n_estimators': 784}",0.55,0.6833333333333333,0.6333333333333333,0.7277777777777779,0.7833333333333333,0.6755555555555556,0.07993824777157754,49,1.0,1.0,1.0,1.0,1.0,1.0,0.0
22.981165981292726,1.10416686694503,0.10344185829162597,0.007576788138792338,15,,3,13,984,"{'max_depth': 15, 'max_features': None, 'min_samples_leaf': 3, 'min_samples_split': 13, 'n_estimators': 984}",0.55,0.7333333333333334,0.6333333333333333,0.6722222222222223,0.7833333333333333,0.6744444444444444,0.08063023358456327,53,1.0,1.0,1.0,1.0,1.0,1.0,0.0
27.83482174873352,2.308358037424202,0.14820356369018556,0.023377744581818762,20,,2,11,1184,"{'max_depth': 20, 'max_features': None, 'min_samples_leaf': 2, 'min_samples_split': 11, 'n_estimators': 1184}",0.55,0.7333333333333334,0.6833333333333333,0.6222222222222222,0.7833333333333333,0.6744444444444444,0.08199668767775596,53,1.0,1.0,1.0,1.0,1.0,1.0,0.0
26.093091011047363,0.6586628321028499,0.10989155769348144,0.004020749073358979,,,1,11,1184,"{'max_depth': None, 'max_features': None, 'min_samples_leaf': 1, 'min_samples_split': 11, 'n_estimators': 1184}",0.55,0.7333333333333334,0.6833333333333333,0.6222222222222222,0.7833333333333333,0.6744444444444444,0.08199668767775596,53,1.0,1.0,1.0,1.0,1.0,1.0,0.0
31.564887380599977,1.4323237514733076,0.12722792625427246,0.008900006493118565,15,,1,11,1184,"{'max_depth': 15, 'max_features': None, 'min_samples_leaf': 1, 'min_samples_split': 11, 'n_estimators': 1184}",0.55,0.7333333333333334,0.6833333333333333,0.6222222222222222,0.7833333333333333,0.6744444444444444,0.08199668767775596,53,1.0,1.0,1.0,1.0,1.0,1.0,0.0
20.4808708190918,0.7380364352951906,0.09873676300048828,0.005006297968332125,25,,3,13,984,"{'max_depth': 25, 'max_features': None, 'min_samples_leaf': 3, 'min_samples_split': 13, 'n_estimators': 984}",0.55,0.7333333333333334,0.6333333333333333,0.6722222222222223,0.7833333333333333,0.6744444444444444,0.08063023358456327,53,1.0,1.0,1.0,1.0,1.0,1.0,0.0
33.260522508621214,2.9968882217397312,0.1589756965637207,0.016418710070405296,15,,1,13,1184,"{'max_depth': 15, 'max_features': None, 'min_samples_leaf': 1, 'min_samples_split': 13, 'n_estimators': 1184}",0.55,0.7333333333333334,0.6833333333333333,0.6222222222222222,0.7833333333333333,0.6744444444444444,0.08199668767775596,53,1.0,1.0,1.0,1.0,1.0,1.0,0.0
28.182502794265748,1.0358752826464033,0.12864952087402343,0.014003783121320923,25,,2,13,1184,"{'max_depth': 25, 'max_features': None, 'min_samples_leaf': 2, 'min_samples_split': 13, 'n_estimators': 1184}",0.55,0.7333333333333334,0.6833333333333333,0.6222222222222222,0.7833333333333333,0.6744444444444444,0.08199668767775596,53,1.0,1.0,1.0,1.0,1.0,1.0,0.0
29.42875919342041,1.477889041273087,0.13146529197692872,0.01805067132829658,20,,1,13,1184,"{'max_depth': 20, 'max_features': None, 'min_samples_leaf': 1, 'min_samples_split': 13, 'n_estimators': 1184}",0.55,0.7333333333333334,0.6833333333333333,0.6222222222222222,0.7833333333333333,0.6744444444444444,0.08199668767775596,53,1.0,1.0,1.0,1.0,1.0,1.0,0.0
29.29457802772522,2.9081444481810514,0.11902356147766113,0.01139328478167806,20,,1,11,1184,"{'max_depth': 20, 'max_features': None, 'min_samples_leaf': 1, 'min_samples_split': 11, 'n_estimators': 1184}",0.55,0.7333333333333334,0.6833333333333333,0.6222222222222222,0.7833333333333333,0.6744444444444444,0.08199668767775596,53,1.0,1.0,1.0,1.0,1.0,1.0,0.0
27.675353908538817,1.755484690820921,0.12566595077514647,0.016643052360571724,25,,2,11,1184,"{'max_depth': 25, 'max_features': None, 'min_samples_leaf': 2, 'min_samples_split': 11, 'n_estimators': 1184}",0.55,0.7333333333333334,0.6833333333333333,0.6222222222222222,0.7833333333333333,0.6744444444444444,0.08199668767775596,53,1.0,1.0,1.0,1.0,1.0,1.0,0.0
32.20137538909912,2.3568296935089172,0.1645604133605957,0.05691958827532999,15,,2,11,1184,"{'max_depth': 15, 'max_features': None, 'min_samples_leaf': 2, 'min_samples_split': 11, 'n_estimators': 1184}",0.55,0.7333333333333334,0.6833333333333333,0.6222222222222222,0.7833333333333333,0.6744444444444444,0.08199668767775596,53,1.0,1.0,1.0,1.0,1.0,1.0,0.0
21.073475646972657,2.1661225829965196,0.10831069946289062,0.01985452440195113,20,,3,13,984,"{'max_depth': 20, 'max_features': None, 'min_samples_leaf': 3, 'min_samples_split': 13, 'n_estimators': 984}",0.55,0.7333333333333334,0.6333333333333333,0.6722222222222223,0.7833333333333333,0.6744444444444444,0.08063023358456327,53,1.0,1.0,1.0,1.0,1.0,1.0,0.0
19.65129680633545,0.4307327024968806,0.10074639320373535,0.00954843184966163,,,3,13,984,"{'max_depth': None, 'max_features': None, 'min_samples_leaf': 3, 'min_samples_split': 13, 'n_estimators': 984}",0.55,0.7333333333333334,0.6333333333333333,0.6722222222222223,0.7833333333333333,0.6744444444444444,0.08063023358456327,53,1.0,1.0,1.0,1.0,1.0,1.0,0.0
27.664674854278566,2.219302967176622,0.1336503505706787,0.030330205637769746,25,,1,11,1184,"{'max_depth': 25, 'max_features': None, 'min_samples_leaf': 1, 'min_samples_split': 11, 'n_estimators': 1184}",0.55,0.7333333333333334,0.6833333333333333,0.6222222222222222,0.7833333333333333,0.6744444444444444,0.08199668767775596,53,1.0,1.0,1.0,1.0,1.0,1.0,0.0
25.69633545875549,0.9988934879491363,0.1139111042022705,0.006105578369026912,,,2,13,1184,"{'max_depth': None, 'max_features': None, 'min_samples_leaf': 2, 'min_samples_split': 13, 'n_estimators': 1184}",0.55,0.7333333333333334,0.6833333333333333,0.6222222222222222,0.7833333333333333,0.6744444444444444,0.08199668767775596,53,1.0,1.0,1.0,1.0,1.0,1.0,0.0
25.471657276153564,1.0463492075233873,0.1144942283630371,0.00525497618530539,,,2,11,1184,"{'max_depth': None, 'max_features': None, 'min_samples_leaf': 2, 'min_samples_split': 11, 'n_estimators': 1184}",0.55,0.7333333333333334,0.6833333333333333,0.6222222222222222,0.7833333333333333,0.6744444444444444,0.08199668767775596,53,1.0,1.0,1.0,1.0,1.0,1.0,0.0
27.35669889450073,1.4256975984595353,0.1256639003753662,0.010345913276958996,20,,2,13,1184,"{'max_depth': 20, 'max_features': None, 'min_samples_leaf': 2, 'min_samples_split': 13, 'n_estimators': 1184}",0.55,0.7333333333333334,0.6833333333333333,0.6222222222222222,0.7833333333333333,0.6744444444444444,0.08199668767775596,53,1.0,1.0,1.0,1.0,1.0,1.0,0.0
26.56321973800659,1.11430285451969,0.1292665958404541,0.013392533169137162,15,,2,13,1184,"{'max_depth': 15, 'max_features': None, 'min_samples_leaf': 2, 'min_samples_split': 13, 'n_estimators': 1184}",0.55,0.7333333333333334,0.6833333333333333,0.6222222222222222,0.7833333333333333,0.6744444444444444,0.08199668767775596,53,1.0,1.0,1.0,1.0,1.0,1.0,0.0
30.32536940574646,0.9310489657480233,0.14780550003051757,0.03193515955458084,25,,1,13,1184,"{'max_depth': 25, 'max_features': None, 'min_samples_leaf': 1, 'min_samples_split': 13, 'n_estimators': 1184}",0.55,0.7333333333333334,0.6833333333333333,0.6222222222222222,0.7833333333333333,0.6744444444444444,0.08199668767775596,53,1.0,1.0,1.0,1.0,1.0,1.0,0.0
26.207556581497194,0.8732097650184584,0.11431608200073243,0.006102341392932112,,,1,13,1184,"{'max_depth': None, 'max_features': None, 'min_samples_leaf': 1, 'min_samples_split': 13, 'n_estimators': 1184}",0.55,0.7333333333333334,0.6833333333333333,0.6222222222222222,0.7833333333333333,0.6744444444444444,0.08199668767775596,53,1.0,1.0,1.0,1.0,1.0,1.0,0.0
2.5430034160614015,0.10760767394508078,0.09137630462646484,0.0036746778728186593,,log2,3,9,784,"{'max_depth': None, 'max_features': 'log2', 'min_samples_leaf': 3, 'min_samples_split': 9, 'n_estimators': 784}",0.6499999999999999,0.6833333333333333,0.6833333333333333,0.6166666666666667,0.7277777777777779,0.6722222222222223,0.03718489006818117,73,1.0,1.0,1.0,1.0,1.0,1.0,0.0
2.6516650676727296,0.2646678471202208,0.09414868354797364,0.015290629046174519,20,log2,3,13,784,"{'max_depth': 20, 'max_features': 'log2', 'min_samples_leaf': 3, 'min_samples_split': 13, 'n_estimators': 784}",0.6499999999999999,0.6277777777777778,0.6833333333333333,0.6722222222222223,0.7277777777777779,0.6722222222222223,0.03370166864022916,73,0.986842105263158,0.986842105263158,1.0,1.0,1.0,0.9947368421052631,0.006446025638903066
3.3490509510040285,0.39940261470146154,0.11648788452148437,0.01494585041659693,20,log2,3,11,984,"{'max_depth': 20, 'max_features': 'log2', 'min_samples_leaf': 3, 'min_samples_split': 11, 'n_estimators': 984}",0.65,0.6833333333333333,0.6833333333333333,0.6166666666666667,0.7277777777777779,0.6722222222222223,0.037184890068181146,73,1.0,0.986842105263158,1.0,1.0,1.0,0.9973684210526315,0.005263157894736814
2.6596934318542482,0.33221240383607553,0.10172648429870605,0.020369293919202183,20,log2,3,11,784,"{'max_depth': 20, 'max_features': 'log2', 'min_samples_leaf': 3, 'min_samples_split': 11, 'n_estimators': 784}",0.6499999999999999,0.6833333333333333,0.6833333333333333,0.6166666666666667,0.7277777777777779,0.6722222222222223,0.03718489006818117,73,1.0,0.986842105263158,1.0,1.0,1.0,0.9973684210526315,0.005263157894736814
2.4660094738006593,0.08575635489640893,0.08987059593200683,0.006457370808413585,25,log2,3,9,784,"{'max_depth': 25, 'max_features': 'log2', 'min_samples_leaf': 3, 'min_samples_split': 9, 'n_estimators': 784}",0.6499999999999999,0.6833333333333333,0.6833333333333333,0.6166666666666667,0.7277777777777779,0.6722222222222223,0.03718489006818117,73,1.0,1.0,1.0,1.0,1.0,1.0,0.0
2.7658065795898437,0.3107016508887483,0.10372319221496581,0.013919707571602052,20,log2,3,9,784,"{'max_depth': 20, 'max_features': 'log2', 'min_samples_leaf': 3, 'min_samples_split': 9, 'n_estimators': 784}",0.6499999999999999,0.6833333333333333,0.6833333333333333,0.6166666666666667,0.7277777777777779,0.6722222222222223,0.03718489006818117,73,1.0,1.0,1.0,1.0,1.0,1.0,0.0
2.4183367252349854,0.07971315259389679,0.08916192054748535,0.005186013110023542,25,log2,3,13,784,"{'max_depth': 25, 'max_features': 'log2', 'min_samples_leaf': 3, 'min_samples_split': 13, 'n_estimators': 784}",0.6499999999999999,0.6277777777777778,0.6833333333333333,0.6722222222222223,0.7277777777777779,0.6722222222222223,0.03370166864022916,73,0.986842105263158,0.986842105263158,1.0,1.0,1.0,0.9947368421052631,0.006446025638903066
2.4720248222351073,0.10752872319394771,0.08972959518432617,0.005021899337365474,,log2,3,11,784,"{'max_depth': None, 'max_features': 'log2', 'min_samples_leaf': 3, 'min_samples_split': 11, 'n_estimators': 784}",0.6499999999999999,0.6833333333333333,0.6833333333333333,0.6166666666666667,0.7277777777777779,0.6722222222222223,0.03718489006818117,73,1.0,0.986842105263158,1.0,1.0,1.0,0.9973684210526315,0.005263157894736814
3.0709933280944823,0.09520863312083908,0.10292468070983887,0.0027060460733379535,,log2,3,11,984,"{'max_depth': None, 'max_features': 'log2', 'min_samples_leaf': 3, 'min_samples_split': 11, 'n_estimators': 984}",0.65,0.6833333333333333,0.6833333333333333,0.6166666666666667,0.7277777777777779,0.6722222222222223,0.037184890068181146,73,1.0,0.986842105263158,1.0,1.0,1.0,0.9973684210526315,0.005263157894736814
2.4564812183380127,0.11407282305975042,0.08851652145385742,0.006728747482167766,25,log2,3,11,784,"{'max_depth': 25, 'max_features': 'log2', 'min_samples_leaf': 3, 'min_samples_split': 11, 'n_estimators': 784}",0.6499999999999999,0.6833333333333333,0.6833333333333333,0.6166666666666667,0.7277777777777779,0.6722222222222223,0.03718489006818117,73,1.0,0.986842105263158,1.0,1.0,1.0,0.9973684210526315,0.005263157894736814
3.3332918643951417,0.7210403213202684,0.12745909690856932,0.0321594955347574,15,log2,3,13,784,"{'max_depth': 15, 'max_features': 'log2', 'min_samples_leaf': 3, 'min_samples_split': 13, 'n_estimators': 784}",0.6499999999999999,0.6277777777777778,0.6833333333333333,0.6722222222222223,0.7277777777777779,0.6722222222222223,0.03370166864022916,73,0.986842105263158,0.986842105263158,1.0,1.0,1.0,0.9947368421052631,0.006446025638903066
3.7166652202606203,0.5603989751922539,0.138429594039917,0.02992307577153718,15,log2,3,11,984,"{'max_depth': 15, 'max_features': 'log2', 'min_samples_leaf': 3, 'min_samples_split': 11, 'n_estimators': 984}",0.65,0.6833333333333333,0.6833333333333333,0.6166666666666667,0.7277777777777779,0.6722222222222223,0.037184890068181146,73,1.0,0.986842105263158,1.0,1.0,1.0,0.9973684210526315,0.005263157894736814
3.029105567932129,0.45974157224264767,0.1220740795135498,0.033129648391807716,15,log2,3,11,784,"{'max_depth': 15, 'max_features': 'log2', 'min_samples_leaf': 3, 'min_samples_split': 11, 'n_estimators': 784}",0.6499999999999999,0.6833333333333333,0.6833333333333333,0.6166666666666667,0.7277777777777779,0.6722222222222223,0.03718489006818117,73,1.0,0.986842105263158,1.0,1.0,1.0,0.9973684210526315,0.005263157894736814
3.085364484786987,0.12326002819183597,0.10869989395141602,0.004891413022785726,25,log2,3,11,984,"{'max_depth': 25, 'max_features': 'log2', 'min_samples_leaf': 3, 'min_samples_split': 11, 'n_estimators': 984}",0.65,0.6833333333333333,0.6833333333333333,0.6166666666666667,0.7277777777777779,0.6722222222222223,0.037184890068181146,73,1.0,0.986842105263158,1.0,1.0,1.0,0.9973684210526315,0.005263157894736814
2.6427256584167482,0.3450983355625554,0.0989466667175293,0.013347181196508597,15,log2,3,9,784,"{'max_depth': 15, 'max_features': 'log2', 'min_samples_leaf': 3, 'min_samples_split': 9, 'n_estimators': 784}",0.6499999999999999,0.6833333333333333,0.6833333333333333,0.6166666666666667,0.7277777777777779,0.6722222222222223,0.03718489006818117,73,1.0,1.0,1.0,1.0,1.0,1.0,0.0
2.4131510257720947,0.10719293572882051,0.0863692283630371,0.0037103297861553527,,log2,3,13,784,"{'max_depth': None, 'max_features': 'log2', 'min_samples_leaf': 3, 'min_samples_split': 13, 'n_estimators': 784}",0.6499999999999999,0.6277777777777778,0.6833333333333333,0.6722222222222223,0.7277777777777779,0.6722222222222223,0.03370166864022916,73,0.986842105263158,0.986842105263158,1.0,1.0,1.0,0.9947368421052631,0.006446025638903066
4.311478519439698,0.17976340688053644,0.12067785263061523,0.005006335988562515,25,sqrt,2,9,1184,"{'max_depth': 25, 'max_features': 'sqrt', 'min_samples_leaf': 2, 'min_samples_split': 9, 'n_estimators': 1184}",0.7,0.6333333333333333,0.6277777777777778,0.6166666666666667,0.7833333333333333,0.6722222222222222,0.06275564998419084,89,1.0,1.0,1.0,1.0,1.0,1.0,0.0
4.255428123474121,0.14557372150444184,0.12247490882873535,0.005295198030759952,,sqrt,1,11,1184,"{'max_depth': None, 'max_features': 'sqrt', 'min_samples_leaf': 1, 'min_samples_split': 11, 'n_estimators': 1184}",0.65,0.6277777777777778,0.6277777777777778,0.6722222222222223,0.7833333333333333,0.6722222222222222,0.05794846582402355,89,1.0,1.0,1.0,1.0,1.0,1.0,0.0
2.9517220497131347,0.14368554209275194,0.08579077720642089,0.004965806823725658,25,sqrt,3,11,784,"{'max_depth': 25, 'max_features': 'sqrt', 'min_samples_leaf': 3, 'min_samples_split': 11, 'n_estimators': 784}",0.65,0.6277777777777778,0.6833333333333333,0.6166666666666667,0.7833333333333333,0.6722222222222222,0.06004113816047242,89,1.0,1.0,1.0,1.0,1.0,1.0,0.0
4.752464962005615,0.527934817977529,0.14122304916381836,0.02142415605660563,25,sqrt,1,11,1184,"{'max_depth': 25, 'max_features': 'sqrt', 'min_samples_leaf': 1, 'min_samples_split': 11, 'n_estimators': 1184}",0.65,0.6277777777777778,0.6277777777777778,0.6722222222222223,0.7833333333333333,0.6722222222222222,0.05794846582402355,89,1.0,1.0,1.0,1.0,1.0,1.0,0.0
3.2931446075439452,0.36335991753289487,0.10092992782592773,0.01689392632214383,20,sqrt,2,11,784,"{'max_depth': 20, 'max_features': 'sqrt', 'min_samples_leaf': 2, 'min_samples_split': 11, 'n_estimators': 784}",0.7,0.5777777777777777,0.6833333333333333,0.6166666666666667,0.7833333333333333,0.6722222222222222,0.0710590086903088,89,1.0,1.0,1.0,1.0,1.0,1.0,0.0
4.23129358291626,0.4502093917436318,0.11708660125732422,0.018342998418618108,20,sqrt,2,11,984,"{'max_depth': 20, 'max_features': 'sqrt', 'min_samples_leaf': 2, 'min_samples_split': 11, 'n_estimators': 984}",0.7,0.5777777777777777,0.6833333333333333,0.6166666666666667,0.7833333333333333,0.6722222222222222,0.0710590086903088,89,1.0,1.0,1.0,1.0,1.0,1.0,0.0
3.574658918380737,0.13477168584492405,0.10692324638366699,0.0027372189526507096,25,sqrt,2,11,984,"{'max_depth': 25, 'max_features': 'sqrt', 'min_samples_leaf': 2, 'min_samples_split': 11, 'n_estimators': 984}",0.7,0.5777777777777777,0.6833333333333333,0.6166666666666667,0.7833333333333333,0.6722222222222222,0.0710590086903088,89,1.0,1.0,1.0,1.0,1.0,1.0,0.0
2.7784048557281493,0.11438832835358893,0.08414325714111329,0.005650094401728728,25,sqrt,2,11,784,"{'max_depth': 25, 'max_features': 'sqrt', 'min_samples_leaf': 2, 'min_samples_split': 11, 'n_estimators': 784}",0.7,0.5777777777777777,0.6833333333333333,0.6166666666666667,0.7833333333333333,0.6722222222222222,0.0710590086903088,89,1.0,1.0,1.0,1.0,1.0,1.0,0.0
3.388546276092529,0.34987655125624645,0.10930604934692383,0.008911247769369137,20,sqrt,3,11,784,"{'max_depth': 20, 'max_features': 'sqrt', 'min_samples_leaf': 3, 'min_samples_split': 11, 'n_estimators': 784}",0.65,0.6277777777777778,0.6833333333333333,0.6166666666666667,0.7833333333333333,0.6722222222222222,0.06004113816047242,89,1.0,1.0,1.0,1.0,1.0,1.0,0.0
4.576569414138794,0.4215719401169678,0.13523902893066406,0.017725814645154644,20,sqrt,2,9,1184,"{'max_depth': 20, 'max_features': 'sqrt', 'min_samples_leaf': 2, 'min_samples_split': 9, 'n_estimators': 1184}",0.7,0.6333333333333333,0.6277777777777778,0.6166666666666667,0.7833333333333333,0.6722222222222222,0.06275564998419084,89,1.0,1.0,1.0,1.0,1.0,1.0,0.0
4.967525053024292,0.566099167253982,0.1585909366607666,0.02151776983832117,20,sqrt,1,11,1184,"{'max_depth': 20, 'max_features': 'sqrt', 'min_samples_leaf': 1, 'min_samples_split': 11, 'n_estimators': 1184}",0.65,0.6277777777777778,0.6277777777777778,0.6722222222222223,0.7833333333333333,0.6722222222222222,0.05794846582402355,89,1.0,1.0,1.0,1.0,1.0,1.0,0.0
5.425500440597534,0.12500923544486384,0.15019912719726564,0.010376498323840015,15,sqrt,1,11,1184,"{'max_depth': 15, 'max_features': 'sqrt', 'min_samples_leaf': 1, 'min_samples_split': 11, 'n_estimators': 1184}",0.65,0.6277777777777778,0.6277777777777778,0.6722222222222223,0.7833333333333333,0.6722222222222222,0.05794846582402355,89,1.0,1.0,1.0,1.0,1.0,1.0,0.0
3.550511598587036,0.15940538153938585,0.10312438011169434,0.004306327505966399,,sqrt,2,11,984,"{'max_depth': None, 'max_features': 'sqrt', 'min_samples_leaf': 2, 'min_samples_split': 11, 'n_estimators': 984}",0.7,0.5777777777777777,0.6833333333333333,0.6166666666666667,0.7833333333333333,0.6722222222222222,0.0710590086903088,89,1.0,1.0,1.0,1.0,1.0,1.0,0.0
5.45721755027771,0.13848469782658904,0.14222140312194825,0.012625054754668632,15,sqrt,2,9,1184,"{'max_depth': 15, 'max_features': 'sqrt', 'min_samples_leaf': 2, 'min_samples_split': 9, 'n_estimators': 1184}",0.7,0.6333333333333333,0.6277777777777778,0.6166666666666667,0.7833333333333333,0.6722222222222222,0.06275564998419084,89,1.0,1.0,1.0,1.0,1.0,1.0,0.0
3.4601519107818604,0.13499228181586015,0.10033221244812011,0.008799552449015209,15,sqrt,2,11,784,"{'max_depth': 15, 'max_features': 'sqrt', 'min_samples_leaf': 2, 'min_samples_split': 11, 'n_estimators': 784}",0.7,0.5777777777777777,0.6833333333333333,0.6166666666666667,0.7833333333333333,0.6722222222222222,0.0710590086903088,89,1.0,1.0,1.0,1.0,1.0,1.0,0.0
3.462346601486206,0.5654697823126827,0.1138944149017334,0.029197630363790056,15,sqrt,3,11,784,"{'max_depth': 15, 'max_features': 'sqrt', 'min_samples_leaf': 3, 'min_samples_split': 11, 'n_estimators': 784}",0.65,0.6277777777777778,0.6833333333333333,0.6166666666666667,0.7833333333333333,0.6722222222222222,0.06004113816047242,89,1.0,1.0,1.0,1.0,1.0,1.0,0.0
2.7721911907196044,0.12055711061768085,0.08577146530151367,0.005006260014123083,,sqrt,3,11,784,"{'max_depth': None, 'max_features': 'sqrt', 'min_samples_leaf': 3, 'min_samples_split': 11, 'n_estimators': 784}",0.65,0.6277777777777778,0.6833333333333333,0.6166666666666667,0.7833333333333333,0.6722222222222222,0.06004113816047242,89,1.0,1.0,1.0,1.0,1.0,1.0,0.0
4.395253705978393,0.19763248960218951,0.12646307945251464,0.005584475058166314,,sqrt,2,9,1184,"{'max_depth': None, 'max_features': 'sqrt', 'min_samples_leaf': 2, 'min_samples_split': 9, 'n_estimators': 1184}",0.7,0.6333333333333333,0.6277777777777778,0.6166666666666667,0.7833333333333333,0.6722222222222222,0.06275564998419084,89,1.0,1.0,1.0,1.0,1.0,1.0,0.0
3.7244175910949706,0.09396555621340769,0.11469507217407227,0.006822845863888365,15,sqrt,2,11,984,"{'max_depth': 15, 'max_features': 'sqrt', 'min_samples_leaf': 2, 'min_samples_split': 11, 'n_estimators': 984}",0.7,0.5777777777777777,0.6833333333333333,0.6166666666666667,0.7833333333333333,0.6722222222222222,0.0710590086903088,89,1.0,1.0,1.0,1.0,1.0,1.0,0.0
2.8781078338623045,0.14342434483875457,0.08517255783081054,0.0037637786574459264,,sqrt,2,11,784,"{'max_depth': None, 'max_features': 'sqrt', 'min_samples_leaf': 2, 'min_samples_split': 11, 'n_estimators': 784}",0.7,0.5777777777777777,0.6833333333333333,0.6166666666666667,0.7833333333333333,0.6722222222222222,0.0710590086903088,89,1.0,1.0,1.0,1.0,1.0,1.0,0.0
4.219923114776611,0.4574861872429901,0.13025226593017578,0.0016195661000250531,15,log2,2,11,1184,"{'max_depth': 15, 'max_features': 'log2', 'min_samples_leaf': 2, 'min_samples_split': 11, 'n_estimators': 1184}",0.7,0.6277777777777778,0.6833333333333333,0.6166666666666667,0.7277777777777779,0.6711111111111111,0.0425136143771311,109,1.0,1.0,1.0,1.0,1.0,1.0,0.0
4.226704216003418,0.8611544967705568,0.14940338134765624,0.028406150599494525,15,log2,2,11,984,"{'max_depth': 15, 'max_features': 'log2', 'min_samples_leaf': 2, 'min_samples_split': 11, 'n_estimators': 984}",0.7,0.6277777777777778,0.6833333333333333,0.6166666666666667,0.7277777777777779,0.6711111111111111,0.0425136143771311,109,1.0,1.0,1.0,1.0,1.0,1.0,0.0
5.290884780883789,0.8007460933987343,0.17570810317993163,0.04229172837890298,15,log2,2,9,1184,"{'max_depth': 15, 'max_features': 'log2', 'min_samples_leaf': 2, 'min_samples_split': 9, 'n_estimators': 1184}",0.7,0.6277777777777778,0.6833333333333333,0.6166666666666667,0.7277777777777779,0.6711111111111111,0.0425136143771311,109,1.0,1.0,1.0,1.0,1.0,1.0,0.0
3.3576238632202147,0.30843091229415165,0.13085083961486815,0.04234426295754728,15,log2,2,9,984,"{'max_depth': 15, 'max_features': 'log2', 'min_samples_leaf': 2, 'min_samples_split': 9, 'n_estimators': 984}",0.7,0.6277777777777778,0.6833333333333333,0.6166666666666667,0.7277777777777779,0.6711111111111111,0.0425136143771311,109,1.0,1.0,1.0,1.0,1.0,1.0,0.0
3.0356884002685547,0.12086685078924944,0.10671410560607911,0.005163113112464346,25,log2,2,9,984,"{'max_depth': 25, 'max_features': 'log2', 'min_samples_leaf': 2, 'min_samples_split': 9, 'n_estimators': 984}",0.7,0.6277777777777778,0.6833333333333333,0.6166666666666667,0.7277777777777779,0.6711111111111111,0.0425136143771311,109,1.0,1.0,1.0,1.0,1.0,1.0,0.0
3.3658053874969482,0.38626034095828865,0.12606339454650878,0.026027634407612788,20,log2,2,9,984,"{'max_depth': 20, 'max_features': 'log2', 'min_samples_leaf': 2, 'min_samples_split': 9, 'n_estimators': 984}",0.7,0.6277777777777778,0.6833333333333333,0.6166666666666667,0.7277777777777779,0.6711111111111111,0.0425136143771311,109,1.0,1.0,1.0,1.0,1.0,1.0,0.0
3.0973227500915526,0.10846747731931117,0.11010580062866211,0.012997437307856434,,log2,2,11,984,"{'max_depth': None, 'max_features': 'log2', 'min_samples_leaf': 2, 'min_samples_split': 11, 'n_estimators': 984}",0.7,0.6277777777777778,0.6833333333333333,0.6166666666666667,0.7277777777777779,0.6711111111111111,0.0425136143771311,109,1.0,1.0,1.0,1.0,1.0,1.0,0.0
3.3358824253082275,0.2938335943232631,0.11369624137878417,0.012376731912896443,20,log2,2,11,984,"{'max_depth': 20, 'max_features': 'log2', 'min_samples_leaf': 2, 'min_samples_split': 11, 'n_estimators': 984}",0.7,0.6277777777777778,0.6833333333333333,0.6166666666666667,0.7277777777777779,0.6711111111111111,0.0425136143771311,109,1.0,1.0,1.0,1.0,1.0,1.0,0.0
4.1866124153137205,0.4454197727417133,0.15777792930603027,0.028514347173274713,20,log2,2,11,1184,"{'max_depth': 20, 'max_features': 'log2', 'min_samples_leaf': 2, 'min_samples_split': 11, 'n_estimators': 1184}",0.7,0.6277777777777778,0.6833333333333333,0.6166666666666667,0.7277777777777779,0.6711111111111111,0.0425136143771311,109,1.0,1.0,1.0,1.0,1.0,1.0,0.0
3.9963202476501465,0.27024160874061487,0.12785859107971193,0.007761356381568097,,log2,2,9,1184,"{'max_depth': None, 'max_features': 'log2', 'min_samples_leaf': 2, 'min_samples_split': 9, 'n_estimators': 1184}",0.7,0.6277777777777778,0.6833333333333333,0.6166666666666667,0.7277777777777779,0.6711111111111111,0.0425136143771311,109,1.0,1.0,1.0,1.0,1.0,1.0,0.0
4.247449922561645,0.37248144002611816,0.15757899284362792,0.026634805168314978,20,log2,3,11,1184,"{'max_depth': 20, 'max_features': 'log2', 'min_samples_leaf': 3, 'min_samples_split': 11, 'n_estimators': 1184}",0.7,0.6277777777777778,0.6833333333333333,0.6166666666666667,0.7277777777777779,0.6711111111111111,0.0425136143771311,109,1.0,1.0,1.0,1.0,1.0,1.0,0.0
3.8255748748779297,0.6533838512114317,0.15079693794250487,0.02346121331756487,20,log2,3,13,984,"{'max_depth': 20, 'max_features': 'log2', 'min_samples_leaf': 3, 'min_samples_split': 13, 'n_estimators': 984}",0.7,0.6277777777777778,0.6833333333333333,0.6166666666666667,0.7277777777777779,0.6711111111111111,0.0425136143771311,109,0.986842105263158,0.986842105263158,1.0,1.0,1.0,0.9947368421052631,0.006446025638903066
3.0674026012420654,0.13374559649012827,0.10611681938171387,0.00794361263141303,,log2,3,13,984,"{'max_depth': None, 'max_features': 'log2', 'min_samples_leaf': 3, 'min_samples_split': 13, 'n_estimators': 984}",0.7,0.6277777777777778,0.6833333333333333,0.6166666666666667,0.7277777777777779,0.6711111111111111,0.0425136143771311,109,0.986842105263158,0.986842105263158,1.0,1.0,1.0,0.9947368421052631,0.006446025638903066
3.7402056217193604,0.16215158921701836,0.12706079483032226,0.007506516275807477,,log2,2,11,1184,"{'max_depth': None, 'max_features': 'log2', 'min_samples_leaf': 2, 'min_samples_split': 11, 'n_estimators': 1184}",0.7,0.6277777777777778,0.6833333333333333,0.6166666666666667,0.7277777777777779,0.6711111111111111,0.0425136143771311,109,1.0,1.0,1.0,1.0,1.0,1.0,0.0
4.044998455047607,0.4600995684706414,0.1384218692779541,0.015130932400072822,20,log2,2,9,1184,"{'max_depth': 20, 'max_features': 'log2', 'min_samples_leaf': 2, 'min_samples_split': 9, 'n_estimators': 1184}",0.7,0.6277777777777778,0.6833333333333333,0.6166666666666667,0.7277777777777779,0.6711111111111111,0.0425136143771311,109,1.0,1.0,1.0,1.0,1.0,1.0,0.0
3.8608829498291017,0.2673261630000548,0.1234703540802002,0.009595069252043547,,log2,2,9,984,"{'max_depth': None, 'max_features': 'log2', 'min_samples_leaf': 2, 'min_samples_split': 9, 'n_estimators': 984}",0.7,0.6277777777777778,0.6833333333333333,0.6166666666666667,0.7277777777777779,0.6711111111111111,0.0425136143771311,109,1.0,1.0,1.0,1.0,1.0,1.0,0.0
3.3227206230163575,0.490135833887687,0.10811104774475097,0.005299856773307784,15,log2,3,13,984,"{'max_depth': 15, 'max_features': 'log2', 'min_samples_leaf': 3, 'min_samples_split': 13, 'n_estimators': 984}",0.7,0.6277777777777778,0.6833333333333333,0.6166666666666667,0.7277777777777779,0.6711111111111111,0.0425136143771311,109,0.986842105263158,0.986842105263158,1.0,1.0,1.0,0.9947368421052631,0.006446025638903066
3.758704328536987,0.18503178750157062,0.12506575584411622,0.005224437488757828,25,log2,2,9,1184,"{'max_depth': 25, 'max_features': 'log2', 'min_samples_leaf': 2, 'min_samples_split': 9, 'n_estimators': 1184}",0.7,0.6277777777777778,0.6833333333333333,0.6166666666666667,0.7277777777777779,0.6711111111111111,0.0425136143771311,109,1.0,1.0,1.0,1.0,1.0,1.0,0.0
3.0187315940856934,0.1264629373391764,0.10671501159667969,0.005883463940786211,25,log2,2,11,984,"{'max_depth': 25, 'max_features': 'log2', 'min_samples_leaf': 2, 'min_samples_split': 11, 'n_estimators': 984}",0.7,0.6277777777777778,0.6833333333333333,0.6166666666666667,0.7277777777777779,0.6711111111111111,0.0425136143771311,109,1.0,1.0,1.0,1.0,1.0,1.0,0.0
3.6554494857788087,0.13668454940493174,0.1272552490234375,0.012473835534260992,25,log2,2,11,1184,"{'max_depth': 25, 'max_features': 'log2', 'min_samples_leaf': 2, 'min_samples_split': 11, 'n_estimators': 1184}",0.7,0.6277777777777778,0.6833333333333333,0.6166666666666667,0.7277777777777779,0.6711111111111111,0.0425136143771311,109,1.0,1.0,1.0,1.0,1.0,1.0,0.0
3.6833566665649413,0.1350162685547945,0.1242678165435791,0.007180975551114196,,log2,3,11,1184,"{'max_depth': None, 'max_features': 'log2', 'min_samples_leaf': 3, 'min_samples_split': 11, 'n_estimators': 1184}",0.7,0.6277777777777778,0.6833333333333333,0.6166666666666667,0.7277777777777779,0.6711111111111111,0.0425136143771311,109,1.0,1.0,1.0,1.0,1.0,1.0,0.0
4.036213779449463,0.6712712667512244,0.14122395515441893,0.03661979595426621,15,log2,3,11,1184,"{'max_depth': 15, 'max_features': 'log2', 'min_samples_leaf': 3, 'min_samples_split': 11, 'n_estimators': 1184}",0.7,0.6277777777777778,0.6833333333333333,0.6166666666666667,0.7277777777777779,0.6711111111111111,0.0425136143771311,109,1.0,1.0,1.0,1.0,1.0,1.0,0.0
3.6294999599456785,0.10061654671823599,0.1242685317993164,0.005937477852602382,25,log2,3,11,1184,"{'max_depth': 25, 'max_features': 'log2', 'min_samples_leaf': 3, 'min_samples_split': 11, 'n_estimators': 1184}",0.7,0.6277777777777778,0.6833333333333333,0.6166666666666667,0.7277777777777779,0.6711111111111111,0.0425136143771311,109,1.0,1.0,1.0,1.0,1.0,1.0,0.0
3.0277081966400146,0.14951477106715733,0.10591688156127929,0.006775811419048282,25,log2,3,13,984,"{'max_depth': 25, 'max_features': 'log2', 'min_samples_leaf': 3, 'min_samples_split': 13, 'n_estimators': 984}",0.7,0.6277777777777778,0.6833333333333333,0.6166666666666667,0.7277777777777779,0.6711111111111111,0.0425136143771311,109,0.986842105263158,0.986842105263158,1.0,1.0,1.0,0.9947368421052631,0.006446025638903066
3.4414026737213135,0.15336916814818885,0.10412073135375977,0.0053009175021326935,25,sqrt,3,11,984,"{'max_depth': 25, 'max_features': 'sqrt', 'min_samples_leaf': 3, 'min_samples_split': 11, 'n_estimators': 984}",0.7,0.6277777777777778,0.6277777777777778,0.6166666666666667,0.7833333333333333,0.671111111111111,0.06347936380926977,133,1.0,1.0,1.0,1.0,1.0,1.0,0.0
3.5042351722717284,0.13824912338981646,0.10453209877014161,0.004053610184199466,,sqrt,3,11,984,"{'max_depth': None, 'max_features': 'sqrt', 'min_samples_leaf': 3, 'min_samples_split': 11, 'n_estimators': 984}",0.7,0.6277777777777778,0.6277777777777778,0.6166666666666667,0.7833333333333333,0.671111111111111,0.06347936380926977,133,1.0,1.0,1.0,1.0,1.0,1.0,0.0
4.685280513763428,0.3713419033636399,0.14860167503356933,0.02657241628419795,25,sqrt,3,11,1184,"{'max_depth': 25, 'max_features': 'sqrt', 'min_samples_leaf': 3, 'min_samples_split': 11, 'n_estimators': 1184}",0.7,0.6277777777777778,0.6277777777777778,0.6166666666666667,0.7833333333333333,0.671111111111111,0.06347936380926977,133,1.0,1.0,1.0,1.0,1.0,1.0,0.0
4.580160236358642,0.5371805172105838,0.14241957664489746,0.025872731979951224,20,sqrt,3,11,1184,"{'max_depth': 20, 'max_features': 'sqrt', 'min_samples_leaf': 3, 'min_samples_split': 11, 'n_estimators': 1184}",0.7,0.6277777777777778,0.6277777777777778,0.6166666666666667,0.7833333333333333,0.671111111111111,0.06347936380926977,133,1.0,1.0,1.0,1.0,1.0,1.0,0.0
3.7944461822509767,0.4104854685073497,0.11309785842895508,0.008524336654720828,20,sqrt,3,11,984,"{'max_depth': 20, 'max_features': 'sqrt', 'min_samples_leaf': 3, 'min_samples_split': 11, 'n_estimators': 984}",0.7,0.6277777777777778,0.6277777777777778,0.6166666666666667,0.7833333333333333,0.671111111111111,0.06347936380926977,133,1.0,1.0,1.0,1.0,1.0,1.0,0.0
3.9665970325469972,0.43274416512732916,0.11748628616333008,0.01505244524193669,15,sqrt,3,11,984,"{'max_depth': 15, 'max_features': 'sqrt', 'min_samples_leaf': 3, 'min_samples_split': 11, 'n_estimators': 984}",0.7,0.6277777777777778,0.6277777777777778,0.6166666666666667,0.7833333333333333,0.671111111111111,0.06347936380926977,133,1.0,1.0,1.0,1.0,1.0,1.0,0.0
5.0283619403839115,0.699605423007036,0.14501314163208007,0.028304441215736813,15,sqrt,3,11,1184,"{'max_depth': 15, 'max_features': 'sqrt', 'min_samples_leaf': 3, 'min_samples_split': 11, 'n_estimators': 1184}",0.7,0.6277777777777778,0.6277777777777778,0.6166666666666667,0.7833333333333333,0.671111111111111,0.06347936380926977,133,1.0,1.0,1.0,1.0,1.0,1.0,0.0
4.241864347457886,0.19799785028508626,0.12406845092773437,0.009824498091254238,,sqrt,3,11,1184,"{'max_depth': None, 'max_features': 'sqrt', 'min_samples_leaf': 3, 'min_samples_split': 11, 'n_estimators': 1184}",0.7,0.6277777777777778,0.6277777777777778,0.6166666666666667,0.7833333333333333,0.671111111111111,0.06347936380926977,133,1.0,1.0,1.0,1.0,1.0,1.0,0.0
28.283820486068727,1.1062594189083752,0.12406907081604004,0.01496172860881406,20,,3,11,1184,"{'max_depth': 20, 'max_features': None, 'min_samples_leaf': 3, 'min_samples_split': 11, 'n_estimators': 1184}",0.55,0.7333333333333334,0.6333333333333333,0.6222222222222222,0.7833333333333333,0.6644444444444444,0.08334074041155189,141,1.0,1.0,1.0,1.0,1.0,1.0,0.0
21.264378833770753,1.5678469815121148,0.09416327476501465,0.030774542141794342,15,,2,9,784,"{'max_depth': 15, 'max_features': None, 'min_samples_leaf': 2, 'min_samples_split': 9, 'n_estimators': 784}",0.55,0.6833333333333333,0.6333333333333333,0.6722222222222223,0.7833333333333333,0.6644444444444444,0.07565353124688533,141,1.0,1.0,1.0,1.0,1.0,1.0,0.0
18.213730573654175,2.1887394879450737,0.09035758972167969,0.018814290004674966,20,,2,9,784,"{'max_depth': 20, 'max_features': None, 'min_samples_leaf': 2, 'min_samples_split': 9, 'n_estimators': 784}",0.55,0.6833333333333333,0.6333333333333333,0.6722222222222223,0.7833333333333333,0.6644444444444444,0.07565353124688533,141,1.0,1.0,1.0,1.0,1.0,1.0,0.0
17.060610580444337,1.1177751510021796,0.07938847541809083,0.004116795987939745,,,2,9,784,"{'max_depth': None, 'max_features': None, 'min_samples_leaf': 2, 'min_samples_split': 9, 'n_estimators': 784}",0.55,0.6833333333333333,0.6333333333333333,0.6722222222222223,0.7833333333333333,0.6644444444444444,0.07565353124688533,141,1.0,1.0,1.0,1.0,1.0,1.0,0.0
25.898596954345702,1.3941218629296255,0.1436150074005127,0.023561525575440407,20,,3,13,1184,"{'max_depth': 20, 'max_features': None, 'min_samples_leaf': 3, 'min_samples_split': 13, 'n_estimators': 1184}",0.55,0.7333333333333334,0.6333333333333333,0.6222222222222222,0.7833333333333333,0.6644444444444444,0.08334074041155189,141,1.0,1.0,1.0,1.0,1.0,1.0,0.0
21.047556591033935,1.5541686258716654,0.08078436851501465,0.0012613137694264225,15,,2,13,784,"{'max_depth': 15, 'max_features': None, 'min_samples_leaf': 2, 'min_samples_split': 13, 'n_estimators': 784}",0.55,0.6277777777777778,0.6333333333333333,0.7277777777777779,0.7833333333333333,0.6644444444444444,0.0819213715162967,141,1.0,1.0,1.0,1.0,1.0,1.0,0.0
20.51778063774109,1.4449096519345221,0.09216208457946777,0.016392522223898427,25,,2,9,784,"{'max_depth': 25, 'max_features': None, 'min_samples_leaf': 2, 'min_samples_split': 9, 'n_estimators': 784}",0.55,0.6833333333333333,0.6333333333333333,0.6722222222222223,0.7833333333333333,0.6644444444444444,0.07565353124688533,141,1.0,1.0,1.0,1.0,1.0,1.0,0.0
27.67943630218506,1.3557927262933156,0.1406379222869873,0.022538398422893933,15,,3,13,1184,"{'max_depth': 15, 'max_features': None, 'min_samples_leaf': 3, 'min_samples_split': 13, 'n_estimators': 1184}",0.55,0.7333333333333334,0.6333333333333333,0.6222222222222222,0.7833333333333333,0.6644444444444444,0.08334074041155189,141,1.0,1.0,1.0,1.0,1.0,1.0,0.0
24.567152976989746,0.8475550058094253,0.11948046684265137,0.0072573821856737365,,,3,13,1184,"{'max_depth': None, 'max_features': None, 'min_samples_leaf': 3, 'min_samples_split': 13, 'n_estimators': 1184}",0.55,0.7333333333333334,0.6333333333333333,0.6222222222222222,0.7833333333333333,0.6644444444444444,0.08334074041155189,141,1.0,1.0,1.0,1.0,1.0,1.0,0.0
17.042662620544434,1.1667608064050046,0.08357758522033691,0.006288705947463248,,,2,13,784,"{'max_depth': None, 'max_features': None, 'min_samples_leaf': 2, 'min_samples_split': 13, 'n_estimators': 784}",0.55,0.6277777777777778,0.6333333333333333,0.7277777777777779,0.7833333333333333,0.6644444444444444,0.0819213715162967,141,1.0,1.0,1.0,1.0,1.0,1.0,0.0
17.740818786621094,1.1986049774752838,0.08774042129516602,0.014024374212236146,20,,2,13,784,"{'max_depth': 20, 'max_features': None, 'min_samples_leaf': 2, 'min_samples_split': 13, 'n_estimators': 784}",0.55,0.6277777777777778,0.6333333333333333,0.7277777777777779,0.7833333333333333,0.6644444444444444,0.0819213715162967,141,1.0,1.0,1.0,1.0,1.0,1.0,0.0
23.72719774246216,0.8599232461232639,0.11050596237182617,0.004247412667101785,25,,3,11,1184,"{'max_depth': 25, 'max_features': None, 'min_samples_leaf': 3, 'min_samples_split': 11, 'n_estimators': 1184}",0.55,0.7333333333333334,0.6333333333333333,0.6222222222222222,0.7833333333333333,0.6644444444444444,0.08334074041155189,141,1.0,1.0,1.0,1.0,1.0,1.0,0.0
23.96994972229004,0.8000607595573807,0.12825651168823243,0.026339169542284907,25,,3,13,1184,"{'max_depth': 25, 'max_features': None, 'min_samples_leaf': 3, 'min_samples_split': 13, 'n_estimators': 1184}",0.55,0.7333333333333334,0.6333333333333333,0.6222222222222222,0.7833333333333333,0.6644444444444444,0.08334074041155189,141,1.0,1.0,1.0,1.0,1.0,1.0,0.0
24.515091609954833,0.8953112287938109,0.11329755783081055,0.007372495986368415,,,3,11,1184,"{'max_depth': None, 'max_features': None, 'min_samples_leaf': 3, 'min_samples_split': 11, 'n_estimators': 1184}",0.55,0.7333333333333334,0.6333333333333333,0.6222222222222222,0.7833333333333333,0.6644444444444444,0.08334074041155189,141,1.0,1.0,1.0,1.0,1.0,1.0,0.0
27.711758613586426,1.9028851902063237,0.11769270896911621,0.007896637647307551,15,,3,11,1184,"{'max_depth': 15, 'max_features': None, 'min_samples_leaf': 3, 'min_samples_split': 11, 'n_estimators': 1184}",0.55,0.7333333333333334,0.6333333333333333,0.6222222222222222,0.7833333333333333,0.6644444444444444,0.08334074041155189,141,1.0,1.0,1.0,1.0,1.0,1.0,0.0
18.15509386062622,0.7530300637609708,0.08397603034973145,0.0044335380670633895,25,,2,13,784,"{'max_depth': 25, 'max_features': None, 'min_samples_leaf': 2, 'min_samples_split': 13, 'n_estimators': 784}",0.55,0.6277777777777778,0.6333333333333333,0.7277777777777779,0.7833333333333333,0.6644444444444444,0.0819213715162967,141,1.0,1.0,1.0,1.0,1.0,1.0,0.0
21.388446521759032,0.8642611857916295,0.10571551322937012,0.00912084728991976,15,,3,9,984,"{'max_depth': 15, 'max_features': None, 'min_samples_leaf': 3, 'min_samples_split': 9, 'n_estimators': 984}",0.55,0.6833333333333333,0.6333333333333333,0.6666666666666666,0.7833333333333333,0.6633333333333333,0.07557189365836421,157,1.0,1.0,1.0,1.0,1.0,1.0,0.0
18.28932843208313,1.1505446116086826,0.07719297409057617,0.004990720082596761,25,,3,9,784,"{'max_depth': 25, 'max_features': None, 'min_samples_leaf': 3, 'min_samples_split': 9, 'n_estimators': 784}",0.55,0.6833333333333333,0.6333333333333333,0.6666666666666666,0.7833333333333333,0.6633333333333333,0.07557189365836421,157,1.0,1.0,1.0,1.0,1.0,1.0,0.0
17.11370429992676,0.7099046560033301,0.08154821395874023,0.004179034587701325,15,,3,11,784,"{'max_depth': 15, 'max_features': None, 'min_samples_leaf': 3, 'min_samples_split': 11, 'n_estimators': 784}",0.55,0.6833333333333333,0.6333333333333333,0.6666666666666666,0.7833333333333333,0.6633333333333333,0.07557189365836421,157,1.0,1.0,1.0,1.0,1.0,1.0,0.0
21.243434333801268,0.7956255988581866,0.10771222114562988,0.0176282551973113,25,,3,9,984,"{'max_depth': 25, 'max_features': None, 'min_samples_leaf': 3, 'min_samples_split': 9, 'n_estimators': 984}",0.55,0.6833333333333333,0.6333333333333333,0.6666666666666666,0.7833333333333333,0.6633333333333333,0.07557189365836421,157,1.0,1.0,1.0,1.0,1.0,1.0,0.0
16.33554811477661,0.5762951821862713,0.07901167869567871,0.0035284912409871867,25,,3,11,784,"{'max_depth': 25, 'max_features': None, 'min_samples_leaf': 3, 'min_samples_split': 11, 'n_estimators': 784}",0.55,0.6833333333333333,0.6333333333333333,0.6666666666666666,0.7833333333333333,0.6633333333333333,0.07557189365836421,157,1.0,1.0,1.0,1.0,1.0,1.0,0.0
20.142376089096068,0.9965584694419226,0.0945479393005371,0.004694697339769606,25,,3,11,984,"{'max_depth': 25, 'max_features': None, 'min_samples_leaf': 3, 'min_samples_split': 11, 'n_estimators': 984}",0.55,0.7333333333333334,0.6333333333333333,0.6166666666666667,0.7833333333333333,0.6633333333333333,0.08393118874676114,157,1.0,1.0,1.0,1.0,1.0,1.0,0.0
21.722161865234376,0.9766039186356819,0.11469407081604004,0.028580518592274562,15,,3,11,984,"{'max_depth': 15, 'max_features': None, 'min_samples_leaf': 3, 'min_samples_split': 11, 'n_estimators': 984}",0.55,0.7333333333333334,0.6333333333333333,0.6166666666666667,0.7833333333333333,0.6633333333333333,0.08393118874676114,157,1.0,1.0,1.0,1.0,1.0,1.0,0.0
16.864535331726074,0.9429366309436842,0.08956084251403809,0.006127913293232398,15,,3,9,784,"{'max_depth': 15, 'max_features': None, 'min_samples_leaf': 3, 'min_samples_split': 9, 'n_estimators': 784}",0.55,0.6833333333333333,0.6333333333333333,0.6666666666666666,0.7833333333333333,0.6633333333333333,0.07557189365836421,157,1.0,1.0,1.0,1.0,1.0,1.0,0.0
17.232949829101564,1.724121938210835,0.09195489883422851,0.014757944961511954,20,,3,9,784,"{'max_depth': 20, 'max_features': None, 'min_samples_leaf': 3, 'min_samples_split': 9, 'n_estimators': 784}",0.55,0.6833333333333333,0.6333333333333333,0.6666666666666666,0.7833333333333333,0.6633333333333333,0.07557189365836421,157,1.0,1.0,1.0,1.0,1.0,1.0,0.0
21.296294021606446,0.9814062635062036,0.10950765609741211,0.018144041758161842,20,,3,9,984,"{'max_depth': 20, 'max_features': None, 'min_samples_leaf': 3, 'min_samples_split': 9, 'n_estimators': 984}",0.55,0.6833333333333333,0.6333333333333333,0.6666666666666666,0.7833333333333333,0.6633333333333333,0.07557189365836421,157,1.0,1.0,1.0,1.0,1.0,1.0,0.0
18.562806129455566,1.615834157376772,0.09972362518310547,0.027711075856875635,20,,3,11,784,"{'max_depth': 20, 'max_features': None, 'min_samples_leaf': 3, 'min_samples_split': 11, 'n_estimators': 784}",0.55,0.6833333333333333,0.6333333333333333,0.6666666666666666,0.7833333333333333,0.6633333333333333,0.07557189365836421,157,1.0,1.0,1.0,1.0,1.0,1.0,0.0
23.966849517822265,3.013356593501772,0.10791301727294922,0.01965936518021754,20,,3,11,984,"{'max_depth': 20, 'max_features': None, 'min_samples_leaf': 3, 'min_samples_split': 11, 'n_estimators': 984}",0.55,0.7333333333333334,0.6333333333333333,0.6166666666666667,0.7833333333333333,0.6633333333333333,0.08393118874676114,157,1.0,1.0,1.0,1.0,1.0,1.0,0.0
19.80328197479248,1.1099683243815266,0.0943483829498291,0.006722731273225428,,,3,11,984,"{'max_depth': None, 'max_features': None, 'min_samples_leaf': 3, 'min_samples_split': 11, 'n_estimators': 984}",0.55,0.7333333333333334,0.6333333333333333,0.6166666666666667,0.7833333333333333,0.6633333333333333,0.08393118874676114,157,1.0,1.0,1.0,1.0,1.0,1.0,0.0
16.410349369049072,0.6375238850052453,0.08357653617858887,0.005827998315592904,,,3,11,784,"{'max_depth': None, 'max_features': None, 'min_samples_leaf': 3, 'min_samples_split': 11, 'n_estimators': 784}",0.55,0.6833333333333333,0.6333333333333333,0.6666666666666666,0.7833333333333333,0.6633333333333333,0.07557189365836421,157,1.0,1.0,1.0,1.0,1.0,1.0,0.0
20.527359104156496,0.7715946793265223,0.10792703628540039,0.013855288543058045,,,3,9,984,"{'max_depth': None, 'max_features': None, 'min_samples_leaf': 3, 'min_samples_split': 9, 'n_estimators': 984}",0.55,0.6833333333333333,0.6333333333333333,0.6666666666666666,0.7833333333333333,0.6633333333333333,0.07557189365836421,157,1.0,1.0,1.0,1.0,1.0,1.0,0.0
16.10356798171997,0.9573522962931914,0.08078441619873047,0.006244002208165393,,,3,9,784,"{'max_depth': None, 'max_features': None, 'min_samples_leaf': 3, 'min_samples_split': 9, 'n_estimators': 784}",0.55,0.6833333333333333,0.6333333333333333,0.6666666666666666,0.7833333333333333,0.6633333333333333,0.07557189365836421,157,1.0,1.0,1.0,1.0,1.0,1.0,0.0
3.591201972961426,0.14713023724634589,0.10491952896118165,0.007761346579543507,,sqrt,1,11,984,"{'max_depth': None, 'max_features': 'sqrt', 'min_samples_leaf': 1, 'min_samples_split': 11, 'n_estimators': 984}",0.65,0.5777777777777777,0.6277777777777778,0.6722222222222223,0.7833333333333333,0.6622222222222222,0.06816827400079098,173,1.0,1.0,1.0,1.0,1.0,1.0,0.0
5.221447086334228,0.42700905414583346,0.1488018035888672,0.030528231087643635,15,sqrt,1,13,1184,"{'max_depth': 15, 'max_features': 'sqrt', 'min_samples_leaf': 1, 'min_samples_split': 13, 'n_estimators': 1184}",0.6000000000000001,0.6277777777777778,0.6277777777777778,0.6722222222222223,0.7833333333333333,0.6622222222222222,0.06482645398139919,173,1.0,1.0,1.0,1.0,1.0,1.0,0.0
3.401111125946045,0.30062500382144997,0.1206789493560791,0.021251643502347536,15,sqrt,2,9,784,"{'max_depth': 15, 'max_features': 'sqrt', 'min_samples_leaf': 2, 'min_samples_split': 9, 'n_estimators': 784}",0.7,0.5277777777777778,0.6833333333333333,0.6166666666666667,0.7833333333333333,0.6622222222222222,0.08566371229953947,173,1.0,1.0,1.0,1.0,1.0,1.0,0.0
4.395453023910522,0.47364353257150205,0.13584814071655274,0.015793458011100946,15,sqrt,2,9,984,"{'max_depth': 15, 'max_features': 'sqrt', 'min_samples_leaf': 2, 'min_samples_split': 9, 'n_estimators': 984}",0.7,0.5833333333333333,0.6277777777777778,0.6166666666666667,0.7833333333333333,0.6622222222222222,0.07152656417524926,173,1.0,1.0,1.0,1.0,1.0,1.0,0.0
2.9393452167510987,0.2558810733030283,0.09335026741027833,0.011416532370915982,20,sqrt,2,9,784,"{'max_depth': 20, 'max_features': 'sqrt', 'min_samples_leaf': 2, 'min_samples_split': 9, 'n_estimators': 784}",0.7,0.5277777777777778,0.6833333333333333,0.6166666666666667,0.7833333333333333,0.6622222222222222,0.08566371229953947,173,1.0,1.0,1.0,1.0,1.0,1.0,0.0
4.927034139633179,0.5507351083812354,0.14900169372558594,0.023555351166303206,20,sqrt,1,13,1184,"{'max_depth': 20, 'max_features': 'sqrt', 'min_samples_leaf': 1, 'min_samples_split': 13, 'n_estimators': 1184}",0.6000000000000001,0.6277777777777778,0.6277777777777778,0.6722222222222223,0.7833333333333333,0.6622222222222222,0.06482645398139919,173,1.0,1.0,1.0,1.0,1.0,1.0,0.0
3.9963409423828127,0.18373202132814345,0.1300323486328125,0.01792973998257278,15,sqrt,1,11,984,"{'max_depth': 15, 'max_features': 'sqrt', 'min_samples_leaf': 1, 'min_samples_split': 11, 'n_estimators': 984}",0.65,0.5777777777777777,0.6277777777777778,0.6722222222222223,0.7833333333333333,0.6622222222222222,0.06816827400079098,173,1.0,1.0,1.0,1.0,1.0,1.0,0.0
3.939665174484253,0.4840538003491197,0.11509246826171875,0.017902791959050427,20,sqrt,1,11,984,"{'max_depth': 20, 'max_features': 'sqrt', 'min_samples_leaf': 1, 'min_samples_split': 11, 'n_estimators': 984}",0.65,0.5777777777777777,0.6277777777777778,0.6722222222222223,0.7833333333333333,0.6622222222222222,0.06816827400079098,173,1.0,1.0,1.0,1.0,1.0,1.0,0.0
3.6033701419830324,0.14236406804689253,0.11470155715942383,0.025170934719759855,25,sqrt,1,11,984,"{'max_depth': 25, 'max_features': 'sqrt', 'min_samples_leaf': 1, 'min_samples_split': 11, 'n_estimators': 984}",0.65,0.5777777777777777,0.6277777777777778,0.6722222222222223,0.7833333333333333,0.6622222222222222,0.06816827400079098,173,1.0,1.0,1.0,1.0,1.0,1.0,0.0
3.986945915222168,0.31099062636897,0.12027792930603028,0.014113060193129861,20,sqrt,2,9,984,"{'max_depth': 20, 'max_features': 'sqrt', 'min_samples_leaf': 2, 'min_samples_split': 9, 'n_estimators': 984}",0.7,0.5833333333333333,0.6277777777777778,0.6166666666666667,0.7833333333333333,0.6622222222222222,0.07152656417524926,173,1.0,1.0,1.0,1.0,1.0,1.0,0.0
2.839012861251831,0.11181174758999521,0.08696751594543457,0.0038055280320323315,25,sqrt,2,13,784,"{'max_depth': 25, 'max_features': 'sqrt', 'min_samples_leaf': 2, 'min_samples_split': 13, 'n_estimators': 784}",0.65,0.6277777777777778,0.6833333333333333,0.5666666666666667,0.7833333333333333,0.6622222222222222,0.07152656417524926,173,1.0,1.0,1.0,1.0,1.0,1.0,0.0
3.1515777587890623,0.40569377910222953,0.10850992202758789,0.0326871420276366,15,sqrt,2,13,784,"{'max_depth': 15, 'max_features': 'sqrt', 'min_samples_leaf': 2, 'min_samples_split': 13, 'n_estimators': 784}",0.65,0.6277777777777778,0.6833333333333333,0.5666666666666667,0.7833333333333333,0.6622222222222222,0.07152656417524926,173,1.0,1.0,1.0,1.0,1.0,1.0,0.0
3.1735204219818116,0.340006109511157,0.10053129196166992,0.012947537037712845,20,sqrt,2,13,784,"{'max_depth': 20, 'max_features': 'sqrt', 'min_samples_leaf': 2, 'min_samples_split': 13, 'n_estimators': 784}",0.65,0.6277777777777778,0.6833333333333333,0.5666666666666667,0.7833333333333333,0.6622222222222222,0.07152656417524926,173,1.0,1.0,1.0,1.0,1.0,1.0,0.0
4.307088088989258,0.21775506153910795,0.13643622398376465,0.038032991117830504,,sqrt,1,13,1184,"{'max_depth': None, 'max_features': 'sqrt', 'min_samples_leaf': 1, 'min_samples_split': 13, 'n_estimators': 1184}",0.6000000000000001,0.6277777777777778,0.6277777777777778,0.6722222222222223,0.7833333333333333,0.6622222222222222,0.06482645398139919,173,1.0,1.0,1.0,1.0,1.0,1.0,0.0
2.9808353424072265,0.1316809334668829,0.09933362007141114,0.012140704105398394,,sqrt,2,9,784,"{'max_depth': None, 'max_features': 'sqrt', 'min_samples_leaf': 2, 'min_samples_split': 9, 'n_estimators': 784}",0.7,0.5277777777777778,0.6833333333333333,0.6166666666666667,0.7833333333333333,0.6622222222222222,0.08566371229953947,173,1.0,1.0,1.0,1.0,1.0,1.0,0.0
4.884347438812256,0.3976383646151006,0.123469877243042,0.0046946202934799765,25,sqrt,1,13,1184,"{'max_depth': 25, 'max_features': 'sqrt', 'min_samples_leaf': 1, 'min_samples_split': 13, 'n_estimators': 1184}",0.6000000000000001,0.6277777777777778,0.6277777777777778,0.6722222222222223,0.7833333333333333,0.6622222222222222,0.06482645398139919,173,1.0,1.0,1.0,1.0,1.0,1.0,0.0
2.9020987033843992,0.16374407415474415,0.08771109580993652,0.0056270604913141176,25,sqrt,2,9,784,"{'max_depth': 25, 'max_features': 'sqrt', 'min_samples_leaf': 2, 'min_samples_split': 9, 'n_estimators': 784}",0.7,0.5277777777777778,0.6833333333333333,0.6166666666666667,0.7833333333333333,0.6622222222222222,0.08566371229953947,173,1.0,1.0,1.0,1.0,1.0,1.0,0.0
3.554700422286987,0.16356701879911428,0.104522705078125,0.006128834355335595,25,sqrt,2,9,984,"{'max_depth': 25, 'max_features': 'sqrt', 'min_samples_leaf': 2, 'min_samples_split': 9, 'n_estimators': 984}",0.7,0.5833333333333333,0.6277777777777778,0.6166666666666667,0.7833333333333333,0.6622222222222222,0.07152656417524926,173,1.0,1.0,1.0,1.0,1.0,1.0,0.0
3.709883117675781,0.09814686128700843,0.10890955924987793,0.007709993917962388,,sqrt,2,9,984,"{'max_depth': None, 'max_features': 'sqrt', 'min_samples_leaf': 2, 'min_samples_split': 9, 'n_estimators': 984}",0.7,0.5833333333333333,0.6277777777777778,0.6166666666666667,0.7833333333333333,0.6622222222222222,0.07152656417524926,173,1.0,1.0,1.0,1.0,1.0,1.0,0.0
2.8527754306793214,0.12513185573308155,0.08996052742004394,0.006415011718764432,,sqrt,2,13,784,"{'max_depth': None, 'max_features': 'sqrt', 'min_samples_leaf': 2, 'min_samples_split': 13, 'n_estimators': 784}",0.65,0.6277777777777778,0.6833333333333333,0.5666666666666667,0.7833333333333333,0.6622222222222222,0.07152656417524926,173,1.0,1.0,1.0,1.0,1.0,1.0,0.0
4.032722330093383,0.6995756895767775,0.13005223274230956,0.03183083641049256,15,sqrt,3,13,984,"{'max_depth': 15, 'max_features': 'sqrt', 'min_samples_leaf': 3, 'min_samples_split': 13, 'n_estimators': 984}",0.65,0.6277777777777778,0.6277777777777778,0.6166666666666667,0.7833333333333333,0.6611111111111111,0.06206328908341751,193,1.0,1.0,1.0,1.0,1.0,1.0,0.0
2.4530425548553465,0.12011017409311289,0.08796525001525879,0.004342503006472394,25,log2,2,9,784,"{'max_depth': 25, 'max_features': 'log2', 'min_samples_leaf': 2, 'min_samples_split': 9, 'n_estimators': 784}",0.7,0.6277777777777778,0.6833333333333333,0.5666666666666667,0.7277777777777779,0.6611111111111111,0.057413380812283636,193,1.0,1.0,1.0,1.0,1.0,1.0,0.0
4.194989109039307,0.10594214162294517,0.12267203330993652,0.003836398829382215,25,sqrt,2,11,1184,"{'max_depth': 25, 'max_features': 'sqrt', 'min_samples_leaf': 2, 'min_samples_split': 11, 'n_estimators': 1184}",0.7,0.5777777777777777,0.6833333333333333,0.6166666666666667,0.7277777777777779,0.6611111111111111,0.05544433311055402,193,1.0,1.0,1.0,1.0,1.0,1.0,0.0
3.1944649696350096,0.2297105285694985,0.09414668083190918,0.008841712243478765,25,sqrt,3,13,784,"{'max_depth': 25, 'max_features': 'sqrt', 'min_samples_leaf': 3, 'min_samples_split': 13, 'n_estimators': 784}",0.65,0.6277777777777778,0.6277777777777778,0.6166666666666667,0.7833333333333333,0.6611111111111111,0.06206328908341751,193,1.0,1.0,1.0,1.0,1.0,1.0,0.0
4.007690954208374,0.28278579640940643,0.10552682876586914,0.006939910768655299,25,sqrt,3,13,984,"{'max_depth': 25, 'max_features': 'sqrt', 'min_samples_leaf': 3, 'min_samples_split': 13, 'n_estimators': 984}",0.65,0.6277777777777778,0.6277777777777778,0.6166666666666667,0.7833333333333333,0.6611111111111111,0.06206328908341751,193,1.0,1.0,1.0,1.0,1.0,1.0,0.0
3.8086225032806396,0.23810607252991972,0.13962550163269044,0.02365207789564393,25,log2,3,9,1184,"{'max_depth': 25, 'max_features': 'log2', 'min_samples_leaf': 3, 'min_samples_split': 9, 'n_estimators': 1184}",0.65,0.6277777777777778,0.6833333333333333,0.6166666666666667,0.7277777777777779,0.6611111111111111,0.04036867138796658,193,1.0,1.0,1.0,1.0,1.0,1.0,0.0
3.2142090797424316,0.10310942850831448,0.10970721244812012,0.0063398544705392,25,log2,3,9,984,"{'max_depth': 25, 'max_features': 'log2', 'min_samples_leaf': 3, 'min_samples_split': 9, 'n_estimators': 984}",0.6499999999999999,0.6277777777777778,0.6833333333333333,0.6166666666666667,0.7277777777777779,0.6611111111111111,0.040368671387966584,193,1.0,1.0,1.0,1.0,1.0,1.0,0.0
3.072380208969116,0.14248716194272054,0.10571780204772949,0.005045829156406328,25,log2,1,11,984,"{'max_depth': 25, 'max_features': 'log2', 'min_samples_leaf': 1, 'min_samples_split': 11, 'n_estimators': 984}",0.65,0.6277777777777778,0.6777777777777778,0.6222222222222222,0.7277777777777779,0.6611111111111111,0.038650060290946885,193,1.0,1.0,1.0,1.0,1.0,1.0,0.0
3.4795006275177003,0.1485936499546445,0.10392293930053711,0.004982659907870457,25,sqrt,2,13,984,"{'max_depth': 25, 'max_features': 'sqrt', 'min_samples_leaf': 2, 'min_samples_split': 13, 'n_estimators': 984}",0.7,0.6277777777777778,0.6277777777777778,0.5666666666666667,0.7833333333333333,0.6611111111111111,0.07428673177976346,193,1.0,1.0,1.0,1.0,1.0,1.0,0.0
4.018460655212403,0.5705797730190133,0.13763184547424318,0.025436726992303642,15,log2,3,9,1184,"{'max_depth': 15, 'max_features': 'log2', 'min_samples_leaf': 3, 'min_samples_split': 9, 'n_estimators': 1184}",0.65,0.6277777777777778,0.6833333333333333,0.6166666666666667,0.7277777777777779,0.6611111111111111,0.04036867138796658,193,1.0,1.0,1.0,1.0,1.0,1.0,0.0
3.6252731800079347,0.12356887133382545,0.12506570816040039,0.0075587452380496654,,log2,3,9,1184,"{'max_depth': None, 'max_features': 'log2', 'min_samples_leaf': 3, 'min_samples_split': 9, 'n_estimators': 1184}",0.65,0.6277777777777778,0.6833333333333333,0.6166666666666667,0.7277777777777779,0.6611111111111111,0.04036867138796658,193,1.0,1.0,1.0,1.0,1.0,1.0,0.0
4.624237585067749,0.4286219167972053,0.14441375732421874,0.02962252771661464,20,sqrt,2,11,1184,"{'max_depth': 20, 'max_features': 'sqrt', 'min_samples_leaf': 2, 'min_samples_split': 11, 'n_estimators': 1184}",0.7,0.5777777777777777,0.6833333333333333,0.6166666666666667,0.7277777777777779,0.6611111111111111,0.05544433311055402,193,1.0,1.0,1.0,1.0,1.0,1.0,0.0
3.2375484466552735,0.5533464846685632,0.10452070236206054,0.01883260317540304,15,sqrt,3,13,784,"{'max_depth': 15, 'max_features': 'sqrt', 'min_samples_leaf': 3, 'min_samples_split': 13, 'n_estimators': 784}",0.65,0.6277777777777778,0.6277777777777778,0.6166666666666667,0.7833333333333333,0.6611111111111111,0.06206328908341751,193,1.0,1.0,1.0,1.0,1.0,1.0,0.0
3.475512647628784,0.10011579112292715,0.10491943359375,0.0060959704951136584,,sqrt,3,13,984,"{'max_depth': None, 'max_features': 'sqrt', 'min_samples_leaf': 3, 'min_samples_split': 13, 'n_estimators': 984}",0.65,0.6277777777777778,0.6277777777777778,0.6166666666666667,0.7833333333333333,0.6611111111111111,0.06206328908341751,193,1.0,1.0,1.0,1.0,1.0,1.0,0.0
2.8633476734161376,0.16640558347382134,0.09434795379638672,0.011241322088018344,,sqrt,3,13,784,"{'max_depth': None, 'max_features': 'sqrt', 'min_samples_leaf': 3, 'min_samples_split': 13, 'n_estimators': 784}",0.65,0.6277777777777778,0.6277777777777778,0.6166666666666667,0.7833333333333333,0.6611111111111111,0.06206328908341751,193,1.0,1.0,1.0,1.0,1.0,1.0,0.0
3.2856201171875,0.22422941492561124,0.1531909465789795,0.06145322893154817,15,log2,1,11,984,"{'max_depth': 15, 'max_features': 'log2', 'min_samples_leaf': 1, 'min_samples_split': 11, 'n_estimators': 984}",0.65,0.6277777777777778,0.6777777777777778,0.6222222222222222,0.7277777777777779,0.6611111111111111,0.038650060290946885,193,1.0,1.0,1.0,1.0,1.0,1.0,0.0
4.219923305511474,0.5081712275356556,0.15079541206359864,0.02500593021710215,20,log2,3,9,1184,"{'max_depth': 20, 'max_features': 'log2', 'min_samples_leaf': 3, 'min_samples_split': 9, 'n_estimators': 1184}",0.65,0.6277777777777778,0.6833333333333333,0.6166666666666667,0.7277777777777779,0.6611111111111111,0.04036867138796658,193,1.0,1.0,1.0,1.0,1.0,1.0,0.0
3.1687319755554197,0.3242266158525381,0.11250123977661133,0.014621441345641289,20,log2,3,9,984,"{'max_depth': 20, 'max_features': 'log2', 'min_samples_leaf': 3, 'min_samples_split': 9, 'n_estimators': 984}",0.6499999999999999,0.6277777777777778,0.6833333333333333,0.6166666666666667,0.7277777777777779,0.6611111111111111,0.040368671387966584,193,1.0,1.0,1.0,1.0,1.0,1.0,0.0
3.547120761871338,0.16791710757446932,0.11030569076538085,0.009944901859837435,,sqrt,2,13,984,"{'max_depth': None, 'max_features': 'sqrt', 'min_samples_leaf': 2, 'min_samples_split': 13, 'n_estimators': 984}",0.7,0.6277777777777778,0.6277777777777778,0.5666666666666667,0.7833333333333333,0.6611111111111111,0.07428673177976346,193,1.0,1.0,1.0,1.0,1.0,1.0,0.0
2.7608224391937255,0.2302269946705447,0.09913454055786133,0.011793758243919051,20,log2,2,9,784,"{'max_depth': 20, 'max_features': 'log2', 'min_samples_leaf': 2, 'min_samples_split': 9, 'n_estimators': 784}",0.7,0.6277777777777778,0.6833333333333333,0.5666666666666667,0.7277777777777779,0.6611111111111111,0.057413380812283636,193,1.0,1.0,1.0,1.0,1.0,1.0,0.0
3.936279630661011,0.6199778657449013,0.1344660758972168,0.024503714118827413,15,log2,3,9,984,"{'max_depth': 15, 'max_features': 'log2', 'min_samples_leaf': 3, 'min_samples_split': 9, 'n_estimators': 984}",0.6499999999999999,0.6277777777777778,0.6833333333333333,0.6166666666666667,0.7277777777777779,0.6611111111111111,0.040368671387966584,193,1.0,1.0,1.0,1.0,1.0,1.0,0.0
4.6328198432922365,0.7332384794966058,0.11848278045654297,0.008680626466286404,15,sqrt,2,13,984,"{'max_depth': 15, 'max_features': 'sqrt', 'min_samples_leaf': 2, 'min_samples_split': 13, 'n_estimators': 984}",0.7,0.6277777777777778,0.6277777777777778,0.5666666666666667,0.7833333333333333,0.6611111111111111,0.07428673177976346,193,1.0,1.0,1.0,1.0,1.0,1.0,0.0
5.02896032333374,0.6371745709721949,0.17074313163757324,0.0550527426280715,15,sqrt,2,11,1184,"{'max_depth': 15, 'max_features': 'sqrt', 'min_samples_leaf': 2, 'min_samples_split': 11, 'n_estimators': 1184}",0.7,0.5777777777777777,0.6833333333333333,0.6166666666666667,0.7277777777777779,0.6611111111111111,0.05544433311055402,193,1.0,1.0,1.0,1.0,1.0,1.0,0.0
3.3893423557281492,0.40815634150452273,0.11469306945800781,0.012818850159915863,20,log2,1,11,984,"{'max_depth': 20, 'max_features': 'log2', 'min_samples_leaf': 1, 'min_samples_split': 11, 'n_estimators': 984}",0.65,0.6277777777777778,0.6777777777777778,0.6222222222222222,0.7277777777777779,0.6611111111111111,0.038650060290946885,193,1.0,1.0,1.0,1.0,1.0,1.0,0.0
3.9314383983612062,0.4290991479608239,0.12785868644714354,0.02118876353670349,20,sqrt,3,13,984,"{'max_depth': 20, 'max_features': 'sqrt', 'min_samples_leaf': 3, 'min_samples_split': 13, 'n_estimators': 984}",0.65,0.6277777777777778,0.6277777777777778,0.6166666666666667,0.7833333333333333,0.6611111111111111,0.06206328908341751,193,1.0,1.0,1.0,1.0,1.0,1.0,0.0
3.0049697875976564,0.36054426050198213,0.09479174613952637,0.013974182085395559,20,sqrt,3,13,784,"{'max_depth': 20, 'max_features': 'sqrt', 'min_samples_leaf': 3, 'min_samples_split': 13, 'n_estimators': 784}",0.65,0.6277777777777778,0.6277777777777778,0.6166666666666667,0.7833333333333333,0.6611111111111111,0.06206328908341751,193,1.0,1.0,1.0,1.0,1.0,1.0,0.0
4.225507974624634,0.12677905228277794,0.12267298698425293,0.007464115206618484,,sqrt,2,11,1184,"{'max_depth': None, 'max_features': 'sqrt', 'min_samples_leaf': 2, 'min_samples_split': 11, 'n_estimators': 1184}",0.7,0.5777777777777777,0.6833333333333333,0.6166666666666667,0.7277777777777779,0.6611111111111111,0.05544433311055402,193,1.0,1.0,1.0,1.0,1.0,1.0,0.0
3.072790288925171,0.11850353212786119,0.10591497421264648,0.004652937013536856,,log2,3,9,984,"{'max_depth': None, 'max_features': 'log2', 'min_samples_leaf': 3, 'min_samples_split': 9, 'n_estimators': 984}",0.6499999999999999,0.6277777777777778,0.6833333333333333,0.6166666666666667,0.7277777777777779,0.6611111111111111,0.040368671387966584,193,1.0,1.0,1.0,1.0,1.0,1.0,0.0
3.8297649383544923,0.4510933048975706,0.12048125267028809,0.019515038698246057,20,sqrt,2,13,984,"{'max_depth': 20, 'max_features': 'sqrt', 'min_samples_leaf': 2, 'min_samples_split': 13, 'n_estimators': 984}",0.7,0.6277777777777778,0.6277777777777778,0.5666666666666667,0.7833333333333333,0.6611111111111111,0.07428673177976346,193,1.0,1.0,1.0,1.0,1.0,1.0,0.0
2.9168981075286866,0.21086507679632438,0.11010580062866211,0.0120603303594106,,log2,2,9,784,"{'max_depth': None, 'max_features': 'log2', 'min_samples_leaf': 2, 'min_samples_split': 9, 'n_estimators': 784}",0.7,0.6277777777777778,0.6833333333333333,0.5666666666666667,0.7277777777777779,0.6611111111111111,0.057413380812283636,193,1.0,1.0,1.0,1.0,1.0,1.0,0.0
3.3045671463012694,0.6214560192755229,0.12466750144958497,0.02773935196357048,15,log2,2,9,784,"{'max_depth': 15, 'max_features': 'log2', 'min_samples_leaf': 2, 'min_samples_split': 9, 'n_estimators': 784}",0.7,0.6277777777777778,0.6833333333333333,0.5666666666666667,0.7277777777777779,0.6611111111111111,0.057413380812283636,193,1.0,1.0,1.0,1.0,1.0,1.0,0.0
3.102907991409302,0.10691743015970719,0.10990633964538574,0.013116068606239368,,log2,1,11,984,"{'max_depth': None, 'max_features': 'log2', 'min_samples_leaf': 1, 'min_samples_split': 11, 'n_estimators': 984}",0.65,0.6277777777777778,0.6777777777777778,0.6222222222222222,0.7277777777777779,0.6611111111111111,0.038650060290946885,193,1.0,1.0,1.0,1.0,1.0,1.0,0.0
3.712678098678589,0.19534288575178385,0.12067732810974122,0.0038367582111163167,,log2,2,13,1184,"{'max_depth': None, 'max_features': 'log2', 'min_samples_leaf': 2, 'min_samples_split': 13, 'n_estimators': 1184}",0.7,0.5722222222222222,0.6277777777777778,0.6722222222222223,0.7277777777777779,0.6599999999999999,0.05492980930803681,225,1.0,1.0,1.0,1.0,1.0,1.0,0.0
3.6482502460479735,0.12522343014693046,0.12666196823120118,0.00843923405387513,25,log2,2,13,1184,"{'max_depth': 25, 'max_features': 'log2', 'min_samples_leaf': 2, 'min_samples_split': 13, 'n_estimators': 1184}",0.7,0.5722222222222222,0.6277777777777778,0.6722222222222223,0.7277777777777779,0.6599999999999999,0.05492980930803681,225,1.0,1.0,1.0,1.0,1.0,1.0,0.0
3.6492324352264403,0.1655128511937422,0.12227334976196289,0.006326484027865275,25,log2,3,13,1184,"{'max_depth': 25, 'max_features': 'log2', 'min_samples_leaf': 3, 'min_samples_split': 13, 'n_estimators': 1184}",0.7,0.6277777777777778,0.6277777777777778,0.6166666666666667,0.7277777777777779,0.6599999999999999,0.04505141096158511,225,0.986842105263158,0.986842105263158,1.0,1.0,1.0,0.9947368421052631,0.006446025638903066
4.8558207035064695,0.770449718402656,0.14700713157653808,0.02488694876002292,20,log2,3,13,1184,"{'max_depth': 20, 'max_features': 'log2', 'min_samples_leaf': 3, 'min_samples_split': 13, 'n_estimators': 1184}",0.7,0.6277777777777778,0.6277777777777778,0.6166666666666667,0.7277777777777779,0.6599999999999999,0.04505141096158511,225,0.986842105263158,0.986842105263158,1.0,1.0,1.0,0.9947368421052631,0.006446025638903066
3.666004753112793,0.14175556760343605,0.11509222984313965,0.02006258238674248,,log2,3,13,1184,"{'max_depth': None, 'max_features': 'log2', 'min_samples_leaf': 3, 'min_samples_split': 13, 'n_estimators': 1184}",0.7,0.6277777777777778,0.6277777777777778,0.6166666666666667,0.7277777777777779,0.6599999999999999,0.04505141096158511,225,0.986842105263158,0.986842105263158,1.0,1.0,1.0,0.9947368421052631,0.006446025638903066
5.1260988235473635,0.8075582918793585,0.17852263450622557,0.03564267770862463,15,log2,3,13,1184,"{'max_depth': 15, 'max_features': 'log2', 'min_samples_leaf': 3, 'min_samples_split': 13, 'n_estimators': 1184}",0.7,0.6277777777777778,0.6277777777777778,0.6166666666666667,0.7277777777777779,0.6599999999999999,0.04505141096158511,225,0.986842105263158,0.986842105263158,1.0,1.0,1.0,0.9947368421052631,0.006446025638903066
4.48621096611023,0.6520313874527826,0.17473411560058594,0.04070817976030575,15,log2,2,13,1184,"{'max_depth': 15, 'max_features': 'log2', 'min_samples_leaf': 2, 'min_samples_split': 13, 'n_estimators': 1184}",0.7,0.5722222222222222,0.6277777777777778,0.6722222222222223,0.7277777777777779,0.6599999999999999,0.05492980930803681,225,1.0,1.0,1.0,1.0,1.0,1.0,0.0
3.9687937259674073,0.4585074085151616,0.1366365909576416,0.017295340599959744,20,log2,2,13,1184,"{'max_depth': 20, 'max_features': 'log2', 'min_samples_leaf': 2, 'min_samples_split': 13, 'n_estimators': 1184}",0.7,0.5722222222222222,0.6277777777777778,0.6722222222222223,0.7277777777777779,0.6599999999999999,0.05492980930803681,225,1.0,1.0,1.0,1.0,1.0,1.0,0.0
25.896202945709227,0.7335162699034211,0.13084840774536133,0.014954875972105278,15,,3,9,1184,"{'max_depth': 15, 'max_features': None, 'min_samples_leaf': 3, 'min_samples_split': 9, 'n_estimators': 1184}",0.55,0.7333333333333334,0.6333333333333333,0.5666666666666667,0.7833333333333333,0.6533333333333333,0.09153020145163988,233,1.0,1.0,1.0,1.0,1.0,1.0,0.0
26.283764123916626,2.0779263055109483,0.13624801635742187,0.033550616806741276,20,,3,9,1184,"{'max_depth': 20, 'max_features': None, 'min_samples_leaf': 3, 'min_samples_split': 9, 'n_estimators': 1184}",0.55,0.7333333333333334,0.6333333333333333,0.5666666666666667,0.7833333333333333,0.6533333333333333,0.09153020145163988,233,1.0,1.0,1.0,1.0,1.0,1.0,0.0
24.433709144592285,1.0138729002338398,0.11409640312194824,0.006388657148920728,,,3,9,1184,"{'max_depth': None, 'max_features': None, 'min_samples_leaf': 3, 'min_samples_split': 9, 'n_estimators': 1184}",0.55,0.7333333333333334,0.6333333333333333,0.5666666666666667,0.7833333333333333,0.6533333333333333,0.09153020145163988,233,1.0,1.0,1.0,1.0,1.0,1.0,0.0
25.417260932922364,0.9061152363301808,0.11469354629516601,0.007516721346605665,25,,3,9,1184,"{'max_depth': 25, 'max_features': None, 'min_samples_leaf': 3, 'min_samples_split': 9, 'n_estimators': 1184}",0.55,0.7333333333333334,0.6333333333333333,0.5666666666666667,0.7833333333333333,0.6533333333333333,0.09153020145163988,233,1.0,1.0,1.0,1.0,1.0,1.0,0.0
3.6466384410858153,0.20409344187565195,0.10771241188049316,0.009096715922594704,20,sqrt,1,13,984,"{'max_depth': 20, 'max_features': 'sqrt', 'min_samples_leaf': 1, 'min_samples_split': 13, 'n_estimators': 984}",0.6000000000000001,0.6277777777777778,0.6277777777777778,0.6222222222222222,0.7833333333333333,0.6522222222222223,0.06635110500814939,237,1.0,1.0,1.0,1.0,1.0,1.0,0.0
4.319457149505615,0.45374765935040906,0.12446789741516114,0.023066976047673438,25,sqrt,1,13,984,"{'max_depth': 25, 'max_features': 'sqrt', 'min_samples_leaf': 1, 'min_samples_split': 13, 'n_estimators': 984}",0.6000000000000001,0.6277777777777778,0.6277777777777778,0.6222222222222222,0.7833333333333333,0.6522222222222223,0.06635110500814939,237,1.0,1.0,1.0,1.0,1.0,1.0,0.0
3.936480093002319,0.18102053749131705,0.10990681648254394,0.005404253383133112,,sqrt,1,13,984,"{'max_depth': None, 'max_features': 'sqrt', 'min_samples_leaf': 1, 'min_samples_split': 13, 'n_estimators': 984}",0.6000000000000001,0.6277777777777778,0.6277777777777778,0.6222222222222222,0.7833333333333333,0.6522222222222223,0.06635110500814939,237,1.0,1.0,1.0,1.0,1.0,1.0,0.0
4.193991184234619,0.08599388074077279,0.12845635414123535,0.015377604082509199,15,sqrt,1,13,984,"{'max_depth': 15, 'max_features': 'sqrt', 'min_samples_leaf': 1, 'min_samples_split': 13, 'n_estimators': 984}",0.6000000000000001,0.6277777777777778,0.6277777777777778,0.6222222222222222,0.7833333333333333,0.6522222222222223,0.06635110500814939,237,1.0,1.0,1.0,1.0,1.0,1.0,0.0
4.321849298477173,0.48423915487638064,0.12865834236145018,0.03961229845283932,15,sqrt,3,9,984,"{'max_depth': 15, 'max_features': 'sqrt', 'min_samples_leaf': 3, 'min_samples_split': 9, 'n_estimators': 984}",0.65,0.6333333333333333,0.6277777777777778,0.6166666666666667,0.7277777777777779,0.6511111111111111,0.03981438414926429,241,1.0,1.0,1.0,1.0,1.0,1.0,0.0
4.4022369384765625,0.34479841638464964,0.1663543701171875,0.022845103433751384,20,log2,1,9,1184,"{'max_depth': 20, 'max_features': 'log2', 'min_samples_leaf': 1, 'min_samples_split': 9, 'n_estimators': 1184}",0.65,0.6277777777777778,0.6833333333333333,0.5666666666666667,0.7277777777777779,0.6511111111111111,0.05402331458285878,241,1.0,1.0,1.0,1.0,1.0,1.0,0.0
3.2052346229553224,0.23986864370199037,0.10511922836303711,0.002054026130402479,20,log2,1,9,984,"{'max_depth': 20, 'max_features': 'log2', 'min_samples_leaf': 1, 'min_samples_split': 9, 'n_estimators': 984}",0.65,0.6277777777777778,0.6833333333333333,0.5666666666666667,0.7277777777777779,0.6511111111111111,0.05402331458285878,241,1.0,1.0,1.0,1.0,1.0,1.0,0.0
2.920196771621704,0.2501520595792317,0.11209979057312011,0.01443415645388519,20,log2,1,9,784,"{'max_depth': 20, 'max_features': 'log2', 'min_samples_leaf': 1, 'min_samples_split': 9, 'n_estimators': 784}",0.65,0.6277777777777778,0.6833333333333333,0.5666666666666667,0.7277777777777779,0.6511111111111111,0.05402331458285878,241,1.0,1.0,1.0,1.0,1.0,1.0,0.0
4.293925666809082,0.3563388273171585,0.13164758682250977,0.016748162572830967,20,sqrt,3,13,1184,"{'max_depth': 20, 'max_features': 'sqrt', 'min_samples_leaf': 3, 'min_samples_split': 13, 'n_estimators': 1184}",0.6000000000000001,0.6277777777777778,0.6277777777777778,0.6166666666666667,0.7833333333333333,0.6511111111111111,0.06688851974796625,241,1.0,1.0,1.0,1.0,1.0,1.0,0.0
2.6718510150909425,0.17569072997742002,0.09634232521057129,0.015199413017349003,15,log2,1,13,784,"{'max_depth': 15, 'max_features': 'log2', 'min_samples_leaf': 1, 'min_samples_split': 13, 'n_estimators': 784}",0.65,0.5722222222222222,0.6833333333333333,0.6222222222222222,0.7277777777777779,0.6511111111111111,0.052868343348312564,241,1.0,1.0,1.0,1.0,1.0,1.0,0.0
3.725230884552002,0.37894731228038386,0.1254647731781006,0.02750523385411603,20,sqrt,3,9,984,"{'max_depth': 20, 'max_features': 'sqrt', 'min_samples_leaf': 3, 'min_samples_split': 9, 'n_estimators': 984}",0.65,0.6333333333333333,0.6277777777777778,0.6166666666666667,0.7277777777777779,0.6511111111111111,0.03981438414926429,241,1.0,1.0,1.0,1.0,1.0,1.0,0.0
3.483490991592407,0.142797408190247,0.10232658386230468,0.004574243147936374,,sqrt,3,9,984,"{'max_depth': None, 'max_features': 'sqrt', 'min_samples_leaf': 3, 'min_samples_split': 9, 'n_estimators': 984}",0.65,0.6333333333333333,0.6277777777777778,0.6166666666666667,0.7277777777777779,0.6511111111111111,0.03981438414926429,241,1.0,1.0,1.0,1.0,1.0,1.0,0.0
3.203853225708008,0.4250648385345481,0.09552969932556152,0.011938522943988209,20,sqrt,1,13,784,"{'max_depth': 20, 'max_features': 'sqrt', 'min_samples_leaf': 1, 'min_samples_split': 13, 'n_estimators': 784}",0.6000000000000001,0.6277777777777778,0.6777777777777778,0.5666666666666667,0.7833333333333333,0.6511111111111111,0.07547381198996309,241,1.0,1.0,1.0,1.0,1.0,1.0,0.0
3.5102190494537355,0.1182843588607843,0.10013184547424317,0.006692718531001241,15,sqrt,1,13,784,"{'max_depth': 15, 'max_features': 'sqrt', 'min_samples_leaf': 1, 'min_samples_split': 13, 'n_estimators': 784}",0.6000000000000001,0.6277777777777778,0.6777777777777778,0.5666666666666667,0.7833333333333333,0.6511111111111111,0.07547381198996309,241,1.0,1.0,1.0,1.0,1.0,1.0,0.0
3.4916679859161377,0.12725637750591276,0.08956079483032227,0.006160928689600256,15,sqrt,1,11,784,"{'max_depth': 15, 'max_features': 'sqrt', 'min_samples_leaf': 1, 'min_samples_split': 11, 'n_estimators': 784}",0.6000000000000001,0.6277777777777778,0.6777777777777778,0.5666666666666667,0.7833333333333333,0.6511111111111111,0.07547381198996309,241,1.0,1.0,1.0,1.0,1.0,1.0,0.0
2.872125577926636,0.11419001501513643,0.0863685131072998,0.006634436689440213,,sqrt,1,11,784,"{'max_depth': None, 'max_features': 'sqrt', 'min_samples_leaf': 1, 'min_samples_split': 11, 'n_estimators': 784}",0.6000000000000001,0.6277777777777778,0.6777777777777778,0.5666666666666667,0.7833333333333333,0.6511111111111111,0.07547381198996309,241,1.0,1.0,1.0,1.0,1.0,1.0,0.0
3.17591233253479,0.4177183227771483,0.0979383945465088,0.01831867130076667,20,sqrt,1,11,784,"{'max_depth': 20, 'max_features': 'sqrt', 'min_samples_leaf': 1, 'min_samples_split': 11, 'n_estimators': 784}",0.6000000000000001,0.6277777777777778,0.6777777777777778,0.5666666666666667,0.7833333333333333,0.6511111111111111,0.07547381198996309,241,1.0,1.0,1.0,1.0,1.0,1.0,0.0
2.457631540298462,0.0909912541506323,0.08756589889526367,0.006717098167128586,25,log2,1,13,784,"{'max_depth': 25, 'max_features': 'log2', 'min_samples_leaf': 1, 'min_samples_split': 13, 'n_estimators': 784}",0.65,0.5722222222222222,0.6833333333333333,0.6222222222222222,0.7277777777777779,0.6511111111111111,0.052868343348312564,241,1.0,1.0,1.0,1.0,1.0,1.0,0.0
4.25642614364624,0.26236648715068184,0.12805695533752443,0.015251406634191987,25,sqrt,3,13,1184,"{'max_depth': 25, 'max_features': 'sqrt', 'min_samples_leaf': 3, 'min_samples_split': 13, 'n_estimators': 1184}",0.6000000000000001,0.6277777777777778,0.6277777777777778,0.6166666666666667,0.7833333333333333,0.6511111111111111,0.06688851974796625,241,1.0,1.0,1.0,1.0,1.0,1.0,0.0
4.12677264213562,0.8307047449629753,0.12486672401428223,0.008588807562454606,15,log2,1,9,1184,"{'max_depth': 15, 'max_features': 'log2', 'min_samples_leaf': 1, 'min_samples_split': 9, 'n_estimators': 1184}",0.65,0.6277777777777778,0.6833333333333333,0.5666666666666667,0.7277777777777779,0.6511111111111111,0.05402331458285878,241,1.0,1.0,1.0,1.0,1.0,1.0,0.0
3.6556294918060304,0.09180454721565123,0.12307200431823731,0.007817294529520546,,log2,1,9,1184,"{'max_depth': None, 'max_features': 'log2', 'min_samples_leaf': 1, 'min_samples_split': 9, 'n_estimators': 1184}",0.65,0.6277777777777778,0.6833333333333333,0.5666666666666667,0.7277777777777779,0.6511111111111111,0.05402331458285878,241,1.0,1.0,1.0,1.0,1.0,1.0,0.0
4.162476396560669,0.1607309415618585,0.12606287002563477,0.007097351186631706,,sqrt,3,13,1184,"{'max_depth': None, 'max_features': 'sqrt', 'min_samples_leaf': 3, 'min_samples_split': 13, 'n_estimators': 1184}",0.6000000000000001,0.6277777777777778,0.6277777777777778,0.6166666666666667,0.7833333333333333,0.6511111111111111,0.06688851974796625,241,1.0,1.0,1.0,1.0,1.0,1.0,0.0
2.513681507110596,0.11476235848880549,0.09015922546386719,0.0036017447887574535,,log2,1,9,784,"{'max_depth': None, 'max_features': 'log2', 'min_samples_leaf': 1, 'min_samples_split': 9, 'n_estimators': 784}",0.65,0.6277777777777778,0.6833333333333333,0.5666666666666667,0.7277777777777779,0.6511111111111111,0.05402331458285878,241,1.0,1.0,1.0,1.0,1.0,1.0,0.0
3.171724557876587,0.04524993628283565,0.1083106517791748,0.002646813965928321,,log2,1,9,984,"{'max_depth': None, 'max_features': 'log2', 'min_samples_leaf': 1, 'min_samples_split': 9, 'n_estimators': 984}",0.65,0.6277777777777778,0.6833333333333333,0.5666666666666667,0.7277777777777779,0.6511111111111111,0.05402331458285878,241,1.0,1.0,1.0,1.0,1.0,1.0,0.0
2.9985861778259277,0.1205905780557303,0.09514503479003907,0.017072763101172797,,sqrt,1,13,784,"{'max_depth': None, 'max_features': 'sqrt', 'min_samples_leaf': 1, 'min_samples_split': 13, 'n_estimators': 784}",0.6000000000000001,0.6277777777777778,0.6777777777777778,0.5666666666666667,0.7833333333333333,0.6511111111111111,0.07547381198996309,241,1.0,1.0,1.0,1.0,1.0,1.0,0.0
3.501829195022583,0.03501144867245526,0.10651464462280273,0.005897137418401045,25,sqrt,3,9,984,"{'max_depth': 25, 'max_features': 'sqrt', 'min_samples_leaf': 3, 'min_samples_split': 9, 'n_estimators': 984}",0.65,0.6333333333333333,0.6277777777777778,0.6166666666666667,0.7277777777777779,0.6511111111111111,0.03981438414926429,241,1.0,1.0,1.0,1.0,1.0,1.0,0.0
3.933432626724243,0.07688466151272194,0.1543879508972168,0.03067111734697338,25,log2,1,9,1184,"{'max_depth': 25, 'max_features': 'log2', 'min_samples_leaf': 1, 'min_samples_split': 9, 'n_estimators': 1184}",0.65,0.6277777777777778,0.6833333333333333,0.5666666666666667,0.7277777777777779,0.6511111111111111,0.05402331458285878,241,1.0,1.0,1.0,1.0,1.0,1.0,0.0
3.124450206756592,0.12887643340836452,0.10392422676086426,0.0050219580673436515,25,log2,1,9,984,"{'max_depth': 25, 'max_features': 'log2', 'min_samples_leaf': 1, 'min_samples_split': 9, 'n_estimators': 984}",0.65,0.6277777777777778,0.6833333333333333,0.5666666666666667,0.7277777777777779,0.6511111111111111,0.05402331458285878,241,1.0,1.0,1.0,1.0,1.0,1.0,0.0
4.080695009231567,0.6557672866341203,0.14762482643127442,0.036321158196838725,15,log2,1,9,984,"{'max_depth': 15, 'max_features': 'log2', 'min_samples_leaf': 1, 'min_samples_split': 9, 'n_estimators': 984}",0.65,0.6277777777777778,0.6833333333333333,0.5666666666666667,0.7277777777777779,0.6511111111111111,0.05402331458285878,241,1.0,1.0,1.0,1.0,1.0,1.0,0.0
2.5053044319152833,0.11897831383250762,0.08776612281799316,0.0047201286027985035,,log2,1,13,784,"{'max_depth': None, 'max_features': 'log2', 'min_samples_leaf': 1, 'min_samples_split': 13, 'n_estimators': 784}",0.65,0.5722222222222222,0.6833333333333333,0.6222222222222222,0.7277777777777779,0.6511111111111111,0.052868343348312564,241,1.0,1.0,1.0,1.0,1.0,1.0,0.0
2.734974813461304,0.35269347650748445,0.0977386474609375,0.013935216262646113,20,log2,1,13,784,"{'max_depth': 20, 'max_features': 'log2', 'min_samples_leaf': 1, 'min_samples_split': 13, 'n_estimators': 784}",0.65,0.5722222222222222,0.6833333333333333,0.6222222222222222,0.7277777777777779,0.6511111111111111,0.052868343348312564,241,1.0,1.0,1.0,1.0,1.0,1.0,0.0
2.7340932369232176,0.3399544440350136,0.09394946098327636,0.016645395582659053,15,log2,1,9,784,"{'max_depth': 15, 'max_features': 'log2', 'min_samples_leaf': 1, 'min_samples_split': 9, 'n_estimators': 784}",0.65,0.6277777777777778,0.6833333333333333,0.5666666666666667,0.7277777777777779,0.6511111111111111,0.05402331458285878,241,1.0,1.0,1.0,1.0,1.0,1.0,0.0
2.902642917633057,0.118716753828443,0.08297863006591796,0.0045229451674662306,25,sqrt,1,11,784,"{'max_depth': 25, 'max_features': 'sqrt', 'min_samples_leaf': 1, 'min_samples_split': 11, 'n_estimators': 784}",0.6000000000000001,0.6277777777777778,0.6777777777777778,0.5666666666666667,0.7833333333333333,0.6511111111111111,0.07547381198996309,241,1.0,1.0,1.0,1.0,1.0,1.0,0.0
4.940198516845703,0.9531333094649884,0.16077079772949218,0.033741512726806325,15,sqrt,3,13,1184,"{'max_depth': 15, 'max_features': 'sqrt', 'min_samples_leaf': 3, 'min_samples_split': 13, 'n_estimators': 1184}",0.6000000000000001,0.6277777777777778,0.6277777777777778,0.6166666666666667,0.7833333333333333,0.6511111111111111,0.06688851974796625,241,1.0,1.0,1.0,1.0,1.0,1.0,0.0
3.510418176651001,0.3743290247108495,0.10591678619384766,0.013252087087649378,25,sqrt,1,13,784,"{'max_depth': 25, 'max_features': 'sqrt', 'min_samples_leaf': 1, 'min_samples_split': 13, 'n_estimators': 784}",0.6000000000000001,0.6277777777777778,0.6777777777777778,0.5666666666666667,0.7833333333333333,0.6511111111111111,0.07547381198996309,241,1.0,1.0,1.0,1.0,1.0,1.0,0.0
2.5270335197448732,0.13863688626574272,0.09275217056274414,0.01638793755329621,25,log2,1,9,784,"{'max_depth': 25, 'max_features': 'log2', 'min_samples_leaf': 1, 'min_samples_split': 9, 'n_estimators': 784}",0.65,0.6277777777777778,0.6833333333333333,0.5666666666666667,0.7277777777777779,0.6511111111111111,0.05402331458285878,241,1.0,1.0,1.0,1.0,1.0,1.0,0.0
2.437101125717163,0.08945302436304084,0.0881502628326416,0.00603208247027256,,log2,2,11,784,"{'max_depth': None, 'max_features': 'log2', 'min_samples_leaf': 2, 'min_samples_split': 11, 'n_estimators': 784}",0.65,0.5722222222222222,0.6833333333333333,0.6166666666666667,0.7277777777777779,0.65,0.05351819812796579,273,1.0,1.0,1.0,1.0,1.0,1.0,0.0
2.6881993770599366,0.30420248266201383,0.09634218215942383,0.014336741362772623,15,log2,2,11,784,"{'max_depth': 15, 'max_features': 'log2', 'min_samples_leaf': 2, 'min_samples_split': 11, 'n_estimators': 784}",0.65,0.5722222222222222,0.6833333333333333,0.6166666666666667,0.7277777777777779,0.65,0.05351819812796579,273,1.0,1.0,1.0,1.0,1.0,1.0,0.0
3.164941596984863,0.14446758585637162,0.12028093338012695,0.01979104320658972,,log2,2,13,984,"{'max_depth': None, 'max_features': 'log2', 'min_samples_leaf': 2, 'min_samples_split': 13, 'n_estimators': 984}",0.7,0.5722222222222222,0.6277777777777778,0.6222222222222222,0.7277777777777779,0.65,0.05632796380282925,273,1.0,1.0,1.0,1.0,1.0,1.0,0.0
2.5343374729156496,0.08722993539326845,0.08976011276245117,0.0026008359240888923,,log2,1,11,784,"{'max_depth': None, 'max_features': 'log2', 'min_samples_leaf': 1, 'min_samples_split': 11, 'n_estimators': 784}",0.65,0.5722222222222222,0.7333333333333334,0.5666666666666667,0.7277777777777779,0.65,0.07209390310003709,273,1.0,1.0,1.0,1.0,1.0,1.0,0.0
3.489062452316284,0.582950741522559,0.11688809394836426,0.014608573270608875,15,log2,2,13,984,"{'max_depth': 15, 'max_features': 'log2', 'min_samples_leaf': 2, 'min_samples_split': 13, 'n_estimators': 984}",0.7,0.5722222222222222,0.6277777777777778,0.6222222222222222,0.7277777777777779,0.65,0.05632796380282925,273,1.0,1.0,1.0,1.0,1.0,1.0,0.0
2.962682294845581,0.4544736992364408,0.1121281623840332,0.046012464002134726,15,log2,1,11,784,"{'max_depth': 15, 'max_features': 'log2', 'min_samples_leaf': 1, 'min_samples_split': 11, 'n_estimators': 784}",0.65,0.5722222222222222,0.7333333333333334,0.5666666666666667,0.7277777777777779,0.65,0.07209390310003709,273,1.0,1.0,1.0,1.0,1.0,1.0,0.0
2.5202733516693114,0.12496760753512164,0.08755636215209961,0.0044455763659600215,25,log2,2,11,784,"{'max_depth': 25, 'max_features': 'log2', 'min_samples_leaf': 2, 'min_samples_split': 11, 'n_estimators': 784}",0.65,0.5722222222222222,0.6833333333333333,0.6166666666666667,0.7277777777777779,0.65,0.05351819812796579,273,1.0,1.0,1.0,1.0,1.0,1.0,0.0
3.0612192153930664,0.12535172396880134,0.1053187370300293,0.005069634224109567,25,log2,2,13,984,"{'max_depth': 25, 'max_features': 'log2', 'min_samples_leaf': 2, 'min_samples_split': 13, 'n_estimators': 984}",0.7,0.5722222222222222,0.6277777777777778,0.6222222222222222,0.7277777777777779,0.65,0.05632796380282925,273,1.0,1.0,1.0,1.0,1.0,1.0,0.0
2.5561681270599363,0.14079233415975095,0.09035868644714355,0.009925350578639676,25,log2,1,11,784,"{'max_depth': 25, 'max_features': 'log2', 'min_samples_leaf': 1, 'min_samples_split': 11, 'n_estimators': 784}",0.65,0.5722222222222222,0.7333333333333334,0.5666666666666667,0.7277777777777779,0.65,0.07209390310003709,273,1.0,1.0,1.0,1.0,1.0,1.0,0.0
3.283026361465454,0.3634202124006316,0.12347097396850586,0.02290398133906225,20,log2,2,13,984,"{'max_depth': 20, 'max_features': 'log2', 'min_samples_leaf': 2, 'min_samples_split': 13, 'n_estimators': 984}",0.7,0.5722222222222222,0.6277777777777778,0.6222222222222222,0.7277777777777779,0.65,0.05632796380282925,273,1.0,1.0,1.0,1.0,1.0,1.0,0.0
2.822856044769287,0.3131279560173549,0.09833722114562989,0.011258933902285943,20,log2,2,11,784,"{'max_depth': 20, 'max_features': 'log2', 'min_samples_leaf': 2, 'min_samples_split': 11, 'n_estimators': 784}",0.65,0.5722222222222222,0.6833333333333333,0.6166666666666667,0.7277777777777779,0.65,0.05351819812796579,273,1.0,1.0,1.0,1.0,1.0,1.0,0.0
2.6094266891479494,0.2938703651655468,0.09315056800842285,0.012289289477539505,20,log2,1,11,784,"{'max_depth': 20, 'max_features': 'log2', 'min_samples_leaf': 1, 'min_samples_split': 11, 'n_estimators': 784}",0.65,0.5722222222222222,0.7333333333333334,0.5666666666666667,0.7277777777777779,0.65,0.07209390310003709,273,1.0,1.0,1.0,1.0,1.0,1.0,0.0
4.334417915344238,0.28676307197769785,0.15179738998413086,0.02690116217878545,15,sqrt,1,9,984,"{'max_depth': 15, 'max_features': 'sqrt', 'min_samples_leaf': 1, 'min_samples_split': 9, 'n_estimators': 984}",0.6000000000000001,0.5277777777777778,0.6833333333333333,0.6166666666666667,0.7833333333333333,0.6422222222222222,0.08618097524295695,285,1.0,1.0,1.0,1.0,1.0,1.0,0.0
3.580231714248657,0.13141914259567353,0.10571780204772949,0.012973109786320597,,sqrt,1,9,984,"{'max_depth': None, 'max_features': 'sqrt', 'min_samples_leaf': 1, 'min_samples_split': 9, 'n_estimators': 984}",0.6000000000000001,0.5277777777777778,0.6833333333333333,0.6166666666666667,0.7833333333333333,0.6422222222222222,0.08618097524295695,285,1.0,1.0,1.0,1.0,1.0,1.0,0.0
3.570869493484497,0.11676266834478813,0.10291438102722168,0.005166496381923526,25,sqrt,1,9,984,"{'max_depth': 25, 'max_features': 'sqrt', 'min_samples_leaf': 1, 'min_samples_split': 9, 'n_estimators': 984}",0.6000000000000001,0.5277777777777778,0.6833333333333333,0.6166666666666667,0.7833333333333333,0.6422222222222222,0.08618097524295695,285,1.0,1.0,1.0,1.0,1.0,1.0,0.0
4.240867471694946,0.3466776075177198,0.13387565612792968,0.017962060737671596,20,sqrt,1,9,984,"{'max_depth': 20, 'max_features': 'sqrt', 'min_samples_leaf': 1, 'min_samples_split': 9, 'n_estimators': 984}",0.6000000000000001,0.5277777777777778,0.6833333333333333,0.6166666666666667,0.7833333333333333,0.6422222222222222,0.08618097524295695,285,1.0,1.0,1.0,1.0,1.0,1.0,0.0
2.4660083293914794,0.11275488797387016,0.08776535987854003,0.003836894549640542,25,log2,2,13,784,"{'max_depth': 25, 'max_features': 'log2', 'min_samples_leaf': 2, 'min_samples_split': 13, 'n_estimators': 784}",0.6,0.5722222222222222,0.6833333333333333,0.6222222222222222,0.7277777777777779,0.6411111111111112,0.05672110674711212,289,1.0,1.0,1.0,1.0,1.0,1.0,0.0
2.3953988552093506,0.08104507560214881,0.08696799278259278,0.004153742518689759,,log2,2,13,784,"{'max_depth': None, 'max_features': 'log2', 'min_samples_leaf': 2, 'min_samples_split': 13, 'n_estimators': 784}",0.6,0.5722222222222222,0.6833333333333333,0.6222222222222222,0.7277777777777779,0.6411111111111112,0.05672110674711212,289,1.0,1.0,1.0,1.0,1.0,1.0,0.0
4.337807989120483,0.2109079498678224,0.12446765899658203,0.005513088799122223,25,sqrt,3,9,1184,"{'max_depth': 25, 'max_features': 'sqrt', 'min_samples_leaf': 3, 'min_samples_split': 9, 'n_estimators': 1184}",0.6000000000000001,0.6333333333333333,0.6277777777777778,0.6166666666666667,0.7277777777777779,0.6411111111111112,0.04480410034145768,289,1.0,1.0,1.0,1.0,1.0,1.0,0.0
6.1150596141815186,0.9315953523714546,0.15717968940734864,0.04955250709335673,15,sqrt,3,9,1184,"{'max_depth': 15, 'max_features': 'sqrt', 'min_samples_leaf': 3, 'min_samples_split': 9, 'n_estimators': 1184}",0.6000000000000001,0.6333333333333333,0.6277777777777778,0.6166666666666667,0.7277777777777779,0.6411111111111112,0.04480410034145768,289,1.0,1.0,1.0,1.0,1.0,1.0,0.0
4.293722438812256,0.16145273457083853,0.11708745956420899,0.007235727362400649,25,sqrt,1,9,1184,"{'max_depth': 25, 'max_features': 'sqrt', 'min_samples_leaf': 1, 'min_samples_split': 9, 'n_estimators': 1184}",0.6000000000000001,0.5777777777777777,0.6277777777777778,0.6166666666666667,0.7833333333333333,0.6411111111111112,0.07308037178846821,289,1.0,1.0,1.0,1.0,1.0,1.0,0.0
5.459410190582275,0.4580132313546176,0.1733391284942627,0.03924261394054121,15,sqrt,1,9,1184,"{'max_depth': 15, 'max_features': 'sqrt', 'min_samples_leaf': 1, 'min_samples_split': 9, 'n_estimators': 1184}",0.6000000000000001,0.5777777777777777,0.6277777777777778,0.6166666666666667,0.7833333333333333,0.6411111111111112,0.07308037178846821,289,1.0,1.0,1.0,1.0,1.0,1.0,0.0
4.975105428695679,0.5002097393705843,0.13643484115600585,0.021122551133896324,20,sqrt,1,9,1184,"{'max_depth': 20, 'max_features': 'sqrt', 'min_samples_leaf': 1, 'min_samples_split': 9, 'n_estimators': 1184}",0.6000000000000001,0.5777777777777777,0.6277777777777778,0.6166666666666667,0.7833333333333333,0.6411111111111112,0.07308037178846821,289,1.0,1.0,1.0,1.0,1.0,1.0,0.0
2.599055528640747,0.26967544996226545,0.09195337295532227,0.006864569310016316,20,log2,2,13,784,"{'max_depth': 20, 'max_features': 'log2', 'min_samples_leaf': 2, 'min_samples_split': 13, 'n_estimators': 784}",0.6,0.5722222222222222,0.6833333333333333,0.6222222222222222,0.7277777777777779,0.6411111111111112,0.05672110674711212,289,1.0,1.0,1.0,1.0,1.0,1.0,0.0
4.389669275283813,0.21165355105679595,0.11708745956420899,0.0058359746314779115,,sqrt,1,9,1184,"{'max_depth': None, 'max_features': 'sqrt', 'min_samples_leaf': 1, 'min_samples_split': 9, 'n_estimators': 1184}",0.6000000000000001,0.5777777777777777,0.6277777777777778,0.6166666666666667,0.7833333333333333,0.6411111111111112,0.07308037178846821,289,1.0,1.0,1.0,1.0,1.0,1.0,0.0
4.57936315536499,0.48846682703102573,0.13385043144226075,0.015819583300016874,20,sqrt,3,9,1184,"{'max_depth': 20, 'max_features': 'sqrt', 'min_samples_leaf': 3, 'min_samples_split': 9, 'n_estimators': 1184}",0.6000000000000001,0.6333333333333333,0.6277777777777778,0.6166666666666667,0.7277777777777779,0.6411111111111112,0.04480410034145768,289,1.0,1.0,1.0,1.0,1.0,1.0,0.0
4.294723796844482,0.13083739820274684,0.1254633903503418,0.005898249134565336,,sqrt,3,9,1184,"{'max_depth': None, 'max_features': 'sqrt', 'min_samples_leaf': 3, 'min_samples_split': 9, 'n_estimators': 1184}",0.6000000000000001,0.6333333333333333,0.6277777777777778,0.6166666666666667,0.7277777777777779,0.6411111111111112,0.04480410034145768,289,1.0,1.0,1.0,1.0,1.0,1.0,0.0
3.456762504577637,0.4971318062491626,0.11808428764343262,0.028737551318403144,15,log2,2,13,784,"{'max_depth': 15, 'max_features': 'log2', 'min_samples_leaf': 2, 'min_samples_split': 13, 'n_estimators': 784}",0.6,0.5722222222222222,0.6833333333333333,0.6222222222222222,0.7277777777777779,0.6411111111111112,0.05672110674711212,289,1.0,1.0,1.0,1.0,1.0,1.0,0.0
3.7092740058898928,0.17167395640477978,0.12486686706542968,0.003856861735166078,25,log2,1,13,1184,"{'max_depth': 25, 'max_features': 'log2', 'min_samples_leaf': 1, 'min_samples_split': 13, 'n_estimators': 1184}",0.65,0.5722222222222222,0.6277777777777778,0.6222222222222222,0.7277777777777779,0.64,0.05072316538005927,301,1.0,1.0,1.0,1.0,1.0,1.0,0.0
3.7497790813446046,0.0984390142813244,0.1350396156311035,0.00936833383506609,25,log2,1,11,1184,"{'max_depth': 25, 'max_features': 'log2', 'min_samples_leaf': 1, 'min_samples_split': 11, 'n_estimators': 1184}",0.65,0.5722222222222222,0.6833333333333333,0.5666666666666667,0.7277777777777779,0.64,0.06269660435407064,301,1.0,1.0,1.0,1.0,1.0,1.0,0.0
5.54498324394226,0.35960033527482793,0.1547856330871582,0.029548341705280857,15,sqrt,2,13,1184,"{'max_depth': 15, 'max_features': 'sqrt', 'min_samples_leaf': 2, 'min_samples_split': 13, 'n_estimators': 1184}",0.65,0.6277777777777778,0.6277777777777778,0.5666666666666667,0.7277777777777779,0.64,0.05192587309132413,301,1.0,1.0,1.0,1.0,1.0,1.0,0.0
3.053838586807251,0.1342634933792144,0.10073251724243164,0.0016698679427637718,25,log2,1,13,984,"{'max_depth': 25, 'max_features': 'log2', 'min_samples_leaf': 1, 'min_samples_split': 13, 'n_estimators': 984}",0.65,0.5722222222222222,0.6277777777777778,0.6222222222222222,0.7277777777777779,0.64,0.05072316538005927,301,1.0,1.0,1.0,1.0,1.0,1.0,0.0
3.7204563140869142,0.42474610889430864,0.11728687286376953,0.030950570999592742,15,sqrt,3,9,784,"{'max_depth': 15, 'max_features': 'sqrt', 'min_samples_leaf': 3, 'min_samples_split': 9, 'n_estimators': 784}",0.65,0.5777777777777777,0.6277777777777778,0.6166666666666667,0.7277777777777779,0.64,0.049740065079109795,301,1.0,1.0,1.0,1.0,1.0,1.0,0.0
4.6198547840118405,0.5633090347755594,0.15042462348937988,0.035909786727115416,20,sqrt,2,13,1184,"{'max_depth': 20, 'max_features': 'sqrt', 'min_samples_leaf': 2, 'min_samples_split': 13, 'n_estimators': 1184}",0.65,0.6277777777777778,0.6277777777777778,0.5666666666666667,0.7277777777777779,0.64,0.05192587309132413,301,1.0,1.0,1.0,1.0,1.0,1.0,0.0
2.7919391632080077,0.12651710876797206,0.08716697692871093,0.004869773810250076,25,sqrt,3,9,784,"{'max_depth': 25, 'max_features': 'sqrt', 'min_samples_leaf': 3, 'min_samples_split': 9, 'n_estimators': 784}",0.65,0.5777777777777777,0.6277777777777778,0.6166666666666667,0.7277777777777779,0.64,0.049740065079109795,301,1.0,1.0,1.0,1.0,1.0,1.0,0.0
4.261575603485108,0.8216749624982213,0.14261245727539062,0.027117366862974668,15,log2,1,13,1184,"{'max_depth': 15, 'max_features': 'log2', 'min_samples_leaf': 1, 'min_samples_split': 13, 'n_estimators': 1184}",0.65,0.5722222222222222,0.6277777777777778,0.6222222222222222,0.7277777777777779,0.64,0.05072316538005927,301,1.0,1.0,1.0,1.0,1.0,1.0,0.0
4.0651373863220215,0.2961643416903463,0.14640893936157226,0.02962112678517382,20,log2,1,11,1184,"{'max_depth': 20, 'max_features': 'log2', 'min_samples_leaf': 1, 'min_samples_split': 11, 'n_estimators': 1184}",0.65,0.5722222222222222,0.6833333333333333,0.5666666666666667,0.7277777777777779,0.64,0.06269660435407064,301,1.0,1.0,1.0,1.0,1.0,1.0,0.0
4.195587587356568,0.13773979987079824,0.12067770957946777,0.005815605001726341,,sqrt,2,13,1184,"{'max_depth': None, 'max_features': 'sqrt', 'min_samples_leaf': 2, 'min_samples_split': 13, 'n_estimators': 1184}",0.65,0.6277777777777778,0.6277777777777778,0.5666666666666667,0.7277777777777779,0.64,0.05192587309132413,301,1.0,1.0,1.0,1.0,1.0,1.0,0.0
3.9181302070617674,0.33448168945980206,0.13962721824645996,0.015164470976682533,,log2,1,13,1184,"{'max_depth': None, 'max_features': 'log2', 'min_samples_leaf': 1, 'min_samples_split': 13, 'n_estimators': 1184}",0.65,0.5722222222222222,0.6277777777777778,0.6222222222222222,0.7277777777777779,0.64,0.05072316538005927,301,1.0,1.0,1.0,1.0,1.0,1.0,0.0
3.117867136001587,0.1344339897772231,0.10851058959960938,0.005997342132309257,,log2,1,13,984,"{'max_depth': None, 'max_features': 'log2', 'min_samples_leaf': 1, 'min_samples_split': 13, 'n_estimators': 984}",0.65,0.5722222222222222,0.6277777777777778,0.6222222222222222,0.7277777777777779,0.64,0.05072316538005927,301,1.0,1.0,1.0,1.0,1.0,1.0,0.0
2.897069883346558,0.07384663467521176,0.09373745918273926,0.007574142052884003,,sqrt,3,9,784,"{'max_depth': None, 'max_features': 'sqrt', 'min_samples_leaf': 3, 'min_samples_split': 9, 'n_estimators': 784}",0.65,0.5777777777777777,0.6277777777777778,0.6166666666666667,0.7277777777777779,0.64,0.049740065079109795,301,1.0,1.0,1.0,1.0,1.0,1.0,0.0
3.6890509128570557,0.14145579892396717,0.12566442489624025,0.006938302274177362,,log2,1,11,1184,"{'max_depth': None, 'max_features': 'log2', 'min_samples_leaf': 1, 'min_samples_split': 11, 'n_estimators': 1184}",0.65,0.5722222222222222,0.6833333333333333,0.5666666666666667,0.7277777777777779,0.64,0.06269660435407064,301,1.0,1.0,1.0,1.0,1.0,1.0,0.0
3.1795844554901125,0.3576962219716045,0.10284466743469238,0.015469881443065903,20,sqrt,3,9,784,"{'max_depth': 20, 'max_features': 'sqrt', 'min_samples_leaf': 3, 'min_samples_split': 9, 'n_estimators': 784}",0.65,0.5777777777777777,0.6277777777777778,0.6166666666666667,0.7277777777777779,0.64,0.049740065079109795,301,1.0,1.0,1.0,1.0,1.0,1.0,0.0
4.275575780868531,0.8559306982497235,0.14860186576843262,0.03751419034865039,15,log2,1,13,984,"{'max_depth': 15, 'max_features': 'log2', 'min_samples_leaf': 1, 'min_samples_split': 13, 'n_estimators': 984}",0.65,0.5722222222222222,0.6277777777777778,0.6222222222222222,0.7277777777777779,0.64,0.05072316538005927,301,1.0,1.0,1.0,1.0,1.0,1.0,0.0
3.974178838729858,0.4298161711548327,0.14242043495178222,0.01937302462278249,20,log2,1,13,1184,"{'max_depth': 20, 'max_features': 'log2', 'min_samples_leaf': 1, 'min_samples_split': 13, 'n_estimators': 1184}",0.65,0.5722222222222222,0.6277777777777778,0.6222222222222222,0.7277777777777779,0.64,0.05072316538005927,301,1.0,1.0,1.0,1.0,1.0,1.0,0.0
3.5642748355865477,0.22845642598206659,0.12386980056762695,0.016882809872042583,20,log2,1,13,984,"{'max_depth': 20, 'max_features': 'log2', 'min_samples_leaf': 1, 'min_samples_split': 13, 'n_estimators': 984}",0.65,0.5722222222222222,0.6277777777777778,0.6222222222222222,0.7277777777777779,0.64,0.05072316538005927,301,1.0,1.0,1.0,1.0,1.0,1.0,0.0
5.291261672973633,0.6254589293287008,0.21203207969665527,0.05154330243490431,15,log2,1,11,1184,"{'max_depth': 15, 'max_features': 'log2', 'min_samples_leaf': 1, 'min_samples_split': 11, 'n_estimators': 1184}",0.65,0.5722222222222222,0.6833333333333333,0.5666666666666667,0.7277777777777779,0.64,0.06269660435407064,301,1.0,1.0,1.0,1.0,1.0,1.0,0.0
4.278367328643799,0.19310911719045915,0.1260697841644287,0.0033150599543984474,25,sqrt,2,13,1184,"{'max_depth': 25, 'max_features': 'sqrt', 'min_samples_leaf': 2, 'min_samples_split': 13, 'n_estimators': 1184}",0.65,0.6277777777777778,0.6277777777777778,0.5666666666666667,0.7277777777777779,0.64,0.05192587309132413,301,1.0,1.0,1.0,1.0,1.0,1.0,0.0
3.0634248733520506,0.31045549702700365,0.09174370765686035,0.014260676469897834,20,sqrt,1,9,784,"{'max_depth': 20, 'max_features': 'sqrt', 'min_samples_leaf': 1, 'min_samples_split': 9, 'n_estimators': 784}",0.65,0.5277777777777778,0.6277777777777778,0.5666666666666667,0.7833333333333333,0.6311111111111111,0.08760179264189788,321,1.0,1.0,1.0,1.0,1.0,1.0,0.0
2.8408085823059084,0.15566629956595737,0.07938847541809083,0.0031279251193661235,,sqrt,1,9,784,"{'max_depth': None, 'max_features': 'sqrt', 'min_samples_leaf': 1, 'min_samples_split': 9, 'n_estimators': 784}",0.65,0.5277777777777778,0.6277777777777778,0.5666666666666667,0.7833333333333333,0.6311111111111111,0.08760179264189788,321,1.0,1.0,1.0,1.0,1.0,1.0,0.0
3.268218660354614,0.22074514163930908,0.1282559871673584,0.061531568870681494,15,sqrt,1,9,784,"{'max_depth': 15, 'max_features': 'sqrt', 'min_samples_leaf': 1, 'min_samples_split': 9, 'n_estimators': 784}",0.65,0.5277777777777778,0.6277777777777778,0.5666666666666667,0.7833333333333333,0.6311111111111111,0.08760179264189788,321,1.0,1.0,1.0,1.0,1.0,1.0,0.0
2.8206645011901856,0.0967735985110133,0.08177833557128907,0.004328140043772817,25,sqrt,1,9,784,"{'max_depth': 25, 'max_features': 'sqrt', 'min_samples_leaf': 1, 'min_samples_split': 9, 'n_estimators': 784}",0.65,0.5277777777777778,0.6277777777777778,0.5666666666666667,0.7833333333333333,0.6311111111111111,0.08760179264189788,321,1.0,1.0,1.0,1.0,1.0,1.0,0.0
