feature,feature_level,band,node_1,node_2,n_ADHD,n_Control,ADHD_mean_r,Control_mean_r,mean_difference_r,ADHD_median_r,Control_median_r,ADHD_mean_z,Control_mean_z,U_statistic,p_value,cohen_d_z,abs_cohen_d_z,rank_biserial,abs_rank_biserial,p_fdr_all,p_fdr_within_level,p_fdr_within_level_band,significant_uncorrected,significant_fdr_all,significant_fdr_within_level,significant_fdr_within_level_band,direction
C3_P3_beta_connectivity,channel,beta,C3,P3,61,60,0.46391506734159654,0.15683966705323457,0.307075400288362,0.4565630655872785,0.18972570113459242,0.5299347790669844,0.17652553171011787,2943.0,8.056655361167927e-09,1.1474357864407252,1.1474357864407252,0.6081967213114754,0.6081967213114754,5.833018481485579e-06,5.510752267038862e-06,1.3776880667597156e-06,True,True,True,True,ADHD > Control
F4_C3_beta_connectivity,channel,beta,F4,C3,61,60,-0.2490985523815704,-0.04066657621648614,-0.20843197616508424,-0.2514328507012889,-0.0557103718376058,-0.26074747531417475,-0.042509960861459875,877.0,7.900119190546977e-07,-1.095047507814059,1.095047507814059,-0.5207650273224044,0.5207650273224044,7.74205367246215e-05,7.314315900502914e-05,1.8285789751257286e-05,True,True,True,True,Control > ADHD
F3_Cz_beta_connectivity,channel,beta,F3,Cz,61,60,-0.20010385663485478,0.021930708163277336,-0.2220345647981321,-0.2029156810640102,0.035559234930310255,-0.2093760373643125,0.023637976031431772,870.0,6.554901738160112e-07,-1.0736321552172103,1.0736321552172103,-0.5245901639344263,0.5245901639344263,7.74205367246215e-05,7.314315900502914e-05,1.8285789751257286e-05,True,True,True,True,Control > ADHD
P4_Cz_beta_connectivity,channel,beta,P4,Cz,61,60,0.2510008890775177,0.055134461501053236,0.1958664275764645,0.2574547046313709,0.049499766544187,0.2638978099835317,0.05754441265177106,2854.0,1.1212628969512715e-07,1.0707327335871655,1.0707327335871655,0.5595628415300546,0.5595628415300546,4.0589716869636034e-05,3.834719107573349e-05,9.586797768933372e-06,True,True,True,True,ADHD > Control
C3_Cz_beta_connectivity,channel,beta,C3,Cz,61,60,-0.1442103470384841,0.06278496049498768,-0.20699530753347178,-0.1386766026370055,0.0609760413761026,-0.1511917808879863,0.0657972949368015,835.0,2.528883609341912e-07,-1.0346533247884036,1.0346533247884036,-0.5437158469945356,0.5437158469945356,6.103039110545148e-05,5.7658546292995604e-05,1.4414636573248901e-05,True,True,True,True,Control > ADHD
F3_C4_beta_connectivity,channel,beta,F3,C4,61,60,-0.2726515764748715,-0.07008563369162754,-0.20256594278324394,-0.2551925067703679,-0.07831468398715845,-0.2877862602717782,-0.07503175362118059,880.0,8.554755439184695e-07,-1.0199465903862646,1.0199465903862646,-0.5191256830601093,0.5191256830601093,7.74205367246215e-05,7.314315900502914e-05,1.8285789751257286e-05,True,True,True,True,Control > ADHD
O2_Cz_beta_connectivity,channel,beta,O2,Cz,61,60,0.049408585705261784,-0.12470156991026289,0.17411015561552468,0.0385392075076088,-0.1408972192715918,0.05140224665917307,-0.1302497799901203,2754.0,1.6888770852951768e-06,0.9532766505241214,0.9532766505241214,0.5049180327868852,0.5049180327868852,0.0001222747009753708,0.0001155191926341901,2.8879798158547524e-05,True,True,True,True,ADHD > Control
P3_F8_beta_connectivity,channel,beta,P3,F8,61,60,-0.36542408783861574,-0.23368546697932516,-0.13173862085929058,-0.3714324907297444,-0.2180258756545935,-0.39401500356908775,-0.24324086235916803,904.0,1.6037849693642487e-06,-0.9451383857777845,0.9451383857777845,-0.5060109289617487,0.5060109289617487,0.0001222747009753708,0.0001155191926341901,2.8879798158547524e-05,True,True,True,True,Control > ADHD
C4_O2_beta_connectivity,channel,beta,C4,O2,61,60,0.08493622105708745,-0.13352086072024166,0.21845708177732912,0.0764086100945781,-0.17598849967413788,0.0885830578287914,-0.1424019495367009,2741.0,2.3574238787943404e-06,0.9360795890832727,0.9360795890832727,0.4978142076502732,0.4978142076502732,0.00015516135347700931,0.00014658890300866625,3.6647225752166564e-05,True,True,True,True,ADHD > Control
C4_P4_beta_connectivity,channel,beta,C4,P4,61,60,0.4642058437291594,0.19118778259890518,0.27301806113025423,0.5032722139655904,0.17477269519321276,0.5427573474612398,0.22368663681571502,2795.0,5.732212422068595e-07,0.9342076379969132,0.9342076379969132,0.5273224043715847,0.5273224043715847,7.74205367246215e-05,7.314315900502914e-05,1.8285789751257286e-05,True,True,True,True,ADHD > Control
C3_C4_beta_connectivity,channel,beta,C3,C4,61,60,-0.2713391428978044,-0.0935781455267651,-0.17776099737103931,-0.2794900415732222,-0.09246399022545346,-0.2884449858179479,-0.09793263385498527,855.0,4.3750965108587486e-07,-0.9284483371925635,0.9284483371925635,-0.5327868852459017,0.5327868852459017,7.74205367246215e-05,7.314315900502914e-05,1.8285789751257286e-05,True,True,True,True,Control > ADHD
Fp2_C3_beta_connectivity,channel,beta,Fp2,C3,61,60,-0.2671952388719955,-0.11379335293044943,-0.15340188594154605,-0.2649748553487409,-0.13506117124679257,-0.28128176445596154,-0.11768590274611503,976.0,9.662261999081527e-06,-0.9256212253615026,0.9256212253615026,-0.4666666666666667,0.4666666666666667,0.00041149868749029565,0.0004130617004607353,0.00011801762870306722,True,True,True,True,Control > ADHD
Fp1_F3_alpha_connectivity,channel,alpha,Fp1,F3,61,60,0.7055696550462083,0.4967366677710338,0.20883298727517446,0.746213557442648,0.54053806886034,0.9532108230810351,0.6145858960748048,2716.0,4.422137024409182e-06,0.9244638499600394,0.9244638499600394,0.4841530054644809,0.4841530054644809,0.0002462790158209422,0.0002326724403612216,0.0007561854311739702,True,True,True,True,ADHD > Control
C3_O1_beta_connectivity,channel,beta,C3,O1,61,60,0.03712407382753887,-0.1482703633390385,0.18539443716657739,0.0197719143731144,-0.15995495757933997,0.03832131723100943,-0.1586076785405749,2730.0,3.115365208192439e-06,0.9207162570809378,0.9207162570809378,0.4918032786885247,0.4918032786885247,0.00018796036756094382,0.00017757581686696903,4.4393954216742256e-05,True,True,True,True,ADHD > Control
Fp1_F3_beta_connectivity,channel,beta,Fp1,F3,61,60,0.5536112836780517,0.3247621184681015,0.2288491652099502,0.5544547809980317,0.36510779868116594,0.6971636374164181,0.3694745889781806,2689.0,8.566381101763486e-06,0.895440524154626,0.895440524154626,0.46939890710382515,0.46939890710382515,0.00041149868749029565,0.0004130617004607353,0.00011268085910781202,True,True,True,True,ADHD > Control
Fp1_F3_theta_connectivity,channel,theta,Fp1,F3,61,60,0.7032068459402934,0.5123863699568232,0.19082047598347018,0.7501527210504253,0.5649510538611999,0.9510855806677523,0.6338168867073342,2684.0,9.662261999081527e-06,0.8678396789224455,0.8678396789224455,0.46666666666666656,0.46666666666666656,0.00041149868749029565,0.0004130617004607353,0.0011808879981523612,True,True,True,True,ADHD > Control
central_parietal_beta_connectivity,regional,beta,central,parietal,61,60,-0.1503473372354771,-0.3368671504551731,0.18651981321969602,-0.138396239070823,-0.3336256854648946,-0.15824204297146224,-0.3808659281804214,2692.0,7.966985433144781e-06,0.8676145008194314,0.8676145008194314,0.4710382513661202,0.4710382513661202,0.00041149868749029565,0.0002230882603203842,7.96698543314478e-05,True,True,True,True,ADHD > Control
central_parietal_theta_connectivity,regional,theta,central,parietal,61,60,-0.14357123184017173,-0.33279664783163326,0.18922541599146153,-0.1384465367556082,-0.3654432726757017,-0.15291576581489713,-0.36726227960565383,2678.0,1.115441301601921e-05,0.8625602159192076,0.8625602159192076,0.46338797814207644,0.46338797814207644,0.0004352984596441212,0.0002230882603203842,0.0001115441301601921,True,True,True,True,ADHD > Control
P3_T8_beta_connectivity,channel,beta,P3,T8,61,60,-0.29485264416426815,-0.1597460555483648,-0.13510658861590336,-0.2887640175832019,-0.11465197463603674,-0.31282724026285796,-0.16635495842981168,997.0,1.5907531560894787e-05,-0.8534120727658101,0.8534120727658101,-0.45519125683060113,0.45519125683060113,0.0004798772020869928,0.000494579617620547,0.00014316778404805308,True,True,True,True,Control > ADHD
central_occipital_beta_connectivity,regional,beta,central,occipital,61,60,-0.22855830514471973,-0.3727743649849956,0.14421605984027588,-0.2577105761763772,-0.4179971335507933,-0.23999765111226562,-0.40769864322658395,2650.0,2.1536172622427642e-05,0.8462698934651893,0.8462698934651893,0.4480874316939891,0.4480874316939891,0.0006236875591455045,0.00028714896829903523,0.00010768086311213821,True,True,True,True,ADHD > Control
F3_Fz_beta_connectivity,channel,beta,F3,Fz,61,60,0.5305017415973174,0.3923132590125709,0.13818848258474653,0.5368326759674547,0.40815862471411335,0.6046945697989158,0.4349968865542102,2634.0,3.1081584902622005e-05,0.8435953604771962,0.8435953604771962,0.43934426229508206,0.43934426229508206,0.0008655025949807051,0.0009243393075388458,0.0002657475509174182,True,True,True,True,ADHD > Control
C3_Pz_beta_connectivity,channel,beta,C3,Pz,61,60,0.13588278006665183,0.0005208920682056255,0.1353618879984462,0.1346644544083184,-0.0249542386539281,0.13917027255210576,0.0010229945103018732,2664.0,1.553832021917668e-05,0.8416017331008406,0.8416017331008406,0.4557377049180329,0.4557377049180329,0.0004798772020869928,0.000494579617620547,0.00014316778404805308,True,True,True,True,ADHD > Control
F3_P4_beta_connectivity,channel,beta,F3,P4,61,60,-0.4769928571774997,-0.35986957667314207,-0.11712328050435761,-0.4815468958433408,-0.3749494113489975,-0.5311867085770918,-0.38803000698565093,987.0,1.256353779436295e-05,-0.834765765081556,0.834765765081556,-0.4606557377049181,0.4606557377049181,0.0004435378380153851,0.00046314172035860656,0.00012940724539431655,True,True,True,True,Control > ADHD
F4_Cz_theta_connectivity,channel,theta,F4,Cz,61,60,0.22227105074358508,0.43901279034081586,-0.21674173959723078,0.1982751626889257,0.504399629997906,0.24599018386673135,0.5447539288061324,991.0,1.3811555533945743e-05,-0.8085562447633023,0.8085562447633023,-0.45846994535519126,0.45846994535519126,0.0004545257366625781,0.00047235519926094443,0.0011808879981523612,True,True,True,True,Control > ADHD
C3_P7_beta_connectivity,channel,beta,C3,P7,61,60,0.06485139792680332,-0.09466412861987085,0.15951552654667417,0.0170172547838549,-0.1102697291408904,0.06806452012966648,-0.09873202319516619,2615.0,4.764340373713029e-05,0.7984376998225982,0.7984376998225982,0.4289617486338797,0.4289617486338797,0.0011497941435227442,0.0012533880060075814,0.00037031918359314907,True,True,True,True,ADHD > Control
F3_Fz_theta_connectivity,channel,theta,F3,Fz,61,60,0.6991520723499902,0.5536243209968331,0.1455277513531571,0.730164372263361,0.5786558694465149,0.9092293276144844,0.6787498788669207,2587.0,8.791083779595372e-05,0.7917302511709327,0.7917302511709327,0.4136612021857924,0.4136612021857924,0.0016749328043229078,0.0018790941578885108,0.0037581883157770217,True,True,True,True,ADHD > Control
central_occipital_theta_connectivity,regional,theta,central,occipital,61,60,-0.30218407241934486,-0.43236409729005987,0.130180024870715,-0.3227522279657097,-0.4602704080207795,-0.32166471503898086,-0.4835002719728998,2598.0,6.927347546293996e-05,0.7830148319142669,0.7830148319142669,0.4196721311475411,0.4196721311475411,0.0013931665620880147,0.0005493687706576668,0.00034636737731469976,True,True,True,True,ADHD > Control
F3_F7_beta_connectivity,channel,beta,F3,F7,61,60,0.4537693503144887,0.276762444401984,0.17700690591250468,0.469718337652847,0.3045719768260299,0.5257917494488796,0.3027187366535553,2575.0,0.00011360346791324564,0.7812245216354009,0.7812245216354009,0.4071038251366119,0.4071038251366119,0.0020562227692297462,0.0022854344721370593,0.0006937926076130359,True,True,True,True,ADHD > Control
central_parietal_alpha_connectivity,regional,alpha,central,parietal,61,60,-0.09666447027341947,-0.3060007515737845,0.20933628130036502,-0.0848332969248696,-0.38418751135246487,-0.10353341664827721,-0.34438724402827625,2617.0,4.5568634396075346e-05,0.7765296082067165,0.7765296082067165,0.4300546448087432,0.4300546448087432,0.0011497941435227442,0.00045568634396075345,0.00045568634396075345,True,True,True,True,ADHD > Control
T7_Cz_beta_connectivity,channel,beta,T7,Cz,61,60,-0.20038244088787413,-0.059536513998430886,-0.14084592688944325,-0.1867667053963321,-0.03547009343655185,-0.2092572479974236,-0.062412093509055196,983.0,1.1423578360826384e-05,-0.7755024036200028,0.7755024036200028,-0.4628415300546448,0.4628415300546448,0.0004352984596441212,0.00045963103522383807,0.00012940724539431655,True,True,True,True,Control > ADHD
frontal_central_beta_connectivity,regional,beta,frontal,central,61,60,-0.15566459766850732,0.020969898325002415,-0.17663449599350972,-0.164444997159027,0.029440901628858547,-0.1619096644608289,0.02125645582276979,1070.0,8.240531559865e-05,-0.7666981102991902,0.7666981102991902,-0.41530054644808745,0.41530054644808745,0.0016124715809033136,0.0005493687706576668,0.0002746843853288334,True,True,True,True,Control > ADHD
F4_P4_beta_connectivity,channel,beta,F4,P4,61,60,-0.03369518134784494,-0.19497313273305755,0.16127795138521261,-0.0625903490897659,-0.2003045221614788,-0.034669577390563956,-0.20641203703223382,2599.0,6.77787268665553e-05,0.7489144924823147,0.7489144924823147,0.42021857923497263,0.42021857923497263,0.0013931665620880147,0.0014955048121523815,0.0004457754728531137,True,True,True,True,ADHD > Control
Fp2_P3_beta_connectivity,channel,beta,Fp2,P3,61,60,-0.41321475233408683,-0.30121274959942923,-0.1120020027346576,-0.3871238418839369,-0.32316766225595395,-0.4586988796321166,-0.31743779828158836,1092.0,0.00013170650955570922,-0.743924757348964,0.743924757348964,-0.40327868852459015,0.40327868852459015,0.0021671707481439426,0.0023707171720027662,0.0007038066604383212,True,True,True,True,Control > ADHD
F4_Cz_alpha_connectivity,channel,alpha,F4,Cz,61,60,0.15755669820178494,0.3568346793567023,-0.19927798115491738,0.1603539977693009,0.3894652643807607,0.17037564606169966,0.42668598679188213,1055.0,5.9431728225222095e-05,-0.7429260012712765,0.7429260012712765,-0.42349726775956287,0.42349726775956287,0.00134464285109565,0.0014472408079277716,0.00508141276325649,True,True,True,True,Control > ADHD
central_occipital_alpha_connectivity,regional,alpha,central,occipital,61,60,-0.329908933136813,-0.46852273456092,0.13861380142410695,-0.3313186278869542,-0.501813043775301,-0.3587391808511183,-0.5355552555859949,2563.0,0.00014626583585110095,0.741177912463658,0.741177912463658,0.4005464480874317,0.4005464480874317,0.00230209706861298,0.0008358047762920055,0.0007313291792555047,True,True,True,True,ADHD > Control
C3_T8_beta_connectivity,channel,beta,C3,T8,61,60,-0.3314790220625632,-0.21084234121641285,-0.12063668084615034,-0.3289584655692418,-0.19626895836506064,-0.3568605068253255,-0.22126588887474258,1058.0,6.347547403191981e-05,-0.738944519061271,0.738944519061271,-0.4218579234972678,0.4218579234972678,0.0013516542117385276,0.0014472408079277716,0.0004341722423783315,True,True,True,True,Control > ADHD
F3_O2_beta_connectivity,channel,beta,F3,O2,61,60,-0.428505919270895,-0.33620839282798937,-0.09229752644290562,-0.4326054394287005,-0.3460617901508052,-0.46682151017392226,-0.35732166895693573,1095.0,0.00014026906083184045,-0.7385705344834054,0.7385705344834054,-0.4016393442622951,0.4016393442622951,0.0022567733342722775,0.0024601035284353557,0.0007268487697649915,True,True,True,True,Control > ADHD
O1_P8_beta_connectivity,channel,beta,O1,P8,61,60,-0.07692070622052047,0.032789708127969344,-0.10971041434848981,-0.0482993975527206,0.03921544107127695,-0.07896764002728056,0.03292320969900923,1080.0,0.0001021387177090649,-0.728427868034893,0.728427868034893,-0.4098360655737705,0.4098360655737705,0.0018961136313169996,0.0021170570579697088,0.0006468785454907444,True,True,True,True,Control > ADHD
F4_P8_beta_connectivity,channel,beta,F4,P8,61,60,-0.07875248548028504,-0.20959322167967534,0.1308407361993903,-0.1025609850275684,-0.2364780359671626,-0.07950615104912101,-0.22070200817542956,2570.0,0.00012627441624434602,0.7255288113703668,0.7255288113703668,0.40437158469945356,0.40437158469945356,0.0021671707481439426,0.0023707171720027662,0.0007038066604383212,True,True,True,True,ADHD > Control
P3_P8_beta_connectivity,channel,beta,P3,P8,61,60,-0.21345617659417299,-0.08579913619481504,-0.12765704039935794,-0.1982481902687888,-0.03421935477717595,-0.22255781037794817,-0.09008142811737042,988.0,1.286504778773907e-05,-0.722969990413869,0.722969990413869,-0.4601092896174863,0.4601092896174863,0.0004435378380153851,0.00046314172035860656,0.00012940724539431655,True,True,True,True,Control > ADHD
F4_C3_alpha_connectivity,channel,alpha,F4,C3,61,60,-0.23864830311746568,-0.07023005945992342,-0.16841824365754227,-0.2577224884108061,-0.08633839872980989,-0.24987907719283145,-0.07286072547387179,1143.0,0.000372470289890464,-0.721504993911032,0.721504993911032,-0.37540983606557377,0.37540983606557377,0.0048155087478695706,0.005199381189491376,0.012500212001858947,True,True,True,True,Control > ADHD
C4_Fz_beta_connectivity,channel,beta,C4,Fz,61,60,-0.17050775647559024,-0.037478598061163854,-0.1330291584144264,-0.1717015550883423,-0.06512662064162489,-0.17642044044439179,-0.039499642033836345,1146.0,0.0003951436204550938,-0.7187812641978044,0.7187812641978044,-0.3737704918032787,0.3737704918032787,0.004932482434646343,0.0052995732625741995,0.0015971739002990188,True,True,True,True,Control > ADHD
F7_Cz_beta_connectivity,channel,beta,F7,Cz,61,60,-0.23672288023626709,-0.12340443726640667,-0.11331844296986042,-0.2110414872366505,-0.1148321080801359,-0.2485546225649693,-0.12681969800062246,1137.0,0.0003307252154434101,-0.7156984402639773,0.7156984402639773,-0.3786885245901639,0.3786885245901639,0.004434167703352387,0.004813107390708352,0.0013793661424591006,True,True,True,True,Control > ADHD
F3_T8_beta_connectivity,channel,beta,F3,T8,61,60,-0.30003776833804024,-0.1909090633162832,-0.10912870502175703,-0.2866272184953019,-0.19372780061517805,-0.31889083603898144,-0.19887816090921012,1055.0,5.9431728225222095e-05,-0.7154405371069059,0.7154405371069059,-0.42349726775956287,0.42349726775956287,0.00134464285109565,0.0014472408079277716,0.0004341722423783315,True,True,True,True,Control > ADHD
P3_Cz_theta_connectivity,channel,theta,P3,Cz,61,60,-0.06369520019679577,-0.24939090361011215,0.18569570341331637,-0.0041984225219304,-0.25518630858608504,-0.07297070339583644,-0.27737198430259863,2629.0,3.481041137475584e-05,0.7131400056018942,0.7131400056018942,0.43661202185792347,0.43661202185792347,0.000933434734641601,0.0009920967241805415,0.001984193448361083,True,True,True,True,ADHD > Control
C3_P3_alpha_connectivity,channel,alpha,C3,P3,61,60,0.4225618862705643,0.20049755460578758,0.2220643316647767,0.4321788751150546,0.20293787556232465,0.500143049946157,0.2351249422565629,2499.0,0.0005291574299147689,0.6989470080169156,0.6989470080169156,0.3655737704918032,0.3655737704918032,0.005986093425910823,0.006463280036816106,0.012500212001858947,True,True,True,True,ADHD > Control
F3_Fz_alpha_connectivity,channel,alpha,F3,Fz,61,60,0.657009826220206,0.521960252273216,0.13504957394699002,0.6756009222977539,0.5694469626069707,0.8309734519467278,0.6272985164380567,2495.0,0.0005714629913611083,0.6974877162475059,0.6974877162475059,0.3633879781420766,0.3633879781420766,0.0063652185499298835,0.0068575558963333005,0.012500212001858947,True,True,True,True,ADHD > Control
frontal_central_theta_connectivity,regional,theta,frontal,central,61,60,-0.17401040009005572,-0.011045241371615758,-0.16296515871843997,-0.2119598694108563,-0.014119993456724551,-0.18409286857550058,-0.01262576042130156,1160.0,0.0005190469048367496,-0.6936481861634943,0.6936481861634943,-0.36612021857923494,0.36612021857923494,0.005964919985742964,0.0025952345241837477,0.001730156349455832,True,True,True,True,Control > ADHD
Fz_Pz_beta_connectivity,channel,beta,Fz,Pz,61,60,0.04224884610727805,-0.09037497998185122,0.13262382608912926,0.0180504941592842,-0.13426165339202079,0.045159323854268726,-0.09376035769215016,2533.0,0.00027073483324300873,0.6923057378227645,0.6923057378227645,0.38415300546448083,0.38415300546448083,0.004170468495062517,0.0046295656484554495,0.0013616369554280733,True,True,True,True,ADHD > Control
O2_F8_beta_connectivity,channel,beta,O2,F8,61,60,-0.06571375364597076,-0.1794936912860866,0.11377993764011585,-0.0788970716655068,-0.17515526520229796,-0.06692494776074182,-0.18753461533559934,2523.0,0.0003307252154434101,0.6919275122467041,0.6919275122467041,0.3786885245901639,0.3786885245901639,0.004434167703352387,0.004813107390708352,0.0013793661424591006,True,True,True,True,ADHD > Control
P4_Pz_beta_connectivity,channel,beta,P4,Pz,61,60,0.12747403718547737,0.26849797303133194,-0.14102393584585457,0.1643866125907582,0.3219729477830148,0.13173217330059522,0.28822707534132486,1044.0,4.6595069945738516e-05,-0.6874127236338208,0.6874127236338208,-0.42950819672131146,0.42950819672131146,0.0011497941435227442,0.0012533880060075814,0.00037031918359314907,True,True,True,True,Control > ADHD
F3_F7_alpha_connectivity,channel,alpha,F3,F7,61,60,0.538106076984921,0.38017233840774733,0.15793373857717363,0.5610152786405379,0.3955482360974449,0.6575398990955748,0.43371150365591754,2521.0,0.00034412761710930973,0.6809539928959355,0.6809539928959355,0.3775956284153006,0.3775956284153006,0.004529970814311641,0.004903818543807664,0.012500212001858947,True,True,True,True,ADHD > Control
F3_Cz_alpha_connectivity,channel,alpha,F3,Cz,61,60,-0.15131553679175153,0.023500853395846448,-0.17481639018759798,-0.1575634630280421,0.005095133663169851,-0.1572393261873514,0.02872331440605985,1217.0,0.001497137475749322,-0.6803487647538564,0.6803487647538564,-0.33497267759562843,0.33497267759562843,0.011911291565302297,0.012488317480640687,0.017374824354885,True,True,True,True,Control > ADHD
P3_F7_beta_connectivity,channel,beta,P3,F7,61,60,-0.0924892446977931,-0.21678183780134652,0.12429259310355342,-0.1264778176568324,-0.2548112818292436,-0.09332285448634985,-0.2286259139404709,2526.0,0.0003115345680693857,0.6740271799404255,0.6740271799404255,0.38032786885245895,0.38032786885245895,0.00442256916239677,0.004813107390708352,0.0013793661424591006,True,True,True,True,ADHD > Control
F3_C4_alpha_connectivity,channel,alpha,F3,C4,61,60,-0.268074755427535,-0.1078817085029575,-0.1601930469245775,-0.2667998023505981,-0.12957099802761096,-0.2832979994319072,-0.11704947816725607,1178.0,0.0007317023854802133,-0.6706360357839453,0.6706360357839453,-0.35628415300546445,0.35628415300546445,0.0076031796730725515,0.008095256021290348,0.012500212001858947,True,True,True,True,Control > ADHD
F3_F4_beta_connectivity,channel,beta,F3,F4,61,60,0.001954979663665812,0.13943834780606507,-0.13748336814239925,0.0136920715024544,0.14690925967623603,0.0015587441007940742,0.14694270795969192,1178.0,0.0007317023854802133,-0.6608614699059032,0.6608614699059032,-0.35628415300546445,0.35628415300546445,0.0076031796730725515,0.008095256021290348,0.00255000564670646,True,True,True,True,Control > ADHD
O2_P7_beta_connectivity,channel,beta,O2,P7,61,60,-0.12491334828128654,-0.02212571927431644,-0.10278762900697011,-0.1191167413929677,-0.0266202126411235,-0.12753628760905775,-0.02275484337157626,1186.0,0.0008501036902871588,-0.660416724631347,0.660416724631347,-0.3519125683060109,0.3519125683060109,0.008098356207472408,0.008551043002300245,0.0027955332892135414,True,True,True,True,Control > ADHD
C4_P8_beta_connectivity,channel,beta,C4,P8,61,60,0.08548988901413711,-0.061617553874888445,0.14710744288902555,0.060849730898831,-0.08470512502620756,0.0924141805728217,-0.06380470198477846,2527.0,0.0003053728952619857,0.6603924609543447,0.6603924609543447,0.3808743169398907,0.3808743169398907,0.004421799523393552,0.004813107390708352,0.0013793661424591006,True,True,True,True,ADHD > Control
P4_T8_beta_connectivity,channel,beta,P4,T8,61,60,0.23470517241202887,0.10329853845830206,0.13140663395372681,0.2396979136996402,0.10676424514212005,0.2498667886607335,0.1089690651779222,2512.0,0.00041096872288395804,0.6583910778313389,0.6583910778313389,0.3726775956284154,0.3726775956284154,0.0049590225894664275,0.0053038227632571195,0.0015971739002990188,True,True,True,True,ADHD > Control
F4_C4_theta_connectivity,channel,theta,F4,C4,61,60,0.32339920777944353,0.48720869809992834,-0.1638094903204848,0.2633005908154004,0.5103785016998579,0.36684199631671033,0.6421983093415693,1145.0,0.0003874463280623403,-0.6535021293484944,0.6535021293484944,-0.37431693989071035,0.37431693989071035,0.004921248096791832,0.0052995732625741995,0.01325066441973204,True,True,True,True,Control > ADHD
P4_F7_beta_connectivity,channel,beta,P4,F7,61,60,-0.371910863460561,-0.27862099786672295,-0.09328986559383806,-0.3550401369484393,-0.26458213405332487,-0.4030207669905956,-0.293044416455527,1133.0,0.0003053728952619857,-0.6533761329670102,0.6533761329670102,-0.3808743169398907,0.3808743169398907,0.004421799523393552,0.004813107390708352,0.0013793661424591006,True,True,True,True,Control > ADHD
P3_P4_beta_connectivity,channel,beta,P3,P4,61,60,-0.09347318248598828,0.03262479350033407,-0.12609797598632236,-0.0982688214592449,0.0802862692544585,-0.09800348748686288,0.032907987889467534,1181.0,0.0007741823324998364,-0.65174255726161,0.65174255726161,-0.3546448087431694,0.3546448087431694,0.007678191900409336,0.008146780237382894,0.002595787820734746,True,True,True,True,Control > ADHD
Fp2_P8_beta_connectivity,channel,beta,Fp2,P8,61,60,-0.013935000367640877,-0.15021860965033365,0.13628360928269279,-0.0626204187626557,-0.20247260308093812,-0.01209106314267546,-0.15554571640956597,2572.0,0.00012105399788312286,0.6495349134674222,0.6495349134674222,0.40546448087431686,0.40546448087431686,0.0021376364504239256,0.002365740987201601,0.0007038066604383212,True,True,True,True,ADHD > Control
F8_Fz_beta_connectivity,channel,beta,F8,Fz,61,60,-0.04960693502426449,0.06427168873132683,-0.11387862375559132,-0.0580207541332058,0.07585165648556269,-0.05095985066828242,0.06870408281949031,1148.0,0.00041096872288395804,-0.6477021314668243,0.6477021314668243,-0.3726775956284153,0.3726775956284153,0.0049590225894664275,0.0053038227632571195,0.0015971739002990188,True,True,True,True,Control > ADHD
P3_Pz_beta_connectivity,channel,beta,P3,Pz,61,60,0.47504257246460385,0.37598105804867893,0.09906151441592492,0.498565487789487,0.4323090838472718,0.5310082792264492,0.4062872741480022,2523.0,0.0003307252154434101,0.6468449045055219,0.6468449045055219,0.3786885245901639,0.3786885245901639,0.004434167703352387,0.004813107390708352,0.0013793661424591006,True,True,True,True,ADHD > Control
Fp1_P4_beta_connectivity,channel,beta,Fp1,P4,61,60,-0.444079746079034,-0.3510023648496871,-0.09307738122934689,-0.4521782869111811,-0.334766162251795,-0.4966612268971037,-0.37648892289315705,1170.0,0.0006287743625320899,-0.6318134038531451,0.6318134038531451,-0.360655737704918,0.360655737704918,0.0068974642192914095,0.007415201102964646,0.0023374003476736385,True,True,True,True,Control > ADHD
F4_P3_beta_connectivity,channel,beta,F4,P3,61,60,-0.4614673053599288,-0.36432564658805233,-0.09714165877187647,-0.4806710585875743,-0.39053683550640855,-0.5124573075772195,-0.3950966891869514,1210.0,0.0013203190917151328,-0.6160327988483294,0.6160327988483294,-0.3387978142076503,0.3387978142076503,0.01098748301611214,0.011578182804271165,0.003826687537004877,True,True,True,True,Control > ADHD
F4_O2_beta_connectivity,channel,beta,F4,O2,61,60,-0.12116681972193995,-0.23840238418579796,0.11723556446385801,-0.0945565253651116,-0.260228157956675,-0.1286030164672835,-0.25243240665320305,2530.0,0.0002875656403210762,0.614058106806943,0.614058106806943,0.3825136612021858,0.3825136612021858,0.004337448408176233,0.0047974365360881985,0.0013793661424591006,True,True,True,True,ADHD > Control
Fp2_P4_beta_connectivity,channel,beta,Fp2,P4,61,60,-0.12112162311409726,-0.24706893127721327,0.125947308163116,-0.1343421288845164,-0.29202870221138477,-0.1254028491613165,-0.2636754458726421,2438.0,0.0016365228584087827,0.6137090617426078,0.6137090617426078,0.33224043715846996,0.33224043715846996,0.012604707973276156,0.013169195707665969,0.004441990615680982,True,True,True,True,ADHD > Control
P4_Cz_alpha_connectivity,channel,alpha,P4,Cz,61,60,0.15058713588160638,0.009583542634458193,0.1410035932471482,0.1525730749053881,-0.0129127876121552,0.1563730109286474,0.012148504191489351,2477.0,0.0008037622519506134,0.6091078258633063,0.6091078258633063,0.353551912568306,0.353551912568306,0.007863836086651947,0.00832989970203363,0.012500212001858947,True,True,True,True,ADHD > Control
P8_Pz_beta_connectivity,channel,beta,P8,Pz,61,60,-0.08417428650329707,0.0066757946131239905,-0.09085008111642107,-0.0515977353871949,0.0413304712068302,-0.08682348897660538,0.005256144542467737,1058.0,6.347547403191981e-05,-0.6048033462855835,0.6048033462855835,-0.4218579234972678,0.4218579234972678,0.0013516542117385276,0.0014472408079277716,0.0004341722423783315,True,True,True,True,Control > ADHD
C3_F8_beta_connectivity,channel,beta,C3,F8,61,60,-0.25564822917669944,-0.15916475431759367,-0.09648347485910577,-0.2516047893598028,-0.15422853109236534,-0.27081695728022154,-0.16516704175756217,1217.0,0.001497137475749322,-0.5914196906114083,0.5914196906114083,-0.33497267759562843,0.33497267759562843,0.011911291565302297,0.012488317480640687,0.004196893579559575,True,True,True,True,Control > ADHD
Fp1_C4_beta_connectivity,channel,beta,Fp1,C4,61,60,-0.2926769334278655,-0.1796171311183354,-0.11305980230953008,-0.2741323912797815,-0.15994860867748045,-0.31086885899814864,-0.19215922512825123,1173.0,0.0006656823356014586,-0.5901572233893515,0.5901572233893515,-0.3590163934426229,0.3590163934426229,0.007193343447394866,0.007717401992396572,0.002421950625273392,True,True,True,True,Control > ADHD
P3_Cz_alpha_connectivity,channel,alpha,P3,Cz,61,60,-0.0211656912370321,-0.1579591918519859,0.1367935006149538,-0.0013744413036624,-0.15870425506981845,-0.023701725212235642,-0.17150370397685374,2442.0,0.0015241073995513157,0.5872677037765022,0.5872677037765022,0.3344262295081968,0.3344262295081968,0.011994062579077744,0.012560113991483133,0.017374824354885,True,True,True,True,ADHD > Control
C3_F8_alpha_connectivity,channel,alpha,C3,F8,61,60,-0.3654131509685496,-0.26061408617464193,-0.10479906479390766,-0.3906025323693219,-0.27657634309798335,-0.39429539065195884,-0.27802660084751624,1192.0,0.0009503085147612065,-0.580771217745662,0.580771217745662,-0.3486338797814208,0.3486338797814208,0.00860029205858892,0.009027930890231461,0.012500212001858947,True,True,True,True,Control > ADHD
C4_F7_beta_connectivity,channel,beta,C4,F7,61,60,-0.29917367946424106,-0.21298256786406655,-0.08619111160017451,-0.2959072115023856,-0.2047090603991717,-0.317332498796006,-0.2222832459543042,1190.0,0.0009157512757865339,-0.5758303245378735,0.5758303245378735,-0.3497267759562842,0.3497267759562842,0.008392454729993046,0.00882216722025337,0.002899879039990691,True,True,True,True,Control > ADHD
C3_P3_theta_connectivity,channel,theta,C3,P3,61,60,0.4162269983629709,0.2404372441569362,0.17578975420603468,0.4188795770054522,0.206834447184029,0.4761427410820735,0.2817422463326584,2409.0,0.0027088534093981046,0.5742963382048468,0.5742963382048468,0.3163934426229509,0.3163934426229509,0.018787004971600674,0.01936259879544178,0.05146821477856399,True,True,True,False,ADHD > Control
P3_F8_alpha_connectivity,channel,alpha,P3,F8,61,60,-0.4590508102237745,-0.37189427143212545,-0.08715653879164903,-0.4554400117528023,-0.3671168286505015,-0.5100277735850411,-0.40440816395058315,1230.0,0.0018845687186658084,-0.5723398764179393,0.5723398764179393,-0.3278688524590164,0.3278688524590164,0.014066265487773663,0.01464823867690242,0.02014132818074083,True,True,True,True,Control > ADHD
Fp2_C3_alpha_connectivity,channel,alpha,Fp2,C3,61,60,-0.3124074522233266,-0.20382743709135567,-0.10858001513197094,-0.3516659159950244,-0.2497905669525855,-0.3334165535897808,-0.2148836337304122,1188.0,0.0008823616623269431,-0.5712625342929512,0.5712625342929512,-0.3508196721311475,0.3508196721311475,0.008296491474346841,0.008746889522197524,0.012500212001858947,True,True,True,True,Control > ADHD
P8_Cz_beta_connectivity,channel,beta,P8,Cz,61,60,0.0009429158562230642,-0.11633271913052814,0.11727563498675121,-0.0152788120644856,-0.1587282753679417,0.0017915654796833175,-0.11901394810589062,2501.0,0.0005091166659649402,0.5709706622628762,0.5709706622628762,0.3666666666666667,0.3666666666666667,0.0059451688090099465,0.0063315599912730745,0.0019346433306667728,True,True,True,True,ADHD > Control
frontal_central_alpha_connectivity,regional,alpha,frontal,central,61,60,-0.2140020607987985,-0.03426472247523418,-0.1797373383235643,-0.230031781279164,-0.0123599599816058,-0.23884937675797235,-0.04564085503328011,1198.0,0.0010613610075539265,-0.5686022542682091,0.5686022542682091,-0.34535519125683056,0.34535519125683056,0.009371041091085887,0.004717160033573006,0.0035378700251797552,True,True,True,True,Control > ADHD
F3_P7_beta_connectivity,channel,beta,F3,P7,61,60,-0.09601747525825673,-0.198105689900881,0.10208821464262428,-0.1133291007581647,-0.21648974717699748,-0.09835554180937002,-0.2096225337994853,2395.0,0.0034290658464499676,0.5654166293138507,0.5654166293138507,0.3087431693989071,0.3087431693989071,0.02216646136455158,0.022994912146782138,0.008032469311547184,True,True,True,True,ADHD > Control
P3_O2_beta_connectivity,channel,beta,P3,O2,61,60,-0.08782102844141985,0.007487295722290998,-0.09530832416371085,-0.0770970470768866,0.00935012560132395,-0.09058768484077223,0.006942799904354571,1236.0,0.002092773041649176,-0.5639416931781409,0.5639416931781409,-0.3245901639344262,0.3245901639344262,0.015151676821540033,0.015730294071297102,0.00542218469881832,True,True,True,True,Control > ADHD
P3_P8_alpha_connectivity,channel,alpha,P3,P8,61,60,-0.23736239274680754,-0.10962760654039062,-0.12773478620641693,-0.2278361411362503,-0.09399543198054565,-0.25084326932434,-0.11695879675053804,1252.0,0.0027553041379813786,-0.561850661335659,0.561850661335659,-0.3158469945355191,0.3158469945355191,0.018787004971600674,0.01936259879544178,0.02479773724183241,True,True,True,True,Control > ADHD
F3_P3_beta_connectivity,channel,beta,F3,P3,61,60,-0.06646952350278391,-0.19042475200545858,0.12395522850267467,-0.0707024189353239,-0.21431779853590244,-0.0668852862740485,-0.20543108012756997,2413.0,0.0025301184065948962,0.5598285376148814,0.5598285376148814,0.3185792349726777,0.3185792349726777,0.017784521615288398,0.01841064883096712,0.00627029344243083,True,True,True,True,ADHD > Control
P4_F8_beta_connectivity,channel,beta,P4,F8,61,60,-0.08518940175706988,-0.19959534671815374,0.11440594496108386,-0.1226722937224732,-0.22957553770675382,-0.08766597705174338,-0.20824333121612457,2452.0,0.0012734607409520275,0.5562492992165653,0.5562492992165653,0.3398907103825137,0.3398907103825137,0.010720762516851952,0.011312300607937491,0.0037545135638413227,True,True,True,True,ADHD > Control
O2_T8_beta_connectivity,channel,beta,O2,T8,61,60,0.050803817598055065,-0.06001736469239503,0.1108211822904501,0.0439063675420942,-0.09673722889218216,0.05364635936807215,-0.06090488721658295,2481.0,0.0007456156861714795,0.5548286263643432,0.5548286263643432,0.3557377049180328,0.3557377049180328,0.0076031796730725515,0.008095256021290348,0.00255000564670646,True,True,True,True,ADHD > Control
Fp1_Cz_beta_connectivity,channel,beta,Fp1,Cz,61,60,-0.26209134049795485,-0.15317441678302104,-0.1089169237149338,-0.2630085593867293,-0.14887567015954473,-0.276670225143752,-0.16284179315547817,1193.0,0.0009680365124661614,-0.5532958278115875,0.5532958278115875,-0.34808743169398904,0.34808743169398904,0.008652573271919763,0.0090703695140665,0.003009713520576611,True,True,True,True,Control > ADHD
C4_O2_alpha_connectivity,channel,alpha,C4,O2,61,60,0.03648283144218213,-0.12820126078512079,0.1646840922273029,0.0099735526465839,-0.1672785722542581,0.04014087915179286,-0.13250674515537733,2476.0,0.0008189423559851537,0.5527513077738835,0.5527513077738835,0.3530054644808742,0.3530054644808742,0.007905523543110016,0.008360545843191718,0.012500212001858947,True,True,True,True,ADHD > Control
C3_O1_alpha_connectivity,channel,alpha,C3,O1,61,60,-0.050258493784122275,-0.1764536173414446,0.12619512355732232,-0.0409144666230882,-0.1829133924635997,-0.05313352049249515,-0.1921182369461794,2367.0,0.005415016580789667,0.55160275706761,0.55160275706761,0.2934426229508196,0.2934426229508196,0.032400595078443964,0.03336821028162281,0.042089447059774236,True,True,True,True,ADHD > Control
O2_F7_beta_connectivity,channel,beta,O2,F7,61,60,-0.31625367183326203,-0.2449620900058669,-0.07129158182739512,-0.3039239876996155,-0.21735889336190367,-0.3350994166340854,-0.25463277460541617,1229.0,0.0018517777474446864,-0.5511867706542384,0.5511867706542384,-0.3284153005464481,0.3284153005464481,0.014066265487773663,0.01464823867690242,0.004947718668953772,True,True,True,True,Control > ADHD
C4_T7_beta_connectivity,channel,beta,C4,T7,61,60,-0.29105868953827035,-0.19048776559157632,-0.10057092394669404,-0.3356356830034741,-0.18697200377371714,-0.3113078050739344,-0.2005652562777204,1233.0,0.0019861681770019213,-0.5497347206840496,0.5497347206840496,-0.32622950819672136,0.32622950819672136,0.014673324083157052,0.015264483517632743,0.00522515012718967,True,True,True,True,Control > ADHD
Fp2_Fz_beta_connectivity,channel,beta,Fp2,Fz,61,60,0.03784286368431802,0.1586786578737013,-0.12083579418938328,0.0608629228515502,0.14339369388757345,0.038497396630603635,0.17346772888747308,1297.0,0.0057710683132913285,-0.5478606801368309,0.5478606801368309,-0.29125683060109286,0.29125683060109286,0.034247979170679684,0.035244738627600615,0.01298490370490549,True,True,True,True,Control > ADHD
Fp1_P3_beta_connectivity,channel,beta,Fp1,P3,61,60,-0.1194833849701913,-0.23004136491396923,0.11055797994377793,-0.1358599487885048,-0.2726661107893873,-0.12180675123820109,-0.2452365004121178,2416.0,0.002403219177105914,0.5433934318264815,0.5433934318264815,0.32021857923497277,0.32021857923497277,0.017058143962987077,0.01767528943161769,0.006043389401251637,True,True,True,True,ADHD > Control
F3_C3_theta_connectivity,channel,theta,F3,C3,61,60,0.3481021042511879,0.49921531673148506,-0.15111321248029713,0.3903714404132655,0.5130324127578051,0.4156084531300897,0.6430859625821356,1287.0,0.004918042204543979,-0.5394806350442196,0.5394806350442196,-0.2967213114754098,0.2967213114754098,0.030175106407541025,0.031147600628778537,0.0723745770843794,True,True,True,False,Control > ADHD
Cz_Pz_theta_connectivity,channel,theta,Cz,Pz,61,60,0.028148336769239293,-0.12964673237954455,0.15779506914878383,0.0330944721421354,-0.12499339233545326,0.048777716990625414,-0.14354621617907357,2430.0,0.0018845687186658084,0.5373948026233633,0.5373948026233633,0.3278688524590163,0.3278688524590163,0.014066265487773663,0.01464823867690242,0.04028265636148166,True,True,True,True,ADHD > Control
O2_Pz_beta_connectivity,channel,beta,O2,Pz,61,60,0.046244476720469996,0.13444734493562224,-0.08820286821515225,0.0758429589156824,0.15273665254253946,0.046587173507504666,0.14049565348358642,1265.0,0.0034290658464499676,-0.5367982090362725,0.5367982090362725,-0.3087431693989071,0.3087431693989071,0.02216646136455158,0.022994912146782138,0.008032469311547184,True,True,True,True,Control > ADHD
C4_P4_alpha_connectivity,channel,alpha,C4,P4,61,60,0.4052698369359028,0.20054683596051107,0.20472300097539173,0.4567516133484934,0.1609520949468343,0.4872892203035243,0.25560694622697877,2480.0,0.0007597743551823789,0.5367319336571643,0.5367319336571643,0.35519125683060104,0.35519125683060104,0.00763995323822281,0.008120088421011674,0.012500212001858947,True,True,True,True,ADHD > Control
F4_Cz_delta_connectivity,channel,delta,F4,Cz,61,60,0.3407422341369268,0.5363584959046871,-0.1956162617677603,0.3360976310545854,0.5737713169605327,0.44050176828289356,0.7159843513161764,1273.0,0.003915002571969002,-0.533284648417937,0.533284648417937,-0.3043715846994536,0.3043715846994536,0.02484039612015328,0.02568196067128951,0.340285978894586,True,True,True,False,Control > ADHD
F4_P7_theta_connectivity,channel,theta,F4,P7,61,60,-0.4591892760665691,-0.5379595287292572,0.07877025266268811,-0.436759630753388,-0.5517608590795549,-0.5145857475238078,-0.624336982622957,2457.0,0.0011629498880964505,0.5322308890228667,0.5322308890228667,0.3426229508196721,0.3426229508196721,0.010023520464069407,0.01060610297943963,0.03314407181074884,True,True,True,True,ADHD > Control
F4_C4_alpha_connectivity,channel,alpha,F4,C4,61,60,0.23224379542884133,0.37813443992823276,-0.14589064449939143,0.2314876625668028,0.406259839774774,0.2607619727157893,0.48467491155462855,1315.0,0.007648619424209873,-0.5287402584672665,0.5287402584672665,-0.2814207650273224,0.2814207650273224,0.043949210024824985,0.04549265814051785,0.052804839968310494,True,True,True,False,Control > ADHD
P4_T7_beta_connectivity,channel,beta,P4,T7,61,60,-0.27465637713456525,-0.18374586162223977,-0.09091051551232548,-0.2865041031992912,-0.16781164810280935,-0.2911017592672208,-0.19212997064699772,1253.0,0.0028024814046034158,-0.5265540300327364,0.5265540300327364,-0.31530054644808747,0.31530054644808747,0.018787004971600674,0.01936259879544178,0.006749638312495551,True,True,True,True,Control > ADHD
F8_P8_beta_connectivity,channel,beta,F8,P8,61,60,0.02449528692837299,-0.07137418729292931,0.0958694742213023,-0.0069306551320909,-0.0876688740016199,0.026869508889649608,-0.07128479178309675,2471.0,0.0008989127881140897,0.5253778019840453,0.5253778019840453,0.35027322404371586,0.35027322404371586,0.008343754597366679,0.008783662101000534,0.002899879039990691,True,True,True,True,ADHD > Control
F3_F8_beta_connectivity,channel,beta,F3,F8,61,60,-0.17926963431382328,-0.10423053246396682,-0.07503910184985646,-0.1806045563332781,-0.0874423927203582,-0.186450982634541,-0.10693360214805439,1221.0,0.0016077251465252428,-0.5244818058954096,0.5244818058954096,-0.3327868852459016,0.3327868852459016,0.01251605382886318,0.013091476193134121,0.0044342096783196215,True,True,True,True,Control > ADHD
O1_Pz_beta_connectivity,channel,beta,O1,Pz,61,60,0.38996817307158443,0.29076705118273377,0.09920112188885066,0.3960240620741976,0.2665962193510675,0.4213117608727112,0.3169241898595194,2568.0,0.00013170650955570922,0.5212290476962372,0.5212290476962372,0.40327868852459026,0.40327868852459026,0.0021671707481439426,0.0023707171720027662,0.0007038066604383212,True,True,True,True,ADHD > Control
F3_C3_alpha_connectivity,channel,alpha,F3,C3,61,60,0.2689833882475984,0.4243385057753569,-0.15535511752775855,0.2695741064468322,0.4788798588646528,0.3179337661025095,0.5536980202759643,1334.0,0.010208002436081127,-0.5203640565356663,0.5203640565356663,-0.27103825136612025,0.27103825136612025,0.0527899554551624,0.054549013017808526,0.06019201436447837,True,False,False,False,Control > ADHD
P4_P7_beta_connectivity,channel,beta,P4,P7,61,60,-0.1592358445412116,-0.07888954223313216,-0.08034630230807943,-0.1531922537274156,-0.0639106545646987,-0.16391585176528659,-0.08266429774363146,1215.0,0.0014445120624107081,-0.5166985598706874,0.5166985598706874,-0.33606557377049184,0.33606557377049184,0.0118843946952881,0.012488317480640687,0.004116859377870518,True,True,True,True,Control > ADHD
F3_Cz_theta_connectivity,channel,theta,F3,Cz,61,60,-0.13565901756644083,0.00012818219222837727,-0.1357871997586692,-0.1398671882391551,-0.0435085989429234,-0.14271206152827215,0.00533954020716931,1415.0,0.031650765724794756,-0.5116868938154563,0.5116868938154563,-0.22677595628415304,0.22677595628415304,0.11966222234697815,0.12321294196221531,0.2344476130690799,True,False,False,False,Control > ADHD
T7_T8_beta_connectivity,channel,beta,T7,T8,61,60,-0.2327429108647999,-0.14789678976011303,-0.08484612110468687,-0.2289557111878511,-0.11992046317240976,-0.2457654036496442,-0.15385523312460775,1206.0,0.0012281418240008776,-0.5102958738595272,0.5102958738595272,-0.34098360655737703,0.34098360655737703,0.010460878595019239,0.011053276416007899,0.003684425472002633,True,True,True,True,Control > ADHD
Cz_Pz_alpha_connectivity,channel,alpha,Cz,Pz,61,60,0.07764981596649878,-0.06490891067378464,0.1425587266402834,0.111308826202619,-0.06938368502150624,0.08852120982323299,-0.06937474847394484,2408.0,0.0027553041379813786,0.5088721696319848,0.5088721696319848,0.3158469945355191,0.3158469945355191,0.018787004971600674,0.01936259879544178,0.02479773724183241,True,True,True,True,ADHD > Control
central_parietal_delta_connectivity,regional,delta,central,parietal,61,60,-0.10959719986831058,-0.2570740231321594,0.1474768232638488,-0.118106652626798,-0.2714495821349796,-0.12214620635119636,-0.28668870133939245,2351.0,0.006969373637406005,0.5045535714377585,0.5045535714377585,0.2846994535519125,0.2846994535519125,0.040692149302273765,0.02534317686329456,0.06969373637406004,True,True,True,False,ADHD > Control
F8_Pz_beta_connectivity,channel,beta,F8,Pz,61,60,-0.3661188598934948,-0.3002276567520608,-0.06589120314143398,-0.363976995924253,-0.2964083480625377,-0.39035701165244396,-0.31662970235810295,1322.0,0.008515625012584545,-0.5029540040670893,0.5029540040670893,-0.2775956284153005,0.2775956284153005,0.04635573315121211,0.0477433402344904,0.0184325554069868,True,True,True,True,Control > ADHD
P3_Pz_alpha_connectivity,channel,alpha,P3,Pz,61,60,0.5328789675951794,0.4508593114581761,0.0820196561370033,0.5691815076652983,0.47846628395643953,0.625665524830217,0.5058266859065017,2308.0,0.013309094688487396,0.5006133189208266,0.5006133189208266,0.26120218579234966,0.26120218579234966,0.06554955479227806,0.06793597587257746,0.07099354421003182,True,False,False,False,ADHD > Control
O1_Cz_theta_connectivity,channel,theta,O1,Cz,61,60,-0.31514461392755494,-0.4046084030708216,0.08946378914326664,-0.3415573207342485,-0.41906708663509307,-0.34011014218639196,-0.4477353485698127,2371.0,0.005078917690131888,0.4954971146795671,0.4954971146795671,0.2956284153005464,0.2956284153005464,0.03064280339712906,0.0315816336368201,0.0723745770843794,True,True,True,False,ADHD > Control
F3_P4_alpha_connectivity,channel,alpha,F3,P4,61,60,-0.5523930270387769,-0.47950630322236576,-0.07288672381641115,-0.5630308239680174,-0.472021619633919,-0.6359815466713934,-0.5429951818274569,1269.0,0.003664716944637585,-0.49312964832220113,0.49312964832220113,-0.3065573770491803,0.3065573770491803,0.02348013334440364,0.024336566894486485,0.031333329876651356,True,True,True,True,Control > ADHD
O1_P7_theta_connectivity,channel,theta,O1,P7,61,60,0.4597091397121674,0.5483293365205686,-0.08862019680840116,0.4638033870060962,0.591235999474641,0.5228719434839263,0.6540281173410175,1217.0,0.001497137475749322,-0.49001787352840315,0.49001787352840315,-0.33497267759562843,0.33497267759562843,0.011911291565302297,0.012488317480640687,0.03657292976473344,True,True,True,True,Control > ADHD
Fp2_Cz_theta_connectivity,channel,theta,Fp2,Cz,61,60,0.00270919800178324,0.14642067736374895,-0.1437114793619657,-0.0541354572795719,0.129243238462919,0.011205064891460535,0.16455280259918892,1265.0,0.0034290658464499676,-0.48485599821867825,0.48485599821867825,-0.3087431693989071,0.3087431693989071,0.02216646136455158,0.022994912146782138,0.05863702597429445,True,True,True,False,Control > ADHD
C3_P4_beta_connectivity,channel,beta,C3,P4,61,60,-0.327955421183192,-0.25150515549318836,-0.07645026569000363,-0.3247632329363208,-0.2576636978915844,-0.35322189865035214,-0.26417790897708426,1362.0,0.015369685466219016,-0.4843623829225245,0.4843623829225245,-0.2557377049180328,0.2557377049180328,0.07320823866804321,0.0756321212870058,0.030920190761452374,True,False,False,True,Control > ADHD
P3_T8_alpha_connectivity,channel,alpha,P3,T8,61,60,-0.35374987210818376,-0.2628936551801308,-0.09085621692805296,-0.3643206377176172,-0.2494360580208175,-0.38162685720437495,-0.28240566788396915,1317.0,0.007887882441122838,-0.48390492200702834,0.48390492200702834,-0.280327868852459,0.280327868852459,0.044615835057601055,0.04611377427117967,0.052804839968310494,True,True,True,False,Control > ADHD
C4_O1_theta_connectivity,channel,theta,C4,O1,61,60,-0.3546742040227739,-0.44126207897686914,0.08658787495409526,-0.3904905112741042,-0.462977626432852,-0.38774897102535105,-0.49264014374822407,2305.0,0.013900001576650717,0.4775549150871995,0.4775549150871995,0.2595628415300546,0.2595628415300546,0.0675409472583565,0.06990883145903744,0.1320500149781818,True,False,False,False,ADHD > Control
F4_T7_beta_connectivity,channel,beta,F4,T7,61,60,-0.28718832684008644,-0.21162642254157266,-0.07556190429851378,-0.3005138047757249,-0.21596186885571517,-0.30464788960250316,-0.22121370799250045,1313.0,0.007415882245800694,-0.4774055328507838,0.4774055328507838,-0.2825136612021858,0.2825136612021858,0.042952789967677624,0.044495293474804166,0.016469037195219725,True,True,True,True,Control > ADHD
P7_Pz_alpha_connectivity,channel,alpha,P7,Pz,61,60,-0.014978803273039977,0.07042089365383264,-0.08539969692687262,-0.0353318630768711,0.06767824325613114,-0.015865836573650486,0.07486141776558129,1383.0,0.02063025579684606,-0.477215680942691,0.477215680942691,-0.24426229508196717,0.24426229508196717,0.09219941479578116,0.09534523625028855,0.09935321858736287,True,False,False,False,Control > ADHD
P3_Fz_beta_connectivity,channel,beta,P3,Fz,61,60,-0.10737523514574257,-0.20565143511486556,0.09827619996912298,-0.1338164429583885,-0.26365277977936935,-0.10959014317951432,-0.2162882031248156,2459.0,0.0011212815113355128,0.47714039629107335,0.47714039629107335,0.3437158469945356,0.3437158469945356,0.009780817038637485,0.010364277753425551,0.0034239131863995124,True,True,True,True,ADHD > Control
P7_P8_beta_connectivity,channel,beta,P7,P8,61,60,-0.07153178604751363,0.010730756600774327,-0.08226254264828796,-0.06682650460156,0.026785191126990848,-0.07388539114279802,0.009844066498065294,1286.0,0.004839345490858495,-0.47405109622790265,0.47405109622790265,-0.29726775956284157,0.29726775956284157,0.029946035345141453,0.030935629119132807,0.011033707719157368,True,True,True,True,Control > ADHD
central_temporal_theta_connectivity,regional,theta,central,temporal,61,60,-0.1843194807683771,-0.06409198205141581,-0.12022749871696128,-0.1888549622023226,-0.054451127751364,-0.19639688426175145,-0.07228330014152298,1259.0,0.0031013748430606556,-0.4731449654617566,0.4731449654617566,-0.31202185792349724,0.31202185792349724,0.02059995767317353,0.012405499372242623,0.007753437107651639,True,True,True,True,Control > ADHD
T7_Pz_theta_connectivity,channel,theta,T7,Pz,61,60,-0.09948911570015634,0.013308709565450915,-0.11279782526560725,-0.1045568389780333,-0.0531342751740543,-0.10331566818952755,0.021955669484313805,1422.0,0.03464314400179352,-0.47122032788952617,0.47122032788952617,-0.22295081967213115,0.22295081967213115,0.1260383731522538,0.12948584971162166,0.2351714645958874,True,False,False,False,Control > ADHD
F3_O1_beta_connectivity,channel,beta,F3,O1,61,60,-0.20814646013542631,-0.2857292301499302,0.07758277001450387,-0.2229561629563456,-0.2862789167440364,-0.21653592801545019,-0.30661115581385484,2278.0,0.020348039272871515,0.4680719846777184,0.4680719846777184,0.24480874316939882,0.24480874316939882,0.09150298405937253,0.09468067253499399,0.03823642544682449,True,False,False,True,ADHD > Control
F4_C4_delta_connectivity,channel,delta,F4,C4,61,60,0.40158324472702767,0.5418505066249604,-0.1402672618979327,0.3879942496682659,0.5664585860568401,0.514154630862406,0.775854628845114,1375.0,0.018465158360424148,-0.46548596387196617,0.46548596387196617,-0.24863387978142082,0.24863387978142082,0.08408034372922694,0.08710460909331115,0.4285963040788808,True,False,False,False,Control > ADHD
O1_T8_beta_connectivity,channel,beta,O1,T8,61,60,-0.2183422711595505,-0.16041795987683224,-0.057924311282718244,-0.1810177851825296,-0.1537649881245271,-0.2257783727884018,-0.16469399853530187,1387.0,0.021793524932119918,-0.4620689364536168,0.4620689364536168,-0.24207650273224046,0.24207650273224046,0.09336397663227705,0.09617271647464531,0.04007196519776888,True,False,False,True,Control > ADHD
C3_T8_alpha_connectivity,channel,alpha,C3,T8,61,60,-0.39201996220458063,-0.29704880857313115,-0.09497115363144948,-0.4088459204004712,-0.3125281970395096,-0.43014181641867105,-0.3242191713436095,1354.0,0.013700508531760526,-0.4608392254919904,0.4608392254919904,-0.26010928961748636,0.26010928961748636,0.067021406601315,0.06941590989425334,0.07099354421003182,True,False,False,False,Control > ADHD
P3_T7_beta_connectivity,channel,beta,P3,T7,61,60,0.23535388463226772,0.12405692201809464,0.11129696261417309,0.2369120363761699,0.17430307250542154,0.25109667469912966,0.1318428074378808,2286.0,0.01820902157315645,0.4602918420163386,0.4602918420163386,0.24918032786885247,0.24918032786885247,0.08397026508895077,0.0870976975946784,0.035383439647838105,True,False,False,True,ADHD > Control
P3_Cz_delta_connectivity,channel,delta,P3,Cz,61,60,-0.2300637053347181,-0.40150967987251407,0.17144597453779598,-0.1667182788478355,-0.4197269741057821,-0.29191519765851426,-0.501326894894591,2386.0,0.003979952969527321,0.45945421609824977,0.45945421609824977,0.30382513661202193,0.30382513661202193,0.02484039612015328,0.02568196067128951,0.340285978894586,True,True,True,False,ADHD > Control
T8_Fz_beta_connectivity,channel,beta,T8,Fz,61,60,-0.21846226575606123,-0.14707683650748618,-0.07138542924857505,-0.2120064793079032,-0.1303462836092869,-0.22692854823897912,-0.15342550179278053,1253.0,0.0028024814046034158,-0.4585487671029245,0.4585487671029245,-0.31530054644808747,0.31530054644808747,0.018787004971600674,0.01936259879544178,0.006749638312495551,True,True,True,True,Control > ADHD
F7_P7_beta_connectivity,channel,beta,F7,P7,61,60,0.049826071843115625,-0.04545685650650414,0.09528292834961977,0.0292620151161435,-0.0684738744672045,0.053338463656785615,-0.043653259524216,2481.0,0.0007456156861714795,0.4572687769531937,0.4572687769531937,0.3557377049180328,0.3557377049180328,0.0076031796730725515,0.008095256021290348,0.00255000564670646,True,True,True,True,ADHD > Control
C3_Pz_alpha_connectivity,channel,alpha,C3,Pz,61,60,0.09788235606491943,0.010309082044492436,0.087573274020427,0.1100886635352733,0.0080465782715899,0.10052199511746632,0.010531706480780733,2323.0,0.010675338598727085,0.45660224157842666,0.45660224157842666,0.2693989071038252,0.2693989071038252,0.05481521379771921,0.0566041209420878,0.060849430012744385,True,False,False,False,ADHD > Control
Fp2_P3_alpha_connectivity,channel,alpha,Fp2,P3,61,60,-0.5233589261361606,-0.45392305905433555,-0.06943586708182509,-0.5347315113774658,-0.45013692740751204,-0.6062720055010696,-0.5076120592484321,1289.0,0.005078917690131888,-0.4563452733079383,0.4563452733079383,-0.2956284153005464,0.2956284153005464,0.03064280339712906,0.0315816336368201,0.04135690119107395,True,True,True,True,Control > ADHD
T7_P7_alpha_connectivity,channel,alpha,T7,P7,61,60,0.47872117364089517,0.33117922660397553,0.14754194703691964,0.4848145589230422,0.34229860713187465,0.575093598650327,0.40083969115664353,2426.0,0.0020211362994950644,0.451620897049475,0.451620897049475,0.3256830601092897,0.3256830601092897,0.014780835159943701,0.01536063587616249,0.020330253365509178,True,True,True,True,ADHD > Control
P3_Pz_theta_connectivity,channel,theta,P3,Pz,61,60,0.5977051971072979,0.5164920344441919,0.08121316266310596,0.6294066034259299,0.5442238664156493,0.7346280903494015,0.6066640320656836,2354.0,0.006650500382093502,0.45099891214017623,0.45099891214017623,0.28633879781420757,0.28633879781420757,0.0391460347693959,0.04025612620665447,0.08747965887215299,True,True,True,False,ADHD > Control
O1_F8_beta_connectivity,channel,beta,O1,F8,61,60,-0.28602574905136063,-0.23277478570824872,-0.05325096334311191,-0.2837647024264146,-0.22671254471922153,-0.3006089089884743,-0.24026108250277672,1351.0,0.013117120223778872,-0.448938909462881,0.448938909462881,-0.2617486338797814,0.2617486338797814,0.06504654138367057,0.06745947543657706,0.027353994613002284,True,False,False,True,Control > ADHD
frontal_central_delta_connectivity,regional,delta,frontal,central,61,60,-0.22734057633549395,-0.11310125367684495,-0.114239322658649,-0.2261693551234737,-0.11322645890486349,-0.25014847310952,-0.12125315871948011,1402.0,0.02667873938536461,-0.4472440035431093,0.4472440035431093,-0.23387978142076504,0.23387978142076504,0.10612861162090097,0.06669684846341152,0.08892913128454871,True,False,False,False,Control > ADHD
Fp1_F3_delta_connectivity,channel,delta,Fp1,F3,61,60,0.6697575432011525,0.5173626498817095,0.152394893319443,0.7284177192835538,0.5754053210878285,0.9332789024992483,0.7092952589380808,2341.0,0.008133827838092718,0.4410301949412077,0.4410301949412077,0.27923497267759556,0.27923497267759556,0.04564712861658222,0.04707833002486456,0.4285963040788808,True,True,True,False,ADHD > Control
Fp1_O2_beta_connectivity,channel,beta,Fp1,O2,61,60,-0.35929343302428957,-0.2921915551564202,-0.06710187786786936,-0.367413207454629,-0.3068988964981908,-0.39291153286757236,-0.306379400819336,1442.0,0.04455581019283074,-0.44057117517775435,0.44057117517775435,-0.21202185792349726,0.21202185792349726,0.1472986601808651,0.15012893680737058,0.06926403220885506,True,False,False,False,Control > ADHD
O1_Fz_beta_connectivity,channel,beta,O1,Fz,61,60,-0.18477968943230919,-0.2523128907890343,0.06753320135672511,-0.2019491388522191,-0.26757868014507347,-0.19069444987192713,-0.2648052392579571,2301.0,0.014723850462040649,0.4392405267314735,0.4392405267314735,0.2573770491803278,0.2573770491803278,0.07059647506302934,0.07297908489881018,0.029973552726297037,True,False,False,True,ADHD > Control
C4_O2_theta_connectivity,channel,theta,C4,O2,61,60,0.07568407093699193,-0.05409298055730493,0.12977705149429686,0.0714083394419768,-0.04204617074545365,0.08651877503185527,-0.05826982388964214,2242.0,0.0329049281500463,0.43793454159971146,0.43793454159971146,0.22513661202185786,0.22513661202185786,0.12092978670372347,0.12434790527420811,0.2344476130690799,True,False,False,False,ADHD > Control
F4_C3_theta_connectivity,channel,theta,F4,C3,61,60,-0.21387634028980798,-0.08823663599829848,-0.1256397042915095,-0.1969745623486501,-0.1592105887665906,-0.22861139487292767,-0.09502762936293484,1474.0,0.06533865500088337,-0.4359510871003556,0.4359510871003556,-0.194535519125683,0.194535519125683,0.1954759761183453,0.19862951120268543,0.3019705406797583,False,False,False,False,Control > ADHD
T8_P7_beta_connectivity,channel,beta,T8,P7,61,60,-0.17981363041830295,-0.1182384410514053,-0.061575189366897654,-0.163573572965829,-0.08621095699678075,-0.1868196407193481,-0.12163403090464059,1396.0,0.02462145079506514,-0.43590567887280673,0.43590567887280673,-0.23715846994535517,0.23715846994535517,0.10128369531606342,0.10460293381257488,0.04431861143111725,True,False,False,True,Control > ADHD
C4_P3_beta_connectivity,channel,beta,C4,P3,61,60,-0.307262697397699,-0.236889423693419,-0.07037327370428001,-0.3166344659372532,-0.25763998733621607,-0.3294539567883531,-0.2479533166921266,1425.0,0.035997738505029145,-0.4354078738321621,0.4354078738321621,-0.2213114754098361,0.2213114754098361,0.1296634959086622,0.1330943412834591,0.05976323577048528,True,False,False,False,Control > ADHD
C3_P7_alpha_connectivity,channel,alpha,C3,P7,61,60,0.032326213150779395,-0.06611387143630794,0.09844008458708733,0.0458427893823105,-0.1156546056311882,0.03359351425247202,-0.07332587954221273,2223.0,0.04187661504890479,0.43537437877721685,0.43537437877721685,0.21475409836065573,0.21475409836065573,0.14234117040097213,0.14539900859619734,0.15235959943324934,True,False,False,False,ADHD > Control
O1_Cz_alpha_connectivity,channel,alpha,O1,Cz,61,60,-0.2770009649980267,-0.35223663712725384,0.07523567212922716,-0.29094590542552,-0.380122260657604,-0.29407026407767173,-0.37967595601053084,2310.0,0.012927598633806216,0.4331539029443649,0.4331539029443649,0.2622950819672132,0.2622950819672132,0.06454883731638414,0.06698846564790494,0.07099354421003182,True,False,False,False,ADHD > Control
Fz_Cz_beta_connectivity,channel,beta,Fz,Cz,61,60,-0.06872046972138401,0.01009191855439191,-0.07881238827577593,-0.0768249448436209,0.01283441334994875,-0.07101171948011241,0.0113614896804405,1401.0,0.02632588045710819,-0.4303048104818512,0.4303048104818512,-0.2344262295081967,0.2344262295081967,0.10588854139414627,0.10913274080401214,0.04640954183675774,True,False,False,True,Control > ADHD
central_occipital_delta_connectivity,regional,delta,central,occipital,61,60,-0.12758207566751353,-0.22449108907051002,0.09690901340299649,-0.1295977025191683,-0.26819122714802895,-0.13301171094785094,-0.24413539289557995,2289.0,0.01745918464741299,0.4301609068207589,0.4301609068207589,0.25081967213114753,0.25081967213114753,0.08155128828856131,0.04988338470689426,0.08729592323706495,True,False,True,False,ADHD > Control
F3_Fz_delta_connectivity,channel,delta,F3,Fz,61,60,0.6852829820309297,0.56819564754811,0.11708733448281972,0.728144551034385,0.6257696081837307,0.9305969994581886,0.7495713698755128,2287.0,0.017956001121642747,0.42896851476947345,0.42896851476947345,0.24972677595628423,0.24972677595628423,0.08333426161582916,0.08649228709298337,0.4285963040788808,True,False,False,False,ADHD > Control
P4_Cz_theta_connectivity,channel,theta,P4,Cz,61,60,0.22420375142564852,0.11303294923726033,0.11117080218838819,0.2077813225827192,0.11656599189924274,0.24010930944047496,0.12586677898705817,2322.0,0.010835292386484216,0.427989038835512,0.427989038835512,0.26885245901639343,0.26885245901639343,0.05524473019587727,0.057010307633501574,0.11580218738055006,True,False,False,False,ADHD > Control
F4_P8_alpha_connectivity,channel,alpha,F4,P8,61,60,-0.1412521784351136,-0.2428005501966556,0.10154837176154202,-0.1836950793315713,-0.2799300058633514,-0.14896153073803645,-0.2653274119605069,2340.0,0.00825935614471308,0.42690876532599,0.42690876532599,0.278688524590164,0.278688524590164,0.04564712861658222,0.04707833002486456,0.052804839968310494,True,True,True,False,ADHD > Control
O2_Fz_beta_connectivity,channel,beta,O2,Fz,61,60,-0.46865999614523046,-0.4203289036255786,-0.04833109251965184,-0.4715298983603148,-0.4233172659031619,-0.5219373471344764,-0.4555373012086239,1403.0,0.027035675623706727,-0.42520184098619673,0.42520184098619673,-0.23333333333333328,0.23333333333333328,0.10637950625849821,0.11007382218223453,0.04717449522095766,True,False,False,True,Control > ADHD
F3_C4_theta_connectivity,channel,theta,F3,C4,61,60,-0.24950436342275337,-0.12990909644226406,-0.1195952669804893,-0.2254652287805904,-0.16489846972294908,-0.26787402448674913,-0.1462612697513849,1440.0,0.04346726262295438,-0.42478922311810746,0.42478922311810746,-0.21311475409836067,0.21311475409836067,0.14569582471768042,0.148658038170504,0.2351714645958874,True,False,False,False,Control > ADHD
Fp2_C4_theta_connectivity,channel,theta,Fp2,C4,61,60,0.04620672973849189,0.18111095764232565,-0.13490422790383377,-0.0185724495803356,0.16758322361580355,0.05942997541851646,0.2090578239481695,1330.0,0.009613249829504492,-0.42376466443208094,0.42376466443208094,-0.27322404371584696,0.27322404371584696,0.05043473098957429,0.052186213360167245,0.10959104805635121,True,False,False,False,Control > ADHD
Fp1_P7_beta_connectivity,channel,beta,Fp1,P7,61,60,-0.03263821920962852,-0.12132652753218028,0.08868830832255176,-0.0313067728686126,-0.15651713934144051,-0.0330522271644015,-0.12292941463686143,2422.0,0.002166731816550273,0.41904511672595457,0.41904511672595457,0.3234972677595629,0.3234972677595629,0.015531820150320768,0.01610918002739551,0.005530017024329802,True,True,True,True,ADHD > Control
P3_P7_theta_connectivity,channel,theta,P3,P7,61,60,0.31711156364413795,0.4018585909475712,-0.08474702730343325,0.3079468715381873,0.40046015631776605,0.3464209384725265,0.46816411558485826,1347.0,0.0123734890237013,-0.41811153434087395,0.41811153434087395,-0.26393442622950825,0.26393442622950825,0.062211153146942644,0.06460661444436404,0.12446274253252484,True,False,False,False,Control > ADHD
O1_T7_beta_connectivity,channel,beta,O1,T7,61,60,0.040261911044357834,-0.03686067613532585,0.07712258717968368,0.0381091016251074,-0.0689524294610334,0.04156113092277679,-0.03901317078283258,2269.0,0.023013463392490337,0.4168973535318035,0.4168973535318035,0.23989071038251364,0.23989071038251364,0.09631067916857228,0.09900131421675089,0.04186491744804093,True,False,False,True,ADHD > Control
Fp1_T8_beta_connectivity,channel,beta,Fp1,T8,61,60,-0.21811213494023562,-0.15861268208439297,-0.059499452855842655,-0.2095889929212933,-0.170092892371207,-0.22801352849123188,-0.16345721702055768,1358.0,0.01451395159991714,-0.41596497724338594,0.41596497724338594,-0.25792349726775954,0.25792349726775954,0.07005400638893339,0.07246381674703156,0.029902237633564227,True,False,False,True,Control > ADHD
T7_P7_beta_connectivity,channel,beta,T7,P7,61,60,0.3156656680042577,0.1797890064712829,0.1358766615329748,0.288432207569487,0.15155365316575375,0.36223146343562485,0.21411245386022457,2386.0,0.003979952969527321,0.41265021859074225,0.41265021859074225,0.30382513661202193,0.30382513661202193,0.02484039612015328,0.02568196067128951,0.009196918348502324,True,True,True,True,ADHD > Control
P4_F7_alpha_connectivity,channel,alpha,P4,F7,61,60,-0.4571337120096442,-0.3905059403407589,-0.06662777166888528,-0.4623471274874589,-0.3679528804444966,-0.5135501792972741,-0.4286431908827072,1320.0,0.00825935614471308,-0.4110578834870587,0.4110578834870587,-0.2786885245901639,0.2786885245901639,0.04564712861658222,0.04707833002486456,0.052804839968310494,True,True,True,False,Control > ADHD
central_temporal_beta_connectivity,regional,beta,central,temporal,61,60,-0.05122575949289031,0.03383032000817423,-0.08505607950106453,-0.038306826195321,0.0626411252886489,-0.05309971222648792,0.03276647100756226,1330.0,0.009613249829504492,-0.40889675481886134,0.40889675481886134,-0.27322404371584696,0.27322404371584696,0.05043473098957429,0.03204416609834831,0.02403312457376123,True,False,True,True,Control > ADHD
T8_P8_alpha_connectivity,channel,alpha,T8,P8,61,60,0.4705729189477975,0.3636351330464451,0.10693778590135239,0.5465865223974529,0.3360849941045392,0.6049067304922051,0.42999540487823124,2337.0,0.008646406544518677,0.40797973585106884,0.40797973585106884,0.27704918032786896,0.27704918032786896,0.04671640550919046,0.04808245590610386,0.052804839968310494,True,True,True,False,ADHD > Control
F7_T8_beta_connectivity,channel,beta,F7,T8,61,60,-0.22997887845533657,-0.1729912201352156,-0.05698765832012098,-0.1979250501427737,-0.1496166082590431,-0.242056776421717,-0.1784957590522299,1334.0,0.010208002436081127,-0.40684418600348177,0.40684418600348177,-0.27103825136612025,0.27103825136612025,0.0527899554551624,0.054549013017808526,0.021550227365060157,True,False,False,True,Control > ADHD
temporal_occipital_theta_connectivity,regional,theta,temporal,occipital,61,60,-0.09745812472999033,-0.1747979714708833,0.07733984674089298,-0.1135350051001106,-0.20439445687308821,-0.10116726756789575,-0.18408350684555513,2266.0,0.02396693429040108,0.4039885886761067,0.4039885886761067,0.23825136612021858,0.23825136612021858,0.09915463100714504,0.06391182477440288,0.04793386858080216,True,False,False,True,ADHD > Control
C4_P4_theta_connectivity,channel,theta,C4,P4,61,60,0.38922845779925735,0.2447155750903886,0.14451288270886875,0.4074562655925735,0.2566815778034752,0.4505885034513862,0.2956381790360567,2333.0,0.00918766670476481,0.40205576474569166,0.40205576474569166,0.27486338797814214,0.27486338797814214,0.04891081392830678,0.050274912208473035,0.10959104805635121,True,True,False,False,ADHD > Control
O1_Pz_alpha_connectivity,channel,alpha,O1,Pz,61,60,0.40689397410980016,0.31464039158276064,0.09225358252703952,0.41160325120466,0.27455086102260606,0.4455882871544968,0.35126296979355237,2507.0,0.00045315889299535344,0.4010302312823729,0.4010302312823729,0.3699453551912568,0.3699453551912568,0.005378476041453047,0.005740012644607811,0.012500212001858947,True,True,True,True,ADHD > Control
C4_P8_alpha_connectivity,channel,alpha,C4,P8,61,60,0.031133157330955286,-0.0785052902358587,0.10963844756681398,-0.0070347341770911,-0.09684742461975876,0.03555102429990145,-0.08287735237770104,2249.0,0.030042481631258364,0.3998955352190782,0.3998955352190782,0.22896174863387975,0.22896174863387975,0.11631420695738534,0.12016992652503346,0.12231581807012334,True,False,False,False,ADHD > Control
F4_Cz_beta_connectivity,channel,beta,F4,Cz,61,60,0.25094204480555754,0.3205210561830954,-0.06957901137753786,0.2785177773984845,0.31370927452500275,0.26453820519933174,0.3501979710910746,1442.0,0.04455581019283074,-0.3957571289376352,0.3957571289376352,-0.21202185792349726,0.21202185792349726,0.1472986601808651,0.15012893680737058,0.06926403220885506,True,False,False,False,Control > ADHD
Fp1_C3_beta_connectivity,channel,beta,Fp1,C3,61,60,0.1488185220750673,0.05690428111887222,0.09191424095619508,0.0956688822025964,0.062470437839608,0.16603170305310483,0.05982529316679543,2158.0,0.08954925065359044,0.3951499428171666,0.3951499428171666,0.1792349726775957,0.1792349726775957,0.24936022105076722,0.2520645573952916,0.12655307323771872,False,False,False,False,ADHD > Control
C4_O1_delta_connectivity,channel,delta,C4,O1,61,60,-0.35094045034614724,-0.46019663189473703,0.10925618154858979,-0.3825554300960407,-0.4807743501214127,-0.4085519699904813,-0.5570030290598557,2255.0,0.027761929881228633,0.3941533628177876,0.3941533628177876,0.23224043715846987,0.23224043715846987,0.10864668775140288,0.11236189372047566,0.4285963040788808,True,False,False,False,ADHD > Control
T8_Pz_beta_connectivity,channel,beta,T8,Pz,61,60,-0.17215329494822534,-0.11588032038384166,-0.05627297456438368,-0.1590029723518715,-0.1008755514344095,-0.17728840608901697,-0.11984706720167776,1399.0,0.02563224593691916,-0.3928444602957551,0.3928444602957551,-0.2355191256830601,0.2355191256830601,0.10367455898508085,0.10690522085885798,0.04565743807513726,True,False,False,True,Control > ADHD
O2_T8_alpha_connectivity,channel,alpha,O2,T8,61,60,0.12045985027396668,0.02081897447813057,0.09964087579583611,0.1288077278883329,0.012832087294442799,0.1267137923887018,0.026601418064822423,2339.0,0.008386615072067772,0.39263351418711673,0.39263351418711673,0.27814207650273226,0.27814207650273226,0.04599931297103838,0.04740863396111038,0.052804839968310494,True,True,True,False,ADHD > Control
O2_Fz_alpha_connectivity,channel,alpha,O2,Fz,61,60,-0.5080556685212743,-0.4541105770832444,-0.053945091438029835,-0.500440375080472,-0.4555528193603378,-0.573534090076168,-0.5050947910486439,1432.0,0.0393350547481049,-0.3909157672232417,0.3909157672232417,-0.2174863387978142,0.2174863387978142,0.13626114659152128,0.13940506449587434,0.14947320804279862,True,False,False,False,Control > ADHD
T8_P7_theta_connectivity,channel,theta,T8,P7,61,60,-0.0575154853497817,-0.1566445086325205,0.09912902328273879,-0.0345426221096027,-0.1599589368101984,-0.0649455866137119,-0.17163269588884422,2257.0,0.027035675623706727,0.39070503118980116,0.39070503118980116,0.2333333333333334,0.2333333333333334,0.10637950625849821,0.11007382218223453,0.22014764436446907,True,False,False,False,ADHD > Control
P4_T8_alpha_connectivity,channel,alpha,P4,T8,61,60,0.2447846106277678,0.1413195856316051,0.1034650249961627,0.2838665966116869,0.1282439141993737,0.26808300174847016,0.15476406834599696,2275.0,0.02120494271727432,0.38931906907889996,0.38931906907889996,0.24316939890710376,0.24316939890710376,0.09248420799582294,0.09542224222773445,0.09935321858736287,True,False,False,False,ADHD > Control
T8_P8_beta_connectivity,channel,beta,T8,P8,61,60,0.2675676459866892,0.1475219780059099,0.12004566798077929,0.2925318661469213,0.06811696857759375,0.3423309155581431,0.17455652948917563,2228.0,0.0393350547481049,0.3872613631602429,0.3872613631602429,0.21748633879781432,0.21748633879781432,0.13626114659152128,0.13940506449587434,0.06345560718798055,True,False,False,False,ADHD > Control
T8_Cz_beta_connectivity,channel,beta,T8,Cz,61,60,0.08722280186924772,0.011220980089257895,0.07600182177998982,0.0817444662366775,0.0010589408250057,0.09297148045973679,0.011795456604039956,2217.0,0.04510865259754318,0.38718249518136527,0.38718249518136527,0.2114754098360656,0.2114754098360656,0.14844847491191482,0.1512466587094095,0.06949170805567463,True,False,False,False,ADHD > Control
C3_P8_beta_connectivity,channel,beta,C3,P8,61,60,-0.3360658384026213,-0.2810381573855392,-0.05502768101708205,-0.3370934948023261,-0.26585448571277626,-0.3582278347044605,-0.2966150765916725,1365.0,0.016040327008991568,-0.3855676814279755,0.3855676814279755,-0.25409836065573765,0.25409836065573765,0.07541036853577854,0.07781265017127824,0.03152753929353515,True,False,False,True,Control > ADHD
F4_C4_beta_connectivity,channel,beta,F4,C4,61,60,0.35898692202308036,0.4430209757160934,-0.08403405369301303,0.3456388025409984,0.46326601545297175,0.4029848415954004,0.5260440979395385,1414.0,0.03124192452667291,-0.38526875937941873,0.38526875937941873,-0.22732240437158469,0.22732240437158469,0.11966222234697815,0.12321294196221531,0.05342369094061068,True,False,False,False,Control > ADHD
O1_F7_alpha_connectivity,channel,alpha,O1,F7,61,60,-0.2497798881875028,-0.17977177779784925,-0.07000811038965354,-0.2632333171937641,-0.20518195576950735,-0.26252921979369853,-0.18735525494575084,1450.0,0.049142709729841555,-0.38398212303303386,0.38398212303303386,-0.20765027322404372,0.20765027322404372,0.15673710063614663,0.1600648259771982,0.17507090341256054,True,False,False,False,Control > ADHD
F3_C3_beta_connectivity,channel,beta,F3,C3,61,60,0.3731629328561896,0.46781985770733503,-0.09465692485114541,0.3584431007216495,0.4859506418096708,0.4291185496744872,0.5493873989726232,1363.0,0.015590437984564165,-0.38328038723677366,0.38328038723677366,-0.25519125683060107,0.25519125683060107,0.07377436013610755,0.07617042558172778,0.03099959180651712,True,False,False,True,Control > ADHD
P7_Pz_theta_connectivity,channel,theta,P7,Pz,61,60,0.06604356250171452,0.14558673614223638,-0.07954317364052187,0.0401789566291313,0.1272469194704399,0.07097909066511014,0.1563836659120995,1440.0,0.04346726262295438,-0.38232914920636973,0.38232914920636973,-0.21311475409836067,0.21311475409836067,0.14569582471768042,0.148658038170504,0.2351714645958874,True,False,False,False,Control > ADHD
F7_P8_beta_connectivity,channel,beta,F7,P8,61,60,-0.21446960548598712,-0.15950101659763571,-0.054968588888351405,-0.2041760393335752,-0.15525022648409215,-0.22362171968446284,-0.16503594502020202,1378.0,0.019252581958462127,-0.3815540560776815,0.3815540560776815,-0.24699453551912565,0.24699453551912565,0.08711793336204113,0.09019702780539791,0.03657990572107804,True,False,False,True,Control > ADHD
F4_P3_alpha_connectivity,channel,alpha,F4,P3,61,60,-0.5287494908188961,-0.46607025004713615,-0.06267924077175996,-0.531675828807521,-0.502706870511056,-0.5996998492223383,-0.5270753186214324,1478.0,0.06842499331628256,-0.3797102266340948,0.3797102266340948,-0.1923497267759563,0.1923497267759563,0.20056556745339504,0.20348998012320552,0.21273952467426033,False,False,False,False,Control > ADHD
T7_P8_theta_connectivity,channel,theta,T7,P8,61,60,-0.10239191873631846,-0.1964720505039624,0.09408013176764395,-0.0822949841942938,-0.14517992739948316,-0.1089499443148473,-0.2231655848014664,2125.0,0.12683408953190867,0.3786216300993298,0.3786216300993298,0.1612021857923498,0.1612021857923498,0.3210765063674891,0.3225074990328086,0.4189731653477221,False,False,False,False,ADHD > Control
F4_F8_beta_connectivity,channel,beta,F4,F8,61,60,0.3806422872641994,0.2870937423529967,0.09354854491120274,0.4523380436961528,0.26767531862051896,0.4323672852686525,0.3209620115789199,2334.0,0.009049589277294504,0.3785113853966295,0.3785113853966295,0.2754098360655737,0.2754098360655737,0.04853261212415719,0.04991870214249549,0.019343497080217,True,True,True,True,ADHD > Control
Fp1_P4_alpha_connectivity,channel,alpha,Fp1,P4,61,60,-0.5279604335340882,-0.46256801116585267,-0.0653924223682355,-0.5304190357831956,-0.4618875700243057,-0.6152522882638222,-0.525740724316145,1411.0,0.030042481631258364,-0.37826050649811654,0.37826050649811654,-0.22896174863387975,0.22896174863387975,0.11631420695738534,0.12016992652503346,0.12231581807012334,True,False,False,False,Control > ADHD
F3_T8_alpha_connectivity,channel,alpha,F3,T8,61,60,-0.29533923704949555,-0.21935260913799587,-0.07598662791149968,-0.2780807398640262,-0.1957132574680367,-0.31702018274910954,-0.23490176076215713,1388.0,0.0220931113827207,-0.378259315979144,0.378259315979144,-0.2415300546448087,0.2415300546448087,0.09354042480169467,0.09625279099223541,0.09941900122224316,True,False,False,False,Control > ADHD
Fp2_Cz_alpha_connectivity,channel,alpha,Fp2,Cz,61,60,-0.02047708277696844,0.0833411912301401,-0.10381827400710854,-0.0362693407113064,0.10829134053252254,-0.017720616535287954,0.09299461247532825,1385.0,0.02120494271727432,-0.377918246199177,0.377918246199177,-0.24316939890710387,0.24316939890710387,0.09248420799582294,0.09542224222773445,0.09935321858736287,True,False,False,False,Control > ADHD
P3_P7_beta_connectivity,channel,beta,P3,P7,61,60,0.3293166115333231,0.24408475770714216,0.08523185382618093,0.3164209720129587,0.24636706405628064,0.3537082684498556,0.2645470115594234,2234.0,0.03645919265942315,0.37768117745764473,0.37768117745764473,0.22076502732240444,0.22076502732240444,0.13067552220506118,0.1340757407475561,0.059947326391936145,True,False,False,False,ADHD > Control
central_temporal_alpha_connectivity,regional,alpha,central,temporal,61,60,-0.114551337557827,-0.019045474735942928,-0.09550586282188407,-0.1082190753644369,0.04041550305029265,-0.12061670810884395,-0.026292588839609988,1340.0,0.011161604259063497,-0.3760038784913294,0.3760038784913294,-0.26775956284153,0.26775956284153,0.056510499885048755,0.03434339772019537,0.02790401064765874,True,False,True,True,Control > ADHD
Fp1_F7_delta_connectivity,channel,delta,Fp1,F7,61,60,0.5200394821463319,0.6246283202001847,-0.10458883805385277,0.5676978830924627,0.6855868419942317,0.6731697566610686,0.8452618764773218,1448.0,0.047960353192599475,-0.3737421176069755,0.3737421176069755,-0.20874316939890714,0.20874316939890714,0.15364290137806205,0.15696115590305282,0.48707542977531226,True,False,False,False,Control > ADHD
O1_P8_alpha_connectivity,channel,alpha,O1,P8,61,60,0.036336364662176115,0.11049153668876358,-0.07415517202658746,0.0469644411994,0.11659107707923105,0.03752063956345922,0.11507399151617985,1415.0,0.031650765724794756,-0.37339126120312544,0.37339126120312544,-0.22677595628415304,0.22677595628415304,0.11966222234697815,0.12321294196221531,0.12586699857999775,True,False,False,False,Control > ADHD
Fp1_Fp2_beta_connectivity,channel,beta,Fp1,Fp2,61,60,-0.09225474892573662,0.020792587340214094,-0.11304733626595072,-0.0042159618827272,0.07802210512911545,-0.10993212021541976,0.01602366775241732,1416.0,0.03206418665098586,-0.3704523207701365,0.3704523207701365,-0.22622950819672127,0.22622950819672127,0.11966222234697815,0.12321294196221531,0.054286890270481,True,False,False,False,Control > ADHD
F4_P7_alpha_connectivity,channel,alpha,F4,P7,61,60,-0.3708686273523402,-0.4165979795934263,0.045729352241086096,-0.3809584545282544,-0.4194503485399403,-0.397275934384298,-0.45467067111338805,2233.0,0.03692567797572172,0.36380128872831335,0.36380128872831335,0.22021857923497268,0.22021857923497268,0.1316955214503573,0.13506504671333508,0.14350661213291852,True,False,False,False,ADHD > Control
Fp2_P7_theta_connectivity,channel,theta,Fp2,P7,61,60,-0.27786187070352225,-0.3624317014540867,0.08456983075056446,-0.2717080682293674,-0.41938328207662307,-0.3052827065546125,-0.4037634019476599,2272.0,0.0220931113827207,0.3636380651758475,0.3636380651758475,0.2415300546448087,0.2415300546448087,0.09354042480169467,0.09625279099223541,0.19883800244448632,True,False,False,False,ADHD > Control
C3_T7_theta_connectivity,channel,theta,C3,T7,61,60,0.2657764525379244,0.3484329171316595,-0.0826564645937351,0.273952934675448,0.39889138780133065,0.2885527134981151,0.4196365229814238,1495.0,0.08290590296454275,-0.3628005753095135,0.3628005753095135,-0.18306010928961747,0.18306010928961747,0.23355592897404262,0.23628182344894685,0.3544227351734203,False,False,False,False,Control > ADHD
Cz_Pz_delta_connectivity,channel,delta,Cz,Pz,61,60,-0.13408272540787325,-0.28032161896963964,0.1462388935617664,-0.0562642742681701,-0.28624302330820517,-0.1627161094374583,-0.3450607097709872,2261.0,0.02563224593691916,0.36247230201584085,0.36247230201584085,0.23551912568306022,0.23551912568306022,0.10367455898508085,0.10690522085885798,0.4285963040788808,True,False,False,False,ADHD > Control
T7_P8_beta_connectivity,channel,beta,T7,P8,61,60,-0.19258527977857404,-0.1335126666875592,-0.05907261309101483,-0.1926850760437575,-0.11111939900274351,-0.19947350553271834,-0.13895137254141568,1317.0,0.007887882441122838,-0.36063586794237396,0.36063586794237396,-0.280327868852459,0.280327868852459,0.044615835057601055,0.04611377427117967,0.01729266535169238,True,True,True,True,Control > ADHD
P4_O1_beta_connectivity,channel,beta,P4,O1,61,60,-0.009244809671954254,0.04685851174283859,-0.056103321414792844,-0.0012061263725001,0.06798739197499035,-0.009470579443989538,0.04754101098546391,1444.0,0.0456672672858111,-0.35934211866134236,0.35934211866134236,-0.21092896174863385,0.21092896174863385,0.1496067941851911,0.15237273572436483,0.06972413130244375,True,False,False,False,Control > ADHD
Fp2_C4_delta_connectivity,channel,delta,Fp2,C4,61,60,0.21129169495532443,0.3397393516706394,-0.12844765671531497,0.1288578737494927,0.34265006382941043,0.268026410064971,0.4375233002675218,1423.0,0.03508975588949901,-0.3584754590148927,0.3584754590148927,-0.2224043715846995,0.2224043715846995,0.12702491631998641,0.13044235341531155,0.4285963040788808,True,False,False,False,Control > ADHD
C3_F7_beta_connectivity,channel,beta,C3,F7,61,60,0.16031952895350185,0.08181355857126901,0.07850597038223284,0.0938674262788894,0.0570067963517936,0.176096942281757,0.08625563282442297,2092.0,0.17521623901591998,0.3563848068149407,0.3563848068149407,0.1431693989071039,0.1431693989071039,0.3809506217643425,0.3816812340346792,0.23226338660249857,False,False,False,False,ADHD > Control
O1_P7_delta_connectivity,channel,delta,O1,P7,61,60,0.5167324092276833,0.606126271201054,-0.08939386197337074,0.5266987199222055,0.64838919256842,0.6470718523673278,0.7926384340903884,1384.0,0.020915879159025454,-0.3563125119732369,0.3563125119732369,-0.24371584699453552,0.24371584699453552,0.09248420799582294,0.09542224222773445,0.4285963040788808,True,False,False,False,Control > ADHD
Fp2_Cz_delta_connectivity,channel,delta,Fp2,Cz,61,60,0.1969215597270477,0.3372304529696677,-0.14030889324262,0.1165601243564221,0.33466594513423914,0.2601763841046263,0.43406690903971523,1398.0,0.025291396573659676,-0.35625848471303584,0.35625848471303584,-0.23606557377049175,0.23606557377049175,0.1034518142335006,0.10678589664434086,0.4285963040788808,True,False,False,False,Control > ADHD
Fp1_T7_beta_connectivity,channel,beta,Fp1,T7,61,60,0.11608137734068483,0.0290573557365839,0.08702402160410093,0.0615067284715824,0.009643945107097951,0.1253372404369822,0.03237518587120564,2204.0,0.052837449363514796,0.3559794325087144,0.3559794325087144,0.2043715846994536,0.2043715846994536,0.16488928163441685,0.16809681564950754,0.07856698992313939,False,False,False,False,ADHD > Control
F7_T7_beta_connectivity,channel,beta,F7,T7,61,60,0.33986950369870983,0.23820784850335663,0.1016616551953532,0.3159188799796503,0.2329788968093777,0.3898093487054182,0.2720376805659447,2246.0,0.03124192452667291,0.35362891257947937,0.35362891257947937,0.22732240437158469,0.22732240437158469,0.11966222234697815,0.12321294196221531,0.05342369094061068,True,False,False,False,ADHD > Control
O2_Cz_alpha_connectivity,channel,alpha,O2,Cz,61,60,-0.09395163102763919,-0.17004355400897542,0.07609192298133623,-0.0913932992210524,-0.2164427312315351,-0.09771633556360619,-0.1821433615529627,2267.0,0.02364537231653064,0.3527944437779548,0.3527944437779548,0.23879781420765034,0.23879781420765034,0.09838649170786312,0.10108396665316849,0.10108396665316849,True,False,False,False,ADHD > Control
F3_Pz_beta_connectivity,channel,beta,F3,Pz,61,60,-0.12214328240437226,-0.17738532890227582,0.055242046497903555,-0.1074991779699043,-0.18232791874615634,-0.12490956374733438,-0.18428133611336203,2215.0,0.04623169935763451,0.34987510942148903,0.34987510942148903,0.2103825136612021,0.2103825136612021,0.1500975351342035,0.15276561526870536,0.06996124416066815,True,False,False,False,ADHD > Control
F4_Pz_beta_connectivity,channel,beta,F4,Pz,61,60,-0.427645371710778,-0.38050227275647874,-0.047143098954299245,-0.4486069645626338,-0.39569601428341694,-0.4684563069008843,-0.4104928273940848,1434.0,0.040335513994663584,-0.34836364517175766,0.34836364517175766,-0.2163934426229508,0.2163934426229508,0.13906148634350685,0.1422138740842778,0.06446142890735956,True,False,False,False,Control > ADHD
C4_Pz_theta_connectivity,channel,theta,C4,Pz,61,60,-0.08329093729471591,-0.16920633301185412,0.0859153957171382,-0.0454205605396524,-0.11423338658177645,-0.09199912382224512,-0.18761732239392173,2230.0,0.038355743626737146,0.3478336101842906,0.3478336101842906,0.21857923497267762,0.21857923497267762,0.1354612604183302,0.13881126264914395,0.2351714645958874,True,False,False,False,ADHD > Control
F7_P8_delta_connectivity,channel,delta,F7,P8,61,60,-0.3265604826888289,-0.43362747793304557,0.10706699524421665,-0.2833258030670113,-0.44218876758681847,-0.3933758263529933,-0.5337210290935681,2244.0,0.03206418665098586,0.347797204077259,0.347797204077259,0.22622950819672139,0.22622950819672139,0.11966222234697815,0.12321294196221531,0.4285963040788808,True,False,False,False,ADHD > Control
C4_O1_alpha_connectivity,channel,alpha,C4,O1,61,60,-0.33252105604765786,-0.3841138886022641,0.05159283255460623,-0.3218300873562402,-0.39833991256706935,-0.35570199904106165,-0.41490082487065255,2207.0,0.050962044046033446,0.3477701630399876,0.3477701630399876,0.20601092896174866,0.20601092896174866,0.16112017418920618,0.164424708148523,0.1778471333035045,False,False,False,False,ADHD > Control
Fp1_F7_theta_connectivity,channel,theta,Fp1,F7,61,60,0.5413808315176347,0.610995664437547,-0.06961483291991233,0.558939253776477,0.632191279530717,0.6630375412727523,0.7870319985518675,1539.0,0.13207489184983856,-0.3476803709619038,0.3476803709619038,-0.15901639344262297,0.15901639344262297,0.32635570545830417,0.32731603632351297,0.4189731653477221,False,False,False,False,Control > ADHD
O1_P7_alpha_connectivity,channel,alpha,O1,P7,61,60,0.44362234796465955,0.4996818824814815,-0.05605953451682194,0.4542652849340918,0.5199606824739968,0.4965330688881622,0.584353010901846,1435.0,0.04084378243960124,-0.346947009307524,0.346947009307524,-0.21584699453551914,0.21584699453551914,0.13948537021826085,0.14253646524840433,0.1518323216776481,True,False,False,False,Control > ADHD
P3_Pz_delta_connectivity,channel,delta,P3,Pz,61,60,0.6766505918847513,0.6046553759771195,0.0719952159076318,0.7419615897141068,0.6333539676709299,0.9334761252775249,0.789374606192401,2203.0,0.053475262261856664,0.3436882974893813,0.3436882974893813,0.20382513661202184,0.20382513661202184,0.1661634758694602,0.16933833049587946,0.48707542977531226,False,False,False,False,ADHD > Control
F8_T7_beta_connectivity,channel,beta,F8,T7,61,60,-0.23076881031662036,-0.17691736421509488,-0.05385144610152548,-0.2490834811961658,-0.1685948824622484,-0.24361104730712083,-0.1836912947007187,1448.0,0.047960353192599475,-0.3409259671062622,0.3409259671062622,-0.20874316939890714,0.20874316939890714,0.15364290137806205,0.15696115590305282,0.07194052978889921,True,False,False,False,Control > ADHD
F3_F7_theta_connectivity,channel,theta,F3,F7,61,60,0.4502300427152064,0.3648582735099695,0.08537176920523687,0.4869007393903283,0.3881680998093044,0.5347442090799197,0.4186126841071731,2172.0,0.07666767427328977,0.33808642827757046,0.33808642827757046,0.18688524590163924,0.18688524590163924,0.21853305580260549,0.2212687308140515,0.33615826412134747,False,False,False,False,ADHD > Control
Fp1_O2_alpha_connectivity,channel,alpha,Fp1,O2,61,60,-0.409639659661253,-0.35167775906487503,-0.05796190059637796,-0.4043667266547557,-0.3358490014874723,-0.4556883951947549,-0.3813369111131879,1507.0,0.09455194967314379,-0.33787435135156013,0.33787435135156013,-0.1765027322404371,0.1765027322404371,0.2602874964386164,0.2629005429936193,0.2740403965102981,False,False,False,False,Control > ADHD
P3_O1_beta_connectivity,channel,beta,P3,O1,61,60,0.5219362975196533,0.419013389531443,0.1029229079882103,0.5173073521454437,0.4122620686545919,0.6210337366442852,0.5052228615354363,2274.0,0.021497480045218866,0.3369612657760042,0.3369612657760042,0.24262295081967222,0.24262295081967222,0.09264390209963369,0.095482313967076,0.03995727269274377,True,False,False,True,ADHD > Control
F8_P8_alpha_connectivity,channel,alpha,F8,P8,61,60,0.13640620452877028,0.05604190233843917,0.08036430219033111,0.1430927097257823,0.013190047734097751,0.1482545202389513,0.062026944637760935,2204.0,0.052837449363514796,0.3353500889503971,0.3353500889503971,0.2043715846994536,0.2043715846994536,0.16488928163441685,0.16809681564950754,0.18070407682322062,False,False,False,False,ADHD > Control
Fp2_T8_beta_connectivity,channel,beta,Fp2,T8,61,60,0.07353523941215412,0.004358522093470494,0.06917671731868362,0.042736536262334,-0.03450322608940955,0.08022129897117304,0.004967763394666273,2161.0,0.08665140415162045,0.3349123508101238,0.3349123508101238,0.18087431693989076,0.18087431693989076,0.24222245793734828,0.24491553900705945,0.12347825091605916,False,False,False,False,ADHD > Control
P4_P8_theta_connectivity,channel,theta,P4,P8,61,60,0.32756809494471517,0.40092284137739154,-0.07335474643267637,0.2995411201742189,0.34788100351374207,0.3640441412208878,0.4782448951613281,1593.0,0.22018715962691782,-0.3340670484556837,0.3340670484556837,-0.12950819672131153,0.12950819672131153,0.44529470270918575,0.4442714371233386,0.5246200400826094,False,False,False,False,Control > ADHD
Fp2_P8_alpha_connectivity,channel,alpha,Fp2,P8,61,60,-0.027466378020208765,-0.11156995262106703,0.08410357460085827,-0.0712368509347748,-0.15669961087197842,-0.025703339331623675,-0.11883551115908127,2202.0,0.05411949219725692,0.33390143926104543,0.33390143926104543,0.20327868852459008,0.20327868852459008,0.16673409510984685,0.16980611313267766,0.18145947383786143,False,False,False,False,ADHD > Control
Fp2_O1_beta_connectivity,channel,beta,Fp2,O1,61,60,-0.3342700204424052,-0.28780787436997196,-0.046462146072433264,-0.3083199665240329,-0.314017031414277,-0.3576855705575949,-0.3024296252182658,1622.0,0.28206466380960993,-0.33382798865621205,0.33382798865621205,-0.11366120218579234,0.11366120218579234,0.5169995356915382,0.5131176331004607,0.35994819038390524,False,False,False,False,Control > ADHD
F3_P8_beta_connectivity,channel,beta,F3,P8,61,60,-0.31902924130287197,-0.2728902651474316,-0.04613897615544038,-0.3124610413584473,-0.2760540021551803,-0.33706921628154235,-0.2869868593423473,1428.0,0.03739723663484688,-0.3335699453818477,0.3335699453818477,-0.21967213114754103,0.21967213114754103,0.13272352609622126,0.13606228647997481,0.06090407109103634,True,False,False,False,Control > ADHD
C4_P3_theta_connectivity,channel,theta,C4,P3,61,60,-0.20295390488728793,-0.2851975120308306,0.08224360714354267,-0.1823232864450752,-0.2714974896897656,-0.22406595967295806,-0.3152482893508527,2244.0,0.03206418665098586,0.3333669832543317,0.3333669832543317,0.22622950819672139,0.22622950819672139,0.11966222234697815,0.12321294196221531,0.2344476130690799,True,False,False,False,ADHD > Control
P4_Fz_beta_connectivity,channel,beta,P4,Fz,61,60,-0.46514537528497296,-0.42765232268202014,-0.037493052602952825,-0.477601224899833,-0.4276192381272724,-0.5151393549410418,-0.4653064821060658,1375.0,0.018465158360424148,-0.33205985415818456,0.33205985415818456,-0.24863387978142082,0.24863387978142082,0.08408034372922694,0.08710460909331115,0.035478000894747515,True,False,False,True,Control > ADHD
F4_F7_beta_connectivity,channel,beta,F4,F7,61,60,-0.1631276586151315,-0.11600896111210456,-0.047118697503026954,-0.1509135620166762,-0.10523104152806255,-0.16948327229943067,-0.11898185591628743,1470.0,0.06236803343344608,-0.33121148561010555,0.33121148561010555,-0.19672131147540983,0.19672131147540983,0.18736288882080895,0.19044524494855858,0.09115327963349812,False,False,False,False,Control > ADHD
F3_O2_alpha_connectivity,channel,alpha,F3,O2,61,60,-0.49697563494982455,-0.4504324290327456,-0.046543205917078945,-0.4914615466436458,-0.4258000998169027,-0.5576278769528672,-0.5003320920793134,1386.0,0.021497480045218866,-0.33087129199925996,0.33087129199925996,-0.2426229508196721,0.2426229508196721,0.09264390209963369,0.095482313967076,0.09935321858736287,True,False,False,False,Control > ADHD
T8_P7_delta_connectivity,channel,delta,T8,P7,61,60,-0.22522927169522572,-0.3371749872192397,0.111945715524014,-0.1818765348787794,-0.3303200016137597,-0.27485959394576376,-0.4129705317295024,2242.0,0.0329049281500463,0.33042941727738484,0.33042941727738484,0.22513661202185786,0.22513661202185786,0.12092978670372347,0.12434790527420811,0.4285963040788808,True,False,False,False,ADHD > Control
O2_T8_theta_connectivity,channel,theta,O2,T8,61,60,0.1590977013007175,0.05936980043368059,0.0997279008670369,0.1393184329561964,0.0652132925414114,0.17306092117057995,0.07388103754775184,2258.0,0.02667873938536461,0.3298587849725862,0.3298587849725862,0.23387978142076493,0.23387978142076493,0.10612861162090097,0.10992926349150238,0.22014764436446907,True,False,False,False,ADHD > Control
Fp2_F3_beta_connectivity,channel,beta,Fp2,F3,61,60,-0.05756122171481087,0.0029264234924323003,-0.060487645207243174,-0.0596180085020621,0.0229479874498743,-0.06132484532142543,0.004463568426360838,1572.0,0.18191042067901753,-0.32916810410137765,0.32916810410137765,-0.14098360655737707,0.14098360655737707,0.390810518016643,0.39125062876504707,0.23745558729856486,False,False,False,False,Control > ADHD
T7_Pz_alpha_connectivity,channel,alpha,T7,Pz,61,60,-0.17377730026807925,-0.10819573072959217,-0.06558156953848708,-0.1742402772110305,-0.15164062780829146,-0.18112096922273363,-0.10979040132851475,1525.0,0.11444004564235453,-0.3286066572050875,0.3286066572050875,-0.16666666666666663,0.16666666666666663,0.2991140543143129,0.3010653508437327,0.305769496950666,False,False,False,False,Control > ADHD
Fp2_P7_alpha_connectivity,channel,alpha,Fp2,P7,61,60,-0.19483279435320613,-0.25993622911312503,0.0651034347599189,-0.2008060561330041,-0.3033349391583652,-0.20621056956154127,-0.27577627428470236,2178.0,0.07163017752662632,0.32399763086412936,0.32399763086412936,0.19016393442622959,0.19016393442622959,0.20661453597321697,0.2093805189239846,0.21489053257987895,False,False,False,False,ADHD > Control
O2_P8_delta_connectivity,channel,delta,O2,P8,61,60,0.503267214326269,0.5928492379427455,-0.08958202361647649,0.5765597734798095,0.6207775125508247,0.6552680303277444,0.8207215241913655,1548.0,0.1444788746311423,-0.3231023051532741,0.3231023051532741,-0.15409836065573768,0.15409836065573768,0.3396757900542569,0.34062372844974703,0.6238719555367018,False,False,False,False,Control > ADHD
Fp2_P7_delta_connectivity,channel,delta,Fp2,P7,61,60,-0.4267255273006166,-0.5209043376263419,0.09417881032572534,-0.4524546669065606,-0.5342149674255912,-0.5255707911340569,-0.6608758822212253,2204.0,0.052837449363514796,0.3217505491450187,0.3217505491450187,0.2043715846994536,0.2043715846994536,0.16488928163441685,0.16809681564950754,0.48707542977531226,False,False,False,False,ADHD > Control
F8_P7_beta_connectivity,channel,beta,F8,P7,61,60,-0.2134354612061678,-0.16862573398225938,-0.04480972722390841,-0.200813562402211,-0.14572542347496176,-0.22315624728129768,-0.1738004440572148,1478.0,0.06842499331628256,-0.3210380074527285,0.3210380074527285,-0.1923497267759563,0.1923497267759563,0.20056556745339504,0.20348998012320552,0.09915825302613829,False,False,False,False,Control > ADHD
C3_O1_theta_connectivity,channel,theta,C3,O1,61,60,-0.015278423048310601,-0.09121504756016788,0.07593662451185727,-0.0399366119583333,-0.0808060953653206,-0.01206267116063365,-0.09828388207659829,2122.0,0.13074922006024675,0.3208792257515809,0.3208792257515809,0.15956284153005473,0.15956284153005473,0.32418642234115974,0.32520896916803194,0.4189731653477221,False,False,False,False,ADHD > Control
C4_P7_theta_connectivity,channel,theta,C4,P7,61,60,-0.39927762262939565,-0.4627096822207042,0.06343205959130854,-0.422117918617185,-0.47638820825230255,-0.4470102580477561,-0.5252026933983266,2120.0,0.13341095369535624,0.3200420399345799,0.3200420399345799,0.1584699453551912,0.1584699453551912,0.32742213720487434,0.32824853355260314,0.4189731653477221,False,False,False,False,ADHD > Control
F3_C3_delta_connectivity,channel,delta,F3,C3,61,60,0.4002334543596171,0.516796752483,-0.11656329812338295,0.422689328831012,0.5349964371870353,0.5451107528108844,0.73350243118318,1499.0,0.08665140415162045,-0.31908457815414376,0.31908457815414376,-0.18087431693989076,0.18087431693989076,0.24222245793734828,0.24491553900705945,0.5998003556882329,False,False,False,False,Control > ADHD
O1_Cz_delta_connectivity,channel,delta,O1,Cz,61,60,-0.3090536273071111,-0.41579238155824955,0.10673875425113843,-0.2848083981496627,-0.44580404134879226,-0.3719643790222493,-0.49438975533962987,2275.0,0.02120494271727432,0.31761457829684026,0.31761457829684026,0.24316939890710376,0.24316939890710376,0.09248420799582294,0.09542224222773445,0.4285963040788808,True,False,False,False,ADHD > Control
F7_P8_theta_connectivity,channel,theta,F7,P8,61,60,-0.19271178105424847,-0.2661172150624115,0.07340543400816302,-0.1717279990327546,-0.23974933403217466,-0.20936442267499045,-0.2948980173429175,2140.0,0.10861112906992067,0.31577179960057494,0.31577179960057494,0.1693989071038251,0.1693989071038251,0.2869870709730751,0.28906619565690944,0.4189731653477221,False,False,False,False,ADHD > Control
F7_Fz_theta_connectivity,channel,theta,F7,Fz,61,60,0.195357063616257,0.26470311877179187,-0.06934605515553488,0.196233489300352,0.28041944260064094,0.20958432859607884,0.2981788943815438,1526.0,0.11563485000779898,-0.31574399796294805,0.31574399796294805,-0.16612021857923498,0.16612021857923498,0.3011497532577211,0.30304305519285246,0.4189731653477221,False,False,False,False,Control > ADHD
P4_T7_alpha_connectivity,channel,alpha,P4,T7,61,60,-0.3465178643715436,-0.28806746631329855,-0.058450398058245034,-0.3317176370938057,-0.3045664105568938,-0.37490262786028605,-0.31012779170415744,1477.0,0.0676423894727773,-0.31487223054951596,0.31487223054951596,-0.19289617486338795,0.19289617486338795,0.20056556745339504,0.20348998012320552,0.21273952467426033,False,False,False,False,Control > ADHD
T8_P8_theta_connectivity,channel,theta,T8,P8,61,60,0.4748061159892658,0.38805717359412595,0.08674894239513986,0.527831062041696,0.401336053744933,0.6189720375797837,0.47142501629629924,2228.0,0.0393350547481049,0.31319303405450427,0.31319303405450427,0.21748633879781432,0.21748633879781432,0.13626114659152128,0.13940506449587434,0.2351714645958874,True,False,False,False,ADHD > Control
C4_P3_delta_connectivity,channel,delta,C4,P3,61,60,-0.30543373007455216,-0.40306924272692407,0.09763551265237191,-0.2757842686191599,-0.3632948867431056,-0.3733063105783037,-0.5158166931968228,2149.0,0.09871332629908988,0.3119209247083339,0.3119209247083339,0.1743169398907103,0.1743169398907103,0.26969225751147574,0.27225772253458663,0.5998003556882329,False,False,False,False,ADHD > Control
Fp1_O1_alpha_connectivity,channel,alpha,Fp1,O1,61,60,-0.28977233504211425,-0.22271783220176652,-0.06705450284034772,-0.327946344634367,-0.25170745789975585,-0.3119862755838141,-0.23706275989921316,1567.0,0.1735717791088086,-0.3100392514314234,0.3100392514314234,-0.14371584699453555,0.14371584699453555,0.3808059638629619,0.3816812340346792,0.37339707005111394,False,False,False,False,Control > ADHD
P4_P8_delta_connectivity,channel,delta,P4,P8,61,60,0.39706093627199357,0.5017827798514735,-0.10472184357947989,0.4475708248669496,0.5187376542865926,0.5077938745420922,0.6694516446609357,1517.0,0.10522813257688295,-0.30671759561360146,0.30671759561360146,-0.17103825136612016,0.17103825136612016,0.2800925293590561,0.28225899091210954,0.5998003556882329,False,False,False,False,Control > ADHD
T7_P7_theta_connectivity,channel,theta,T7,P7,61,60,0.47798728762019654,0.3849331651136908,0.09305412250650574,0.5173407445395032,0.45163548317990665,0.5799584216161379,0.4607200643241246,2219.0,0.04400869512905495,0.30661631970679876,0.30661631970679876,0.2125683060109289,0.2125683060109289,0.14683085379463495,0.14976093267797802,0.2351714645958874,True,False,False,False,ADHD > Control
Fp1_Pz_beta_connectivity,channel,beta,Fp1,Pz,61,60,-0.14869999981199722,-0.20080173176749122,0.052101731955494,-0.1401909700786753,-0.2313864705443444,-0.15320414345349412,-0.20871679812104232,2242.0,0.0329049281500463,0.306590977846918,0.306590977846918,0.22513661202185786,0.22513661202185786,0.12092978670372347,0.12434790527420811,0.05516414425154822,True,False,False,False,ADHD > Control
C3_P4_theta_connectivity,channel,theta,C3,P4,61,60,-0.2786100621569688,-0.34633021262312164,0.06772015046615282,-0.2344022452395421,-0.32102499354047487,-0.3060233663843801,-0.3874704848301993,2195.0,0.05881274823408567,0.3065741747573315,0.3065741747573315,0.19945355191256842,0.19945355191256842,0.17890936857763878,0.1820267863896588,0.2860171413159752,False,False,False,False,ADHD > Control
O2_F7_alpha_connectivity,channel,alpha,O2,F7,61,60,-0.32583184371762897,-0.27382830027112365,-0.05200354344650532,-0.3286813108607954,-0.2531708755248117,-0.3495911216364358,-0.29178491563396564,1391.0,0.023013463392490337,-0.3056468415817012,0.3056468415817012,-0.23989071038251364,0.23989071038251364,0.09631067916857228,0.09900131421675089,0.1009051856439961,True,False,False,False,Control > ADHD
P4_P8_alpha_connectivity,channel,alpha,P4,P8,61,60,0.3093852437096002,0.37274045021413627,-0.06335520650453608,0.3462191827249906,0.34513344297515836,0.3360810008205696,0.42299463289314404,1635.0,0.3133104591507382,-0.3051935362017917,0.3051935362017917,-0.10655737704918034,0.10655737704918034,0.5465946323497215,0.5425426685040631,0.541172611260366,False,False,False,False,Control > ADHD
F8_T7_theta_connectivity,channel,theta,F8,T7,61,60,-0.14560531593966475,-0.22085527669757835,0.0752499607579136,-0.1483867076348407,-0.17015435255024347,-0.1586913555506818,-0.2479549638538259,2063.0,0.22808968841319477,0.30513588625409527,0.30513588625409527,0.1273224043715846,0.1273224043715846,0.4478222375728744,0.44585272528267084,0.5246200400826094,False,False,False,False,ADHD > Control
P4_T8_theta_connectivity,channel,theta,P4,T8,61,60,0.2255090639779659,0.1326636287049393,0.0928454352730266,0.2306613756577384,0.11263991391383771,0.25026142669132895,0.15477738813504677,2225.0,0.04084378243960124,0.30105792480698285,0.30105792480698285,0.21584699453551903,0.21584699453551903,0.13948537021826085,0.14253646524840433,0.2351714645958874,True,False,False,False,ADHD > Control
F3_Pz_theta_connectivity,channel,theta,F3,Pz,61,60,-0.24713938059537846,-0.17170386960741954,-0.07543551098795892,-0.3212032187338798,-0.21288364623213055,-0.2628781144668899,-0.18173912562910288,1445.0,0.04623169935763451,-0.300784887885932,0.300784887885932,-0.2103825136612022,0.2103825136612022,0.1500975351342035,0.15276561526870536,0.2395642603077425,True,False,False,False,Control > ADHD
F7_Pz_alpha_connectivity,channel,alpha,F7,Pz,61,60,-0.3478243416825677,-0.2857545974872698,-0.06206974419529793,-0.3910768716419944,-0.3474355176895727,-0.3782982547223873,-0.30626120074772917,1569.0,0.17687229634000134,-0.3003067052004547,0.3003067052004547,-0.14262295081967213,0.14262295081967213,0.3822553508960029,0.3828501604321548,0.37339707005111394,False,False,False,False,Control > ADHD
T8_Cz_theta_connectivity,channel,theta,T8,Cz,61,60,-0.04919413432894634,0.039083548872221346,-0.08827768320116769,-0.0892156372441631,0.0196969213027911,-0.04882216402526792,0.045033040505169424,1467.0,0.060214135013889517,-0.29997843295780363,0.29997843295780363,-0.1983606557377049,0.1983606557377049,0.18240599895420923,0.18552463220495688,0.2860171413159752,False,False,False,False,Control > ADHD
Fp2_T8_delta_connectivity,channel,delta,Fp2,T8,61,60,0.15638930935231868,0.27990268107752936,-0.12351337172521068,0.1222704820270764,0.23386889402780764,0.21092665178353867,0.3575297374317179,1483.0,0.07245041155314132,-0.29954695923272834,0.29954695923272834,-0.18961748633879782,0.18961748633879782,0.20815118239870758,0.2108769425631858,0.5631372897994167,False,False,False,False,Control > ADHD
F8_Fz_theta_connectivity,channel,theta,F8,Fz,61,60,-0.019797144172003577,0.05831978236138753,-0.07811692653339111,-0.0132080444000701,0.09499069697089796,-0.023225517673125085,0.06701184774849657,1535.0,0.12683408953190867,-0.29916336857173154,0.29916336857173154,-0.16120218579234968,0.16120218579234968,0.3210765063674891,0.3225074990328086,0.4189731653477221,False,False,False,False,Control > ADHD
O2_T7_beta_connectivity,channel,beta,O2,T7,61,60,-0.24769866021593753,-0.20172735777272693,-0.0459713024432106,-0.2566020656707786,-0.1889190922234533,-0.2586236814718742,-0.210336343597789,1438.0,0.04240126695911614,-0.2988410873342654,0.2988410873342654,-0.21420765027322408,0.21420765027322408,0.14345101531962656,0.14647710404058303,0.06713533935193389,True,False,False,False,Control > ADHD
O1_Fz_alpha_connectivity,channel,alpha,O1,Fz,61,60,-0.32994694356256327,-0.2792648913048933,-0.050682052257669974,-0.3694870497707525,-0.3169402494621192,-0.35423057179751105,-0.2955952103598521,1513.0,0.10084817070245253,-0.2975745499877901,0.2975745499877901,-0.173224043715847,0.173224043715847,0.2734609572605829,0.27592059504191013,0.2811275956779683,False,False,False,False,Control > ADHD
Fp1_P8_delta_connectivity,channel,delta,Fp1,P8,61,60,-0.4187523809004003,-0.5084363312426622,0.0896839503422619,-0.4118836580998917,-0.5021844805529402,-0.5143446594176057,-0.6399127009373655,2143.0,0.10522813257688295,0.29736015847010194,0.29736015847010194,0.17103825136612016,0.17103825136612016,0.2800925293590561,0.28225899091210954,0.5998003556882329,False,False,False,False,ADHD > Control
P3_T7_theta_connectivity,channel,theta,P3,T7,61,60,0.18242297918210806,0.24563765167217333,-0.06321467249006527,0.1957302354222801,0.2709200949055731,0.19260928969332378,0.2833507272793182,1617.0,0.27062990229013817,-0.29652588298001914,0.29652588298001914,-0.11639344262295082,0.11639344262295082,0.5089248032676884,0.505767358378291,0.5809040864377377,False,False,False,False,Control > ADHD
O1_T8_theta_connectivity,channel,theta,O1,T8,61,60,-0.19013943427619254,-0.24934847227496967,0.059209037998777136,-0.1599562319273539,-0.24776921557682424,-0.20290912860263088,-0.2668335849498119,2198.0,0.05676152563238416,0.2963705342312212,0.2963705342312212,0.20109289617486348,0.20109289617486348,0.1733980783031482,0.17647674332977623,0.2854770847981674,False,False,False,False,ADHD > Control
F4_T7_delta_connectivity,channel,delta,F4,T7,61,60,-0.34520376582774537,-0.4211873343541654,0.07598356852642002,-0.3940452106983287,-0.38722683955292464,-0.4108914338191848,-0.5424770819824494,2049.0,0.25733291055585605,0.2953334963374484,0.2953334963374484,0.11967213114754105,0.11967213114754105,0.4902869137958942,0.4875781463163588,0.7299122753790029,False,False,False,False,ADHD > Control
F4_P7_delta_connectivity,channel,delta,F4,P7,61,60,-0.5002963518807833,-0.5791588135926315,0.0788624617118483,-0.5167427380544367,-0.6243649939573623,-0.6244244231362898,-0.7428186532038977,2180.0,0.07001253343400067,0.2928819311450029,0.2928819311450029,0.1912568306010929,0.1912568306010929,0.20439142825087292,0.20730983925911886,0.5631372897994167,False,False,False,False,ADHD > Control
Fp2_O2_beta_connectivity,channel,beta,Fp2,O2,61,60,-0.09663834077733872,-0.15341604147852983,0.056777700701191106,-0.1090075375492472,-0.18936431788216135,-0.0996355351587301,-0.16168914873114953,2178.0,0.07163017752662632,0.2924665718847533,0.2924665718847533,0.19016393442622959,0.19016393442622959,0.20661453597321697,0.2093805189239846,0.10293075930296722,False,False,False,False,ADHD > Control
P3_T7_delta_connectivity,channel,delta,P3,T7,61,60,0.2748680142021211,0.34862303950386136,-0.07375502530174027,0.298678993563734,0.39367211617700765,0.3231354957658719,0.4587226735226559,1620.0,0.2774520345007906,-0.2915641810741358,0.2915641810741358,-0.11475409836065575,0.11475409836065575,0.5124369208637051,0.5087860364572139,0.7299122753790029,False,False,False,False,Control > ADHD
F4_P4_alpha_connectivity,channel,alpha,F4,P4,61,60,-0.2130627587972038,-0.28143316254294626,0.06837040374574246,-0.2865359154588223,-0.31257193117912374,-0.2284588058704783,-0.3082578802718962,2123.0,0.12943389287613205,0.2893225646225771,0.2893225646225771,0.16010928961748627,0.16010928961748627,0.32313840842179176,0.32429590742591324,0.32548817179144973,False,False,False,False,ADHD > Control
T7_Cz_alpha_connectivity,channel,alpha,T7,Cz,61,60,-0.17442550270512683,-0.1151891699526198,-0.05923633275250703,-0.1658914035192714,-0.1041433996055412,-0.18278577751848651,-0.12245646291269717,1514.0,0.10192930369610546,-0.28850096384095236,0.28850096384095236,-0.17267759562841534,0.17267759562841534,0.2743376054869158,0.2766652528894291,0.2811275956779683,False,False,False,False,Control > ADHD
F8_T7_delta_connectivity,channel,delta,F8,T7,61,60,-0.22376281433746326,-0.32369808966174296,0.0999352753242797,-0.2207375542470462,-0.3477125663949102,-0.2710364473920175,-0.399566058049445,2133.0,0.11683943951665723,0.2877763708414691,0.2877763708414691,0.16557377049180322,0.16557377049180322,0.30319625164896,0.3050312085091357,0.6238719555367018,False,False,False,False,ADHD > Control
F8_P7_theta_connectivity,channel,theta,F8,P7,61,60,-0.15304014145750836,-0.22590759431045246,0.0728674528529441,-0.1597680818272554,-0.20225733623365685,-0.1673216904814391,-0.24490556238595598,2117.0,0.13748193097416153,0.2867193055733647,0.2867193055733647,0.15683060109289615,0.15683060109289615,0.3317897267509765,0.33228848334390987,0.419810896367529,False,False,False,False,ADHD > Control
O2_T7_theta_connectivity,channel,theta,O2,T7,61,60,-0.21805955484505826,-0.2724079730474341,0.05434841820237582,-0.2063097400457926,-0.2549286222960436,-0.2294206249216658,-0.29909214359830666,2033.0,0.29382272072594395,0.2841564120750077,0.2841564120750077,0.11092896174863398,0.11092896174863398,0.5265535886276818,0.5220123142247939,0.5869362892535104,False,False,False,False,ADHD > Control
P7_Fz_theta_connectivity,channel,theta,P7,Fz,61,60,-0.3123852269207557,-0.235507374509094,-0.0768778524116617,-0.3999486036948713,-0.3080573269651412,-0.3397965902525449,-0.2579152155552981,1523.0,0.11207960165502015,-0.2835554301009266,0.2835554301009266,-0.16775956284153004,0.16775956284153004,0.2950750239935803,0.2971412695040069,0.4189731653477221,False,False,False,False,Control > ADHD
Fp1_F4_beta_connectivity,channel,beta,Fp1,F4,61,60,-0.06585268182170734,-0.01487903324714863,-0.05097364857455871,-0.0664900205292579,-0.00499774879762035,-0.0696560995096227,-0.016213637050435433,1549.0,0.14591045677745013,-0.28280246188575303,0.28280246188575303,-0.15355191256830603,0.15355191256830603,0.3396757900542569,0.34062372844974703,0.20121522668503203,False,False,False,False,Control > ADHD
F3_O1_delta_connectivity,channel,delta,F3,O1,61,60,-0.10441693747788093,0.015858257701816363,-0.12027519517969729,-0.2545917292740972,-0.03757359146717605,-0.09938750522259343,0.02927440149762861,1421.0,0.03420139642546813,-0.28164568741476553,0.28164568741476553,-0.2234972677595628,0.2234972677595628,0.12505965157595417,0.1285371162363747,0.4285963040788808,True,False,False,False,Control > ADHD
C4_Pz_delta_connectivity,channel,delta,C4,Pz,61,60,-0.23890122994179966,-0.3284872239331715,0.08958599399137182,-0.2353649568232899,-0.30345261279302727,-0.2870113178704653,-0.4097843776603527,2099.0,0.163946450104401,0.2799060536659814,0.2799060536659814,0.14699453551912578,0.14699453551912578,0.3629884705675423,0.3640888697123711,0.6519730922756413,False,False,False,False,ADHD > Control
frontal_parietal_alpha_connectivity,regional,alpha,frontal,parietal,61,60,-0.8675843032186117,-0.8505038484509088,-0.017080454767702924,-0.8817171796622035,-0.8729995203826291,-1.3760484224835259,-1.3074841503932455,1560.0,0.16238210719877733,-0.2796186182794877,0.2796186182794877,-0.14754098360655743,0.14754098360655743,0.36173737111358395,0.34185706778689967,0.32476421439755465,False,False,False,False,Control > ADHD
F4_O1_theta_connectivity,channel,theta,F4,O1,61,60,-0.5537533623886924,-0.5891005484360651,0.035347186047372636,-0.554234467710774,-0.6068658302896852,-0.6425402352808168,-0.6931393915236536,2135.0,0.11444004564235453,0.27940054400721553,0.27940054400721553,0.16666666666666674,0.16666666666666674,0.2991140543143129,0.3010653508437327,0.4189731653477221,False,False,False,False,ADHD > Control
F4_F8_alpha_connectivity,channel,alpha,F4,F8,61,60,0.4692710348270449,0.38954503745708896,0.07972599736995595,0.4952323059389417,0.3794683246977716,0.5575967398684796,0.46105256138129413,2184.0,0.06686716441656942,0.27863892028171366,0.27863892028171366,0.1934426229508197,0.1934426229508197,0.19922562566912042,0.2023767277032455,0.21273952467426033,False,False,False,False,ADHD > Control
Fp1_Fz_delta_connectivity,channel,delta,Fp1,Fz,61,60,0.557146528117129,0.5939317441820403,-0.036785216064911364,0.6217969149361436,0.6491911140365747,0.7115280225746471,0.8484865418742726,1619.0,0.27516509357577046,-0.27745377651200154,0.27745377651200154,-0.1153005464480874,0.1153005464480874,0.5108193019201482,0.507312463627566,0.7299122753790029,False,False,False,False,Control > ADHD
F8_Cz_delta_connectivity,channel,delta,F8,Cz,61,60,0.00460503406094485,0.14146814789531265,-0.1368631138343678,-0.0256104542256085,0.1509545826604988,0.03448625615960489,0.1788738733696221,1451.0,0.049743001757827435,-0.27686517720684645,0.27686517720684645,-0.20710382513661207,0.20710382513661207,0.15795584768713625,0.16125219527181975,0.48707542977531226,True,False,False,False,Control > ADHD
Fp2_F4_delta_connectivity,channel,delta,Fp2,F4,61,60,0.5388618203371082,0.621557471317714,-0.08269565098060583,0.5937746089139498,0.689346187519924,0.7282468530778938,0.8747454196472291,1536.0,0.1281288646478751,-0.2763533721435516,0.2763533721435516,-0.16065573770491803,0.16065573770491803,0.32210172918424157,0.32339536317028256,0.6238719555367018,False,False,False,False,Control > ADHD
C3_C4_alpha_connectivity,channel,alpha,C3,C4,61,60,-0.1184443187041666,-0.04789466668923337,-0.07054965201493324,-0.1161356896561588,-0.07790708388098125,-0.12455893471942148,-0.05074260948027024,1574.0,0.18532782520903357,-0.2754218252882526,0.2754218252882526,-0.13989071038251366,0.13989071038251366,0.39233141944836347,0.3924589239720711,0.3772745013183898,False,False,False,False,Control > ADHD
O1_O2_beta_connectivity,channel,beta,O1,O2,61,60,0.1305260358418596,0.17433402530254666,-0.04380798946068706,0.1276119608267822,0.16394856009127776,0.13474076349785036,0.18141632426156873,1561.0,0.163946450104401,-0.2753236186900622,0.2753236186900622,-0.14699453551912567,0.14699453551912567,0.3629884705675423,0.3640888697123711,0.2207467950224612,False,False,False,False,Control > ADHD
O1_Pz_delta_connectivity,channel,delta,O1,Pz,61,60,0.6092662225244647,0.5585490331941935,0.05071718933027125,0.6082986779285574,0.5563072209468543,0.7878732955182015,0.6875835459706966,2108.0,0.15027036925415946,0.2737350311556067,0.2737350311556067,0.15191256830601096,0.15191256830601096,0.3442903396835805,0.34483039103443436,0.6238719555367018,False,False,False,False,ADHD > Control
Fp2_O1_delta_connectivity,channel,delta,Fp2,O1,61,60,-0.5001078279474203,-0.5761351812034633,0.07602735325604304,-0.5044457637024848,-0.610766821631402,-0.6149827796143392,-0.7130395176001743,2202.0,0.05411949219725692,0.2726583730724469,0.2726583730724469,0.20327868852459008,0.20327868852459008,0.16673409510984685,0.16980611313267766,0.48707542977531226,False,False,False,False,ADHD > Control
P8_Pz_alpha_connectivity,channel,alpha,P8,Pz,61,60,-0.0725753385392833,-0.01778295978898866,-0.05479237875029464,-0.0440856977176562,-0.01430810409186815,-0.07595599396103597,-0.02008908946697452,1490.0,0.07840967844765782,-0.27238849009398514,0.27238849009398514,-0.18579234972677594,0.18579234972677594,0.22262198900433045,0.22534546242940315,0.23117336231981878,False,False,False,False,Control > ADHD
P8_Fz_delta_connectivity,channel,delta,P8,Fz,61,60,-0.4921150062187777,-0.554823368813069,0.06270836259429136,-0.4831983588005228,-0.5645489630545735,-0.6013378838576214,-0.710195871777904,2145.0,0.10301964246377111,0.27228260056373005,0.27228260056373005,0.1721311475409837,0.1721311475409837,0.27624526349544554,0.2785195076886144,0.5998003556882329,False,False,False,False,ADHD > Control
F8_Cz_theta_connectivity,channel,theta,F8,Cz,61,60,-0.10094532883420827,-0.02149832404480075,-0.07944700478940753,-0.1833179085910885,-0.10258883102240285,-0.10541308327290311,-0.01708023210769611,1528.0,0.11805386166941284,-0.270815587701458,0.270815587701458,-0.16502732240437157,0.16502732240437157,0.3052535566023389,0.307029815140222,0.4189731653477221,False,False,False,False,Control > ADHD
C4_F7_alpha_connectivity,channel,alpha,C4,F7,61,60,-0.33595372867345247,-0.2812376205634639,-0.05471610810998856,-0.3356455847552745,-0.27113165186818405,-0.35898680349150214,-0.3044180190240279,1460.0,0.05542739160061233,-0.27031587575712046,0.27031587575712046,-0.20218579234972678,0.20218579234972678,0.17003996406289545,0.1731156888347892,0.18227084545585978,False,False,False,False,Control > ADHD
Fp1_P8_theta_connectivity,channel,theta,Fp1,P8,61,60,-0.29557271338737784,-0.35890867185051223,0.06333595846313439,-0.3123146266448958,-0.35319236680886995,-0.3276376017838637,-0.4003700878109044,2119.0,0.13475745084283458,0.2701000788725247,0.2701000788725247,0.15792349726775967,0.15792349726775967,0.3284996444788291,0.32919320134463875,0.4189731653477221,False,False,False,False,ADHD > Control
T7_T8_theta_connectivity,channel,theta,T7,T8,61,60,-0.0966765026280237,-0.1647244436302466,0.0680479410022229,-0.0821136649186735,-0.12574912810653044,-0.10441730341887397,-0.19082967782966018,1980.0,0.438329478502157,0.2696495031503529,0.2696495031503529,0.08196721311475419,0.08196721311475419,0.6667028202427766,0.6692351859274004,0.6940216742950819,False,False,False,False,ADHD > Control
P7_Fz_beta_connectivity,channel,beta,P7,Fz,61,60,-0.16088604832031314,-0.20765329651208386,0.04676724819177072,-0.1968331119693276,-0.22172422665401142,-0.16617612799760467,-0.21709851404683078,2113.0,0.1430580817610968,0.26920178263047356,0.26920178263047356,0.15464480874316933,0.15464480874316933,0.3396757900542569,0.34062372844974703,0.19888562586298822,False,False,False,False,ADHD > Control
F7_Pz_beta_connectivity,channel,beta,F7,Pz,61,60,-0.15700660828510896,-0.20293872646605007,0.04593211818094112,-0.1886089402996222,-0.24242075056793044,-0.16135835452448985,-0.21024428530592712,2190.0,0.06236803343344608,0.26917861116973296,0.26917861116973296,0.19672131147540983,0.19672131147540983,0.18736288882080895,0.19044524494855858,0.09115327963349812,False,False,False,False,ADHD > Control
F3_T7_theta_connectivity,channel,theta,F3,T7,61,60,0.10095028826504208,0.16362091038161572,-0.06267062211657363,0.0981168396482056,0.13521275132800942,0.10541053998086061,0.19408057592961533,1671.0,0.4112625826942996,-0.26829282078290634,0.26829282078290634,-0.08688524590163937,0.08688524590163937,0.6444894153044869,0.6451917581717911,0.6894696239286788,False,False,False,False,Control > ADHD
central_temporal_delta_connectivity,regional,delta,central,temporal,61,60,-0.1633450212816425,-0.07449343188054341,-0.08885158940109908,-0.1776865440323067,-0.08014530992038735,-0.17918399619052106,-0.08715911142161387,1446.0,0.046801994068380676,-0.26828742564563574,0.26828742564563574,-0.20983606557377055,0.20983606557377055,0.15127073082815898,0.11012233898442512,0.11700498517095169,True,False,False,False,Control > ADHD
P4_P7_alpha_connectivity,channel,alpha,P4,P7,61,60,-0.16376188031135325,-0.11143160357816519,-0.05233027673318806,-0.1632871517861172,-0.11489703322294376,-0.17192903150201802,-0.11830458437873657,1536.0,0.1281288646478751,-0.2650226550937454,0.2650226550937454,-0.16065573770491803,0.16065573770491803,0.32210172918424157,0.32339536317028256,0.32548817179144973,False,False,False,False,Control > ADHD
O1_T8_delta_connectivity,channel,delta,O1,T8,61,60,-0.3255350797169852,-0.3953358071637389,0.0698007274467537,-0.3079163276171943,-0.38459377391175087,-0.3744596141453385,-0.46181380013086554,2129.0,0.12175659682217904,0.26481346720964616,0.26481346720964616,0.1633879781420764,0.1633879781420764,0.3114903749090376,0.3130883918284604,0.6238719555367018,False,False,False,False,ADHD > Control
C4_Pz_alpha_connectivity,channel,alpha,C4,Pz,61,60,-0.028440061188100114,-0.08632153851632934,0.05788147732822923,-0.0154126479590509,-0.0848106891757127,-0.030394062913174077,-0.09183295040430973,2111.0,0.14591045677745013,0.2629919313786475,0.2629919313786475,0.15355191256830603,0.15355191256830603,0.3396757900542569,0.34062372844974703,0.33596454671784887,False,False,False,False,ADHD > Control
C3_Pz_theta_connectivity,channel,theta,C3,Pz,61,60,0.1977216619004628,0.1361125335912136,0.061609128309249195,0.1960099530488186,0.1325912039908978,0.20802623906223686,0.1469783631112646,2129.0,0.12175659682217904,0.26287863006322393,0.26287863006322393,0.1633879781420764,0.1633879781420764,0.3114903749090376,0.3130883918284604,0.4189731653477221,False,False,False,False,ADHD > Control
O2_P8_theta_connectivity,channel,theta,O2,P8,61,60,0.49729869945131744,0.5497336046067469,-0.05243490515542948,0.53868400911461,0.5665994235522779,0.5894059526204148,0.6765147980902654,1677.0,0.42919530044034926,-0.26187233510032865,0.26187233510032865,-0.08360655737704914,0.08360655737704914,0.6583419438957899,0.6611927601378353,0.69075636286087,False,False,False,False,Control > ADHD
F3_P7_alpha_connectivity,channel,alpha,F3,P7,61,60,-0.1896056091284329,-0.24315694689822961,0.0535513377697967,-0.2150101125881815,-0.25985115477349696,-0.19939550458411764,-0.2678621258676842,2092.0,0.17521623901591998,0.26023183214398415,0.26023183214398415,0.1431693989071039,0.1431693989071039,0.3809506217643425,0.3816812340346792,0.37339707005111394,False,False,False,False,ADHD > Control
Fp2_C4_alpha_connectivity,channel,alpha,Fp2,C4,61,60,-0.013801613117462115,0.06397469420437127,-0.07777630732183338,-0.0265207840264733,0.059927427502285344,-0.011805002005994282,0.07291694719091667,1548.0,0.1444788746311423,-0.25993871412024183,0.25993871412024183,-0.15409836065573768,0.15409836065573768,0.3396757900542569,0.34062372844974703,0.33596454671784887,False,False,False,False,Control > ADHD
Fz_Pz_alpha_connectivity,channel,alpha,Fz,Pz,61,60,-0.1751601489026353,-0.22785094694592883,0.052690798043293546,-0.1901219743758401,-0.2524371665392099,-0.1832101346176694,-0.24119856593419425,2147.0,0.10084817070245253,0.2597661557830101,0.2597661557830101,0.173224043715847,0.173224043715847,0.2734609572605829,0.27592059504191013,0.2811275956779683,False,False,False,False,ADHD > Control
F8_Cz_alpha_connectivity,channel,alpha,F8,Cz,61,60,-0.1268893091138775,-0.059455651456019165,-0.06743365765785833,-0.1642612976824139,-0.0896592354395907,-0.13351397733173892,-0.060354577756177225,1558.0,0.1592872485768495,-0.2597636203864318,0.2597636203864318,-0.14863387978142073,0.14863387978142073,0.35704014851281435,0.35722123943136086,0.34920666034155473,False,False,False,False,Control > ADHD
O1_T7_delta_connectivity,channel,delta,O1,T7,61,60,0.11003860375383914,0.19778364780443655,-0.08774504405059741,0.0796945228408394,0.16426535861200459,0.13522901997316716,0.24313105716349384,1582.0,0.19947270961942332,-0.25950992324124483,0.25950992324124483,-0.13551912568306013,0.13551912568306013,0.4186035993172826,0.41852556251437284,0.7026161251106376,False,False,False,False,Control > ADHD
F7_F8_alpha_connectivity,channel,alpha,F7,F8,61,60,0.03251632187796909,-0.033072563417850115,0.0655888852958192,-0.0126319034062342,-0.0108953569622863,0.04288657451979003,-0.035815301692606535,2038.0,0.28206466380960993,0.2591388542292901,0.2591388542292901,0.11366120218579234,0.11366120218579234,0.5169995356915382,0.5131176331004607,0.5077163948572978,False,False,False,False,ADHD > Control
F4_O2_alpha_connectivity,channel,alpha,F4,O2,61,60,-0.26622930588749283,-0.3192229492815685,0.052993643394075696,-0.3109976148956361,-0.34853313903974503,-0.2859382621381973,-0.35385690946726683,2141.0,0.1074740306749943,0.2578690148595711,0.2578690148595711,0.16994535519125686,0.16994535519125686,0.28502270406115704,0.2871571757097504,0.2917152261178417,False,False,False,False,ADHD > Control
O1_F7_beta_connectivity,channel,beta,O1,F7,61,60,-0.17216473313883174,-0.20867928031813746,0.03651454717930572,-0.1734761427112406,-0.2287289689341444,-0.17681774367866537,-0.2173064337617325,2113.0,0.1430580817610968,0.25783599042750743,0.25783599042750743,0.15464480874316933,0.15464480874316933,0.3396757900542569,0.34062372844974703,0.19888562586298822,False,False,False,False,ADHD > Control
C4_P7_delta_connectivity,channel,delta,C4,P7,61,60,-0.4076048424834273,-0.477227449105483,0.06962260662205566,-0.4588819781402165,-0.4949101884096453,-0.49042704965242717,-0.5983282063937695,2066.0,0.2221441291294125,0.25665305329218,0.25665305329218,0.12896174863387988,0.12896174863387988,0.44576426088942844,0.4443294203667481,0.7026161251106376,False,False,False,False,ADHD > Control
F4_Fz_theta_connectivity,channel,theta,F4,Fz,61,60,0.3844070202063698,0.3006910784975702,0.08371594170879959,0.4865375655016599,0.37858047043033183,0.43845406692689753,0.345164061703784,2109.0,0.1488061613108939,0.256575808756789,0.256575808756789,0.15245901639344273,0.15245901639344273,0.34201797075900686,0.3427050987766041,0.43872161352004924,False,False,False,False,ADHD > Control
F8_Cz_beta_connectivity,channel,beta,F8,Cz,61,60,0.016189302413049396,-0.03761542158108667,0.053804723994136064,0.0027582429229847,-0.07563416394871955,0.019102870164453795,-0.037266398267281696,2092.0,0.17521623901591998,0.25283793496623863,0.25283793496623863,0.1431693989071039,0.1431693989071039,0.3809506217643425,0.3816812340346792,0.23226338660249857,False,False,False,False,ADHD > Control
Fp2_C3_theta_connectivity,channel,theta,Fp2,C3,61,60,-0.36187800589966457,-0.30111583900004335,-0.06076216689962122,-0.3709342166610526,-0.2862740418321843,-0.3986322379040919,-0.33357241383151187,1578.0,0.19230467229699433,-0.2527579328423608,0.2527579328423608,-0.13770491803278684,0.13770491803278684,0.405914235402402,0.40597653040476583,0.5138140462935318,False,False,False,False,Control > ADHD
C3_F8_theta_connectivity,channel,theta,C3,F8,61,60,-0.3736450229751544,-0.312217034700182,-0.06142798827497242,-0.3824584096442847,-0.28014707938684585,-0.4101971361141487,-0.34760165088852396,1506.0,0.09353388353622898,-0.2524430965271829,0.2524430965271829,-0.17704918032786887,0.17704918032786887,0.25846767816881594,0.2611313319950229,0.3901047337730526,False,False,False,False,Control > ADHD
Fp1_P4_theta_connectivity,channel,theta,Fp1,P4,61,60,-0.5712878924924893,-0.5282708451046305,-0.04301704738785883,-0.5757336940668911,-0.5465399310873864,-0.6849894877613801,-0.6201883247253115,1598.0,0.23009650880816201,-0.2514098658735132,0.2514098658735132,-0.12677595628415306,0.12677595628415306,0.4478222375728744,0.44585272528267084,0.5246200400826094,False,False,False,False,Control > ADHD
Fp2_Fz_theta_connectivity,channel,theta,Fp2,Fz,61,60,0.15905555693487655,0.22028913842178263,-0.06123358148690608,0.192994376477404,0.2491427495274927,0.16867561178135826,0.2670607538340583,1648.0,0.34675241479237806,-0.24964566643263272,0.24964566643263272,-0.09945355191256833,0.09945355191256833,0.5824796944540179,0.5798989039559574,0.6375770207472757,False,False,False,False,Control > ADHD
P7_Fz_alpha_connectivity,channel,alpha,P7,Fz,61,60,-0.31577416077236764,-0.2608656970819825,-0.054908463690385156,-0.3748188511916218,-0.2981473781984665,-0.33879065562161287,-0.2804615551254192,1616.0,0.2683816272927607,-0.24930543356550197,0.24930543356550197,-0.11693989071038247,0.11693989071038247,0.5060111931248926,0.5029398166253379,0.49347589534475356,False,False,False,False,Control > ADHD
Fp1_P8_alpha_connectivity,channel,alpha,Fp1,P8,61,60,-0.20480561615455412,-0.25269705907622314,0.047891442921669025,-0.1992431661194369,-0.25173566026783545,-0.216875379353193,-0.270587837128069,2111.0,0.14591045677745013,0.248735607219987,0.248735607219987,0.15355191256830603,0.15355191256830603,0.3396757900542569,0.34062372844974703,0.33596454671784887,False,False,False,False,ADHD > Control
Fp2_F8_theta_connectivity,channel,theta,Fp2,F8,61,60,0.4865523049491999,0.5440918764478642,-0.05753957149866429,0.5591839120673503,0.5905396619248957,0.591895226571892,0.6888510172592105,1594.0,0.2221441291294125,-0.24685273800028323,0.24685273800028323,-0.12896174863387977,0.12896174863387977,0.44576426088942844,0.4443294203667481,0.5246200400826094,False,False,False,False,Control > ADHD
Fp2_F3_theta_connectivity,channel,theta,Fp2,F3,61,60,0.09023289362693783,0.016289770275426076,0.07394312335151175,0.110344413036712,0.0842503512526094,0.09265073262285195,0.0129562639469273,2119.0,0.13475745084283458,0.2463515589625881,0.2463515589625881,0.15792349726775967,0.15792349726775967,0.3284996444788291,0.32919320134463875,0.4189731653477221,False,False,False,False,ADHD > Control
T7_Pz_delta_connectivity,channel,delta,T7,Pz,61,60,0.08441234490510717,0.16517378700418595,-0.08076144209907878,0.0388495165002013,0.07710519404319345,0.10966964809633681,0.22190377200621259,1598.0,0.23009650880816201,-0.24613558439337677,0.24613558439337677,-0.12677595628415306,0.12677595628415306,0.4478222375728744,0.44585272528267084,0.7026161251106376,False,False,False,False,Control > ADHD
P4_F7_delta_connectivity,channel,delta,P4,F7,61,60,-0.43596053361353754,-0.518924472085713,0.08296393847217548,-0.4151330286193709,-0.5390208950318287,-0.5384296896533263,-0.6322489657591535,2154.0,0.09353388353622898,0.24479779629768034,0.24479779629768034,0.17704918032786887,0.17704918032786887,0.25846767816881594,0.2611313319950229,0.5998003556882329,False,False,False,False,ADHD > Control
F3_Pz_delta_connectivity,channel,delta,F3,Pz,61,60,-0.013157470539502641,0.0858788513366996,-0.09903632187620225,-0.129262671370453,-0.0014267127296925999,0.0065484623649309775,0.12003129660883123,1478.0,0.06842499331628256,-0.2420621670161373,0.2420621670161373,-0.1923497267759563,0.1923497267759563,0.20056556745339504,0.20348998012320552,0.5631372897994167,False,False,False,False,Control > ADHD
Fp2_Pz_beta_connectivity,channel,beta,Fp2,Pz,61,60,-0.4409711877597319,-0.41178916076970407,-0.02918202699002781,-0.4430170424937826,-0.4139975953846826,-0.48835581254568106,-0.446772925417075,1627.0,0.29382272072594395,-0.24097742913016498,0.24097742913016498,-0.11092896174863387,0.11092896174863387,0.5265535886276818,0.5220123142247939,0.37217544625286236,False,False,False,False,Control > ADHD
temporal_parietal_theta_connectivity,regional,theta,temporal,parietal,61,60,0.022513063386465942,-0.036590605243646164,0.059103668630112106,0.0361992221739201,-0.0530539870742189,0.02389502108644947,-0.036774890732821225,2111.0,0.14591045677745013,0.2408366275624936,0.2408366275624936,0.15355191256830603,0.15355191256830603,0.3396757900542569,0.3242454595054447,0.24318409462908355,False,False,False,False,ADHD > Control
C3_P4_delta_connectivity,channel,delta,C3,P4,61,60,-0.34489443688770427,-0.43531234676842867,0.0904179098807244,-0.3155761706640968,-0.4153943168873808,-0.4376250743551421,-0.5481604713727842,2168.0,0.08018376184577798,0.23992650414835903,0.23992650414835903,0.18469945355191264,0.18469945355191264,0.22676970147009087,0.2294798874582098,0.5961488380707841,False,False,False,False,ADHD > Control
F4_T7_theta_connectivity,channel,theta,F4,T7,61,60,-0.2934941862444966,-0.34065889998715165,0.04716471374265507,-0.3076606118469238,-0.3560978333585604,-0.3163683900333875,-0.37925195179742477,2058.0,0.23824926543288216,0.23986464423540704,0.23986464423540704,0.12459016393442623,0.12459016393442623,0.4599799151290845,0.4577598245957623,0.536060847223985,False,False,False,False,ADHD > Control
C3_O2_theta_connectivity,channel,theta,C3,O2,61,60,-0.4188040672314345,-0.46412316462782843,0.04531909739639395,-0.4511328257549828,-0.44985085885265674,-0.4704620217542108,-0.5269552684775956,2062.0,0.23009650880816201,0.23730867642337866,0.23730867642337866,0.12677595628415306,0.12677595628415306,0.4478222375728744,0.44585272528267084,0.5246200400826094,False,False,False,False,ADHD > Control
Fp1_Fz_theta_connectivity,channel,theta,Fp1,Fz,61,60,0.5260546812342015,0.5453277781776289,-0.01927309694342738,0.536981854742204,0.5833935442948692,0.6239502245218419,0.7124593881345176,1643.0,0.33363026751762515,-0.23457313521165693,0.23457313521165693,-0.1021857923497268,0.1021857923497268,0.5683489733712014,0.5662608014443067,0.6318144388431522,False,False,False,False,Control > ADHD
F3_P4_theta_connectivity,channel,theta,F3,P4,61,60,-0.5725642064219971,-0.5270580641178294,-0.04550614230416772,-0.5804585615911225,-0.5094195253541607,-0.6692551164500624,-0.6181826322883133,1488.0,0.07666767427328977,-0.2324769990318926,0.2324769990318926,-0.18688524590163935,0.18688524590163935,0.21853305580260549,0.2212687308140515,0.33615826412134747,False,False,False,False,Control > ADHD
O2_Fz_theta_connectivity,channel,theta,O2,Fz,61,60,-0.5702521515123631,-0.5330449948371768,-0.03720715667518626,-0.5590367279442967,-0.5433642793080649,-0.6654896826418384,-0.6188898548176113,1567.0,0.1735717791088086,-0.23193404100113943,0.23193404100113943,-0.14371584699453555,0.14371584699453555,0.3808059638629619,0.3816812340346792,0.4787221649613915,False,False,False,False,Control > ADHD
C4_T7_alpha_connectivity,channel,alpha,C4,T7,61,60,-0.343301955787344,-0.2965756086254057,-0.0467263471619383,-0.3506711447015937,-0.28337762983433423,-0.37198600946587557,-0.32135485583235085,1574.0,0.18532782520903357,-0.23118099375579187,0.23118099375579187,-0.13989071038251366,0.13989071038251366,0.39233141944836347,0.3924589239720711,0.3772745013183898,False,False,False,False,Control > ADHD
P3_P8_theta_connectivity,channel,theta,P3,P8,61,60,-0.1906321489216687,-0.12223155901403672,-0.06840058990763197,-0.1786807021662002,-0.12955485311056641,-0.20363092179999268,-0.13675435202864347,1625.0,0.28908062807213475,-0.23099596516065637,0.23099596516065637,-0.11202185792349728,0.11202185792349728,0.5232359368105639,0.5189793952791081,0.5869362892535104,False,False,False,False,Control > ADHD
F7_Fz_delta_connectivity,channel,delta,F7,Fz,61,60,0.2738652600816343,0.34328657211021607,-0.06942131202858176,0.2225121401871846,0.39445881122580273,0.3264254862224176,0.4257648646394588,1572.0,0.18191042067901753,-0.23026175266687604,0.23026175266687604,-0.14098360655737707,0.14098360655737707,0.390810518016643,0.39125062876504707,0.697730287964334,False,False,False,False,Control > ADHD
F3_F4_alpha_connectivity,channel,alpha,F3,F4,61,60,0.20131622106046743,0.2603181692552892,-0.059001948194821796,0.2246882728842689,0.3021469077808481,0.2189343793537112,0.28744350143469305,1595.0,0.22411352343059665,-0.22847305617730687,0.22847305617730687,-0.12841530054644812,0.12841530054644812,0.44576426088942844,0.4443294203667481,0.42581569451813367,False,False,False,False,Control > ADHD
O1_F8_theta_connectivity,channel,theta,O1,F8,61,60,-0.2986565594837126,-0.33967838570081427,0.04102182621710165,-0.2868222323110622,-0.35121854411707354,-0.3213950581565858,-0.3688991146103236,2087.0,0.18361323367482474,0.22844110402512052,0.22844110402512052,0.1404371584699453,0.1404371584699453,0.39098817994286206,0.39125062876504707,0.49837877711738143,False,False,False,False,ADHD > Control
P7_P8_theta_connectivity,channel,theta,P7,P8,61,60,0.18953109637580162,0.12136401992586705,0.06816707644993457,0.2204048957281841,0.16490728822262546,0.20504205473361167,0.13084634972431947,2070.0,0.21439053614893144,0.22844086438903233,0.22844086438903233,0.13114754098360648,0.13114754098360648,0.43971316762557044,0.4390394859541623,0.5246200400826094,False,False,False,False,ADHD > Control
F3_P8_delta_connectivity,channel,delta,F3,P8,61,60,-0.5183730622346497,-0.5683175076138114,0.04994444537916165,-0.4899867143901063,-0.5715938750341084,-0.6446092138789226,-0.7380038810356891,2065.0,0.22411352343059665,0.22773119506834258,0.22773119506834258,0.12841530054644812,0.12841530054644812,0.44576426088942844,0.4443294203667481,0.7026161251106376,False,False,False,False,ADHD > Control
Fp2_F7_alpha_connectivity,channel,alpha,Fp2,F7,61,60,0.15494460944449098,0.09636221171598873,0.05858239772850225,0.170123663063436,0.15614840276884046,0.168556956993371,0.10130616758313864,2025.0,0.3133104591507382,0.22722397500366276,0.22722397500366276,0.10655737704918034,0.10655737704918034,0.5465946323497215,0.5425426685040631,0.541172611260366,False,False,False,False,ADHD > Control
Fp1_C4_alpha_connectivity,channel,alpha,Fp1,C4,61,60,-0.2913251032781744,-0.2258134365298051,-0.06551166674836931,-0.2827924392138627,-0.21116712298524754,-0.3098003943132058,-0.2530390469980694,1481.0,0.07081756789913284,-0.22418121359315796,0.22418121359315796,-0.19071038251366124,0.19071038251366124,0.20591132192358302,0.20878972604744336,0.21489053257987895,False,False,False,False,Control > ADHD
Fp2_T7_delta_connectivity,channel,delta,Fp2,T7,61,60,-0.3346184532525112,-0.39726501906206413,0.06264656580955291,-0.3231936480537098,-0.3731374123884365,-0.40427339188152245,-0.5019476201548125,2052.0,0.2508572538173932,0.22344503363072818,0.22344503363072818,0.12131147540983611,0.12131147540983611,0.48047791471902823,0.4779564390281252,0.7299122753790029,False,False,False,False,ADHD > Control
F7_Cz_alpha_connectivity,channel,alpha,F7,Cz,61,60,-0.26385415155110353,-0.21687599616928532,-0.04697815538181821,-0.2641355769100292,-0.21006279762227945,-0.2780143927727302,-0.2324680879592019,1530.0,0.1205123931889829,-0.22312055792842136,0.22312055792842136,-0.16393442622950816,0.16393442622950816,0.3105016820954577,0.3122366550805466,0.31704029592793964,False,False,False,False,Control > ADHD
C3_T8_theta_connectivity,channel,theta,C3,T8,61,60,-0.3827699122447915,-0.3230870212303746,-0.05968289101441693,-0.3512839621136752,-0.2947687904704902,-0.4338583076437298,-0.3668556568429425,1567.0,0.1735717791088086,-0.2227192395790055,0.2227192395790055,-0.14371584699453555,0.14371584699453555,0.3808059638629619,0.3816812340346792,0.4787221649613915,False,False,False,False,Control > ADHD
C3_O2_delta_connectivity,channel,delta,C3,O2,61,60,-0.4117726395131747,-0.4726746645179967,0.060902025004822,-0.4251667235676362,-0.4980539555017731,-0.5039993315113108,-0.5991102002526101,2122.0,0.13074922006024675,0.2223835185709821,0.2223835185709821,0.15956284153005473,0.15956284153005473,0.32418642234115974,0.32520896916803194,0.6238719555367018,False,False,False,False,ADHD > Control
F7_T7_alpha_connectivity,channel,alpha,F7,T7,61,60,0.3803998429578737,0.3115683447247715,0.0688314982331022,0.3218673280823675,0.28431034695031243,0.44527653005026324,0.3656575591604599,2107.0,0.15174553757509465,0.22223798472157968,0.22223798472157968,0.1513661202185792,0.1513661202185792,0.34440053042121793,0.34483039103443436,0.3369933366927427,False,False,False,False,ADHD > Control
Fp2_T7_theta_connectivity,channel,theta,Fp2,T7,61,60,-0.21535532873046698,-0.26768185825769336,0.052326529527226384,-0.2549019677427038,-0.2315069906859621,-0.23153007483061086,-0.2984492207034287,1971.0,0.4663928297751192,0.2206038316545366,0.2206038316545366,0.07704918032786878,0.07704918032786878,0.6891192015452782,0.6920015088203505,0.712081909745941,False,False,False,False,ADHD > Control
F4_Pz_alpha_connectivity,channel,alpha,F4,Pz,61,60,-0.5064044251310126,-0.4700185206896388,-0.036385904441373795,-0.5182776918111498,-0.4610930003921533,-0.5723459231810399,-0.5299773942846859,1532.0,0.12301082162196554,-0.21999818435840623,0.21999818435840623,-0.16284153005464486,0.16284153005464486,0.31359096779684176,0.3151288464023387,0.3187098560205471,False,False,False,False,Control > ADHD
O2_F7_delta_connectivity,channel,delta,O2,F7,61,60,-0.4164237430429299,-0.47607107653585545,0.05964733349292556,-0.3727960812395817,-0.4708593032568925,-0.49497031505383016,-0.5718046611279657,2117.0,0.13748193097416153,0.21891035758907965,0.21891035758907965,0.15683060109289615,0.15683060109289615,0.3317897267509765,0.33228848334390987,0.6238719555367018,False,False,False,False,ADHD > Control
O2_P8_alpha_connectivity,channel,alpha,O2,P8,61,60,0.4726534920787659,0.5111087521090946,-0.038455260030328675,0.5077833178802498,0.5043826580572053,0.540204067028257,0.5967806535282748,1758.0,0.7108904781000572,-0.218203013770473,0.218203013770473,-0.03934426229508192,0.03934426229508192,0.857807843574069,0.8606178531335206,0.8383604948628262,False,False,False,False,Control > ADHD
C3_P8_alpha_connectivity,channel,alpha,C3,P8,61,60,-0.43202432678510044,-0.3966824651101383,-0.035341861674962116,-0.4355459059859602,-0.39700501651313025,-0.4789177058280915,-0.4353895994088615,1573.0,0.18361323367482474,-0.21797396543879236,0.21797396543879236,-0.1404371584699453,0.1404371584699453,0.39098817994286206,0.39125062876504707,0.3772745013183898,False,False,False,False,Control > ADHD
F4_Fz_alpha_connectivity,channel,alpha,F4,Fz,61,60,0.42253716479896836,0.36404223253319157,0.05849493226577679,0.4935900953566686,0.40668742556443194,0.4866234810543553,0.4166886825030955,2074.0,0.20683401059630513,0.2177580566012521,0.2177580566012521,0.1333333333333333,0.1333333333333333,0.4303098381371406,0.43001356610295655,0.4161013624937433,False,False,False,False,ADHD > Control
F3_T8_theta_connectivity,channel,theta,F3,T8,61,60,-0.3585947145141987,-0.30694442420691154,-0.05165029030728718,-0.3682666837843905,-0.3059574096508675,-0.39844254254043193,-0.34088823409689833,1548.0,0.1444788746311423,-0.2174251634911124,0.2174251634911124,-0.15409836065573768,0.15409836065573768,0.3396757900542569,0.34062372844974703,0.43343662389342696,False,False,False,False,Control > ADHD
C4_Cz_theta_connectivity,channel,theta,C4,Cz,61,60,0.5545120499787158,0.6076660266122788,-0.053153976633562916,0.6282166532429706,0.6304855992530577,0.6998735628191571,0.7834115603503208,1711.0,0.5390096262635551,-0.2148785900481518,0.2148785900481518,-0.06502732240437159,0.06502732240437159,0.7419067859597223,0.7433116620247413,0.7680887174255661,False,False,False,False,Control > ADHD
Fp1_F4_theta_connectivity,channel,theta,Fp1,F4,61,60,0.1228174832285871,0.05168145447924257,0.07113602874934452,0.1829316678778496,0.151202601277766,0.1235741189719677,0.05184454151610647,2073.0,0.20870476563367135,0.2145295376720078,0.2145295376720078,0.13278688524590154,0.13278688524590154,0.43295773730308895,0.43258805967706426,0.5246200400826094,False,False,False,False,ADHD > Control
O1_T7_theta_connectivity,channel,theta,O1,T7,61,60,0.04750400364851642,0.09456328845728289,-0.04705928480876647,0.0392039644260819,0.0634770097667665,0.04897858957557479,0.10085912274665151,1609.0,0.2530030469301848,-0.2143443176818889,0.2143443176818889,-0.12076502732240435,0.12076502732240435,0.48330925060014196,0.4807057891673512,0.5618639094163845,False,False,False,False,Control > ADHD
F4_Fz_delta_connectivity,channel,delta,F4,Fz,61,60,0.07906558580073594,-0.011845269092346745,0.09091085489308269,0.2522128436461539,0.058743508191742,0.07815235870165962,-0.03336051450462809,2107.0,0.15174553757509465,0.21351989646112998,0.21351989646112998,0.1513661202185792,0.1513661202185792,0.34440053042121793,0.34483039103443436,0.6238719555367018,False,False,False,False,ADHD > Control
F4_F7_theta_connectivity,channel,theta,F4,F7,61,60,-0.051731633861727924,-0.10486561047065242,0.053133976608924494,-0.0107569246382749,-0.07348804565141959,-0.05923068557963785,-0.11800093192731072,2075.0,0.20497545767146974,0.21192168022060262,0.21192168022060262,0.13387978142076506,0.13387978142076506,0.42767213646727403,0.42744882026611375,0.5246200400826094,False,False,False,False,ADHD > Control
O2_P7_alpha_connectivity,channel,alpha,O2,P7,61,60,0.037527598500338696,0.08065731248890015,-0.043129713988561455,0.0582958094441044,0.1033494197100179,0.03803715771193358,0.08456494284395354,1589.0,0.21248299960599615,-0.21047086638742418,0.21047086638742418,-0.13169398907103824,0.13169398907103824,0.4382840219793197,0.4377661799111487,0.41659979183485546,False,False,False,False,Control > ADHD
Fp1_F4_alpha_connectivity,channel,alpha,Fp1,F4,61,60,0.16776234910115903,0.11070847233749151,0.05705387676366752,0.2245398178728034,0.1314528523545698,0.17859434568830124,0.11783925428220718,2042.0,0.27289105350789145,0.20964770698973892,0.20964770698973892,0.11584699453551917,0.11584699453551917,0.5105248649604998,0.5072214146722765,0.49642946967924934,False,False,False,False,ADHD > Control
Fp2_F3_delta_connectivity,channel,delta,Fp2,F3,61,60,-0.06290834984957755,-0.16293835010820126,0.10003000025862371,-0.0315161208408373,-0.16047187586151265,-0.09679077109682643,-0.20413463587670716,2123.0,0.12943389287613205,0.2095566180665094,0.2095566180665094,0.16010928961748627,0.16010928961748627,0.32313840842179176,0.32429590742591324,0.6238719555367018,False,False,False,False,ADHD > Control
T7_T8_delta_connectivity,channel,delta,T7,T8,61,60,-0.16122234487027012,-0.23370643503401403,0.07248409016374391,-0.1652663990321157,-0.1932229555458386,-0.2025474958747314,-0.31230826193587735,2008.0,0.35748342803056465,0.20901516597652983,0.20901516597652983,0.0972677595628415,0.0972677595628415,0.594983912400296,0.5934919047886074,0.7641208274153319,False,False,False,False,ADHD > Control
Fp2_Fz_alpha_connectivity,channel,alpha,Fp2,Fz,61,60,0.23183741673297242,0.27665449478862725,-0.044817078055654824,0.2208302024664941,0.3131979871545084,0.24896254234075132,0.3165168874348935,1624.0,0.2867290248653712,-0.20895270588764958,0.20895270588764958,-0.11256830601092893,0.11256830601092893,0.5215874723681627,0.5174740184905381,0.5096163649519077,False,False,False,False,Control > ADHD
O1_Pz_theta_connectivity,channel,theta,O1,Pz,61,60,0.47900921363827104,0.42162680938211927,0.057382404256151764,0.5009949537456854,0.41157896792075166,0.5440218724218323,0.4874631888178937,2229.0,0.038842777238496155,0.2081757352037388,0.2081757352037388,0.21803278688524586,0.21803278688524586,0.13626114659152128,0.13940506449587434,0.2351714645958874,True,False,False,False,ADHD > Control
C4_Fz_alpha_connectivity,channel,alpha,C4,Fz,61,60,-0.12023227988853281,-0.07253526320161705,-0.04769701668691577,-0.1021295594095061,-0.06557036341878765,-0.12480192793979893,-0.07786167677634041,1607.0,0.2487241959983434,-0.20744461345940018,0.20744461345940018,-0.12185792349726776,0.12185792349726776,0.4776560156572961,0.47521606162811975,0.46230258169257304,False,False,False,False,Control > ADHD
Fp2_F3_alpha_connectivity,channel,alpha,Fp2,F3,61,60,0.15294046130100988,0.09587600084257691,0.05706446045843297,0.1622400580381424,0.14465954035559725,0.16464974615600275,0.10271010680311327,2061.0,0.23211585341846097,0.20617908821731903,0.20617908821731903,0.1262295081967213,0.1262295081967213,0.4505412275468251,0.4484950388085517,0.4361737465335915,False,False,False,False,ADHD > Control
Fp2_P3_delta_connectivity,channel,delta,Fp2,P3,61,60,-0.5816245603697782,-0.6334075076939153,0.05178294732413713,-0.5981131784580622,-0.6561460534603791,-0.7548416805335992,-0.8420929885982551,2115.0,0.14024868992344477,0.20605810150433826,0.20605810150433826,0.15573770491803285,0.15573770491803285,0.336225336107861,0.33659685581626747,0.6238719555367018,False,False,False,False,ADHD > Control
F8_Fz_alpha_connectivity,channel,alpha,F8,Fz,61,60,0.09410973399616683,0.14643646714518163,-0.0523267331490148,0.103074465552033,0.13327207696979576,0.10299758873495685,0.16057868410787937,1589.0,0.21248299960599615,-0.20544682330904587,0.20544682330904587,-0.13169398907103824,0.13169398907103824,0.4382840219793197,0.4377661799111487,0.41659979183485546,False,False,False,False,Control > ADHD
Fp1_O2_theta_connectivity,channel,theta,Fp1,O2,61,60,-0.47135040774224524,-0.43341102654573815,-0.03793938119650708,-0.4770119936959286,-0.4564376987737656,-0.5393506153051808,-0.48837898681541425,1665.0,0.393782339791963,-0.20500164356070974,0.20500164356070974,-0.0901639344262295,0.0901639344262295,0.6252158201960114,0.6249353141942057,0.6667007931131254,False,False,False,False,Control > ADHD
frontal_occipital_alpha_connectivity,regional,alpha,frontal,occipital,61,60,-0.6609153727929915,-0.6334642709997856,-0.027451101793205868,-0.676672143113081,-0.6514768667854689,-0.8213037020791645,-0.777419442976502,1642.0,0.33104478973148155,-0.2036285401575727,0.2036285401575727,-0.10273224043715845,0.10273224043715845,0.5666109403441907,0.6018996176936028,0.44011504848766575,False,False,False,False,Control > ADHD
F7_T8_delta_connectivity,channel,delta,F7,T8,61,60,-0.22842028939245743,-0.30744683833381004,0.07902654894135261,-0.2273329551932592,-0.3265203026146361,-0.28390852233583513,-0.3800470985786101,2146.0,0.10192930369610546,0.20335945983177933,0.20335945983177933,0.17267759562841523,0.17267759562841523,0.2743376054869158,0.2766652528894291,0.5998003556882329,False,False,False,False,ADHD > Control
F4_O1_delta_connectivity,channel,delta,F4,O1,61,60,-0.5900639655104631,-0.6284288642490844,0.038364898738621256,-0.5911888942727384,-0.6167272822854228,-0.7325223993749599,-0.7998097811556578,2110.0,0.14735287136747757,0.2030809678945779,0.2030809678945779,0.15300546448087426,0.15300546448087426,0.34084178552732836,0.34165886106899884,0.6238719555367018,False,False,False,False,ADHD > Control
F4_O2_delta_connectivity,channel,delta,F4,O2,61,60,-0.046430712623168044,0.03730045416292762,-0.08373116678609566,-0.1627645715567928,-0.01726861030066245,-0.03451300129715752,0.06359248188217241,1597.0,0.22808968841319477,-0.200026072343536,0.200026072343536,-0.1273224043715847,0.1273224043715847,0.4478222375728744,0.44585272528267084,0.7026161251106376,False,False,False,False,Control > ADHD
F7_F8_theta_connectivity,channel,theta,F7,F8,61,60,-0.00739244849922871,-0.05905839300754989,0.05166594450832118,0.0010221417739854,-0.0247973822857445,0.0009018477413814219,-0.07233549276305902,1931.0,0.6023680220388328,0.1994302290690315,0.1994302290690315,0.055191256830601,0.055191256830601,0.7787757999216338,0.7788652685719502,0.798487843167755,False,False,False,False,ADHD > Control
C4_Cz_delta_connectivity,channel,delta,C4,Cz,61,60,0.5919505984710574,0.649498430081731,-0.05754783161067367,0.6900878624708795,0.7297678977047752,0.8317167029745174,0.9416609314147876,1595.0,0.22411352343059665,-0.19916946091509377,0.19916946091509377,-0.12841530054644812,0.12841530054644812,0.44576426088942844,0.4443294203667481,0.7026161251106376,False,False,False,False,Control > ADHD
T7_Fz_theta_connectivity,channel,theta,T7,Fz,61,60,-0.11724185460814635,-0.06619906429353578,-0.051042790314610564,-0.1429965563099733,-0.1333678090488725,-0.12420387553030635,-0.06725408707771115,1728.0,0.5987615741071486,-0.19879571004576935,0.19879571004576935,-0.05573770491803276,0.05573770491803276,0.7754979958024607,0.7756684028206243,0.798487843167755,False,False,False,False,Control > ADHD
C3_F7_delta_connectivity,channel,delta,C3,F7,61,60,0.13822547234873508,0.2229017048255855,-0.08467623247685041,0.2133827027362379,0.24872822036346834,0.18563289740793285,0.29353866510631216,1613.0,0.26171392408025274,-0.19874784585001243,0.19874784585001243,-0.11857923497267764,0.11857923497267764,0.49602324878037424,0.49314689826692254,0.7299122753790029,False,False,False,False,Control > ADHD
F4_P3_delta_connectivity,channel,delta,F4,P3,61,60,-0.5701307443598709,-0.6083151498160859,0.03818440545621504,-0.5607850454205499,-0.6122408508855636,-0.7221053346532446,-0.8035835043729979,2042.0,0.27289105350789145,0.1975435103223056,0.1975435103223056,0.11584699453551917,0.11584699453551917,0.5105248649604998,0.5072214146722765,0.7299122753790029,False,False,False,False,ADHD > Control
F7_F8_delta_connectivity,channel,delta,F7,F8,61,60,-0.11227097552401351,-0.18072985280498413,0.06845887728097062,-0.0848875977975795,-0.20908177885788165,-0.12562002006734105,-0.22956325544913714,2037.0,0.28439037305336723,0.19670507723564992,0.19670507723564992,0.11311475409836058,0.11311475409836058,0.5199460355824188,0.5159761675557114,0.7318009440593803,False,False,False,False,ADHD > Control
F7_Pz_theta_connectivity,channel,theta,F7,Pz,61,60,-0.27809620801350043,-0.22843541139699428,-0.04966079661650616,-0.341172854645153,-0.3134662915609912,-0.2973903000740402,-0.24255912218113662,1629.0,0.2986167085675755,-0.1954889037747416,0.1954889037747416,-0.10983606557377046,0.10983606557377046,0.5312002383364242,0.527787670956645,0.5869362892535104,False,False,False,False,Control > ADHD
Fp2_O1_theta_connectivity,channel,theta,Fp2,O1,61,60,-0.43717192882461836,-0.47868896604945915,0.04151703722484079,-0.4616653862697769,-0.4993350930917249,-0.4963766974488587,-0.5422363344873613,2151.0,0.09661471704711366,0.19328734813374163,0.19328734813374163,0.1754098360655738,0.1754098360655738,0.26495854220496323,0.2675484472073917,0.39335991940610565,False,False,False,False,ADHD > Control
P3_P7_delta_connectivity,channel,delta,P3,P7,61,60,0.4479110157055103,0.49922296614079775,-0.05131195043528747,0.4191779021804804,0.4993645061305344,0.5585083237296147,0.6444893904008673,1583.0,0.20129483783194735,-0.19312518267699705,0.19312518267699705,-0.13497267759562837,0.13497267759562837,0.42120653927841006,0.42105709197875224,0.7026161251106376,False,False,False,False,Control > ADHD
F3_O2_theta_connectivity,channel,theta,F3,O2,61,60,-0.5701401069457661,-0.5358621447625505,-0.03427796218321566,-0.570711460107892,-0.5462604073360491,-0.6635750353918378,-0.6249690425323859,1555.0,0.15472892348537853,-0.19167424592034363,0.19167424592034363,-0.1502732240437158,0.1502732240437158,0.347899815538553,0.3481400778421017,0.44097743193332883,False,False,False,False,Control > ADHD
O2_Cz_theta_connectivity,channel,theta,O2,Cz,61,60,-0.0383380501603109,-0.08434869513290646,0.04601064497259556,-0.0451830055472711,-0.10758137397451065,-0.03773685542869033,-0.08928099036490651,2041.0,0.27516509357577046,0.18967043005651213,0.18967043005651213,0.1153005464480874,0.1153005464480874,0.5108193019201482,0.507312463627566,0.5809040864377377,False,False,False,False,ADHD > Control
T8_Fz_delta_connectivity,channel,delta,T8,Fz,61,60,-0.335122799897941,-0.38449602752555595,0.049373227627614924,-0.3026101167202625,-0.3887610551078503,-0.39549291302650214,-0.468658779701005,2036.0,0.2867290248653712,0.18855249191508347,0.18855249191508347,0.11256830601092904,0.11256830601092904,0.5215874723681627,0.5174740184905381,0.7318009440593803,False,False,False,False,ADHD > Control
C3_Fz_beta_connectivity,channel,beta,C3,Fz,61,60,0.16046253386557516,0.12079065926635615,0.039671874599219004,0.1357704550728878,0.130515355135005,0.17040179476531586,0.1283220806765326,1978.0,0.4444805193945519,0.1882378686448606,0.1882378686448606,0.08087431693989067,0.08087431693989067,0.6704247834201158,0.6741123620085887,0.5315116700452334,False,False,False,False,ADHD > Control
C3_T7_delta_connectivity,channel,delta,C3,T7,61,60,0.31530372921172795,0.36196441303403654,-0.04666068382230859,0.3130375216475058,0.4051375887625208,0.3909380504273121,0.4907170632404538,1671.0,0.4112625826942996,-0.18655816217281135,0.18655816217281135,-0.08688524590163937,0.08688524590163937,0.6444894153044869,0.6451917581717911,0.7813989071191693,False,False,False,False,Control > ADHD
F7_P7_alpha_connectivity,channel,alpha,F7,P7,61,60,0.0850213450903835,0.03429087625370538,0.05073046883667812,0.0698365188972895,-0.02103549009899755,0.0903816405561492,0.042861395031668574,2115.0,0.14024868992344477,0.18620488414212566,0.18620488414212566,0.15573770491803285,0.15573770491803285,0.336225336107861,0.33659685581626747,0.33596454671784887,False,False,False,False,ADHD > Control
Fp1_Cz_theta_connectivity,channel,theta,Fp1,Cz,61,60,-0.3088317944986691,-0.25589227662823955,-0.05293951787042955,-0.2995943990094634,-0.25385146477540266,-0.3349400254897045,-0.28503309854001546,1627.0,0.29382272072594395,-0.18588481964547063,0.18588481964547063,-0.11092896174863387,0.11092896174863387,0.5265535886276818,0.5220123142247939,0.5869362892535104,False,False,False,False,Control > ADHD
O2_T7_delta_connectivity,channel,delta,O2,T7,61,60,-0.3490291845371187,-0.39421092671735813,0.04518174218023946,-0.3535052344470219,-0.4023776316506332,-0.4109935644131337,-0.48304737443161233,2016.0,0.336228736460391,0.18481913593807023,0.18481913593807023,0.10163934426229515,0.10163934426229515,0.5700927522185553,0.5678529771331048,0.7428419586252989,False,False,False,False,ADHD > Control
C4_T8_delta_connectivity,channel,delta,C4,T8,61,60,0.2616114176658561,0.34393629571077233,-0.08232487804491623,0.2524550133265079,0.37352315498785765,0.35279957815651963,0.47225188511819877,1591.0,0.21631039000957997,-0.1847795939052588,0.1847795939052588,-0.13060109289617483,0.13060109289617483,0.439912141480157,0.4390394859541623,0.7026161251106376,False,False,False,False,Control > ADHD
O1_F8_delta_connectivity,channel,delta,O1,F8,61,60,-0.3979106812528995,-0.44620987353782154,0.04829919228492202,-0.3765184915571546,-0.4836826443859521,-0.4650292087150696,-0.528216670911104,2106.0,0.15323170837743552,0.18460060346423388,0.18460060346423388,0.15081967213114744,0.15081967213114744,0.3466867402039479,0.34705459778200626,0.6238719555367018,False,False,False,False,ADHD > Control
Fp2_Cz_beta_connectivity,channel,beta,Fp2,Cz,61,60,0.08682177514994885,0.05331839777073074,0.03350337737921811,0.0638186092869479,0.03231999740743435,0.09227801896660709,0.05543026268290364,1974.0,0.4569291951616733,0.18454371238284487,0.18454371238284487,0.07868852459016384,0.07868852459016384,0.6806928750968138,0.683894025143511,0.5388613267079043,False,False,False,False,ADHD > Control
C4_F8_beta_connectivity,channel,beta,C4,F8,61,60,0.10239842261043758,0.0622297177932706,0.04016870481716698,0.0516658725930233,0.031055174776759998,0.11485860423478249,0.06634898673581925,1927.0,0.6168906370760683,0.18445639166313904,0.18445639166313904,0.0530054644808744,0.0530054644808744,0.7890968573199177,0.7886975621682817,0.6718999932484565,False,False,False,False,ADHD > Control
C4_F7_delta_connectivity,channel,delta,C4,F7,61,60,-0.32567119927846305,-0.3833200238180338,0.057648824539570764,-0.3378373936670357,-0.3913859068429357,-0.39096686019996685,-0.4657964423469523,2021.0,0.32336634157834765,0.1844529033729076,0.1844529033729076,0.10437158469945351,0.10437158469945351,0.556097936586042,0.5529564440989745,0.7372752587986326,False,False,False,False,ADHD > Control
P7_Pz_delta_connectivity,channel,delta,P7,Pz,61,60,0.3105782016347977,0.37265240456336896,-0.06207420292857124,0.313481968730565,0.35694512183927707,0.37552240802823406,0.44861352574462376,1614.0,0.2639236523538162,-0.18281714474784538,0.18281714474784538,-0.11803278688524588,0.11803278688524588,0.49890528538945933,0.4959444456318964,0.7299122753790029,False,False,False,False,Control > ADHD
C4_Pz_beta_connectivity,channel,beta,C4,Pz,61,60,-0.15627076824580058,-0.12578533784490067,-0.030485430400899904,-0.152927589404244,-0.1347189039471767,-0.1646097559952412,-0.12956291892466365,1732.0,0.6132456033718143,-0.18268842563237916,0.18268842563237916,-0.05355191256830605,0.05355191256830605,0.7872159873070808,0.7869793484171125,0.6718999932484565,False,False,False,False,Control > ADHD
C4_T8_theta_connectivity,channel,theta,C4,T8,61,60,0.22061397367038463,0.2881534103219797,-0.06753943665159509,0.2083499558065773,0.29074296242020903,0.2650574329267862,0.34564052905274617,1612.0,0.25951701537237726,-0.18225822539944228,0.18225822539944228,-0.11912568306010929,0.11912568306010929,0.4931504439097143,0.4903581174439393,0.5689411490855963,False,False,False,False,Control > ADHD
P3_O1_alpha_connectivity,channel,alpha,P3,O1,61,60,0.5544742356662803,0.49628118198639476,0.05819305367988553,0.5422771032821858,0.5072399481500389,0.6984212612423996,0.6240698800970172,2120.0,0.13341095369535624,0.18155089779826275,0.18155089779826275,0.1584699453551912,0.1584699453551912,0.32742213720487434,0.32824853355260314,0.33062714611457855,False,False,False,False,ADHD > Control
C3_T7_alpha_connectivity,channel,alpha,C3,T7,61,60,0.39417749074562175,0.41861178427599316,-0.02443429353037141,0.4088687641893234,0.43897641666744736,0.44098002065978054,0.4976585589453867,1667.0,0.3995584793369822,-0.18075577909116908,0.18075577909116908,-0.08907103825136609,0.08907103825136609,0.6316164607859719,0.631173209853339,0.6507095234916567,False,False,False,False,Control > ADHD
Fp1_O1_beta_connectivity,channel,beta,Fp1,O1,61,60,-0.1852517955574161,-0.21568236813600727,0.030430572578591164,-0.1811805865562453,-0.2364363835359819,-0.1920329418657013,-0.2267514634397957,2080.0,0.19586466001907954,0.18074082696702162,0.18074082696702162,0.13661202185792343,0.13661202185792343,0.41222678445876043,0.4122197767786166,0.25373376411562576,False,False,False,False,ADHD > Control
P4_Pz_alpha_connectivity,channel,alpha,P4,Pz,61,60,0.3405918826047282,0.38343745880888647,-0.04284557620415824,0.3457975981527066,0.4150563651821697,0.3821718664165692,0.43755234001984067,1542.0,0.1361144283286344,-0.1801081349150539,0.1801081349150539,-0.1573770491803279,0.1573770491803279,0.33069411446285674,0.33132480062913144,0.3325081034885212,False,False,False,False,Control > ADHD
frontal_temporal_delta_connectivity,regional,delta,frontal,temporal,61,60,-0.11079736310189758,-0.15460641622014304,0.043809053118245456,-0.1254425289929775,-0.18641484338374453,-0.1194241434707415,-0.1702101435932676,1996.0,0.3909133265945861,0.17954582454244836,0.17954582454244836,0.09071038251366126,0.09071038251366126,0.6233948203843179,0.613076578475244,0.7818266531891722,False,False,False,False,ADHD > Control
Fp1_F7_alpha_connectivity,channel,alpha,Fp1,F7,61,60,0.5679276229547587,0.6024576532561385,-0.0345300303013798,0.6064942958226651,0.6067579864617824,0.6954962435679927,0.7522998160458967,1717.0,0.559753996111638,-0.17877210563637402,0.17877210563637402,-0.06174863387978147,0.06174863387978147,0.750998226063467,0.7524650194737472,0.7691659127890856,False,False,False,False,Control > ADHD
O1_F7_theta_connectivity,channel,theta,O1,F7,61,60,-0.2006702673292907,-0.1550826813029562,-0.0455875860263345,-0.2427311079824125,-0.21102358933672294,-0.20930079551729475,-0.16421811995682806,1665.0,0.393782339791963,-0.17850054456577658,0.17850054456577658,-0.0901639344262295,0.0901639344262295,0.6252158201960114,0.6249353141942057,0.6667007931131254,False,False,False,False,Control > ADHD
F4_F7_delta_connectivity,channel,delta,F4,F7,61,60,-0.14521798824425003,-0.22014593357151743,0.0749279453272674,-0.1342486770790461,-0.25929803039392746,-0.18674441769891612,-0.26721901907447027,2062.0,0.23009650880816201,0.17741929396529077,0.17741929396529077,0.12677595628415306,0.12677595628415306,0.4478222375728744,0.44585272528267084,0.7026161251106376,False,False,False,False,ADHD > Control
Fz_Cz_theta_connectivity,channel,theta,Fz,Cz,61,60,-0.0367253037509687,-0.0764587779061748,0.039733474155206096,-0.0468605645270048,-0.0644431357528733,-0.039454658733192004,-0.08244572940782399,2009.0,0.3547812676821931,0.17735082868104513,0.17735082868104513,0.09781420765027327,0.09781420765027327,0.591847091709465,0.5904388980404381,0.641603594245923,False,False,False,False,ADHD > Control
Fp2_T8_theta_connectivity,channel,theta,Fp2,T8,61,60,0.11968309724476943,0.17736997412584676,-0.057686876881077334,0.0627894234617032,0.15374237744622482,0.14206764359463542,0.20207623527908491,1622.0,0.28206466380960993,-0.17636077028517042,0.17636077028517042,-0.11366120218579234,0.11366120218579234,0.5169995356915382,0.5131176331004607,0.5869362892535104,False,False,False,False,Control > ADHD
T7_Cz_delta_connectivity,channel,delta,T7,Cz,61,60,-0.3331113291081556,-0.3853013147378656,0.05218998562971,-0.3610380265207589,-0.3654760515249589,-0.40483269865110644,-0.4817682365039027,2003.0,0.3711877979213918,0.17625723262243598,0.17625723262243598,0.09453551912568314,0.09453551912568314,0.6080089721608317,0.6059485770363532,0.7647363065609397,False,False,False,False,ADHD > Control
Fp1_F8_beta_connectivity,channel,beta,Fp1,F8,61,60,-0.07801840039165095,-0.04076669173477838,-0.03725170865687257,-0.0857390501212823,-0.012483720538562601,-0.08134092003503,-0.043713014253242706,1551.0,0.1488061613108939,-0.17612788136216764,0.17612788136216764,-0.15245901639344261,0.15245901639344261,0.34201797075900686,0.3427050987766041,0.20356682867330284,False,False,False,False,Control > ADHD
Fp1_C4_theta_connectivity,channel,theta,Fp1,C4,61,60,-0.35120125689944526,-0.297687550634014,-0.05351370626543128,-0.3244311680898968,-0.31049070412031543,-0.3826873897126493,-0.3355045411355091,1653.0,0.3601985090503427,-0.17476188124891964,0.17476188124891964,-0.09672131147540985,0.09672131147540985,0.5967590859323755,0.5951105801701314,0.641603594245923,False,False,False,False,Control > ADHD
F4_O1_beta_connectivity,channel,beta,F4,O1,61,60,-0.39844825329764716,-0.3785009204440953,-0.01994733285355188,-0.4150152193058698,-0.3882096276347729,-0.4298986337679144,-0.4052281178582416,1607.0,0.2487241959983434,-0.17376618436175323,0.17376618436175323,-0.12185792349726776,0.12185792349726776,0.4776560156572961,0.47521606162811975,0.3197882519978701,False,False,False,False,Control > ADHD
parietal_occipital_alpha_connectivity,regional,alpha,parietal,occipital,61,60,0.6338018985056257,0.6069532362845015,0.026848662221124253,0.6575001751203149,0.6189527117261493,0.7930585544154766,0.7459143889851971,1984.0,0.42617533749756653,0.1719694166234349,0.1719694166234349,0.08415300546448079,0.08415300546448079,0.6564913709536983,0.613076578475244,0.47352815277507393,False,False,False,False,ADHD > Control
P4_Fz_theta_connectivity,channel,theta,P4,Fz,61,60,-0.5129463127194673,-0.5336638446146299,0.020717531895162566,-0.5278780890211907,-0.5249669545810434,-0.5845659499924556,-0.6195849619918548,1945.0,0.5527963599889623,0.17186145669038955,0.17186145669038955,0.06284153005464477,0.06284153005464477,0.7494842034307279,0.7517151296867797,0.7685217687651427,False,False,False,False,ADHD > Control
C4_P7_beta_connectivity,channel,beta,C4,P7,61,60,-0.29027220104454093,-0.2653871102306698,-0.024885090813871136,-0.2968607506485847,-0.24389035837698186,-0.3063768943990167,-0.2789743573005585,1569.0,0.17687229634000134,-0.1715803439794355,0.1715803439794355,-0.14262295081967213,0.14262295081967213,0.3822553508960029,0.3828501604321548,0.2326550974933864,False,False,False,False,Control > ADHD
T7_T8_alpha_connectivity,channel,alpha,T7,T8,61,60,-0.24599634356245587,-0.20805809386919988,-0.03793824969325599,-0.2539180289579346,-0.16922939054153804,-0.26285182448048167,-0.22447442043558485,1553.0,0.15174553757509465,-0.16986933866837522,0.16986933866837522,-0.1513661202185792,0.1513661202185792,0.34440053042121793,0.34483039103443436,0.3369933366927427,False,False,False,False,Control > ADHD
T8_Pz_delta_connectivity,channel,delta,T8,Pz,61,60,-0.3434939104060793,-0.3919798115006091,0.048485901094529826,-0.3099920811831953,-0.41141552771668655,-0.40285165116800425,-0.4644385510193533,2087.0,0.18361323367482474,0.16962359367857827,0.16962359367857827,0.1404371584699453,0.1404371584699453,0.39098817994286206,0.39125062876504707,0.697730287964334,False,False,False,False,ADHD > Control
F3_P8_theta_connectivity,channel,theta,F3,P8,61,60,-0.4724851345121735,-0.4990885497206624,0.026603415208488912,-0.4960827476377707,-0.4948975595540975,-0.5383490702696865,-0.5800801368502467,2007.0,0.3601985090503427,0.16894391952903914,0.16894391952903914,0.09672131147540974,0.09672131147540974,0.5967590859323755,0.5951105801701314,0.641603594245923,False,False,False,False,ADHD > Control
O1_F7_delta_connectivity,channel,delta,O1,F7,61,60,-0.10674738428603417,-0.03879032100690986,-0.06795706327912432,-0.1962742404109403,-0.08360031807198025,-0.10553352460653258,-0.031135022609239782,1660.0,0.37956479139178534,-0.16868022222084103,0.16868022222084103,-0.09289617486338797,0.09289617486338797,0.6175391212756238,0.615218761402799,0.7683468833066003,False,False,False,False,Control > ADHD
frontal_parietal_theta_connectivity,regional,theta,frontal,parietal,61,60,-0.8633915800208569,-0.8540291746019203,-0.009362405418936626,-0.8836764989771999,-0.8801930948013266,-1.3681664901563042,-1.3255134755667608,1663.0,0.38805704562645293,-0.16846076049489989,0.16846076049489989,-0.09125683060109291,0.09125683060109291,0.6233948203843179,0.613076578475244,0.5364941255504365,False,False,False,False,Control > ADHD
F4_F7_alpha_connectivity,channel,alpha,F4,F7,61,60,0.011919629545518014,-0.0231362777319552,0.035055907277473215,-0.0037269004642722,-0.0201532223402731,0.013288773482671871,-0.02585899437655644,1969.0,0.47276187997480656,0.16835160054728188,0.16835160054728188,0.07595628415300548,0.07595628415300548,0.6928736864408096,0.6954174750597154,0.7365284204563494,False,False,False,False,ADHD > Control
Fp1_O1_theta_connectivity,channel,theta,Fp1,O1,61,60,-0.2686526851298163,-0.21571886460240391,-0.05293382052741241,-0.3508665196204423,-0.32609217746754043,-0.290911952219557,-0.23894278791180418,1676.0,0.42617533749756653,-0.16612448188221202,0.16612448188221202,-0.0841530054644809,0.0841530054644809,0.6564913709536983,0.6580224172648658,0.69075636286087,False,False,False,False,Control > ADHD
P4_Pz_theta_connectivity,channel,theta,P4,Pz,61,60,0.2663757033123368,0.3088468940992258,-0.04247119078688899,0.3431602418818608,0.39692007592665773,0.29321162437767684,0.34963564518936674,1591.0,0.21631039000957997,-0.16376738890813958,0.16376738890813958,-0.13060109289617483,0.13060109289617483,0.439912141480157,0.4390394859541623,0.5246200400826094,False,False,False,False,Control > ADHD
C4_F8_delta_connectivity,channel,delta,C4,F8,61,60,0.11838699693481418,0.19807307481160527,-0.07968607787679109,0.0494620616860015,0.1947635918496322,0.16955514475515573,0.2549565698497239,1598.0,0.23009650880816201,-0.1622971017622018,0.1622971017622018,-0.12677595628415306,0.12677595628415306,0.4478222375728744,0.44585272528267084,0.7026161251106376,False,False,False,False,Control > ADHD
O1_Fz_theta_connectivity,channel,theta,O1,Fz,61,60,-0.31233537300401715,-0.2728059704484121,-0.03952940255560505,-0.3884314345322944,-0.33136216371583505,-0.3364373924712638,-0.29488123090908347,1595.0,0.22411352343059665,-0.16227172035629905,0.16227172035629905,-0.12841530054644812,0.12841530054644812,0.44576426088942844,0.4443294203667481,0.5246200400826094,False,False,False,False,Control > ADHD
temporal_occipital_beta_connectivity,regional,beta,temporal,occipital,61,60,-0.20980405208966915,-0.23483093007823588,0.02502687798856673,-0.2017858291757648,-0.24016288004451655,-0.2185254084586175,-0.24769993566112697,2023.0,0.31831238957768415,0.16122478978042665,0.16122478978042665,0.10546448087431703,0.10546448087431703,0.5526574821444684,0.6018996176936028,0.6316424907327789,False,False,False,False,ADHD > Control
P4_F8_alpha_connectivity,channel,alpha,P4,F8,61,60,-0.1912624963042142,-0.23078228694943023,0.03951979064521602,-0.2605757044631555,-0.2858657680505695,-0.20428890280769185,-0.24654108951442535,2013.0,0.3441020375426763,0.16081197934619795,0.16081197934619795,0.10000000000000009,0.10000000000000009,0.5807223197689922,0.5782943333641046,0.5825885982158183,False,False,False,False,ADHD > Control
F3_Cz_delta_connectivity,channel,delta,F3,Cz,61,60,-0.2882156240038432,-0.21279494985496994,-0.07542067414887327,-0.2483879032341381,-0.2167917676470543,-0.34456116334778414,-0.2734331550027218,1626.0,0.2914451908510104,-0.16039032804074008,0.16039032804074008,-0.11147540983606552,0.11147540983606552,0.5262002947035699,0.521854739638982,0.7323562990206105,False,False,False,False,Control > ADHD
T7_P8_delta_connectivity,channel,delta,T7,P8,61,60,-0.2721407007476957,-0.31499763050231844,0.04285692975462274,-0.2566397929363184,-0.25167497264759076,-0.32673219323195457,-0.39737924417466974,1964.0,0.4888919625094411,0.16031201688405122,0.16031201688405122,0.0732240437158469,0.0732240437158469,0.7036934013058357,0.7054896674186871,0.8199951757711214,False,False,False,False,ADHD > Control
Fp1_C3_delta_connectivity,channel,delta,Fp1,C3,61,60,0.20150536762027352,0.2693227142388487,-0.06781734661857516,0.1704786762509649,0.3006162648243045,0.2722026418927044,0.3594847291646796,1709.0,0.532181470107578,-0.15989913459220562,0.15989913459220562,-0.066120218579235,0.066120218579235,0.7395381657541007,0.7413688911478277,0.853431908250629,False,False,False,False,Control > ADHD
F3_T7_delta_connectivity,channel,delta,F3,T7,61,60,0.22528471580912446,0.2565291388759389,-0.031244423066814464,0.2162846724593504,0.2510009652921159,0.27319546296319147,0.35216083207604976,1756.0,0.7031820729242639,-0.1596133490405258,0.1596133490405258,-0.040437158469945333,0.040437158469945333,0.8527702190907321,0.8543100139967967,0.9285413956848392,False,False,False,False,Control > ADHD
T8_Cz_delta_connectivity,channel,delta,T8,Cz,61,60,0.13012000674834767,0.20387546392178563,-0.07375545717343795,0.087169698440869,0.2704486101829094,0.1766278727629216,0.26271903860277257,1591.0,0.21631039000957997,-0.15870629475093526,0.15870629475093526,-0.13060109289617483,0.13060109289617483,0.439912141480157,0.4390394859541623,0.7026161251106376,False,False,False,False,Control > ADHD
Fp1_T8_delta_connectivity,channel,delta,Fp1,T8,61,60,-0.3543066805615578,-0.38540141049159365,0.03109472993003587,-0.3407153302305639,-0.3223835432146114,-0.4176359573730839,-0.4828370905844707,1941.0,0.5667538304761683,0.15842970253731803,0.15842970253731803,0.060655737704917945,0.060655737704917945,0.752898666540818,0.7542015954196482,0.8653116518877213,False,False,False,False,ADHD > Control
C3_Fz_delta_connectivity,channel,delta,C3,Fz,61,60,0.3061559402982246,0.37734264844230825,-0.07118670814408362,0.3321733408068191,0.3970431119182895,0.3902858617917845,0.4660303249218795,1667.0,0.3995584793369822,-0.15766875154971774,0.15766875154971774,-0.08907103825136609,0.08907103825136609,0.6316164607859719,0.631173209853339,0.7764147723479995,False,False,False,False,Control > ADHD
Fp1_O1_delta_connectivity,channel,delta,Fp1,O1,61,60,-0.11364023828690686,-0.042752094786015916,-0.07088814350089095,-0.2275343874203558,-0.09058768431888756,-0.11191236196407164,-0.03746311413219389,1684.0,0.45068051897030226,-0.15558182413429242,0.15558182413429242,-0.07978142076502737,0.07978142076502737,0.6755542354751529,0.6789988435587814,0.8082825438153,False,False,False,False,Control > ADHD
Fp1_Pz_theta_connectivity,channel,theta,Fp1,Pz,61,60,-0.3029273519323383,-0.2619386806083079,-0.04098867132403039,-0.3662384771230151,-0.35177086307124317,-0.33041172486193837,-0.28368087318870316,1660.0,0.37956479139178534,-0.15556466995677068,0.15556466995677068,-0.09289617486338797,0.09289617486338797,0.6175391212756238,0.615218761402799,0.6667007931131254,False,False,False,False,Control > ADHD
O1_F8_alpha_connectivity,channel,alpha,O1,F8,61,60,-0.2986948251905645,-0.27690695457265924,-0.02178787061790527,-0.313501103840468,-0.28367789385620656,-0.31916939723746335,-0.2916126666947444,1638.0,0.3208328631088916,-0.15517864414135094,0.15517864414135094,-0.10491803278688527,0.10491803278688527,0.5557009399302333,0.5527699706964279,0.5486241959162046,False,False,False,False,Control > ADHD
F8_Pz_theta_connectivity,channel,theta,F8,Pz,61,60,-0.399305594774893,-0.41940736716547383,0.020101772390580808,-0.3701904522149461,-0.4025621988661007,-0.4351489296005058,-0.4661237217915452,2026.0,0.31082900141780523,0.15441910655197524,0.15441910655197524,0.1071038251366121,0.1071038251366121,0.5448915182239492,0.5409848268951114,0.6039972641186897,False,False,False,False,ADHD > Control
P4_O2_delta_connectivity,channel,delta,P4,O2,61,60,0.6872210406495719,0.7176321229588324,-0.030411082309260484,0.713650766548603,0.7212554701100375,1.0405480250303647,1.138878083978174,1697.0,0.49215319584437467,-0.1523945930121652,0.1523945930121652,-0.07267759562841525,0.07267759562841525,0.706981971808189,0.7087006020158996,0.8199951757711214,False,False,False,False,Control > ADHD
F3_F4_delta_connectivity,channel,delta,F3,F4,61,60,-0.006675465027942349,-0.07687589253544279,0.07020042750750044,0.0625143372159284,-0.0610868550170097,-0.03293340964197653,-0.11424729478632409,2024.0,0.3158049216150246,0.15188956775630522,0.15188956775630522,0.10601092896174857,0.10601092896174857,0.5496220270415332,0.5454812282441334,0.7372752587986326,False,False,False,False,ADHD > Control
F4_T8_beta_connectivity,channel,beta,F4,T8,61,60,0.11842553567811108,0.08957654185524981,0.02884899382286127,0.1031286994678892,0.06632519514556875,0.12489227972292515,0.09348902290714564,1934.0,0.5915782201820889,0.15185188532212954,0.15185188532212954,0.05683060109289628,0.05683060109289628,0.7703284737622884,0.7707419097229501,0.6608649772564775,False,False,False,False,ADHD > Control
P4_T7_delta_connectivity,channel,delta,P4,T7,61,60,-0.3997361575360303,-0.44233119859042813,0.04259504105439782,-0.427334843712995,-0.41822940968413286,-0.4852335995417685,-0.5475481572236957,1949.0,0.5390096262635551,0.15162914235913283,0.15162914235913283,0.06502732240437159,0.06502732240437159,0.7419067859597223,0.7433116620247413,0.853431908250629,False,False,False,False,ADHD > Control
P7_Cz_beta_connectivity,channel,beta,P7,Cz,61,60,-0.24430335930758854,-0.2205161753510349,-0.02378718395655363,-0.2293662264179942,-0.2162323455164255,-0.2536876243541378,-0.2296542943495628,1733.0,0.6168906370760683,-0.15139771780749592,0.15139771780749592,-0.05300546448087429,0.05300546448087429,0.7890968573199177,0.7886975621682817,0.6718999932484565,False,False,False,False,Control > ADHD
C3_P3_delta_connectivity,channel,delta,C3,P3,61,60,0.47212853770181523,0.40433397475444305,0.06779456294737218,0.5568590643703042,0.4261606443395854,0.6084541467455238,0.5307645330819103,2027.0,0.30836054695604653,0.15111932720562046,0.15111932720562046,0.10765027322404364,0.10765027322404364,0.5418763009615963,0.538057689076367,0.7323562990206105,False,False,False,False,ADHD > Control
Fp1_Pz_alpha_connectivity,channel,alpha,Fp1,Pz,61,60,-0.3310590909555469,-0.2999799725648099,-0.031079118390737015,-0.3690286608247961,-0.34600343115955584,-0.3639177653550772,-0.3244427055853575,1797.0,0.8662040980698235,-0.150831660357124,0.150831660357124,-0.0180327868852459,0.0180327868852459,0.9318451218462885,0.9315779922637724,0.9143265479625915,False,False,False,False,Control > ADHD
temporal_occipital_alpha_connectivity,regional,alpha,temporal,occipital,61,60,-0.1653626166102409,-0.19109247443247362,0.02572985782223272,-0.1383808698828941,-0.213856698452917,-0.17256515126738278,-0.20167138655122394,2010.0,0.3520920387901326,0.1508099183829555,0.1508099183829555,0.09836065573770503,0.09836065573770503,0.5900801761205,0.6123339805045785,0.44011504848766575,False,False,False,False,ADHD > Control
P3_F7_delta_connectivity,channel,delta,P3,F7,61,60,-0.06636589574431044,0.000883151718237248,-0.06724904746254769,-0.1989850032387536,-0.00194826122312895,-0.05781404272175923,0.017586289571922778,1679.0,0.4352724022323413,-0.1501649384584312,0.1501649384584312,-0.08251366120218584,0.08251366120218584,0.663446777297295,0.6660544141541866,0.8003395782981759,False,False,False,False,Control > ADHD
Fp1_Cz_alpha_connectivity,channel,alpha,Fp1,Cz,61,60,-0.28761888415457376,-0.24277139217199462,-0.044847491982579146,-0.2587008838810301,-0.19714658208099084,-0.3083638698252846,-0.27020709308393764,1550.0,0.14735287136747757,-0.15005871582538516,0.15005871582538516,-0.15300546448087426,0.15300546448087426,0.34084178552732836,0.34165886106899884,0.33596454671784887,False,False,False,False,Control > ADHD
P3_O2_delta_connectivity,channel,delta,P3,O2,61,60,-0.07495214764629099,-0.12795747414376318,0.053005326497472194,0.0095800264287167,-0.1000627216022794,-0.09995437058261329,-0.1683503735940066,1962.0,0.49542606268400324,0.1492076164067708,0.1492076164067708,0.0721311475409836,0.0721311475409836,0.7074723261996417,0.7089360394892431,0.8199951757711214,False,False,False,False,ADHD > Control
parietal_occipital_beta_connectivity,regional,beta,parietal,occipital,61,60,0.44656454468126117,0.470418470099063,-0.023853925417801847,0.4662237078916643,0.5060039033006667,0.5040272095812537,0.5409159404564008,1669.0,0.4053852894124236,-0.14867207142569908,0.14867207142569908,-0.08797814207650279,0.08797814207650279,0.6394312626026029,0.613076578475244,0.6316424907327789,False,False,False,False,Control > ADHD
Fp2_P4_alpha_connectivity,channel,alpha,Fp2,P4,61,60,-0.2737356095924186,-0.30503090962608953,0.031295300033670925,-0.343165715499218,-0.369976768272701,-0.29735915650047406,-0.33950081306352103,1999.0,0.38238275926764687,0.14802947557167873,0.14802947557167873,0.09234972677595632,0.09234972677595632,0.6207289634748347,0.6183210575391737,0.628725498411227,False,False,False,False,ADHD > Control
F8_P7_delta_connectivity,channel,delta,F8,P7,61,60,-0.3138390746379986,-0.3670992690522122,0.05326019441421359,-0.2519696793790985,-0.35916936255360504,-0.38349713415880654,-0.4452631823555444,2030.0,0.3010331782775647,0.14680343486721734,0.14680343486721734,0.1092896174863387,0.1092896174863387,0.5328802471221439,0.5293231206731472,0.7323562990206105,False,False,False,False,ADHD > Control
temporal_parietal_beta_connectivity,regional,beta,temporal,parietal,61,60,-0.05468249116295944,-0.08391352078467046,0.02923102962171102,-0.0527654035068564,-0.10933465338355561,-0.05607845272073275,-0.08737095787887282,1978.0,0.4444805193945519,0.14527295029169138,0.14527295029169138,0.08087431693989067,0.08087431693989067,0.6704247834201158,0.613076578475244,0.6316424907327789,False,False,False,False,ADHD > Control
Fp2_F7_theta_connectivity,channel,theta,Fp2,F7,61,60,0.08428652195545658,0.03703669714574367,0.04724982480971291,0.1189307585126572,0.0688804688503418,0.08863180005542541,0.036388653741782274,1939.0,0.5737953620316197,0.14522017214615518,0.14522017214615518,0.059562841530054644,0.059562841530054644,0.758080003851994,0.7591412526685258,0.7725906055701336,False,False,False,False,ADHD > Control
O2_Pz_delta_connectivity,channel,delta,O2,Pz,61,60,0.04242804727452304,-0.013910665802868342,0.056338713077391384,0.1322914830275812,-0.0042186869283235996,0.03274681468890767,-0.03317867741303786,1996.0,0.3909133265945861,0.14328690999804564,0.14328690999804564,0.09071038251366126,0.09071038251366126,0.6233948203843179,0.6232743948501094,0.7683468833066003,False,False,False,False,ADHD > Control
C3_F7_theta_connectivity,channel,theta,C3,F7,61,60,0.06797543291736582,0.11114261014443078,-0.04316717722706495,0.0857445042665323,0.07751919119294631,0.07918332370077892,0.12866612012174763,1689.0,0.4663928297751192,-0.14292858816877407,0.14292858816877407,-0.0770491803278689,0.0770491803278689,0.6891192015452782,0.6920015088203505,0.712081909745941,False,False,False,False,Control > ADHD
P3_F8_theta_connectivity,channel,theta,P3,F8,61,60,-0.443702260564975,-0.41257969435703074,-0.03112256620794429,-0.4505075369548698,-0.4096690473311593,-0.4954238048210622,-0.46295472112142727,1678.0,0.4322276656497842,-0.14248120930371014,0.14248120930371014,-0.08306010928961749,0.08306010928961749,0.6601958437351134,0.6628783033732116,0.69075636286087,False,False,False,False,Control > ADHD
C4_F8_theta_connectivity,channel,theta,C4,F8,61,60,0.05954164131752499,0.1045747145132596,-0.04503307319573461,-0.0103133797335925,0.0441210743912319,0.07616581223425489,0.12905808406477276,1664.0,0.3909133265945861,-0.14243542909334334,0.14243542909334334,-0.09071038251366115,0.09071038251366115,0.6233948203843179,0.6232743948501094,0.6667007931131254,False,False,False,False,Control > ADHD
Fp1_F8_alpha_connectivity,channel,alpha,Fp1,F8,61,60,0.08968260481600208,0.051497599387801844,0.03818500542820024,0.1029226559947385,0.08231107519094286,0.09622377139811511,0.05404498471508961,1934.0,0.5915782201820889,0.140443863730203,0.140443863730203,0.05683060109289628,0.05683060109289628,0.7703284737622884,0.7707419097229501,0.7781528896241324,False,False,False,False,ADHD > Control
T7_Fz_beta_connectivity,channel,beta,T7,Fz,61,60,-0.02740095603894746,-0.05504480877100768,0.02764385273206022,-0.0795970869094412,-0.0565728760580961,-0.02781161966268383,-0.057504146191301495,1966.0,0.482404579480182,0.1399660823389235,0.1399660823389235,0.07431693989071042,0.07431693989071042,0.6957388755849637,0.6975998570072822,0.5573728587237239,False,False,False,False,ADHD > Control
Fp2_F4_theta_connectivity,channel,theta,Fp2,F4,61,60,0.5828290648489527,0.5998762064865703,-0.017047141637617558,0.6107236420985093,0.6425412038660365,0.7302979790009307,0.7837271417180305,1755.0,0.6993392232641937,-0.13903551605746128,0.13903551605746128,-0.040983606557377095,0.040983606557377095,0.8523932620257176,0.854192908415551,0.8728978626144316,False,False,False,False,Control > ADHD
C4_P8_theta_connectivity,channel,theta,C4,P8,61,60,0.015935736896118297,-0.02439683136970312,0.04033256826582142,-0.0028589889303087,-0.0468305210674833,0.02633454767091482,-0.021772241611948285,1985.0,0.4231678069233774,0.13778134191334965,0.13778134191334965,0.08469945355191255,0.08469945355191255,0.6560460218683624,0.6563419046158506,0.69075636286087,False,False,False,False,ADHD > Control
F4_P4_delta_connectivity,channel,delta,F4,P4,61,60,0.11301366038914859,0.16687861780157123,-0.05386495741242264,0.0586234919938393,0.1451478095152483,0.15347393695991565,0.22332534094354137,1694.0,0.482404579480182,-0.13699538594843244,0.13699538594843244,-0.07431693989071042,0.07431693989071042,0.6957388755849637,0.6975998570072822,0.8199951757711214,False,False,False,False,Control > ADHD
Fp2_T7_alpha_connectivity,channel,alpha,Fp2,T7,61,60,-0.12843760001043641,-0.1561279967093882,0.02769039669895179,-0.1619263874320069,-0.15223466853009748,-0.13327103494030312,-0.16422499692880754,1943.0,0.559753996111638,0.1367254649628741,0.1367254649628741,0.06174863387978147,0.06174863387978147,0.750998226063467,0.7524650194737472,0.7691659127890856,False,False,False,False,ADHD > Control
F3_Pz_alpha_connectivity,channel,alpha,F3,Pz,61,60,-0.30090758078675733,-0.27392679646346285,-0.026980784323294482,-0.3345780104432623,-0.30075608823187006,-0.32269179397673275,-0.291847082677623,1693.0,0.4791785193700927,-0.1361557598662915,0.1361557598662915,-0.07486338797814207,0.07486338797814207,0.6957388755849637,0.6975998570072822,0.7365284204563494,False,False,False,False,Control > ADHD
P3_P8_delta_connectivity,channel,delta,P3,P8,61,60,-0.272714344508803,-0.21426404518525238,-0.058450299323550614,-0.2904832911881984,-0.17156036271460912,-0.3340656307410083,-0.27067649094219065,1664.0,0.3909133265945861,-0.13508588859789716,0.13508588859789716,-0.09071038251366115,0.09071038251366115,0.6233948203843179,0.6232743948501094,0.7683468833066003,False,False,False,False,Control > ADHD
C4_P7_alpha_connectivity,channel,alpha,C4,P7,61,60,-0.3815993714825835,-0.4059705078016201,0.02437113631903659,-0.4045361099959351,-0.41575787202169034,-0.418184585765726,-0.44536652015437117,1941.0,0.5667538304761683,0.13383613494645802,0.13383613494645802,0.060655737704917945,0.060655737704917945,0.752898666540818,0.7542015954196482,0.7691659127890856,False,False,False,False,ADHD > Control
P4_T7_theta_connectivity,channel,theta,P4,T7,61,60,-0.29824401863977823,-0.3220129445669661,0.02376892592718788,-0.3023508839430875,-0.29629488652421876,-0.32267415466914323,-0.35701829068998664,1838.0,0.968985693029464,0.1332420864299307,0.1332420864299307,0.004371584699453646,0.004371584699453646,0.9895546198266274,0.9888186569772025,0.9888186569772025,False,False,False,False,ADHD > Control
Fp1_P3_theta_connectivity,channel,theta,Fp1,P3,61,60,-0.27920926408172203,-0.22403573770417132,-0.05517352637755071,-0.3517001259058282,-0.30091162543988104,-0.30058340352346674,-0.25431256914696976,1674.0,0.4201727380289595,-0.13215117645537033,0.13215117645537033,-0.08524590163934431,0.08524590163934431,0.6556143584762213,0.6561601662370052,0.69075636286087,False,False,False,False,Control > ADHD
C3_Cz_alpha_connectivity,channel,alpha,C3,Cz,61,60,0.1953328777815886,0.2214650052405776,-0.02613212745898902,0.2067584978847089,0.2615337087323651,0.20761533587006695,0.24310407663432976,1709.0,0.532181470107578,-0.13175462491249512,0.13175462491249512,-0.066120218579235,0.066120218579235,0.7395381657541007,0.7413688911478277,0.7691659127890856,False,False,False,False,Control > ADHD
frontal_temporal_theta_connectivity,regional,theta,frontal,temporal,61,60,-0.1409723228474163,-0.11360631143784536,-0.02736601140957093,-0.1722636245894545,-0.12293167262514815,-0.14885704128298405,-0.11931149179212452,1677.0,0.42919530044034926,-0.13173273040112746,0.13173273040112746,-0.08360655737704914,0.08360655737704914,0.6583419438957899,0.613076578475244,0.5364941255504365,False,False,False,False,Control > ADHD
P3_F7_theta_connectivity,channel,theta,P3,F7,61,60,-0.2125759134845455,-0.17132381334811891,-0.04125210013642658,-0.2634111119818986,-0.24726210493993223,-0.22427708621581335,-0.18515278475972566,1664.0,0.3909133265945861,-0.12938606862820382,0.12938606862820382,-0.09071038251366115,0.09071038251366115,0.6233948203843179,0.6232743948501094,0.6667007931131254,False,False,False,False,Control > ADHD
F7_Fz_alpha_connectivity,channel,alpha,F7,Fz,61,60,0.23301535693946973,0.26049967664014306,-0.027484319700673332,0.2446558040934852,0.2697311142927036,0.25096497601529905,0.2831348019155,1656.0,0.3684211570579581,-0.12929554504863963,0.12929554504863963,-0.09508196721311479,0.09508196721311479,0.6062202675226401,0.6043167180519025,0.6176472338912827,False,False,False,False,Control > ADHD
C3_P8_delta_connectivity,channel,delta,C3,P8,61,60,-0.43937638209245206,-0.48168549633877233,0.04230911424632028,-0.4240062493631422,-0.5008292762649718,-0.5576578747816355,-0.6174652770670825,2059.0,0.23619220897387805,0.12858131704705197,0.12858131704705197,0.125136612021858,0.125136612021858,0.45722769865531476,0.4550858336285425,0.7085766269216341,False,False,False,False,ADHD > Control
P3_P7_alpha_connectivity,channel,alpha,P3,P7,61,60,0.33142188700782693,0.34501953509914574,-0.013597648091318804,0.3157082304288048,0.3423428469372657,0.3586791607842644,0.3947110145988149,1693.0,0.4791785193700927,-0.1282271623325332,0.1282271623325332,-0.07486338797814207,0.07486338797814207,0.6957388755849637,0.6975998570072822,0.7365284204563494,False,False,False,False,Control > ADHD
P8_Fz_alpha_connectivity,channel,alpha,P8,Fz,61,60,-0.3606831299240547,-0.374781939072617,0.014098809148562264,-0.374815527081054,-0.3749674870054575,-0.38711623512102444,-0.4119005575846473,1882.0,0.7894851917756328,0.12776191098579798,0.12776191098579798,0.02841530054644803,0.02841530054644803,0.8976235749734708,0.897090763390682,0.8868299213257559,False,False,False,False,ADHD > Control
P7_P8_delta_connectivity,channel,delta,P7,P8,61,60,-0.0219268489960093,-0.07905553293143512,0.05712868393542582,-0.0222385122858369,-0.0609834685974154,-0.04565044398442026,-0.10983015226469423,1996.0,0.3909133265945861,0.1271963467208371,0.1271963467208371,0.09071038251366126,0.09071038251366126,0.6233948203843179,0.6232743948501094,0.7683468833066003,False,False,False,False,ADHD > Control
Fp2_F8_delta_connectivity,channel,delta,Fp2,F8,61,60,0.4645094038390007,0.5185653315609209,-0.054055927721920194,0.5275311833683131,0.6123151753474523,0.6140803170986124,0.6810001263150547,1633.0,0.30836054695604653,-0.12719101787794224,0.12719101787794224,-0.10765027322404375,0.10765027322404375,0.5418763009615963,0.538057689076367,0.7323562990206105,False,False,False,False,Control > ADHD
F7_Pz_delta_connectivity,channel,delta,F7,Pz,61,60,-0.11927261853676409,-0.06343358723689993,-0.05583903129986416,-0.2599092566030834,-0.1162525223849241,-0.12151933707788655,-0.0596809601574213,1686.0,0.4569291951616733,-0.12699975360144306,0.12699975360144306,-0.07868852459016396,0.07868852459016396,0.6806928750968138,0.683894025143511,0.8082825438153,False,False,False,False,Control > ADHD
frontal_temporal_beta_connectivity,regional,beta,frontal,temporal,61,60,-0.14825997468071822,-0.12238024390518375,-0.025879730775534474,-0.1735483611380614,-0.1458603821647371,-0.15337769090184028,-0.12765308607434872,1701.0,0.5053139925862231,-0.1269614418187806,0.1269614418187806,-0.07049180327868854,0.07049180327868854,0.7159438955624766,0.6737519901149641,0.6316424907327789,False,False,False,False,Control > ADHD
Fp1_F4_delta_connectivity,channel,delta,Fp1,F4,61,60,-0.05987785775981312,-0.1164499209413853,0.05657206318157218,0.0155980557159345,-0.0758343607143673,-0.09180551230179586,-0.15543483120902485,1984.0,0.42617533749756653,0.12695564740839577,0.12695564740839577,0.08415300546448079,0.08415300546448079,0.6564913709536983,0.6580224172648658,0.8003395782981759,False,False,False,False,ADHD > Control
F3_P3_delta_connectivity,channel,delta,F3,P3,61,60,0.04620097587083304,0.10246648405824921,-0.056265508187416165,-0.0677919357394127,0.10032427292411769,0.07677058624342872,0.13992335435883224,1643.0,0.33363026751762515,-0.126698989899704,0.126698989899704,-0.1021857923497268,0.1021857923497268,0.5683489733712014,0.5662608014443067,0.7428419586252989,False,False,False,False,Control > ADHD
Fp2_F7_delta_connectivity,channel,delta,Fp2,F7,61,60,-0.04705457200066144,-0.09875747723193432,0.051702905231272876,-0.0922408575897259,-0.1226671834216006,-0.06647324575085965,-0.13383306833995065,1946.0,0.5493335195500155,0.12654498621835783,0.12654498621835783,0.06338797814207653,0.06338797814207653,0.7475892258537805,0.7499882781880453,0.8617984572757124,False,False,False,False,ADHD > Control
Fp2_F8_alpha_connectivity,channel,alpha,Fp2,F8,61,60,0.5412466789869732,0.5595464167383575,-0.01829973775138427,0.5734051383597059,0.6060960326619644,0.6534745674679379,0.6961295746261658,1718.0,0.5632486695476002,-0.12627086065219345,0.12627086065219345,-0.061202185792349706,0.061202185792349706,0.750998226063467,0.7524650194737472,0.7691659127890856,False,False,False,False,Control > ADHD
Fp2_O2_delta_connectivity,channel,delta,Fp2,O2,61,60,-0.015456682835714672,0.03439682952544351,-0.04985351236115818,-0.0961626118083531,-0.0097672029949659,0.002432887499811657,0.06612631206830476,1736.0,0.627882233364901,-0.12554017868214198,0.12554017868214198,-0.051366120218579225,0.051366120218579225,0.8003287622468105,0.799760610096075,0.9158000667513079,False,False,False,False,Control > ADHD
F7_Cz_theta_connectivity,channel,theta,F7,Cz,61,60,-0.29814224247311516,-0.2709511064840564,-0.027191135989058757,-0.2933453388088221,-0.26076916376521414,-0.3205372489546319,-0.29343175128533133,1682.0,0.4444805193945519,-0.12519371400289303,0.12519371400289303,-0.08087431693989067,0.08087431693989067,0.6704247834201158,0.6741123620085887,0.6957747750179163,False,False,False,False,Control > ADHD
frontal_occipital_theta_connectivity,regional,theta,frontal,occipital,61,60,-0.7012070596759965,-0.6887142084363639,-0.012492851239632619,-0.7064894345227031,-0.7100465193450423,-0.897800153397424,-0.8724853973061851,1785.0,0.8175550622199055,-0.12482383901436511,0.12482383901436511,-0.024590163934426257,0.024590163934426257,0.9134411497642153,0.9083945135776728,0.8175550622199055,False,False,False,False,Control > ADHD
Fp1_C3_theta_connectivity,channel,theta,Fp1,C3,61,60,0.08071697610006355,0.13032100530159224,-0.04960402920152869,0.0501767984706674,0.13355757004876576,0.1051953677724512,0.14982904863672855,1596.0,0.22609536815383924,-0.12358520782602968,0.12358520782602968,-0.12786885245901636,0.12786885245901636,0.4478222375728744,0.44585272528267084,0.5246200400826094,False,False,False,False,Control > ADHD
P3_T8_theta_connectivity,channel,theta,P3,T8,61,60,-0.3139341606617845,-0.2817026789253965,-0.03223148173638796,-0.2969192704865907,-0.29193214454951066,-0.34231762950058864,-0.3111978368915723,1703.0,0.5119632348994838,-0.12282905952675824,0.12282905952675824,-0.06939890710382512,0.06939890710382512,0.719730838965488,0.7220265003530865,0.7482539586992456,False,False,False,False,Control > ADHD
F3_O1_theta_connectivity,channel,theta,F3,O1,61,60,-0.3138900665561239,-0.2768428961531621,-0.03704717040296179,-0.3942593375851386,-0.33909985420946226,-0.33915866921185983,-0.3045792468793382,1703.0,0.5119632348994838,-0.12275723759431464,0.12275723759431464,-0.06939890710382512,0.06939890710382512,0.719730838965488,0.7220265003530865,0.7482539586992456,False,False,False,False,Control > ADHD
O1_O2_delta_connectivity,channel,delta,O1,O2,61,60,0.176443764379854,0.11753555351620534,0.05890821086364867,0.2403494275470371,0.16938223402924169,0.1888156871218528,0.1313879737171476,2009.0,0.3547812676821931,0.12249862152329087,0.12249862152329087,0.09781420765027327,0.09781420765027327,0.591847091709465,0.5904388980404381,0.7641208274153319,False,False,False,False,ADHD > Control
Cz_Pz_beta_connectivity,channel,beta,Cz,Pz,61,60,-0.08448419484268378,-0.10794333462337512,0.023459139780691335,-0.110248993771291,-0.09862986716648581,-0.08708835869238517,-0.11317777607497194,1920.0,0.6426667135096897,0.12242378841398177,0.12242378841398177,0.049180327868852514,0.049180327868852514,0.810610976621978,0.8095470203326478,0.6955443544946642,False,False,False,False,ADHD > Control
T7_Pz_beta_connectivity,channel,beta,T7,Pz,61,60,0.005315853761600287,-0.016379161764353504,0.021695015525953792,-0.0156961030922498,-0.0461340710082616,0.006098764606790016,-0.015493064513683761,1985.0,0.4231678069233774,0.12224834024433326,0.12224834024433326,0.08469945355191255,0.08469945355191255,0.6560460218683624,0.6563419046158506,0.5095894012950531,False,False,False,False,ADHD > Control
T8_Fz_theta_connectivity,channel,theta,T8,Fz,61,60,-0.28582670025008966,-0.25547896720792923,-0.03034773304216043,-0.3235735012497385,-0.25190373147561834,-0.3070173866601596,-0.278808649872867,1628.0,0.29621322456327315,-0.1204796707138269,0.1204796707138269,-0.11038251366120222,0.11038251366120222,0.5295268508242217,0.5248959730603078,0.5869362892535104,False,False,False,False,Control > ADHD
F4_C3_delta_connectivity,channel,delta,F4,C3,61,60,-0.3320334091202826,-0.2579130342254728,-0.07412037489480983,-0.3155339319860372,-0.26188306387886506,-0.4011235624953782,-0.3416065690738323,1620.0,0.2774520345007906,-0.1203992072705392,0.1203992072705392,-0.11475409836065575,0.11475409836065575,0.5124369208637051,0.5087860364572139,0.7299122753790029,False,False,False,False,Control > ADHD
T8_Cz_alpha_connectivity,channel,alpha,T8,Cz,61,60,-0.08278119312534403,-0.05441586923306123,-0.0283653238922828,-0.1089818756080763,-0.07102018673877836,-0.08556624889346096,-0.05656006393941997,1721.0,0.5737953620316197,-0.11924772435169952,0.11924772435169952,-0.059562841530054644,0.059562841530054644,0.758080003851994,0.7591412526685258,0.7700011728333733,False,False,False,False,Control > ADHD
C3_O2_beta_connectivity,channel,beta,C3,O2,61,60,-0.22941734769542088,-0.21144081772158663,-0.017976529973834254,-0.2211271498659753,-0.2441541886726335,-0.24894616482837403,-0.2220335342988138,1821.0,0.9648529704336525,-0.11814145804631533,0.11814145804631533,-0.004918032786885296,0.004918032786885296,0.9895546198266274,0.9888186569772025,0.9762713487819797,False,False,False,False,Control > ADHD
P7_Cz_theta_connectivity,channel,theta,P7,Cz,61,60,-0.3917153634258948,-0.41872713091453506,0.02701176748864026,-0.3902353938110148,-0.43183824808445115,-0.4377628517277826,-0.46594018829547124,2105.0,0.15472892348537853,0.11753286092740783,0.11753286092740783,0.1502732240437159,0.1502732240437159,0.347899815538553,0.3481400778421017,0.44097743193332883,False,False,False,False,ADHD > Control
Fz_Pz_theta_connectivity,channel,theta,Fz,Pz,61,60,-0.1633883096643374,-0.18665246107201203,0.023264151407674627,-0.2134682547076854,-0.2005114281091394,-0.16928826031197913,-0.19884507573507076,1968.0,0.47596427193167434,0.11733712771519994,0.11733712771519994,0.07540983606557372,0.07540983606557372,0.6957388755849637,0.6975998570072822,0.7202645177019142,False,False,False,False,ADHD > Control
C3_Cz_delta_connectivity,channel,delta,C3,Cz,61,60,-0.09516157408208288,-0.14940936488639694,0.054247790804314064,0.0168654360096307,-0.1688588245979252,-0.1399990374237939,-0.20139427938028517,1989.0,0.4112625826942996,0.11722114030671359,0.11722114030671359,0.08688524590163937,0.08688524590163937,0.6444894153044869,0.6451917581717911,0.7813989071191693,False,False,False,False,ADHD > Control
C4_T8_beta_connectivity,channel,beta,C4,T8,61,60,0.29157593077608857,0.263402099915088,0.02817383086100056,0.3299141305157048,0.28313979653618754,0.3208046652229241,0.28650110795416595,1986.0,0.4201727380289595,0.1171471150667268,0.1171471150667268,0.08524590163934431,0.08524590163934431,0.6556143584762213,0.6561601662370052,0.5095894012950531,False,False,False,False,ADHD > Control
F4_Pz_theta_connectivity,channel,theta,F4,Pz,61,60,-0.5192836012240651,-0.49836424262700835,-0.020919358597056792,-0.5076594559599877,-0.4979908560914412,-0.5915881027736167,-0.5686245285435284,1706.0,0.5220220256876376,-0.11677094540728096,0.11677094540728096,-0.06775956284153006,0.06775956284153006,0.7296215185286672,0.7316866097752953,0.754982811211247,False,False,False,False,Control > ADHD
Fp1_Fp2_theta_connectivity,channel,theta,Fp1,Fp2,61,60,0.20461142288442327,0.24456598008147337,-0.0399545571970501,0.2680256989530639,0.2961838523901543,0.23620394932706273,0.29131755412234006,1718.0,0.5632486695476002,-0.11485008014016795,0.11485008014016795,-0.061202185792349706,0.061202185792349706,0.750998226063467,0.7524650194737472,0.7705241799411171,False,False,False,False,Control > ADHD
P3_P4_delta_connectivity,channel,delta,P3,P4,61,60,-0.11428521692965285,-0.1575249032989521,0.04323968636929926,-0.057657182235218,-0.14405813854535238,-0.1518245311243523,-0.20862048347768436,1961.0,0.49871051625845975,0.11461322790980347,0.11461322790980347,0.07158469945355184,0.07158469945355184,0.7093642706701864,0.7106624856683051,0.8199951757711214,False,False,False,False,ADHD > Control
T7_P7_delta_connectivity,channel,delta,T7,P7,61,60,0.42228103650502496,0.3618424702340541,0.060438566270970884,0.4576394301438202,0.3746507740138887,0.5360001955446128,0.47749535259886006,1972.0,0.4632262531806982,0.11375430235268215,0.11375430235268215,0.07759562841530054,0.07759562841530054,0.687245506768085,0.6902979459163346,0.8082825438153,False,False,False,False,ADHD > Control
F8_P7_alpha_connectivity,channel,alpha,F8,P7,61,60,-0.1501078533923009,-0.17563668367814061,0.025528830285839715,-0.200788874260118,-0.15120094016800817,-0.15959090352072514,-0.18368376897479938,1905.0,0.6993392232641937,0.11307714072205394,0.11307714072205394,0.040983606557376984,0.040983606557376984,0.8523932620257176,0.854192908415551,0.8350287115975634,False,False,False,False,ADHD > Control
Fp2_C4_beta_connectivity,channel,beta,Fp2,C4,61,60,0.07589579252287518,0.05213139785697412,0.023764394665901058,0.0648082260600049,0.06648027914552194,0.08455162222960305,0.05454487989641705,1874.0,0.8215851249512567,0.1127878355511149,0.1127878355511149,0.024043715846994607,0.024043715846994607,0.913713718071751,0.9137629682384708,0.8661411239048333,False,False,False,False,ADHD > Control
P4_F8_theta_connectivity,channel,theta,P4,F8,61,60,-0.13773317475143093,-0.17440364879383127,0.03667047404240034,-0.2004841625671156,-0.25613071793573816,-0.14476186883607448,-0.18071083277690494,2041.0,0.27516509357577046,0.11263868109821573,0.11263868109821573,0.1153005464480874,0.1153005464480874,0.5108193019201482,0.507312463627566,0.5809040864377377,False,False,False,False,ADHD > Control
O2_F8_alpha_connectivity,channel,alpha,O2,F8,61,60,-0.1435209041325733,-0.17053462866466837,0.02701372453209508,-0.1719490082485246,-0.21131336080548865,-0.15224703312987722,-0.1784024594409339,2068.0,0.2182425887956988,0.11239827314576527,0.11239827314576527,0.13005464480874318,0.13005464480874318,0.4425984153727897,0.4416506826516508,0.419320030158028,False,False,False,False,ADHD > Control
C4_Cz_beta_connectivity,channel,beta,C4,Cz,61,60,0.4553591212425066,0.43400799827653186,0.021351122965974745,0.4920462259115894,0.46660474852117706,0.5148957564499616,0.48724181906857467,1948.0,0.5424400938451263,0.11236495887386014,0.11236495887386014,0.06448087431693983,0.06448087431693983,0.7438004317118776,0.7450382011848722,0.618381706983444,False,False,False,False,ADHD > Control
Fp1_C3_alpha_connectivity,channel,alpha,Fp1,C3,61,60,0.004859750212683083,0.044302165640923256,-0.039442415428240174,-0.0332680843662973,0.014352570560583349,0.015463861404846723,0.05193277727372673,1660.0,0.37956479139178534,-0.11218482109248204,0.11218482109248204,-0.09289617486338797,0.09289617486338797,0.6175391212756238,0.615218761402799,0.628725498411227,False,False,False,False,Control > ADHD
C3_T7_beta_connectivity,channel,beta,C3,T7,61,60,0.33875222164819924,0.3114320718135946,0.027320149834604623,0.3349225243631084,0.33777733464447424,0.3726746629950331,0.3437574105916561,1966.0,0.482404579480182,0.1112313236735935,0.1112313236735935,0.07431693989071042,0.07431693989071042,0.6957388755849637,0.6975998570072822,0.5573728587237239,False,False,False,False,ADHD > Control
Fp2_Pz_delta_connectivity,channel,delta,Fp2,Pz,61,60,-0.5688997360697083,-0.6035188027690311,0.0346190666993228,-0.5957971812731204,-0.62320332317899,-0.7292264156868871,-0.7729598895376307,2006.0,0.36292649920892994,0.11116461441426272,0.11116461441426272,0.0961748633879782,0.0961748633879782,0.5999059028019755,0.5981728324311038,0.7647363065609397,False,False,False,False,ADHD > Control
F4_T8_theta_connectivity,channel,theta,F4,T8,61,60,0.128764072834989,0.15934734354145835,-0.03058327070646935,0.0686504327991338,0.12127851025944625,0.14890859578978016,0.18344833216323592,1717.0,0.559753996111638,-0.10802359455377099,0.10802359455377099,-0.06174863387978147,0.06174863387978147,0.750998226063467,0.7524650194737472,0.7705241799411171,False,False,False,False,Control > ADHD
F3_P3_theta_connectivity,channel,theta,F3,P3,61,60,-0.18508936931387857,-0.146173840230755,-0.03891552908312357,-0.2348482520023722,-0.21489732891370283,-0.19364761414949486,-0.15938358960003612,1713.0,0.5458814110939693,-0.10783829443686117,0.10783829443686117,-0.06393442622950818,0.06393442622950818,0.7456946068528939,0.7482622949664829,0.7685217687651427,False,False,False,False,Control > ADHD
P4_Fz_delta_connectivity,channel,delta,P4,Fz,61,60,-0.5410777320665427,-0.5639921400547476,0.022914407988204877,-0.5281187523203218,-0.5751121534602335,-0.6728615055811399,-0.7131229207719996,1937.0,0.5808780777514921,0.10620761384859026,0.10620761384859026,0.058469945355191344,0.058469945355191344,0.7604986045064743,0.7611505846398862,0.8713171166272382,False,False,False,False,ADHD > Control
P4_O1_delta_connectivity,channel,delta,P4,O1,61,60,-0.023265819527012673,-0.06577221777243744,0.042506398245424765,0.0140274107150071,-0.0833723975190995,-0.04053259403882384,-0.08673193320262754,1967.0,0.4791785193700927,0.10586790481833337,0.10586790481833337,0.07486338797814218,0.07486338797814218,0.6957388755849637,0.6975998570072822,0.8199951757711214,False,False,False,False,ADHD > Control
C3_P4_alpha_connectivity,channel,alpha,C3,P4,61,60,-0.2867262956862669,-0.30447875946124303,0.017752463774976135,-0.2874809049497588,-0.3194378704516855,-0.306146202844375,-0.327574807237587,2035.0,0.28908062807213475,0.10553272185088747,0.10553272185088747,0.11202185792349728,0.11202185792349728,0.5232359368105639,0.5189793952791081,0.5096163649519077,False,False,False,False,ADHD > Control
temporal_occipital_delta_connectivity,regional,delta,temporal,occipital,61,60,-0.1861636952067822,-0.21552029511586143,0.02935659990907924,-0.1839519234079028,-0.2315554591676468,-0.20155996653520236,-0.23008129791869977,1947.0,0.5458814110939693,0.1052819028202138,0.1052819028202138,0.06393442622950829,0.06393442622950829,0.7456946068528939,0.7043631110889925,0.9098023518232822,False,False,False,False,ADHD > Control
O1_P7_beta_connectivity,channel,beta,O1,P7,61,60,0.3200262980012308,0.33274069237719167,-0.012714394375960891,0.3348574893620911,0.3872207233379653,0.34391693932991735,0.3702463620633852,1663.0,0.38805704562645293,-0.10463207694258746,0.10463207694258746,-0.09125683060109291,0.09125683060109291,0.6233948203843179,0.6232743948501094,0.4773939194397371,False,False,False,False,Control > ADHD
Fp2_Pz_alpha_connectivity,channel,alpha,Fp2,Pz,61,60,-0.5454099671850684,-0.5296412512783586,-0.015768715906709807,-0.5416782264521462,-0.561408408849454,-0.6432969279615685,-0.6178057199413893,1796.0,0.86212790588116,-0.10425393695926195,0.10425393695926195,-0.01857923497267755,0.01857923497267755,0.9318451218462885,0.9315779922637724,0.9143265479625915,False,False,False,False,Control > ADHD
Fp2_O1_alpha_connectivity,channel,alpha,Fp2,O1,61,60,-0.3892826170440615,-0.37726925469409456,-0.012013362349966916,-0.396672493094689,-0.39709520434433976,-0.42970800151975524,-0.4087032209676686,1764.0,0.7341908851377388,-0.10327206974315803,0.10327206974315803,-0.0360655737704918,0.0360655737704918,0.8714003292454473,0.8733679398855884,0.8540587847520634,False,False,False,False,Control > ADHD
P4_O1_alpha_connectivity,channel,alpha,P4,O1,61,60,0.0915104821959476,0.07144198588668886,0.020068496309258735,0.0955162376531622,0.055024755090801,0.09471208061028412,0.07354525259772307,1909.0,0.68404555898179,0.10283324787371297,0.10283324787371297,0.043169398907103806,0.043169398907103806,0.8465794610304546,0.8476216709122181,0.8342097243348175,False,False,False,False,ADHD > Control
T8_Pz_theta_connectivity,channel,theta,T8,Pz,61,60,-0.23434864199384886,-0.24983870359748603,0.015490061603637167,-0.2249825634332022,-0.2338424371691582,-0.24779534312254806,-0.26935343369633724,1885.0,0.7775361001912514,0.10148626949300163,0.10148626949300163,0.030054644808743092,0.030054644808743092,0.8907217350292184,0.8908453811236448,0.9230270609717052,False,False,False,False,ADHD > Control
T8_Fz_alpha_connectivity,channel,alpha,T8,Fz,61,60,-0.1885571518252699,-0.16371349352160702,-0.024843658303662863,-0.2010455721293644,-0.13738166327051005,-0.1968161740046455,-0.17468372119367162,1590.0,0.21439053614893144,-0.10101396945004203,0.10101396945004203,-0.1311475409836066,0.1311475409836066,0.43971316762557044,0.4390394859541623,0.41659979183485546,False,False,False,False,Control > ADHD
frontal_parietal_beta_connectivity,regional,beta,frontal,parietal,61,60,-0.7964024368160688,-0.8050031710369876,0.008600734220918782,-0.8218539027274643,-0.8171228410731001,-1.1323714040836506,-1.1558487408690072,1916.0,0.6575941174831956,0.10017759646794241,0.10017759646794241,0.04699453551912569,0.04699453551912569,0.8251267609321207,0.8080371665779792,0.7306601305368841,False,False,False,False,ADHD > Control
P7_Pz_beta_connectivity,channel,beta,P7,Pz,61,60,0.10356200335428911,0.08762559602958457,0.01593640732470454,0.0800639862437539,0.05041394450211205,0.10710546306128747,0.0909383093055387,1945.0,0.5527963599889623,0.09987894184460569,0.09987894184460569,0.06284153005464477,0.06284153005464477,0.7494842034307279,0.7517151296867797,0.6260144209146526,False,False,False,False,ADHD > Control
F7_P7_theta_connectivity,channel,theta,F7,P7,61,60,0.09773684392427111,0.06769272291838138,0.030044121005889726,0.0786836235038841,0.05862690125003105,0.10774981588050486,0.07874299468981964,1961.0,0.49871051625845975,0.09955325749701428,0.09955325749701428,0.07158469945355184,0.07158469945355184,0.7093642706701864,0.7106624856683051,0.7464618525255826,False,False,False,False,ADHD > Control
P4_Cz_delta_connectivity,channel,delta,P4,Cz,61,60,0.4340388879054649,0.38901666788129635,0.04502222002416856,0.4408980529606973,0.4404584888444396,0.5337278908663043,0.49042322788438875,1974.0,0.4569291951616733,0.0992848662426561,0.0992848662426561,0.07868852459016384,0.07868852459016384,0.6806928750968138,0.683894025143511,0.8082825438153,False,False,False,False,ADHD > Control
O1_Fz_delta_connectivity,channel,delta,O1,Fz,61,60,-0.05937033953872523,-0.014541580929824107,-0.04482875860890113,-0.2076524871183433,-0.092666926681467,-0.04835273831272819,-0.006338517112572617,1656.0,0.3684211570579581,-0.0990642443759669,0.0990642443759669,-0.09508196721311479,0.09508196721311479,0.6062202675226401,0.6043167180519025,0.7647363065609397,False,False,False,False,Control > ADHD
F8_Fz_delta_connectivity,channel,delta,F8,Fz,61,60,-0.12322129973927508,-0.08528517767772241,-0.03793612206155267,-0.1111926178555463,-0.0398882447025453,-0.1558131936478335,-0.1117960928800017,1722.0,0.57733160440039,-0.09838243301289923,0.09838243301289923,-0.059016393442622994,0.059016393442622994,0.7585990591395324,0.7594131104035899,0.8713171166272382,False,False,False,False,Control > ADHD
F7_P8_alpha_connectivity,channel,alpha,F7,P8,61,60,-0.1688246780864443,-0.18924452766453623,0.020419849578091925,-0.14742890672575,-0.16053981886172702,-0.18025723496335042,-0.2024149114957266,1888.0,0.765639396441885,0.09803045326797523,0.09803045326797523,0.03169398907103815,0.03169398907103815,0.8840875965293854,0.884623897240286,0.8728289119437489,False,False,False,False,ADHD > Control
F3_P7_delta_connectivity,channel,delta,F3,P7,61,60,0.037787072288200316,0.08842445289883133,-0.050637380610631014,-0.0656029114902813,0.08209613049877396,0.06895624693262314,0.11505379650466557,1639.0,0.32336634157834765,-0.09723345008719499,0.09723345008719499,-0.10437158469945351,0.10437158469945351,0.556097936586042,0.5529564440989745,0.7372752587986326,False,False,False,False,Control > ADHD
Fp2_P3_theta_connectivity,channel,theta,Fp2,P3,61,60,-0.5635893716203556,-0.5534187339572403,-0.010170637663115323,-0.5825903968356914,-0.5537479117882287,-0.6769635615226011,-0.6525535442447659,1749.0,0.676446577589805,-0.09487302145584288,0.09487302145584288,-0.04426229508196722,0.04426229508196722,0.8414902442869738,0.8412535619480483,0.8696816955836456,False,False,False,False,Control > ADHD
temporal_parietal_alpha_connectivity,regional,alpha,temporal,parietal,61,60,-0.04286672974725498,-0.06945393487295962,0.026587205125704637,-0.0403555025125845,-0.09505417510440614,-0.04871028548759319,-0.07252880265059568,2031.0,0.2986167085675755,0.09457593297575383,0.09457593297575383,0.10983606557377046,0.10983606557377046,0.5312002383364242,0.597233417135151,0.44011504848766575,False,False,False,False,ADHD > Control
C3_O2_alpha_connectivity,channel,alpha,C3,O2,61,60,-0.38399745968143306,-0.40125484601075184,0.01725738632931878,-0.389284968270678,-0.4107804190558205,-0.41964437806731963,-0.4373023017594722,1962.0,0.49542606268400324,0.09410606003010255,0.09410606003010255,0.0721311475409836,0.0721311475409836,0.7074723261996417,0.7089360394892431,0.7431390940260049,False,False,False,False,ADHD > Control
T7_P8_alpha_connectivity,channel,alpha,T7,P8,61,60,-0.1772561070286365,-0.19226346873001085,0.015007361701374344,-0.1847238470562725,-0.17530174534321064,-0.18613439657002823,-0.20695851822675954,1840.0,0.9607211917790262,0.09374495992931985,0.09374495992931985,0.005464480874316946,0.005464480874316946,0.9895546198266274,0.9888186569772025,0.9837324778096616,False,False,False,False,ADHD > Control
F4_F8_theta_connectivity,channel,theta,F4,F8,61,60,0.39367986202883104,0.3596008091521641,0.03407905287666696,0.4761637952292816,0.3725811544362524,0.4620780439526985,0.42786645041193705,2019.0,0.32847230728706056,0.09351604485012419,0.09351604485012419,0.10327868852459021,0.10327868852459021,0.5635401670043408,0.5602869281405223,0.6311097140009815,False,False,False,False,ADHD > Control
F4_P8_delta_connectivity,channel,delta,F4,P8,61,60,0.054384840722741766,0.09812503587780011,-0.043740195155058344,-0.0355093959374115,0.0244075715675149,0.08941915513686276,0.13790967429116902,1710.0,0.5355900660427827,-0.0929064226640374,0.0929064226640374,-0.06557377049180324,0.06557377049180324,0.7419067859597223,0.7433116620247413,0.853431908250629,False,False,False,False,Control > ADHD
P3_O2_alpha_connectivity,channel,alpha,P3,O2,61,60,-0.01116883563403347,0.010135935364996717,-0.021304770999030186,-0.0003969688029486,0.01247907296665795,-0.012885413170399717,0.007905526883339724,1716.0,0.5562698724246677,-0.09284635231894688,0.09284635231894688,-0.06229508196721312,0.06229508196721312,0.750998226063467,0.7524650194737472,0.7691659127890856,False,False,False,False,Control > ADHD
Fp2_F7_beta_connectivity,channel,beta,Fp2,F7,61,60,-0.0345723365012273,-0.014713300039355247,-0.01985903646187205,-0.0518817482167689,0.02432899116410715,-0.035577088257633636,-0.016050187726151504,1657.0,0.3711877979213918,-0.09278143155774424,0.09278143155774424,-0.09453551912568303,0.09453551912568303,0.6080089721608317,0.6059485770363532,0.45995009742433335,False,False,False,False,Control > ADHD
P7_Fz_delta_connectivity,channel,delta,P7,Fz,61,60,-0.021925887925889696,0.022260764304947684,-0.044186652230837384,-0.0979610959878293,0.01832988207625435,-0.0017899426380948167,0.04038444566147406,1678.0,0.4322276656497842,-0.09218666737030265,0.09218666737030265,-0.08306010928961749,0.08306010928961749,0.6601958437351134,0.6628783033732116,0.8003395782981759,False,False,False,False,Control > ADHD
Fp1_P3_alpha_connectivity,channel,alpha,Fp1,P3,61,60,-0.3322149182360656,-0.3009916589182283,-0.03122325931783726,-0.3648892146926252,-0.3480262514776564,-0.36302611739358553,-0.3364380971221477,1743.0,0.6538491432677774,-0.09071462502224198,0.09071462502224198,-0.04754098360655734,0.04754098360655734,0.8232813560449928,0.8221191433734555,0.8207926575885143,False,False,False,False,Control > ADHD
F3_F4_theta_connectivity,channel,theta,F3,F4,61,60,0.2037338600128799,0.21386515417349614,-0.010131294160616228,0.2777218482217937,0.25857226953578266,0.2141416129607557,0.2467447878661007,1789.0,0.8337031849126123,-0.0904348739985729,0.0904348739985729,-0.022404371584699434,0.022404371584699434,0.9215284059186737,0.9212487536029512,0.9379160830266889,False,False,False,False,Control > ADHD
Fp1_T7_alpha_connectivity,channel,alpha,Fp1,T7,61,60,0.08808975966670801,0.06442065582410361,0.0236691038426044,0.0620488562685287,0.06696091556137425,0.09910122589579659,0.07309333966326749,1904.0,0.7031820729242639,0.08828168156986171,0.08828168156986171,0.040437158469945444,0.040437158469945444,0.8527702190907321,0.8543100139967967,0.8350287115975634,False,False,False,False,ADHD > Control
F3_F7_delta_connectivity,channel,delta,F3,F7,61,60,0.4486245893760804,0.41379378647780235,0.03483080289827806,0.4979100894993483,0.45394866015546187,0.5674021183166899,0.5252800470459936,1935.0,0.5880014527289549,0.08775453029473003,0.08775453029473003,0.05737704918032782,0.05737704918032782,0.7684351115085981,0.7690114601655931,0.8743325949274025,False,False,False,False,ADHD > Control
Fp1_F8_delta_connectivity,channel,delta,Fp1,F8,61,60,-0.08601825075152623,-0.12039768119313518,0.034379430441608946,-0.0569261528143597,-0.11163773210543655,-0.12159974268340261,-0.16616425435764887,1898.0,0.7263956093709827,0.08729832623790798,0.08729832623790798,0.0371584699453551,0.0371584699453551,0.8664092606006449,0.8686269174995667,0.9285413956848392,False,False,False,False,ADHD > Control
C3_C4_theta_connectivity,channel,theta,C3,C4,61,60,-0.042463744024903334,-0.017207397984149178,-0.025256346040754156,-0.0132884161296964,0.005281302059191001,-0.0516838566845846,-0.021103507211833298,1753.0,0.6916766701717882,-0.08719693589803477,0.08719693589803477,-0.042076502732240395,0.042076502732240395,0.8487693376345334,0.8493839181283719,0.8696816955836456,False,False,False,False,Control > ADHD
P8_Fz_beta_connectivity,channel,beta,P8,Fz,61,60,-0.3248777843620433,-0.31061754374278594,-0.014260240619257347,-0.338134177743989,-0.30199680737266665,-0.34328653691644584,-0.3299617090204829,1639.0,0.32336634157834765,-0.0870109477730045,0.0870109477730045,-0.10437158469945351,0.10437158469945351,0.556097936586042,0.5529564440989745,0.4036178424080106,False,False,False,False,Control > ADHD
Fp2_F8_beta_connectivity,channel,beta,Fp2,F8,61,60,0.41326993805539763,0.43286756081828764,-0.01959762276289001,0.4429679147023479,0.4482098021484049,0.47078979625558326,0.49506374261728847,1851.0,0.9153655423869651,-0.08570095935451498,0.08570095935451498,0.011475409836065653,0.011475409836065653,0.9632625765816318,0.9632462015272063,0.9317113556438752,False,False,False,False,Control > ADHD
O2_F8_delta_connectivity,channel,delta,O2,F8,61,60,-0.07679159407918354,-0.03998263079713033,-0.03680896328205321,-0.2226153498573475,-0.1206245248861757,-0.06598120955278129,-0.026409190155890945,1716.0,0.5562698724246677,-0.08510876159517554,0.08510876159517554,-0.06229508196721312,0.06229508196721312,0.750998226063467,0.7524650194737472,0.8647468016783472,False,False,False,False,Control > ADHD
Fp1_P8_beta_connectivity,channel,beta,Fp1,P8,61,60,-0.20726211148537824,-0.19463947741934434,-0.012622634066033894,-0.2317441765531173,-0.17053897495272705,-0.2166424195027172,-0.20261366051816693,1684.0,0.45068051897030226,-0.08376424142739486,0.08376424142739486,-0.07978142076502737,0.07978142076502737,0.6755542354751529,0.6789988435587814,0.5351831162772339,False,False,False,False,Control > ADHD
C4_Fz_delta_connectivity,channel,delta,C4,Fz,61,60,-0.27091525365687663,-0.2905612266830541,0.019645973026177488,-0.2795382907046889,-0.2760470570040622,-0.31855572933132015,-0.35152375286421134,1901.0,0.7147558557217737,0.08250867469049146,0.08250867469049146,0.03879781420765038,0.03879781420765038,0.8596067102035949,0.8622451592834095,0.9285413956848392,False,False,False,False,ADHD > Control
P3_P4_alpha_connectivity,channel,alpha,P3,P4,61,60,0.05278889342777201,0.07281606090536817,-0.020027167477596163,0.0755166482847821,0.07205481448581375,0.05608610439895929,0.07761515832822971,1734.0,0.6205451360171932,-0.0824133173342747,0.0824133173342747,-0.05245901639344264,0.05245901639344264,0.7923715669778622,0.7918896884995525,0.7918896884995525,False,False,False,False,Control > ADHD
C3_T8_delta_connectivity,channel,delta,C3,T8,61,60,-0.3687121590997459,-0.3982383663051818,0.02952620720543586,-0.3635499876105525,-0.4171881400533592,-0.4606940236244815,-0.5014724371014798,1904.0,0.7031820729242639,0.08240924333949122,0.08240924333949122,0.040437158469945444,0.040437158469945444,0.8527702190907321,0.8543100139967967,0.9285413956848392,False,False,False,False,ADHD > Control
F4_Fz_beta_connectivity,channel,beta,F4,Fz,61,60,0.24460049505616163,0.26365412681325895,-0.019053631757097317,0.2913843628240504,0.2698108660352948,0.26406312003319815,0.28371248023599727,1787.0,0.825619901733847,-0.0822318905185949,0.0822318905185949,-0.023497267759562845,0.023497267759562845,0.9153886812485532,0.9152739267195322,0.8661411239048333,False,False,False,False,Control > ADHD
C4_O1_beta_connectivity,channel,beta,C4,O1,61,60,-0.3006239464801015,-0.2915369814142643,-0.009086965065837171,-0.3094641500695218,-0.29623975753224674,-0.3173243264354223,-0.305370855461394,1758.0,0.7108904781000572,-0.08215105209203147,0.08215105209203147,-0.03934426229508192,0.03934426229508192,0.857807843574069,0.8606178531335206,0.7645425896547785,False,False,False,False,Control > ADHD
P4_F7_theta_connectivity,channel,theta,P4,F7,61,60,-0.4522775613396739,-0.4382717489558049,-0.014005812383868999,-0.4634614877166018,-0.4345652779100895,-0.5119609851587134,-0.4928015712004543,1707.0,0.5253973949364819,-0.08197391713513616,0.08197391713513616,-0.06721311475409841,0.06721311475409841,0.7329243043044564,0.7349116935307844,0.754982811211247,False,False,False,False,Control > ADHD
C4_Cz_alpha_connectivity,channel,alpha,C4,Cz,61,60,0.4379473159411147,0.4532106539929666,-0.015263338051851927,0.5057979969262074,0.5389175583560405,0.5208580627972391,0.5514841156218235,1740.0,0.6426667135096897,-0.08131244595647706,0.08131244595647706,-0.049180327868852514,0.049180327868852514,0.810610976621978,0.8095470203326478,0.8140445037789403,False,False,False,False,Control > ADHD
P4_O2_theta_connectivity,channel,theta,P4,O2,61,60,0.6569806374520083,0.658285133327594,-0.0013044958755856761,0.6401296680132087,0.6483393362281595,0.9320147226198378,0.9779870229302186,1752.0,0.6878571411181829,-0.08020418560612794,0.08020418560612794,-0.042622950819672156,0.042622950819672156,0.8483962013110127,0.8492676615971788,0.8696816955836456,False,False,False,False,Control > ADHD
Fp2_Fz_delta_connectivity,channel,delta,Fp2,Fz,61,60,-0.008874402365163476,0.01808171533184705,-0.026956117697010527,0.0797579144724606,0.12743154103753856,-0.03481952799583907,0.007676589098803935,1760.0,0.7186285638145724,-0.07946948469130793,0.07946948469130793,-0.03825136612021862,0.03825136612021862,0.8628309787757055,0.8653907352978302,0.9285413956848392,False,False,False,False,Control > ADHD
Fp2_O2_theta_connectivity,channel,theta,Fp2,O2,61,60,-0.1718469637524756,-0.14793060673926922,-0.02391635701320638,-0.2279384492226254,-0.2328481638046106,-0.18209228650643328,-0.15673417277632862,1833.0,0.989659582415759,-0.07916542446910112,0.07916542446910112,0.0016393442622950616,0.0016393442622950616,0.9937774447559078,0.9925618099301747,0.989659582415759,False,False,False,False,Control > ADHD
P8_Pz_delta_connectivity,channel,delta,P8,Pz,61,60,-0.17496557659292866,-0.20326038190964044,0.028294805316711774,-0.1160334123524353,-0.1554141740184583,-0.21644948596436134,-0.2505477845794915,1885.0,0.7775361001912514,0.07841214251408622,0.07841214251408622,0.030054644808743092,0.030054644808743092,0.8907217350292184,0.8908453811236448,0.92978093099793,False,False,False,False,ADHD > Control
F8_T8_delta_connectivity,channel,delta,F8,T8,61,60,0.34380763440811096,0.38702339837851374,-0.043215763970402776,0.3272407065140703,0.35569192983952036,0.45197025167348603,0.4916273450631533,1687.0,0.4600716953640007,-0.07816828563953299,0.07816828563953299,-0.0781420765027322,0.0781420765027322,0.6839669557362147,0.6870939729890316,0.8082825438153,False,False,False,False,Control > ADHD
F4_T8_alpha_connectivity,channel,alpha,F4,T8,61,60,0.12493034173524457,0.10195694400301915,0.022973397732225426,0.0969575363047692,0.05544225014873115,0.13818257189108799,0.11573247358987816,1969.0,0.47276187997480656,0.07815699856844606,0.07815699856844606,0.07595628415300548,0.07595628415300548,0.6928736864408096,0.6954174750597154,0.7365284204563494,False,False,False,False,ADHD > Control
Fp2_T7_beta_connectivity,channel,beta,Fp2,T7,61,60,-0.1859746075033803,-0.17381386486820688,-0.012160742635173416,-0.1953231788893171,-0.18972562253149483,-0.19444519933415746,-0.17991920155478977,1727.0,0.5951649502777634,-0.07788440159314351,0.07788440159314351,-0.05628415300546452,0.05628415300546452,0.7736075834849204,0.773940733821274,0.6608649772564775,False,False,False,False,Control > ADHD
O2_F8_theta_connectivity,channel,theta,O2,F8,61,60,-0.12116082976244627,-0.14104413025321794,0.019883300490771666,-0.184329910311559,-0.2216001591644587,-0.12473384925740448,-0.14722274667361127,2016.0,0.336228736460391,0.07765007112350499,0.07765007112350499,0.10163934426229515,0.10163934426229515,0.5700927522185553,0.5678529771331048,0.6318144388431522,False,False,False,False,ADHD > Control
Fp1_P3_delta_connectivity,channel,delta,Fp1,P3,61,60,-0.06122824020528356,-0.026559798039046335,-0.034668442166237226,-0.1982002366884712,-0.07753679520490109,-0.04395898954657533,-0.0014502397241644863,1780.0,0.7974790392675555,-0.07759979365018252,0.07759979365018252,-0.02732240437158473,0.02732240437158473,0.9007407557405774,0.9001248562029834,0.940475280791393,False,False,False,False,Control > ADHD
F7_F8_beta_connectivity,channel,beta,F7,F8,61,60,-0.11062730634118008,-0.08368507016251901,-0.026942236178661066,-0.1183611227775968,-0.0865750851700097,-0.10526785092014826,-0.08590959451369931,1560.0,0.16238210719877733,-0.07756820916333289,0.07756820916333289,-0.14754098360655743,0.14754098360655743,0.36173737111358395,0.36297176903256106,0.2203757169126264,False,False,False,False,Control > ADHD
F8_Pz_alpha_connectivity,channel,alpha,F8,Pz,61,60,-0.4102969879831518,-0.3959480518838545,-0.014348936099297271,-0.4172988851131494,-0.3936394693630826,-0.44910580787924104,-0.4343034068220951,1731.0,0.6096101080924468,-0.07690735359035657,0.07690735359035657,-0.0540983606557377,0.0540983606557377,0.7839391088080487,0.7837844246902886,0.7837844246902886,False,False,False,False,Control > ADHD
C3_O1_delta_connectivity,channel,delta,C3,O1,61,60,0.2103180994140329,0.18144517313277253,0.02887292628126037,0.2102078826031463,0.20136548353182332,0.2519238147020059,0.2191463671958061,1914.0,0.6651098295108535,0.07674752104717238,0.07674752104717238,0.04590163934426239,0.04590163934426239,0.8316744672985457,0.8316912676150344,0.9285413956848392,False,False,False,False,ADHD > Control
Fp2_O2_alpha_connectivity,channel,alpha,Fp2,O2,61,60,-0.2026456546960456,-0.21623141733026133,0.013585762634215737,-0.191143536532341,-0.25705702902026073,-0.21489809360074363,-0.2349350257219134,1956.0,0.515304893008372,0.0765289530306217,0.0765289530306217,0.06885245901639347,0.06885245901639347,0.7230246948412041,0.7252439234932643,0.7662359713428836,False,False,False,False,ADHD > Control
frontal_occipital_delta_connectivity,regional,delta,frontal,occipital,61,60,-0.7007199436514585,-0.6860896691759052,-0.014630274475553318,-0.7158476539743995,-0.7372759697881079,-0.9040758036361223,-0.8853983814087594,1868.0,0.8458608772555212,-0.07627220562858807,0.07627220562858807,0.02076502732240426,0.02076502732240426,0.9278837502015111,0.9144441916275904,1.0,False,False,False,False,Control > ADHD
Fp2_T8_alpha_connectivity,channel,alpha,Fp2,T8,61,60,0.10903815075217345,0.08862289393255253,0.02041525681962092,0.0964502614330933,0.0463149228927093,0.1202528986719217,0.09809637351671109,1948.0,0.5424400938451263,0.07614761062723661,0.07614761062723661,0.06448087431693983,0.06448087431693983,0.7438004317118776,0.7450382011848722,0.7691659127890856,False,False,False,False,ADHD > Control
F8_P8_theta_connectivity,channel,theta,F8,P8,61,60,0.14023588950941862,0.1205760964381519,0.019659793071266723,0.1145649129555644,0.08587399786372085,0.1592159106126916,0.13565643619849216,1912.0,0.6726593478635974,0.07613417634724563,0.07613417634724563,0.04480874316939887,0.04480874316939887,0.8396644273331803,0.8395967042677018,0.8696816955836456,False,False,False,False,ADHD > Control
O1_T8_alpha_connectivity,channel,alpha,O1,T8,61,60,-0.21462962059040064,-0.20167730704537654,-0.012952313545024102,-0.1955033021831027,-0.1911313719946435,-0.22399363644802883,-0.21120680432278446,1728.0,0.5987615741071486,-0.0743075960062891,0.0743075960062891,-0.05573770491803276,0.05573770491803276,0.7754979958024607,0.7756684028206243,0.7815895356665833,False,False,False,False,Control > ADHD
F4_P4_theta_connectivity,channel,theta,F4,P4,61,60,-0.12639973970169638,-0.14506679294408406,0.018667053242387682,-0.1957409823750698,-0.19609244585954017,-0.13120373095240492,-0.1553992006460964,1946.0,0.5493335195500155,0.07420646671115123,0.07420646671115123,0.06338797814207653,0.06338797814207653,0.7475892258537805,0.7499882781880453,0.7685217687651427,False,False,False,False,ADHD > Control
F3_P8_alpha_connectivity,channel,alpha,F3,P8,61,60,-0.3692607571570553,-0.3774555096535432,0.008194752496487878,-0.3709436515425675,-0.38231087261996044,-0.3994307164079279,-0.4140971625223308,1863.0,0.8662040980698235,0.07386701609145527,0.07386701609145527,0.0180327868852459,0.0180327868852459,0.9318451218462885,0.9315779922637724,0.9143265479625915,False,False,False,False,ADHD > Control
F3_T8_delta_connectivity,channel,delta,F3,T8,61,60,-0.3795670186209491,-0.3865168172040282,0.006949798583079092,-0.3623265429435832,-0.3990663078091038,-0.46006037241859776,-0.4933394789697333,1907.0,0.6916766701717882,0.0738597744657978,0.0738597744657978,0.042076502732240506,0.042076502732240506,0.8487693376345334,0.8493839181283719,0.9285413956848392,False,False,False,False,ADHD > Control
P8_Cz_theta_connectivity,channel,theta,P8,Cz,61,60,-0.16925609028856922,-0.140959223329204,-0.02829686695936523,-0.2474204562587859,-0.22757480628494237,-0.1787696913772146,-0.15427817305775063,1782.0,0.8054941831181234,-0.0732853650986549,0.0732853650986549,-0.02622950819672132,0.02622950819672132,0.9069639013647299,0.9061809560078888,0.9244262101556986,False,False,False,False,Control > ADHD
P3_O2_theta_connectivity,channel,theta,P3,O2,61,60,0.0312515614076206,0.011431771842960146,0.019819789564660455,0.0702365335496426,0.04074003908535395,0.02934889888071508,0.0090758809688705,1849.0,0.9235959105614805,0.0732167114536303,0.0732167114536303,0.01038251366120213,0.01038251366120213,0.9677039641772964,0.9674419645085033,0.9888186569772025,False,False,False,False,ADHD > Control
T8_P7_alpha_connectivity,channel,alpha,T8,P7,61,60,-0.16078964479303712,-0.1481493747136829,-0.012640270079354227,-0.1332290388816295,-0.122235230550194,-0.1709706862943863,-0.15595876887497712,1783.0,0.8095094892094137,-0.07291873865097767,0.07291873865097767,-0.025683060109289668,0.025683060109289668,0.9100696742043719,0.9092027760578636,0.894847492781305,False,False,False,False,Control > ADHD
F7_T8_alpha_connectivity,channel,alpha,F7,T8,61,60,-0.18973809813289497,-0.17506755186798897,-0.014670546264905993,-0.1754031297784716,-0.12951388022568336,-0.20291005377871127,-0.1865349326803395,1690.0,0.469571385515433,-0.07272346006411648,0.07272346006411648,-0.07650273224043713,0.07650273224043713,0.6924026132651191,0.6952095837501215,0.7365284204563494,False,False,False,False,Control > ADHD
P4_P8_beta_connectivity,channel,beta,P4,P8,61,60,0.28041158689293977,0.2907924132431615,-0.01038082635022175,0.2898302891707201,0.2853060291590207,0.2989041401168717,0.3151847267002408,1864.0,0.86212790588116,-0.07249538638318437,0.07249538638318437,0.01857923497267766,0.01857923497267766,0.9318451218462885,0.9315779922637724,0.8880956138896287,False,False,False,False,Control > ADHD
F8_T8_beta_connectivity,channel,beta,F8,T8,61,60,0.2905122085569929,0.28057269701294785,0.009939511544045043,0.2956178785234795,0.24082173440529636,0.3223809881404047,0.3042339170891929,1854.0,0.9030372572191487,0.07227882976232376,0.07227882976232376,0.013114754098360715,0.013114754098360715,0.9558464535477539,0.9546792642007693,0.9246668921226014,False,False,False,False,ADHD > Control
P3_P4_theta_connectivity,channel,theta,P3,P4,61,60,0.07273337827359959,0.04985167304378315,0.02288170522981644,0.1205618887200836,0.06689361677501265,0.07289118849431092,0.05119637080602436,1886.0,0.7735645805144781,0.07179900836329724,0.07179900836329724,0.030601092896174853,0.030601092896174853,0.8903986586525948,0.8907713351378838,0.9230270609717052,False,False,False,False,ADHD > Control
P3_F8_delta_connectivity,channel,delta,P3,F8,61,60,-0.4590760421763208,-0.48078223087541544,0.02170618869909463,-0.4685778504818012,-0.5293223470862443,-0.5646795124027305,-0.5943638786911354,2015.0,0.3388401916536451,0.07118309455954805,0.07118309455954805,0.10109289617486339,0.10109289617486339,0.5731782681243902,0.5708539189435794,0.7428419586252989,False,False,False,False,ADHD > Control
Fp2_P4_delta_connectivity,channel,delta,Fp2,P4,61,60,0.04887557666131069,0.07858652502469496,-0.029710948363384268,-0.0524368995059658,0.0256604381332306,0.0866190600563121,0.12396125460612101,1740.0,0.6426667135096897,-0.07103026888078484,0.07103026888078484,-0.049180327868852514,0.049180327868852514,0.810610976621978,0.8095470203326478,0.9158000667513079,False,False,False,False,Control > ADHD
P4_F8_delta_connectivity,channel,delta,P4,F8,61,60,-0.022393099909702993,0.012813575477608167,-0.03520667538731116,-0.1806556735338695,-0.0302862422391619,0.0002470328824167412,0.03613954028616017,1731.0,0.6096101080924468,-0.07092001608488056,0.07092001608488056,-0.0540983606557377,0.0540983606557377,0.7839391088080487,0.7837844246902886,0.8986493834811069,False,False,False,False,Control > ADHD
C3_Pz_delta_connectivity,channel,delta,C3,Pz,61,60,0.3668851966675032,0.33564715380119436,0.031238042866308824,0.3947177408789331,0.3264038633678923,0.4447785453615197,0.4136274836328745,2027.0,0.30836054695604653,0.0704857968530577,0.0704857968530577,0.10765027322404364,0.10765027322404364,0.5418763009615963,0.538057689076367,0.7323562990206105,False,False,False,False,ADHD > Control
F8_T8_alpha_connectivity,channel,alpha,F8,T8,61,60,0.37805454749323875,0.3665924853280831,0.011462062165155662,0.3464318272403696,0.3621767109562379,0.43846392575736365,0.41640173972696365,1893.0,0.7459351129253677,0.07046587368248237,0.07046587368248237,0.03442622950819674,0.03442622950819674,0.8795716966742121,0.8812083199325588,0.8618574615556615,False,False,False,False,ADHD > Control
C4_P3_alpha_connectivity,channel,alpha,C4,P3,61,60,-0.223397790912788,-0.23666450967925687,0.013266718766468871,-0.220373911852663,-0.25095935188527724,-0.23689537207881883,-0.2513928784749604,1962.0,0.49542606268400324,0.06994941581237427,0.06994941581237427,0.0721311475409836,0.0721311475409836,0.7074723261996417,0.7089360394892431,0.7431390940260049,False,False,False,False,ADHD > Control
F4_P7_beta_connectivity,channel,beta,F4,P7,61,60,-0.33258269011225783,-0.32426464122933535,-0.00831804888292248,-0.3142044382871399,-0.2980940982219874,-0.3525167785605621,-0.3429725339380074,1769.0,0.7537977152876235,-0.06770826970945082,0.06770826970945082,-0.033333333333333326,0.033333333333333326,0.8840875965293854,0.884623897240286,0.8056213082136476,False,False,False,False,Control > ADHD
F8_T7_alpha_connectivity,channel,alpha,F8,T7,61,60,-0.18100350565304954,-0.19394655837813224,0.012943052725082699,-0.1860554276549788,-0.18394977135012508,-0.1920666889808304,-0.20585783384596984,1867.0,0.8499217619077347,0.06500235556475155,0.06500235556475155,0.020218579234972722,0.020218579234972722,0.9281196917363498,0.9286685066212309,0.9140668005422807,False,False,False,False,ADHD > Control
C4_T7_delta_connectivity,channel,delta,C4,T7,61,60,-0.38204164766485693,-0.37447912709845993,-0.007562520566397002,-0.3922254350936914,-0.40843234151534885,-0.4567269039836114,-0.48633922619457903,1845.0,0.9400803323497501,0.06487181445742805,0.06487181445742805,0.008196721311475308,0.008196721311475308,0.9764966436459385,0.977226363719193,0.9802057123890687,False,False,False,False,Control > ADHD
F4_P3_theta_connectivity,channel,theta,F4,P3,61,60,-0.5533611385754305,-0.5347594606915381,-0.01860167788389233,-0.5514282158223559,-0.542276177321021,-0.6415151588383732,-0.6273108107471064,1836.0,0.9772535264862411,-0.06410732829225785,0.06410732829225785,0.003278688524590123,0.003278688524590123,0.9895546198266274,0.9888186569772025,0.9888186569772025,False,False,False,False,Control > ADHD
F4_T8_delta_connectivity,channel,delta,F4,T8,61,60,0.2875121360077518,0.30481438805209726,-0.01730225204434549,0.2285846923333719,0.2615860030069252,0.3622015587398772,0.39300823776220856,1770.0,0.7577386676531782,-0.06336584662144587,0.06336584662144587,-0.032786885245901676,0.032786885245901676,0.8840875965293854,0.884623897240286,0.9285413956848392,False,False,False,False,Control > ADHD
Fp1_T7_theta_connectivity,channel,theta,Fp1,T7,61,60,0.10940807145193901,0.12837357822977388,-0.018965506777834873,0.0685921286725289,0.131204639610609,0.12527580463142995,0.14759070829148704,1782.0,0.8054941831181234,-0.06307242990091284,0.06307242990091284,-0.02622950819672132,0.02622950819672132,0.9069639013647299,0.9061809560078888,0.9244262101556986,False,False,False,False,Control > ADHD
F7_T7_theta_connectivity,channel,theta,F7,T7,61,60,0.366139460016286,0.3350035945035589,0.031135865512727123,0.3364161324832855,0.3416558265952378,0.42842989237794676,0.40332202329750644,1977.0,0.44757441667819176,0.06307050082295537,0.06307050082295537,0.0803278688524589,0.0803278688524589,0.6736878953742428,0.6773028783360246,0.6957747750179163,False,False,False,False,ADHD > Control
Fp1_Pz_delta_connectivity,channel,delta,Fp1,Pz,61,60,-0.08961657138759657,-0.059370515276864225,-0.030246056110732347,-0.2164134197931982,-0.09135647579812556,-0.08249122417123268,-0.05142652554447747,1740.0,0.6426667135096897,-0.061687770259764595,0.061687770259764595,-0.049180327868852514,0.049180327868852514,0.810610976621978,0.8095470203326478,0.9158000667513079,False,False,False,False,Control > ADHD
C3_Fz_theta_connectivity,channel,theta,C3,Fz,61,60,0.23248567127408923,0.21899323287768363,0.013492438396405598,0.2504304638992544,0.20151190663287877,0.2585494738840453,0.2405916687280595,1821.0,0.9648529704336525,0.060312015469654534,0.060312015469654534,-0.004918032786885296,0.004918032786885296,0.9895546198266274,0.9888186569772025,0.9888186569772025,False,False,False,False,ADHD > Control
O2_T7_alpha_connectivity,channel,alpha,O2,T7,61,60,-0.24806239214364328,-0.23357847137862509,-0.014483920765018199,-0.2389908307485695,-0.2280692630396713,-0.26053440138094985,-0.24906682225747853,1711.0,0.5390096262635551,-0.060029933950164975,0.060029933950164975,-0.06502732240437159,0.06502732240437159,0.7419067859597223,0.7433116620247413,0.7691659127890856,False,False,False,False,Control > ADHD
F7_T8_theta_connectivity,channel,theta,F7,T8,61,60,-0.19030933561592261,-0.20100891326728315,0.010699577651360537,-0.1797390825767928,-0.12855203706754234,-0.20787715079435726,-0.2248288746195399,1818.0,0.9524609093954202,0.05970275351150068,0.05970275351150068,-0.006557377049180357,0.006557377049180357,0.9865260349102778,0.9870958515552536,0.9888186569772025,False,False,False,False,ADHD > Control
F3_T7_alpha_connectivity,channel,alpha,F3,T7,61,60,0.14296302457139495,0.15352929708468036,-0.010566272513285402,0.1595139002491181,0.1874898285105491,0.15458253784127576,0.17221604495042245,1830.0,1.0,-0.059530373820022596,0.059530373820022596,0.0,0.0,1.0,1.0,1.0,False,False,False,False,Control > ADHD
F3_O2_delta_connectivity,channel,delta,F3,O2,61,60,-0.5848166650205499,-0.547950909123437,-0.03686575589711283,-0.5761737291077031,-0.5628927584795462,-0.72819138935772,-0.705132702570036,1702.0,0.5086329178568897,-0.059282891410735124,0.059282891410735124,-0.06994535519125689,0.06994535519125689,0.7192387354070081,0.7217944311496111,0.8283450376526489,False,False,False,False,Control > ADHD
F4_T7_alpha_connectivity,channel,alpha,F4,T7,61,60,-0.2535862652103558,-0.24235746683239512,-0.011228798377960703,-0.245263990827731,-0.21877257180988907,-0.26699983710068226,-0.25609385457954503,1730.0,0.605984223722458,-0.058949821530148154,0.058949821530148154,-0.05464480874316935,0.05464480874316935,0.7820545061944021,0.7820626585399268,0.7837844246902886,False,False,False,False,Control > ADHD
C3_Fz_alpha_connectivity,channel,alpha,C3,Fz,61,60,0.10347499177215427,0.08803763290099481,0.015437358871159462,0.0971172601556564,0.12990417567350104,0.11413682710924197,0.09604681071956482,1858.0,0.8866363491539748,0.05871082137509803,0.05871082137509803,0.015300546448087537,0.015300546448087537,0.9426207294970305,0.9417069298467683,0.923122572996975,False,False,False,False,ADHD > Control
P4_O1_theta_connectivity,channel,theta,P4,O1,61,60,0.10236154608249984,0.08745785061172362,0.014903695470776218,0.1416830933151608,0.1577380070617088,0.10522292788695758,0.09022975926908268,1836.0,0.9772535264862411,0.05647142509581076,0.05647142509581076,0.003278688524590123,0.003278688524590123,0.9895546198266274,0.9888186569772025,0.9888186569772025,False,False,False,False,ADHD > Control
F3_O1_alpha_connectivity,channel,alpha,F3,O1,61,60,-0.3467379869237739,-0.33126561435007423,-0.015472372573699655,-0.3688517443655374,-0.3498424251483066,-0.3746065997267687,-0.3622577804711337,1718.0,0.5632486695476002,-0.05467474076927168,0.05467474076927168,-0.061202185792349706,0.061202185792349706,0.750998226063467,0.7524650194737472,0.7691659127890856,False,False,False,False,Control > ADHD
P7_Cz_alpha_connectivity,channel,alpha,P7,Cz,61,60,-0.32301965779504654,-0.3281686223274554,0.005148964532408873,-0.3191812095735118,-0.33791401248029906,-0.3446844999470278,-0.35559503339376436,1938.0,0.57733160440039,0.05394550347956169,0.05394550347956169,0.05901639344262288,0.05901639344262288,0.7585990591395324,0.7594131104035899,0.7700011728333733,False,False,False,False,ADHD > Control
P4_T8_delta_connectivity,channel,delta,P4,T8,61,60,0.2414918542987822,0.21693122821151126,0.024560626087270943,0.2008907062022148,0.17149925721566625,0.3151036621978752,0.2867896857166596,1901.0,0.7147558557217737,0.053846159912747875,0.053846159912747875,0.03879781420765038,0.03879781420765038,0.8596067102035949,0.8622451592834095,0.9285413956848392,False,False,False,False,ADHD > Control
Fp1_P7_alpha_connectivity,channel,alpha,Fp1,P7,61,60,-0.10040315029240159,-0.11254997781867604,0.012146827526274454,-0.1488632661023208,-0.18507873134253722,-0.1033432960932586,-0.11774037382704723,1966.0,0.482404579480182,0.052764827412337886,0.052764827412337886,0.07431693989071042,0.07431693989071042,0.6957388755849637,0.6975998570072822,0.7365284204563494,False,False,False,False,ADHD > Control
P7_Cz_delta_connectivity,channel,delta,P7,Cz,61,60,-0.4211504923104133,-0.4333527043582322,0.012202212047818906,-0.3933636849957043,-0.43694056587390134,-0.5164222098955334,-0.5385106774411452,1942.0,0.5632486695476002,0.05200515684158817,0.05200515684158817,0.061202185792349706,0.061202185792349706,0.750998226063467,0.7524650194737472,0.8653116518877213,False,False,False,False,ADHD > Control
frontal_occipital_beta_connectivity,regional,beta,frontal,occipital,61,60,-0.6558605067019277,-0.649089038615932,-0.006771468085995713,-0.6432265978516332,-0.6603768106087771,-0.8057519548121971,-0.7962264102516562,1845.0,0.9400803323497501,-0.05146791865774091,0.05146791865774091,0.008196721311475308,0.008196721311475308,0.9764966436459385,0.964184956256154,0.9400803323497501,False,False,False,False,Control > ADHD
Fz_Cz_delta_connectivity,channel,delta,Fz,Cz,61,60,-0.2506886189501666,-0.2616629875926454,0.010974368642478805,-0.2405700261769713,-0.2776109236345898,-0.29884671188559736,-0.319199473906164,1888.0,0.765639396441885,0.04972858521160095,0.04972858521160095,0.03169398907103815,0.03169398907103815,0.8840875965293854,0.884623897240286,0.9285413956848392,False,False,False,False,ADHD > Control
parietal_occipital_theta_connectivity,regional,theta,parietal,occipital,61,60,0.6614184712994777,0.6602226355362771,0.0011958357632005923,0.6922558568151429,0.6863218701958,0.8590612663012263,0.8440360262812039,1909.0,0.68404555898179,0.049535970320309375,0.049535970320309375,0.043169398907103806,0.043169398907103806,0.8465794610304546,0.8080371665779792,0.7600506210908777,False,False,False,False,ADHD > Control
Fp2_Pz_theta_connectivity,channel,theta,Fp2,Pz,61,60,-0.562273685971965,-0.5773806181569974,0.01510693218503234,-0.5764327085715447,-0.6154806926586445,-0.6758521088802845,-0.6884166974295293,2012.0,0.34675241479237806,0.04865583480183825,0.04865583480183825,0.09945355191256833,0.09945355191256833,0.5824796944540179,0.5798989039559574,0.6375770207472757,False,False,False,False,ADHD > Control
Fp1_T8_alpha_connectivity,channel,alpha,Fp1,T8,61,60,-0.16972808385954438,-0.15793186609071386,-0.011796217768830525,-0.1434886786983633,-0.1454498965094273,-0.17774271642478598,-0.1675766445912333,1749.0,0.676446577589805,-0.04838576679077388,0.04838576679077388,-0.04426229508196722,0.04426229508196722,0.8414902442869738,0.8412535619480483,0.8342097243348175,False,False,False,False,Control > ADHD
F8_T8_theta_connectivity,channel,theta,F8,T8,61,60,0.394787530598374,0.40698542964386236,-0.012197899045488347,0.410423603164104,0.3903939214590194,0.46325481792426293,0.47986078397793647,1824.0,0.9772535264862411,-0.04829068974639321,0.04829068974639321,-0.003278688524590123,0.003278688524590123,0.9895546198266274,0.9888186569772025,0.9888186569772025,False,False,False,False,Control > ADHD
C3_P8_theta_connectivity,channel,theta,C3,P8,61,60,-0.4843534964312449,-0.47567447161411874,-0.00867902481712618,-0.4915710674946694,-0.48822345766313047,-0.5620990468184744,-0.549285055939818,1795.0,0.8580553818108096,-0.047925312956631855,0.047925312956631855,-0.01912568306010931,0.01912568306010931,0.9318451218462885,0.9315779922637724,0.959003073788552,False,False,False,False,Control > ADHD
C3_Cz_theta_connectivity,channel,theta,C3,Cz,61,60,0.20234378134457795,0.17581563209094264,0.026528149253635308,0.2563642514543285,0.16293045483945634,0.2186905521545878,0.20192619872330125,1915.0,0.6613477066603467,0.047697550292346985,0.047697550292346985,0.04644808743169393,0.04644808743169393,0.8284009336022335,0.8285015226294453,0.8632859377016739,False,False,False,False,ADHD > Control
C4_P8_delta_connectivity,channel,delta,C4,P8,61,60,0.22496623912976693,0.24430701531303786,-0.01934077618327093,0.1823876294132789,0.2166587956348495,0.28966389143565957,0.31333522774300576,1792.0,0.8458608772555212,-0.04742653735090653,0.04742653735090653,-0.020765027322404372,0.020765027322404372,0.9278837502015111,0.9286685066212309,0.9601196045065613,False,False,False,False,Control > ADHD
F3_C4_delta_connectivity,channel,delta,F3,C4,61,60,-0.3368790384270236,-0.3318563151424516,-0.005022723284571984,-0.2642959151619081,-0.2800021974670108,-0.4016074507309871,-0.422012597789125,1837.0,0.9731192486936427,0.04731962514661406,0.04731962514661406,0.0038251366120218844,0.0038251366120218844,0.9895546198266274,0.9888186569772025,0.9830020766420425,False,False,False,False,Control > ADHD
T8_Pz_alpha_connectivity,channel,alpha,T8,Pz,61,60,-0.17459179013803297,-0.1813008518635173,0.006709061725484328,-0.1864275611078829,-0.1759237651427465,-0.1817980089215887,-0.1913370306071419,1825.0,0.9813884154091135,0.047112682785716856,0.047112682785716856,-0.002732240437158473,0.002732240437158473,0.9923536491008353,0.9915357106939935,0.9930024794967953,False,False,False,False,ADHD > Control
C3_P7_theta_connectivity,channel,theta,C3,P7,61,60,-0.0224461103228219,-0.03184905851819839,0.009402948195376494,-0.0330184276828601,-0.018929933680676952,-0.020778662536908677,-0.03393167474891236,1863.0,0.8662040980698235,0.04625381057419466,0.04625381057419466,0.0180327868852459,0.0180327868852459,0.9318451218462885,0.9315779922637724,0.9618240309736352,False,False,False,False,ADHD > Control
C4_O2_delta_connectivity,channel,delta,C4,O2,61,60,0.2722592538137809,0.2473748555729348,0.024884398240846123,0.2184820458362923,0.23880606958149653,0.3257210395005496,0.30669735111901514,1894.0,0.7420136527513328,0.044946553155860644,0.044946553155860644,0.0349726775956285,0.0349726775956285,0.8792436736366038,0.8811412126422078,0.9285413956848392,False,False,False,False,ADHD > Control
Fp1_F7_beta_connectivity,channel,beta,Fp1,F7,61,60,0.44611114174138466,0.44913951436792454,-0.003028372626539877,0.4260444064130462,0.44485993652976463,0.5229441971707522,0.5103912578644867,1882.0,0.7894851917756328,0.043923476676241996,0.043923476676241996,0.02841530054644803,0.02841530054644803,0.8976235749734708,0.897090763390682,0.8385215390908896,False,False,False,False,Control > ADHD
P4_P7_theta_connectivity,channel,theta,P4,P7,61,60,-0.1252377582787185,-0.11386225926927172,-0.011375499009446774,-0.1176142124804816,-0.06425156274452885,-0.13391732777067433,-0.12339459131421181,1773.0,0.7695989800677323,-0.04390450845429793,0.04390450845429793,-0.031147540983606503,0.031147540983606503,0.8872446840271309,0.8876993294541803,0.9230270609717052,False,False,False,False,Control > ADHD
Fp1_Fz_beta_connectivity,channel,beta,Fp1,Fz,61,60,0.34677644233298466,0.33760824015109325,0.009168202181891405,0.3780602400135226,0.3313015686698422,0.37898060248440896,0.36896470037414014,1938.0,0.57733160440039,0.04272227110134561,0.04272227110134561,0.05901639344262288,0.05901639344262288,0.7585990591395324,0.7594131104035899,0.6494980549504388,False,False,False,False,ADHD > Control
Fp1_F8_theta_connectivity,channel,theta,Fp1,F8,61,60,-0.002040311439646036,0.010468602564293442,-0.012508914003939478,0.0464230811111513,0.06365375268745695,-0.00795795175795652,0.006694068637279088,1721.0,0.5737953620316197,-0.04266440611200445,0.04266440611200445,-0.059562841530054644,0.059562841530054644,0.758080003851994,0.7591412526685258,0.7725906055701336,False,False,False,False,Control > ADHD
P4_O2_beta_connectivity,channel,beta,P4,O2,61,60,0.5258333691926511,0.4964636725799419,0.029369696612709217,0.5362272225811724,0.43786249665219834,0.6249160108689418,0.6105054256452538,2030.0,0.3010331782775647,0.042545659877051493,0.042545659877051493,0.1092896174863387,0.1092896174863387,0.5328802471221439,0.5293231206731472,0.3785049520989968,False,False,False,False,ADHD > Control
F4_P8_theta_connectivity,channel,theta,F4,P8,61,60,-0.160770663810496,-0.1637296178322681,0.0029589540217720978,-0.2288024892954125,-0.21256676948329828,-0.16746077259571346,-0.18209709241942648,1898.0,0.7263956093709827,0.04245086855947042,0.04245086855947042,0.0371584699453551,0.0371584699453551,0.8664092606006449,0.8686269174995667,0.9000989072640438,False,False,False,False,ADHD > Control
P3_Fz_alpha_connectivity,channel,alpha,P3,Fz,61,60,-0.2947582590128837,-0.29630240242180117,0.0015441434089174533,-0.3063493513952844,-0.3532935797917979,-0.31547448798824873,-0.32794394769227136,1978.0,0.4444805193945519,0.041727119849745926,0.041727119849745926,0.08087431693989067,0.08087431693989067,0.6704247834201158,0.6741123620085887,0.7170393284572488,False,False,False,False,ADHD > Control
O2_Fz_delta_connectivity,channel,delta,O2,Fz,61,60,-0.5822926412654004,-0.5575642073924143,-0.024728433872986066,-0.5798436245614859,-0.5808234152737434,-0.7246950970789983,-0.7094142841258927,1739.0,0.6389569989690538,-0.040963601310518176,0.040963601310518176,-0.049726775956284164,0.049726775956284164,0.810610976621978,0.8095470203326478,0.9158000667513079,False,False,False,False,Control > ADHD
F7_Fz_beta_connectivity,channel,beta,F7,Fz,61,60,0.16631598029695321,0.16074843926196045,0.005567541034992768,0.1524137880572147,0.15222548174177764,0.1759944712363769,0.16790287350637578,1869.0,0.8418040830662081,0.04060983253233956,0.04060983253233956,0.021311475409836023,0.021311475409836023,0.9262403588752808,0.9257138148187883,0.8777347451483024,False,False,False,False,ADHD > Control
C4_F7_theta_connectivity,channel,theta,C4,F7,61,60,-0.34930784530616626,-0.3338444466485335,-0.015463398657632743,-0.3338365203848003,-0.3144571429083868,-0.3804799653922532,-0.3710522480419764,1700.0,0.5020065090084328,-0.03979861306084194,0.03979861306084194,-0.07103825136612019,0.07103825136612019,0.7126523774943242,0.7138720419163577,0.7464618525255826,False,False,False,False,Control > ADHD
temporal_parietal_delta_connectivity,regional,delta,temporal,parietal,61,60,-0.08908398796220143,-0.10463482527646197,0.015550837314260532,-0.1225668337480357,-0.13553583959721516,-0.09698595730102046,-0.10861131039690966,1906.0,0.6955040598511247,0.03956133423549837,0.03956133423549837,0.041530054644808745,0.041530054644808745,0.8520218939631375,0.8080371665779792,0.9935772283587497,False,False,False,False,ADHD > Control
F3_P4_delta_connectivity,channel,delta,F3,P4,61,60,-0.5695766712223598,-0.5490030394274477,-0.020573631794912117,-0.5594594689759149,-0.5974918249871813,-0.7256428906461385,-0.7093268271756571,1795.0,0.8580553818108096,-0.03931871944855982,0.03931871944855982,-0.01912568306010931,0.01912568306010931,0.9318451218462885,0.9315779922637724,0.9601196045065613,False,False,False,False,Control > ADHD
C3_F7_alpha_connectivity,channel,alpha,C3,F7,61,60,0.06518148908686536,0.08273149257860023,-0.01755000349173487,0.0806490698538256,0.08247338809835265,0.07876110394859938,0.09096753979578534,1711.0,0.5390096262635551,-0.03903872351314261,0.03903872351314261,-0.06502732240437159,0.06502732240437159,0.7419067859597223,0.7433116620247413,0.7691659127890856,False,False,False,False,Control > ADHD
T7_Fz_delta_connectivity,channel,delta,T7,Fz,61,60,0.12086800996867131,0.12810956200210452,-0.007241552033433213,0.0573840291780744,0.03594667856254295,0.15206339732820345,0.16862147542437209,1820.0,0.9607211917790262,-0.038486783183189294,0.038486783183189294,-0.005464480874316946,0.005464480874316946,0.9895546198266274,0.9888186569772025,0.9830020766420425,False,False,False,False,Control > ADHD
F8_Pz_delta_connectivity,channel,delta,F8,Pz,61,60,-0.46817213037847694,-0.4599220583201106,-0.008250072058366309,-0.4686448297952827,-0.4870081613898538,-0.5618003751109444,-0.5483826017229088,1864.0,0.86212790588116,-0.03801939257940638,0.03801939257940638,0.01857923497267766,0.01857923497267766,0.9318451218462885,0.9315779922637724,0.9601196045065613,False,False,False,False,Control > ADHD
P3_O1_delta_connectivity,channel,delta,P3,O1,61,60,0.6400462439244707,0.6151332687475061,0.02491297517696467,0.6649865977495045,0.6609011271467556,0.8899033875526821,0.8697982278846478,1889.0,0.7616859267565894,0.03760091017651005,0.03760091017651005,0.032240437158469915,0.032240437158469915,0.8840875965293854,0.884623897240286,0.9285413956848392,False,False,False,False,ADHD > Control
P4_O2_alpha_connectivity,channel,alpha,P4,O2,61,60,0.6295647174729494,0.5991291869583543,0.030435530514595133,0.6633883803376665,0.5775608058515035,0.8612686377182172,0.8420937448960816,1954.0,0.5220220256876376,0.03732811343764436,0.03732811343764436,0.06775956284152995,0.06775956284152995,0.7296215185286672,0.7316866097752953,0.7691659127890856,False,False,False,False,ADHD > Control
F3_T7_beta_connectivity,channel,beta,F3,T7,61,60,0.16184433734745582,0.1525945817698289,0.009249755577626917,0.1754168420053364,0.1666734018164352,0.17217986966542184,0.1631112942267581,1826.0,0.9855238044148572,0.03650962309177577,0.03650962309177577,-0.002185792349726823,0.002185792349726823,0.9937774447559078,0.9925618099301747,0.9913210032643565,False,False,False,False,ADHD > Control
O1_O2_alpha_connectivity,channel,alpha,O1,O2,61,60,0.29733868941249336,0.3038664661691947,-0.006527776756701353,0.2913811444209289,0.3109979861446867,0.3224858184091356,0.3315658751238943,1776.0,0.7815134410431278,-0.036296729659872906,0.036296729659872906,-0.02950819672131144,0.02950819672131144,0.8938637145580167,0.8939050061429756,0.8850251550885752,False,False,False,False,Control > ADHD
O2_T8_delta_connectivity,channel,delta,O2,T8,61,60,0.1765158832179276,0.15169643900992427,0.024819444208003333,0.0857103882723327,0.12133490690998724,0.2227453329074523,0.2051231329190118,1889.0,0.7616859267565894,0.03589438952390294,0.03589438952390294,0.032240437158469915,0.032240437158469915,0.8840875965293854,0.884623897240286,0.9285413956848392,False,False,False,False,ADHD > Control
C3_F8_delta_connectivity,channel,delta,C3,F8,61,60,-0.35173512618507236,-0.3357444771054265,-0.01599064907964587,-0.316344180342695,-0.33860399696080923,-0.43602569264558355,-0.419716005612214,1797.0,0.8662040980698235,-0.034972018699671634,0.034972018699671634,-0.0180327868852459,0.0180327868852459,0.9318451218462885,0.9315779922637724,0.9601196045065613,False,False,False,False,Control > ADHD
P3_Cz_beta_connectivity,channel,beta,P3,Cz,61,60,-0.2171376023356796,-0.21543209833163696,-0.0017055040040426517,-0.2218782540974897,-0.16164106258361394,-0.22833652314905312,-0.23583267088374174,1691.0,0.47276187997480656,0.034742738047098216,0.034742738047098216,-0.07595628415300548,0.07595628415300548,0.6928736864408096,0.6954174750597154,0.5537142566828214,False,False,False,False,Control > ADHD
F3_F8_theta_connectivity,channel,theta,F3,F8,61,60,-0.12296638450193495,-0.11209609017972808,-0.010870294322206875,-0.1089068485137295,-0.0863921201182808,-0.13392703516485155,-0.12484183363061623,1753.0,0.6916766701717882,-0.03438316406600328,0.03438316406600328,-0.042076502732240395,0.042076502732240395,0.8487693376345334,0.8493839181283719,0.8696816955836456,False,False,False,False,Control > ADHD
C3_C4_delta_connectivity,channel,delta,C3,C4,61,60,-0.23764863271744446,-0.23720341557699956,-0.00044521714044490346,-0.175292793251184,-0.25165131165336074,-0.30031116229927346,-0.3173425603220421,1848.0,0.9277142199529771,0.033406856821565835,0.033406856821565835,0.009836065573770592,0.009836065573770592,0.9706142994883749,0.9702699181159578,0.9775686736039624,False,False,False,False,Control > ADHD
P3_T8_delta_connectivity,channel,delta,P3,T8,61,60,-0.37504592421929994,-0.37478100685605314,-0.00026491736324679716,-0.3840090705166566,-0.3916941418646621,-0.45165588154893543,-0.4650955966559716,1896.0,0.7341908851377388,0.03164486439178577,0.03164486439178577,0.0360655737704918,0.0360655737704918,0.8714003292454473,0.8733679398855884,0.9285413956848392,False,False,False,False,Control > ADHD
Fz_Cz_alpha_connectivity,channel,alpha,Fz,Cz,61,60,-0.04880324182417577,-0.05544039903522502,0.006637157211049245,-0.0413654375001511,-0.0796048179185804,-0.05128992128404775,-0.058727111315707216,1867.0,0.8499217619077347,0.031236713740754925,0.031236713740754925,0.020218579234972722,0.020218579234972722,0.9281196917363498,0.9286685066212309,0.9140668005422807,False,False,False,False,ADHD > Control
O1_O2_theta_connectivity,channel,theta,O1,O2,61,60,0.31858717564744155,0.3179733679963632,0.0006138076510783241,0.3673504599809734,0.3757793150266177,0.350816663295487,0.3606119000264208,1778.0,0.7894851917756328,-0.03026521209950111,0.03026521209950111,-0.02841530054644814,0.02841530054644814,0.8976235749734708,0.897090763390682,0.9230270609717052,False,False,False,False,ADHD > Control
frontal_temporal_alpha_connectivity,regional,alpha,frontal,temporal,61,60,-0.07822834489637118,-0.08168800329051433,0.003459658394143153,-0.1298418654594474,-0.08548643943163844,-0.07934676449384617,-0.08573365071519319,1757.0,0.7070325207557318,0.027758159215118563,0.027758159215118563,-0.03989071038251368,0.03989071038251368,0.8560059281390465,0.8080371665779792,0.7070325207557318,False,False,False,False,ADHD > Control
Fp1_P7_delta_connectivity,channel,delta,Fp1,P7,61,60,0.03865466040342697,0.05535361464527885,-0.016698954241851874,0.0123720183001137,0.08485287959287044,0.07108692932155254,0.08528265372616115,1798.0,0.8702838520381111,-0.027618516305714616,0.027618516305714616,-0.01748633879781425,0.01748633879781425,0.934844968658149,0.9344963183580345,0.9601196045065613,False,False,False,False,Control > ADHD
T8_P8_delta_connectivity,channel,delta,T8,P8,61,60,0.3912132317843691,0.4018234840333112,-0.010610252248942076,0.4114544222363176,0.41472667804250823,0.5510271800593021,0.5338157452077387,1836.0,0.9772535264862411,0.027375495465560375,0.027375495465560375,0.003278688524590123,0.003278688524590123,0.9895546198266274,0.9888186569772025,0.9830020766420425,False,False,False,False,Control > ADHD
Fp1_Cz_delta_connectivity,channel,delta,Fp1,Cz,61,60,-0.374666192182053,-0.34740239619572183,-0.027263795986331163,-0.3797625549027582,-0.358192039582097,-0.44481940395689884,-0.43370195662870714,1772.0,0.765639396441885,-0.026691957088965677,0.026691957088965677,-0.031693989071038264,0.031693989071038264,0.8840875965293854,0.884623897240286,0.9285413956848392,False,False,False,False,Control > ADHD
Fp1_T7_delta_connectivity,channel,delta,Fp1,T7,61,60,0.22000951080290085,0.22408166157976991,-0.004072150776869066,0.2165596251984878,0.26717176950461224,0.2883554429867217,0.30144879214775633,1837.0,0.9731192486936427,-0.024909218223863726,0.024909218223863726,0.0038251366120218844,0.0038251366120218844,0.9895546198266274,0.9888186569772025,0.9830020766420425,False,False,False,False,Control > ADHD
Fz_Pz_delta_connectivity,channel,delta,Fz,Pz,61,60,0.06804775554537401,0.06619591433500133,0.0018518412103726845,-0.0706182609781474,0.04760332231130235,0.09675035935628438,0.08591658211269237,1802.0,0.8866363491539748,0.024894283657916398,0.024894283657916398,-0.015300546448087426,0.015300546448087426,0.9426207294970305,0.9417069298467683,0.9640204085094992,False,False,False,False,ADHD > Control
Fp1_Fp2_alpha_connectivity,channel,alpha,Fp1,Fp2,61,60,0.22866749186930554,0.23618091721409878,-0.00751342534479324,0.2952632340614777,0.3249647947045584,0.254957787672638,0.2647449049463314,1784.0,0.8135298162097783,-0.024498856694287818,0.024498856694287818,-0.025136612021857907,0.025136612021857907,0.9117578745137453,0.9107273228927797,0.894847492781305,False,False,False,False,Control > ADHD
F4_O1_alpha_connectivity,channel,alpha,F4,O1,61,60,-0.4843892206326367,-0.48136960785383764,-0.00301961277879903,-0.4883708742648764,-0.4725676501411502,-0.5395835016334748,-0.5358914768218652,1752.0,0.6878571411181829,-0.02410215562103758,0.02410215562103758,-0.042622950819672156,0.042622950819672156,0.8483962013110127,0.8492676615971788,0.8342097243348175,False,False,False,False,Control > ADHD
P3_T7_alpha_connectivity,channel,alpha,P3,T7,61,60,0.2143817292861919,0.2005574639240833,0.013824265362108595,0.200260953208713,0.2259101616041977,0.23210439105991407,0.22519911656611313,1875.0,0.8175550622199055,0.023398993538733502,0.023398993538733502,0.024590163934426146,0.024590163934426146,0.9134411497642153,0.913738010716365,0.894847492781305,False,False,False,False,ADHD > Control
O2_F7_theta_connectivity,channel,theta,O2,F7,61,60,-0.33473474063490366,-0.33784522680139,0.003110486166486348,-0.3497783818177712,-0.31165074183290964,-0.36403081406673254,-0.36921033833641026,1769.0,0.7537977152876235,0.023331040280282305,0.023331040280282305,-0.033333333333333326,0.033333333333333326,0.8840875965293854,0.884623897240286,0.9207100665298831,False,False,False,False,ADHD > Control
F8_P8_delta_connectivity,channel,delta,F8,P8,61,60,0.10733462918787413,0.12464042195193908,-0.01730579276406495,0.0568932077301529,0.12928740620091364,0.15220495987352817,0.1636281900783665,1771.0,0.7616859267565894,-0.02312684911072139,0.02312684911072139,-0.032240437158469915,0.032240437158469915,0.8840875965293854,0.884623897240286,0.9285413956848392,False,False,False,False,Control > ADHD
F7_T7_delta_connectivity,channel,delta,F7,T7,61,60,0.34735931495790234,0.3271931662023498,0.02016614875555256,0.3577139649730509,0.39239251852246804,0.4423985674131575,0.4304595539333984,1890.0,0.7577386676531782,0.02290776005538739,0.02290776005538739,0.032786885245901676,0.032786885245901676,0.8840875965293854,0.884623897240286,0.9285413956848392,False,False,False,False,ADHD > Control
Fp1_P4_delta_connectivity,channel,delta,Fp1,P4,61,60,-0.558379988185111,-0.573658294759303,0.015278306574191935,-0.5910684068463484,-0.5847291673672008,-0.7213204475028218,-0.7307526114213705,1871.0,0.8337031849126123,0.02263853588024467,0.02263853588024467,0.022404371584699545,0.022404371584699545,0.9215284059186737,0.9212487536029512,0.9601196045065613,False,False,False,False,ADHD > Control
O1_T7_alpha_connectivity,channel,alpha,O1,T7,61,60,0.02394247094352034,0.019759076197905186,0.004183394745615153,0.0038408168905956,0.005035187592815351,0.025518404703016632,0.02090761021991479,1824.0,0.9772535264862411,0.021583791946817272,0.021583791946817272,-0.003278688524590123,0.003278688524590123,0.9895546198266274,0.9888186569772025,0.9930024794967953,False,False,False,False,ADHD > Control
F4_O2_theta_connectivity,channel,theta,F4,O2,61,60,-0.2590598298101622,-0.25361807001461384,-0.00544175979554834,-0.3563963324331665,-0.318996245408218,-0.27683570847231737,-0.2836364945466855,1860.0,0.8784536185449483,0.0210728401637591,0.0210728401637591,0.016393442622950838,0.016393442622950838,0.9394393202755429,0.9388473048199135,0.9629203126358088,False,False,False,False,Control > ADHD
O1_Cz_beta_connectivity,channel,beta,O1,Cz,61,60,-0.27360532450222547,-0.2713964261743747,-0.0022088983278507612,-0.270301408517671,-0.2623820136260073,-0.28618966449023175,-0.2831760044730775,1831.0,0.9979318609043498,-0.02092453023514082,0.02092453023514082,0.0005464480874317612,0.0005464480874317612,1.0,0.9993929617255861,0.9979318609043498,False,False,False,False,Control > ADHD
Fp2_P4_theta_connectivity,channel,theta,Fp2,P4,61,60,-0.1979130433941476,-0.18920120853357067,-0.008711834860576917,-0.2793188443972561,-0.26670425953865196,-0.20947703949211163,-0.20262978161881265,1833.0,0.989659582415759,-0.020303371906681158,0.020303371906681158,0.0016393442622950616,0.0016393442622950616,0.9937774447559078,0.9925618099301747,0.989659582415759,False,False,False,False,Control > ADHD
parietal_occipital_delta_connectivity,regional,delta,parietal,occipital,61,60,0.6024788330312575,0.6198720742243046,-0.017393241193047082,0.6664974336117566,0.6600978968063582,0.783028670836692,0.7905531830239769,1830.0,1.0,-0.02028123501487417,0.02028123501487417,0.0,0.0,1.0,1.0,1.0,False,False,False,False,Control > ADHD
C4_F8_alpha_connectivity,channel,alpha,C4,F8,61,60,0.04533812700840522,0.0550330580630307,-0.009694931054625482,-0.0264638385818104,0.01145533224918285,0.05754405546066933,0.06409996095481568,1744.0,0.6575941174831956,-0.020259244609156256,0.020259244609156256,-0.04699453551912569,0.04699453551912569,0.8251267609321207,0.825310782309185,0.8207926575885143,False,False,False,False,Control > ADHD
T7_Cz_theta_connectivity,channel,theta,T7,Cz,61,60,-0.22754671592579756,-0.22135935286487313,-0.0061873630609244334,-0.2560268531028883,-0.2437595038170963,-0.24441655805223841,-0.23938014035029773,1767.0,0.7459351129253677,-0.019385415761308186,0.019385415761308186,-0.03442622950819674,0.03442622950819674,0.8795716966742121,0.8812083199325588,0.9176611820880423,False,False,False,False,Control > ADHD
F7_P7_delta_connectivity,channel,delta,F7,P7,61,60,0.1282763341298849,0.11902271358881186,0.009253620541073038,0.1179623780317175,0.09636145038160335,0.16262743871910623,0.15383617353882376,1852.0,0.9112537025272311,0.018848208600905438,0.018848208600905438,0.012021857923497192,0.012021857923497192,0.9631353001893654,0.9618789082231884,0.9775686736039624,False,False,False,False,ADHD > Control
O1_P8_theta_connectivity,channel,theta,O1,P8,61,60,0.0940552353283734,0.09601353395934038,-0.001958298630966984,0.1144087377898499,0.0774077485618976,0.09688927724125447,0.10185302314042324,1836.0,0.9772535264862411,-0.0180088661943382,0.0180088661943382,0.003278688524590123,0.003278688524590123,0.9895546198266274,0.9888186569772025,0.9888186569772025,False,False,False,False,Control > ADHD
Fp2_C3_delta_connectivity,channel,delta,Fp2,C3,61,60,-0.42137979361695665,-0.40684972111488554,-0.014530072502071112,-0.4085494734724928,-0.3731783269815575,-0.5163947085823071,-0.5087698774389923,1779.0,0.7934794032914658,-0.017633497587796303,0.017633497587796303,-0.02786885245901638,0.02786885245901638,0.8976235749734708,0.897090763390682,0.940475280791393,False,False,False,False,Control > ADHD
Fp1_C4_delta_connectivity,channel,delta,Fp1,C4,61,60,-0.4014164666399514,-0.38511776656055957,-0.016298700079391826,-0.4277192087560403,-0.3582259280847375,-0.4739205142155287,-0.4809265889451547,1793.0,0.8499217619077347,0.017367805098867355,0.017367805098867355,-0.020218579234972722,0.020218579234972722,0.9281196917363498,0.9286685066212309,0.9601196045065613,False,False,False,False,Control > ADHD
F4_Pz_delta_connectivity,channel,delta,F4,Pz,61,60,-0.5622426829927906,-0.5643917162790435,0.0021490332862529327,-0.5575066763788844,-0.5981511494150511,-0.6982418185833087,-0.7041699673929859,1869.0,0.8418040830662081,0.016638500008090838,0.016638500008090838,0.021311475409836023,0.021311475409836023,0.9262403588752808,0.9257138148187883,0.9601196045065613,False,False,False,False,ADHD > Control
Fp1_O2_delta_connectivity,channel,delta,Fp1,O2,61,60,-0.5189149675265555,-0.5239155302464693,0.005000562719913781,-0.5679884917489693,-0.5540260353527708,-0.6491183550701419,-0.6557864458101144,1843.0,0.948332626996168,0.016380519028388326,0.016380519028388326,0.0071038251366120075,0.0071038251366120075,0.9836573380304092,0.9843088268063414,0.9828174497960287,False,False,False,False,ADHD > Control
P3_Fz_delta_connectivity,channel,delta,P3,Fz,61,60,0.04700930070492751,0.03753140034562221,0.009477900359305298,-0.0903709920732552,-0.0337953586982863,0.07810543386113601,0.06977400955829749,1885.0,0.7775361001912514,0.01636420764567023,0.01636420764567023,0.030054644808743092,0.030054644808743092,0.8907217350292184,0.8908453811236448,0.92978093099793,False,False,False,False,ADHD > Control
P8_Fz_theta_connectivity,channel,theta,P8,Fz,61,60,-0.4688918752388246,-0.462841726133953,-0.0060501491048715605,-0.4656739681603895,-0.46763255266538284,-0.5265626758077431,-0.5302586378156542,1810.0,0.9194796481900499,0.016067928877952015,0.016067928877952015,-0.010928961748633892,0.010928961748633892,0.9661876129021715,0.9660892156098221,0.9888186569772025,False,False,False,False,Control > ADHD
Fp2_P8_theta_connectivity,channel,theta,Fp2,P8,61,60,-0.008758096408232104,-0.012679638881300638,0.003921542473068534,-0.083583845015688,-0.07984981228354371,-0.0023575826192193477,-0.007896400638616168,1881.0,0.7934794032914658,0.01580883430786018,0.01580883430786018,0.02786885245901649,0.02786885245901649,0.8976235749734708,0.897090763390682,0.9230270609717052,False,False,False,False,ADHD > Control
Fp2_P8_delta_connectivity,channel,delta,Fp2,P8,61,60,0.10178001581883477,0.11017477295254322,-0.00839475713370845,0.0412387302008366,0.0330487367619748,0.15412247385969807,0.1626517832432157,1802.0,0.8866363491539748,-0.015412571581322834,0.015412571581322834,-0.015300546448087426,0.015300546448087426,0.9426207294970305,0.9417069298467683,0.9640204085094992,False,False,False,False,Control > ADHD
P8_Cz_delta_connectivity,channel,delta,P8,Cz,61,60,0.17195431303885073,0.1735434151823407,-0.0015891021434899788,0.0912651422565477,0.10733357441725636,0.22529353184077497,0.2326887387246098,1791.0,0.8418040830662081,-0.01433240102686479,0.01433240102686479,-0.021311475409836023,0.021311475409836023,0.9262403588752808,0.9257138148187883,0.9601196045065613,False,False,False,False,Control > ADHD
F7_Cz_delta_connectivity,channel,delta,F7,Cz,61,60,-0.34744739772796207,-0.3423752893181114,-0.005072108409850673,-0.3235957385454884,-0.3332786884328672,-0.4149118228748275,-0.4094353891225001,1813.0,0.9318344666517302,-0.01413161258185715,0.01413161258185715,-0.00928961748633883,0.00928961748633883,0.9721154954695282,0.9716078890088163,0.9775686736039624,False,False,False,False,Control > ADHD
C4_T7_theta_connectivity,channel,theta,C4,T7,61,60,-0.3188478431655185,-0.3132348299853548,-0.005613013180163717,-0.3477901594881938,-0.3033228774865254,-0.34830488547442284,-0.3523032879945422,1740.0,0.6426667135096897,0.013765604433535129,0.013765604433535129,-0.049180327868852514,0.049180327868852514,0.810610976621978,0.8095470203326478,0.8453539077704381,False,False,False,False,Control > ADHD
Fp2_P7_beta_connectivity,channel,beta,Fp2,P7,61,60,-0.21788399928472715,-0.2254451848175324,0.007561185532805242,-0.2293939199294236,-0.23785247184292518,-0.23028009063077753,-0.23262958779992396,1957.0,0.5119632348994838,0.013626553574602154,0.013626553574602154,0.06939890710382524,0.06939890710382524,0.719730838965488,0.7220265003530865,0.5875551219316224,False,False,False,False,ADHD > Control
C4_T8_alpha_connectivity,channel,alpha,C4,T8,61,60,0.3149593427391704,0.31481726913306723,0.00014207360610318798,0.297356060691365,0.32695837692237406,0.36797938446928874,0.3629544970669644,1833.0,0.989659582415759,0.01288991070823385,0.01288991070823385,0.0016393442622950616,0.0016393442622950616,0.9937774447559078,0.9925618099301747,0.9954811093711459,False,False,False,False,ADHD > Control
P4_Pz_delta_connectivity,channel,delta,P4,Pz,61,60,0.01955038857194968,0.015437773411350454,0.004112615160599227,0.0717017583211499,0.07777097359028345,0.00848956475096486,0.0020154893714629707,1833.0,0.989659582415759,0.012821232987396102,0.012821232987396102,0.0016393442622950616,0.0016393442622950616,0.9937774447559078,0.9925618099301747,0.989659582415759,False,False,False,False,ADHD > Control
O2_P7_delta_connectivity,channel,delta,O2,P7,61,60,-0.06201412778632062,-0.05956140332985856,-0.002452724456462059,-0.016447651235858,-0.09064127513645324,-0.08564250984030279,-0.080077694828481,1839.0,0.9648529704336525,-0.012610374589602161,0.012610374589602161,0.004918032786885185,0.004918032786885185,0.9895546198266274,0.9888186569772025,0.9830020766420425,False,False,False,False,Control > ADHD
P7_P8_alpha_connectivity,channel,alpha,P7,P8,61,60,0.08198271760390481,0.08592244745259564,-0.003939729848690829,0.0788620555461731,0.097544635728195,0.08581521055277667,0.08882832178463489,1779.0,0.7934794032914658,-0.012523884991848979,0.012523884991848979,-0.02786885245901638,0.02786885245901638,0.8976235749734708,0.897090763390682,0.8868299213257559,False,False,False,False,Control > ADHD
Fp1_Fp2_delta_connectivity,channel,delta,Fp1,Fp2,61,60,0.058667866446323234,0.07788915427251056,-0.019221287826187324,0.0058319147676425,0.0712664812466125,0.06532198370633509,0.0731267673323179,1771.0,0.7616859267565894,-0.012236019994801998,0.012236019994801998,-0.032240437158469915,0.032240437158469915,0.8840875965293854,0.884623897240286,0.9285413956848392,False,False,False,False,Control > ADHD
F3_F8_alpha_connectivity,channel,alpha,F3,F8,61,60,-0.03474520109300814,-0.030247241602705168,-0.004497959490302971,-0.0301965601794911,-0.0137809256246294,-0.03615889055284945,-0.03355515516490954,1761.0,0.7225085120074588,-0.010404529799371237,0.010404529799371237,-0.03770491803278686,0.03770491803278686,0.8660532494923844,0.868533958195258,0.8462257229676402,False,False,False,False,Control > ADHD
Fp2_F4_alpha_connectivity,channel,alpha,Fp2,F4,61,60,0.6103053735462557,0.5878868461532442,0.022418527393011534,0.6433353342491676,0.6522161578010511,0.7659501103840163,0.762273635419986,1874.0,0.8215851249512567,0.01005470741459819,0.01005470741459819,0.024043715846994607,0.024043715846994607,0.913713718071751,0.9137629682384708,0.894847492781305,False,False,False,False,ADHD > Control
Fp1_Fz_alpha_connectivity,channel,alpha,Fp1,Fz,61,60,0.5405555884619729,0.5218454099877357,0.018710178474237282,0.5711853278818366,0.5902183013178748,0.6394641435743434,0.6366551467291203,1769.0,0.7537977152876235,0.009098651374207208,0.009098651374207208,-0.033333333333333326,0.033333333333333326,0.8840875965293854,0.884623897240286,0.8650967068066014,False,False,False,False,ADHD > Control
P8_Cz_alpha_connectivity,channel,alpha,P8,Cz,61,60,-0.21166739272071763,-0.20742139289046144,-0.004245999830256197,-0.2450378367252403,-0.2418245320646219,-0.2242521804850912,-0.22193531693924287,1937.0,0.5808780777514921,-0.008956049098947112,0.008956049098947112,0.058469945355191344,0.058469945355191344,0.7604986045064743,0.7611505846398862,0.7700011728333733,False,False,False,False,Control > ADHD
O2_Pz_alpha_connectivity,channel,alpha,O2,Pz,61,60,0.18933481824749857,0.1869769027797647,0.0023579154677338676,0.2109596058978333,0.18148333856611365,0.19844898325564073,0.1965583132767246,1813.0,0.9318344666517302,0.008838110571118626,0.008838110571118626,-0.00928961748633883,0.00928961748633883,0.9721154954695282,0.9716078890088163,0.9599017698641318,False,False,False,False,ADHD > Control
T7_Fz_alpha_connectivity,channel,alpha,T7,Fz,61,60,-0.13045339727052227,-0.12611890816069327,-0.004334489109829004,-0.1763845706919342,-0.1029235350495495,-0.13601477886450997,-0.13384937204765057,1905.0,0.6993392232641937,-0.008526882842817794,0.008526882842817794,0.040983606557376984,0.040983606557376984,0.8523932620257176,0.854192908415551,0.8350287115975634,False,False,False,False,Control > ADHD
O2_P7_theta_connectivity,channel,theta,O2,P7,61,60,0.0854171123656694,0.07919008497728576,0.006227027388383641,0.1272820038051915,0.0588835665536681,0.087129339541366,0.08505116119463137,1860.0,0.8784536185449483,0.0077878948052182845,0.0077878948052182845,0.016393442622950838,0.016393442622950838,0.9394393202755429,0.9388473048199135,0.9629203126358088,False,False,False,False,ADHD > Control
P4_P7_delta_connectivity,channel,delta,P4,P7,61,60,-0.228204722738726,-0.22692145724693435,-0.0012832654917916408,-0.2185941292723063,-0.22840844333446195,-0.2795218855574587,-0.2761585485817692,1851.0,0.9153655423869651,-0.007730192023548803,0.007730192023548803,0.011475409836065653,0.011475409836065653,0.9632625765816318,0.9632462015272063,0.9775686736039624,False,False,False,False,Control > ADHD
F3_P3_alpha_connectivity,channel,alpha,F3,P3,61,60,-0.2676215898664864,-0.26252446964072856,-0.005097120225757812,-0.2652092024084789,-0.2767546263581145,-0.2876815408947971,-0.2898262843442144,1799.0,0.8743670611628918,0.007397992720751033,0.007397992720751033,-0.016939890710382488,0.016939890710382488,0.9378396330102721,0.9374092003689937,0.9172807819561625,False,False,False,False,Control > ADHD
Fp2_F4_beta_connectivity,channel,beta,Fp2,F4,61,60,0.4064733552758751,0.4097402059004322,-0.003266850624557116,0.5168217817108626,0.43713603305953325,0.4835128906628053,0.4807460718206348,1985.0,0.4231678069233774,0.007316217073178909,0.007316217073178909,0.08469945355191255,0.08469945355191255,0.6560460218683624,0.6563419046158506,0.5095894012950531,False,False,False,False,Control > ADHD
Fp1_P7_theta_connectivity,channel,theta,Fp1,P7,61,60,-0.0937514791814314,-0.08520169350370718,-0.008549785677724214,-0.1201196032547348,-0.12492422241183909,-0.09469814926574516,-0.09248484315585187,1819.0,0.9565904678623495,-0.006603916738931705,0.006603916738931705,-0.006010928961748596,0.006010928961748596,0.9893878553319158,0.9888186569772025,0.9888186569772025,False,False,False,False,Control > ADHD
C4_P4_delta_connectivity,channel,delta,C4,P4,61,60,0.466250512876347,0.43871420545994505,0.02753630741640195,0.5257333399144724,0.545653716343336,0.5778551120203016,0.5750362523167598,1893.0,0.7459351129253677,0.005682647269584967,0.005682647269584967,0.03442622950819674,0.03442622950819674,0.8795716966742121,0.8812083199325588,0.9285413956848392,False,False,False,False,ADHD > Control
F3_F8_delta_connectivity,channel,delta,F3,F8,61,60,-0.1939012263421648,-0.19951738770784525,0.005616161365680439,-0.1327847654008745,-0.1796996293485651,-0.24274517319192024,-0.24504896847878513,1897.0,0.7302897644235384,0.005261667578413595,0.005261667578413595,0.03661202185792356,0.03661202185792356,0.8696213642148715,0.8717595093642239,0.9285413956848392,False,False,False,False,ADHD > Control
O2_Pz_theta_connectivity,channel,theta,O2,Pz,61,60,0.17727776608815457,0.17353091919871724,0.0037468468894373275,0.2424628886360843,0.2187992888376824,0.1857100265770632,0.18431585992681881,1836.0,0.9772535264862411,0.005075332823275937,0.005075332823275937,0.003278688524590123,0.003278688524590123,0.9895546198266274,0.9888186569772025,0.9888186569772025,False,False,False,False,ADHD > Control
Fp1_T8_theta_connectivity,channel,theta,Fp1,T8,61,60,-0.25398562716191436,-0.24825712054288743,-0.005728506619026935,-0.2485981426277138,-0.19813862445807434,-0.27645700597541933,-0.2752083890750832,1772.0,0.765639396441885,-0.004760565090982728,0.004760565090982728,-0.031693989071038264,0.031693989071038264,0.8840875965293854,0.884623897240286,0.9230270609717052,False,False,False,False,Control > ADHD
P4_Fz_alpha_connectivity,channel,alpha,P4,Fz,61,60,-0.4958032496995533,-0.49390494236612514,-0.001898307333428162,-0.5148689650020932,-0.49455696449124176,-0.5561775624307755,-0.5568716538895557,1750.0,0.6802420094478647,0.004057977824813661,0.004057977824813661,-0.04371584699453557,0.04371584699453557,0.8447602312868853,0.84443835655597,0.8342097243348175,False,False,False,False,Control > ADHD
P8_Pz_theta_connectivity,channel,theta,P8,Pz,61,60,-0.09434534615103977,-0.09394645368202806,-0.00039889246901171627,-0.0648557199484319,-0.0746348160470324,-0.10004467156416755,-0.1009314123587169,1858.0,0.8866363491539748,0.0037749014644644346,0.0037749014644644346,0.015300546448087537,0.015300546448087537,0.9426207294970305,0.9417069298467683,0.965699463091272,False,False,False,False,Control > ADHD
C4_Fz_theta_connectivity,channel,theta,C4,Fz,61,60,-0.11773364924393406,-0.11488897422591585,-0.0028446750180182168,-0.1026200519703635,-0.1251719969352675,-0.12517922011070323,-0.12427013177319952,1876.0,0.8135298162097783,-0.0035528677192449972,0.0035528677192449972,0.025136612021857907,0.025136612021857907,0.9117578745137453,0.9107273228927797,0.9274239904791473,False,False,False,False,Control > ADHD
P3_O1_theta_connectivity,channel,theta,P3,O1,61,60,0.5776329416005769,0.5657943757068219,0.011838565893754982,0.5681651700019554,0.5774755417422799,0.74100455854942,0.7394824562216658,1873.0,0.825619901733847,0.003479046731766041,0.003479046731766041,0.023497267759562845,0.023497267759562845,0.9153886812485532,0.9152739267195322,0.9349735311025685,False,False,False,False,ADHD > Control
O2_Cz_delta_connectivity,channel,delta,O2,Cz,61,60,0.26740093896258077,0.25409268236167093,0.01330825660090984,0.2795623359294755,0.22806909485012383,0.3177745472442752,0.31637577885298823,1874.0,0.8215851249512567,0.0033570136687823553,0.0033570136687823553,0.024043715846994607,0.024043715846994607,0.913713718071751,0.9137629682384708,0.9601196045065613,False,False,False,False,ADHD > Control
P3_Fz_theta_connectivity,channel,theta,P3,Fz,61,60,-0.22245627197050433,-0.21256718375873163,-0.0098890882117727,-0.2784626623979027,-0.29069024624053114,-0.23334197238871116,-0.23442869056453294,1881.0,0.7934794032914658,0.003311557611394227,0.003311557611394227,0.02786885245901649,0.02786885245901649,0.8976235749734708,0.897090763390682,0.9230270609717052,False,False,False,False,Control > ADHD
O2_P8_beta_connectivity,channel,beta,O2,P8,61,60,0.31475005023859265,0.316794606530502,-0.0020445562919093607,0.3361901332352575,0.3280825900135112,0.34177440214249366,0.342448487780744,1865.0,0.8580553818108096,-0.003015970835188071,0.003015970835188071,0.0191256830601092,0.0191256830601092,0.9318451218462885,0.9315779922637724,0.8880956138896287,False,False,False,False,Control > ADHD
C3_P7_delta_connectivity,channel,delta,C3,P7,61,60,0.21006418462914736,0.2161382397679504,-0.006074055138803047,0.1527675968304302,0.2204726597842422,0.26619519713582007,0.266935687190503,1762.0,0.7263956093709827,-0.0015760330675110628,0.0015760330675110628,-0.03715846994535521,0.03715846994535521,0.8664092606006449,0.8686269174995667,0.9285413956848392,False,False,False,False,Control > ADHD
F3_P7_theta_connectivity,channel,theta,F3,P7,61,60,-0.1996729407396985,-0.1900180367517115,-0.00965490398798699,-0.2650868010501476,-0.2389024847004137,-0.2100095791818551,-0.21035498722493884,1846.0,0.9359565407891691,0.0011331653029556517,0.0011331653029556517,0.008743169398907069,0.008743169398907069,0.9750108424911632,0.9744205082188611,0.9888186569772025,False,False,False,False,Control > ADHD
O1_P8_delta_connectivity,channel,delta,O1,P8,61,60,-0.05864535998546677,-0.06231019399455142,0.0036648340090846485,-0.0433187479057779,-0.0564924185978888,-0.0814331345262133,-0.08100563026140262,1849.0,0.9235959105614805,-0.0009531658598442845,0.0009531658598442845,0.01038251366120213,0.01038251366120213,0.9677039641772964,0.9674419645085033,0.9775686736039624,False,False,False,False,ADHD > Control
frontal_parietal_delta_connectivity,regional,delta,frontal,parietal,61,60,-0.7847963977873886,-0.7903501136504223,0.005553715863033659,-0.8474639387845806,-0.8474013842918044,-1.1803601367531287,-1.1807249198041103,1809.0,0.9153655423869651,0.0009435039566764973,0.0009435039566764973,-0.011475409836065542,0.011475409836065542,0.9632625765816318,0.9635426761968054,1.0,False,False,False,False,ADHD > Control
F4_F8_delta_connectivity,channel,delta,F4,F8,61,60,0.3988933613456978,0.41085592838324453,-0.011962567037546723,0.4581225711508222,0.4102986221046172,0.5194117051879229,0.5197912640300224,1803.0,0.8907323072777829,-0.0007482954062595084,0.0007482954062595084,-0.014754098360655776,0.014754098360655776,0.9442023286517054,0.9431283253529466,0.9640204085094992,False,False,False,False,Control > ADHD
P3_F7_alpha_connectivity,channel,alpha,P3,F7,61,60,-0.25465539405857884,-0.25524229822643646,0.0005869041678576159,-0.2885639025371066,-0.29635583000451227,-0.27183726413309006,-0.2719520507693556,1857.0,0.8907323072777829,0.00047926970101503557,0.00047926970101503557,0.014754098360655776,0.014754098360655776,0.9442023286517054,0.9431283253529466,0.923122572996975,False,False,False,False,ADHD > Control
